warning: mathlib: repository './Lean/.lake/packages/mathlib' has local changes
warning: batteries: repository './Lean/.lake/packages/batteries' has local changes
ℹ [10172/10260] Replayed H0mework.Foundation.Source.Root
info: H0mework/Foundation/Source/Root.lean:544:0: 'SaturationMonoid.ResponsibilityLifecycle.LivingLawEvolution.ConstructiveRoot.LedgerEntryEvolutionAt.toDebtLineage' does not depend on any axioms
ℹ [10193/10260] Replayed H0mework.Foundation.Semantics.TheoryState
info: H0mework/Foundation/Semantics/TheoryState.lean:137:0: 'SaturationMonoid.ResponsibilityLifecycle.LivingLawEvolution.TheoryState.rootSemantic_actualExpressibilityFailure_isEmpty' does not depend on any axioms
ℹ [10328/10439] Replayed H0mework.Physics.ElectricEC.FixedFullOccurrenceOriginSettlement
info: H0mework/Physics/ElectricEC/FixedFullOccurrenceOriginSettlement.lean:649:2: Try this:
  [apply] abel_nf
info: H0mework/Physics/ElectricEC/FixedFullOccurrenceOriginSettlement.lean:682:2: Try this:
  [apply] abel_nf
info: H0mework/Physics/ElectricEC/FixedFullOccurrenceOriginSettlement.lean:715:2: Try this:
  [apply] abel_nf
ℹ [10339/10439] Replayed H0mework.Physics.ScalarJets.FixedJointP286AlgebraicMatterScalarDelta
info: H0mework/Physics/ScalarJets/FixedJointP286AlgebraicMatterScalarDelta.lean:906:2: Try this:
  [apply] abel_nf
info: H0mework/Physics/ScalarJets/FixedJointP286AlgebraicMatterScalarDelta.lean:926:2: Try this:
  [apply] abel_nf
ℹ [10349/10439] Replayed H0mework.Physics.FullOccurrence.FixedMatterAdjointTemporalSupport
info: H0mework/Physics/FullOccurrence/FixedMatterAdjointTemporalSupport.lean:289:2: Try this:
  [apply] abel_nf
info: H0mework/Physics/FullOccurrence/FixedMatterAdjointTemporalSupport.lean:310:2: Try this:
  [apply] abel_nf
ℹ [10364/10439] Replayed H0mework.Physics.ActionForcing.FixedOccurrenceP286ZeroSliceActionProfile
info: H0mework/Physics/ActionForcing/FixedOccurrenceP286ZeroSliceActionProfile.lean:188:2: Try this:
  [apply] ring_nf
  
  The `ring` tactic failed to close the goal. Use `ring_nf` to obtain a normal form.
    
  Note that `ring` works primarily in *commutative* rings. If you have a noncommutative ring, abelian group or module, consider using `noncomm_ring`, `abel` or `module` instead.
ℹ [10365/10439] Replayed H0mework.Physics.FixedJoint.FixedP286RadialRequiredExteriorAnchor
info: H0mework/Physics/FixedJoint/FixedP286RadialRequiredExteriorAnchor.lean:160:2: Try this:
  [apply] ring_nf
  
  The `ring` tactic failed to close the goal. Use `ring_nf` to obtain a normal form.
    
  Note that `ring` works primarily in *commutative* rings. If you have a noncommutative ring, abelian group or module, consider using `noncomm_ring`, `abel` or `module` instead.
ℹ [10462/10593] Replayed H0mework.Physics.ActionGeneration.SameHessianCauchySafeRealization
info: H0mework/Physics/ActionGeneration/SameHessianCauchySafeRealization.lean:107:0: 'SaturationMonoid.PhysicsCore.StageNineSourceActionGeneratedSameHessianCauchySafeRealization.SameHessianCauchySafeRealizationOccurrence.after_eq_actionWrite' depends on axioms: [propext,
 Classical.choice,
 Quot.sound]
ℹ [10484/10593] Replayed H0mework.Physics.Coframe.CoframeNativeConjugateMatterGlobalRadialRegularity
info: H0mework/Physics/Coframe/CoframeNativeConjugateMatterGlobalRadialRegularity.lean:871:0: 'SaturationMonoid.PhysicsCore.StageNineCoframeNativeConjugateMatterGlobalRadialRegularity.coframeNativeGlobalConjugateMatterResponseOneForm_contDiff' depends on axioms: [propext,
 Classical.choice,
 Quot.sound]
info: H0mework/Physics/Coframe/CoframeNativeConjugateMatterGlobalRadialRegularity.lean:872:0: 'SaturationMonoid.PhysicsCore.StageNineCoframeNativeConjugateMatterGlobalRadialRegularity.actionGeneratedGlobalFrameMatterDualActual_smooth' depends on axioms: [propext,
 Classical.choice,
 Quot.sound]
info: H0mework/Physics/Coframe/CoframeNativeConjugateMatterGlobalRadialRegularity.lean:873:0: 'SaturationMonoid.PhysicsCore.StageNineCoframeNativeConjugateMatterGlobalRadialRegularity.installFormNativeGravityReaction_smooth' depends on axioms: [propext,
 Classical.choice,
 Quot.sound]
ℹ [10485/10593] Replayed H0mework.Physics.SafeCauchy.FixedJointGlobalSmooth
info: H0mework/Physics/SafeCauchy/FixedJointGlobalSmooth.lean:107:0: 'SaturationMonoid.PhysicsCore.StageNineDiracDualFormNativeFixedP506CartanECConstraintCauchySafeJointGlobalSmooth.fixedP506L0CartanECConstraintCauchySafeJointGlobalECPath_conjugateMatterResponseOneForm_contDiff' depends on axioms: [propext,
 Classical.choice,
 Quot.sound]
info: H0mework/Physics/SafeCauchy/FixedJointGlobalSmooth.lean:109:0: 'SaturationMonoid.PhysicsCore.StageNineDiracDualFormNativeFixedP506CartanECConstraintCauchySafeJointGlobalSmooth.fixedP506L0CartanECConstraintCauchySafeJointGlobalPrimal_conjugateMatterRadialIncrement_contDiff' depends on axioms: [propext,
 Classical.choice,
 Quot.sound]
info: H0mework/Physics/SafeCauchy/FixedJointGlobalSmooth.lean:111:0: 'SaturationMonoid.PhysicsCore.StageNineDiracDualFormNativeFixedP506CartanECConstraintCauchySafeJointGlobalSmooth.fixedP506L0CartanECConstraintCauchySafeJointGlobalMatterDual_smooth' depends on axioms: [propext,
 Classical.choice,
 Quot.sound]
info: H0mework/Physics/SafeCauchy/FixedJointGlobalSmooth.lean:113:0: 'SaturationMonoid.PhysicsCore.StageNineDiracDualFormNativeFixedP506CartanECConstraintCauchySafeJointGlobalSmooth.fixedP506L0CartanECConstraintCauchySafeJointGlobalActual_smooth' depends on axioms: [propext,
 Classical.choice,
 Quot.sound]
ℹ [10486/10593] Replayed H0mework.Physics.SafeCauchy.FixedECPathGravityTailInputRegularity
info: H0mework/Physics/SafeCauchy/FixedECPathGravityTailInputRegularity.lean:526:0: 'SaturationMonoid.PhysicsCore.StageNineDiracDualFormNativeFixedP506CartanECConstraintCauchySafeECPathGravityTailInputRegularity.cartanECSynchronizedGravityTailBase_smooth_of_currentSmooth' depends on axioms: [propext,
 Classical.choice,
 Quot.sound]
info: H0mework/Physics/SafeCauchy/FixedECPathGravityTailInputRegularity.lean:527:0: 'SaturationMonoid.PhysicsCore.StageNineDiracDualFormNativeFixedP506CartanECConstraintCauchySafeECPathGravityTailInputRegularity.fixedP506L0CartanECConstraintCauchySafeJointFinalGravityTailBase_smooth' depends on axioms: [propext,
 Classical.choice,
 Quot.sound]
info: H0mework/Physics/SafeCauchy/FixedECPathGravityTailInputRegularity.lean:529:0: 'SaturationMonoid.PhysicsCore.StageNineDiracDualFormNativeFixedP506CartanECConstraintCauchySafeECPathGravityTailInputRegularity.fixedP506L0CartanECConstraintCauchySafeJointFinalGravityTailBase_nondegenerate_origin' depends on axioms: [propext,
 Classical.choice,
 Quot.sound]
info: H0mework/Physics/SafeCauchy/FixedECPathGravityTailInputRegularity.lean:531:0: 'SaturationMonoid.PhysicsCore.StageNineDiracDualFormNativeFixedP506CartanECConstraintCauchySafeECPathGravityTailInputRegularity.fixedP506L0CartanECConstraintCauchySafeJointFinalGravityTailCoframeJetCoordinateCLM_contDiffAt_origin' depends on axioms: [propext,
 Classical.choice,
 Quot.sound]
info: H0mework/Physics/SafeCauchy/FixedECPathGravityTailInputRegularity.lean:533:0: 'SaturationMonoid.PhysicsCore.StageNineDiracDualFormNativeFixedP506CartanECConstraintCauchySafeECPathGravityTailInputRegularity.fixedP506L0CartanECConstraintCauchySafeJointFinalGravityTailCoframeFirstJet_origin_eq_identity' depends on axioms: [propext,
 Classical.choice,
 Quot.sound]
info: H0mework/Physics/SafeCauchy/FixedECPathGravityTailInputRegularity.lean:535:0: 'SaturationMonoid.PhysicsCore.StageNineDiracDualFormNativeFixedP506CartanECConstraintCauchySafeECPathGravityTailInputRegularity.fixedP506L0CartanECConstraintCauchySafeJointFinalGravityTailBase_coframe_eq_one' depends on axioms: [propext,
 Classical.choice,
 Quot.sound]
info: H0mework/Physics/SafeCauchy/FixedECPathGravityTailInputRegularity.lean:537:0: 'SaturationMonoid.PhysicsCore.StageNineDiracDualFormNativeFixedP506CartanECConstraintCauchySafeECPathGravityTailInputRegularity.fixedP506L0CartanECConstraintCauchySafeJointFinalGravityTailBase_nondegenerate' depends on axioms: [propext,
 Classical.choice,
 Quot.sound]
info: H0mework/Physics/SafeCauchy/FixedECPathGravityTailInputRegularity.lean:539:0: 'SaturationMonoid.PhysicsCore.StageNineDiracDualFormNativeFixedP506CartanECConstraintCauchySafeECPathGravityTailInputRegularity.fixedP506L0CartanECConstraintCauchySafeJointFinalGravityTailCoframeJetCoordinateCLM_contDiff' depends on axioms: [propext,
 Classical.choice,
 Quot.sound]
ℹ [10504/10593] Replayed H0mework.Physics.JointVariation.DirectPrimitivePathGLSmooth
info: H0mework/Physics/JointVariation/DirectPrimitivePathGLSmooth.lean:234:0: 'SaturationMonoid.PhysicsCore.StageNineDiracDualFormNativeCompleteJointDirectPrimitivePathGLSmooth.sourceActionGeneratedDiracDualGLDirectPrimitivePathWrite_smooth_of_materialRegularity' depends on axioms: [propext,
 Classical.choice,
 Quot.sound]
info: H0mework/Physics/JointVariation/DirectPrimitivePathGLSmooth.lean:236:0: 'SaturationMonoid.PhysicsCore.StageNineDiracDualFormNativeCompleteJointDirectPrimitivePathGLSmooth.sourceActionGeneratedDiracDualGLDirectPrimitivePathWrite_smooth' depends on axioms: [propext,
 Classical.choice,
 Quot.sound]
ℹ [10508/10593] Replayed H0mework.Versions.R2.Physics.ConstrainedCauchy.FixedFirstAssemblyGeneratedJointNormalForm
info: H0mework/Versions/R2/Physics/ConstrainedCauchy/FixedFirstAssemblyGeneratedJointNormalForm.lean:135:0: 'SaturationMonoid.PhysicsCore.StageNineDiracDualFormNativeFixedP506CartanECConstraintCauchyFirstAssemblyGeneratedJointNormalForm.root_firstAssembly_classicalJoint_eq_generatedNormalForm_section' depends on axioms: [propext,
 Classical.choice,
 Quot.sound]
info: H0mework/Versions/R2/Physics/ConstrainedCauchy/FixedFirstAssemblyGeneratedJointNormalForm.lean:136:0: 'SaturationMonoid.PhysicsCore.StageNineDiracDualFormNativeFixedP506CartanECConstraintCauchyFirstAssemblyGeneratedJointNormalForm.firstAssemblyGeneratedPointwiseJointNormalForm_gravityMultiplier_zero' depends on axioms: [propext,
 Classical.choice,
 Quot.sound]
info: H0mework/Versions/R2/Physics/ConstrainedCauchy/FixedFirstAssemblyGeneratedJointNormalForm.lean:138:0: 'SaturationMonoid.PhysicsCore.StageNineDiracDualFormNativeFixedP506CartanECConstraintCauchyFirstAssemblyGeneratedJointNormalForm.firstAssemblyGeneratedPointwiseJointNormalForm_gravityAuxiliary_zero' depends on axioms: [propext,
 Classical.choice,
 Quot.sound]
info: H0mework/Versions/R2/Physics/ConstrainedCauchy/FixedFirstAssemblyGeneratedJointNormalForm.lean:140:0: 'SaturationMonoid.PhysicsCore.StageNineDiracDualFormNativeFixedP506CartanECConstraintCauchyFirstAssemblyGeneratedJointNormalForm.firstAssemblyGeneratedPointwiseJointNormalForm_p286GaugeAuxiliary_zero' depends on axioms: [propext,
 Classical.choice,
 Quot.sound]
ℹ [10509/10593] Replayed H0mework.Versions.R2.Physics.ConstrainedCauchy.FixedFirstAssemblyP286ConnectionEvaluatorNormalForm
info: H0mework/Versions/R2/Physics/ConstrainedCauchy/FixedFirstAssemblyP286ConnectionEvaluatorNormalForm.lean:225:0: 'SaturationMonoid.PhysicsCore.StageNineDiracDualFormNativeFixedP506CartanECConstraintCauchyFirstAssemblyP286ConnectionEvaluatorNormalForm.firstAssembly_p286Stage_eq_sourceEulerStep' depends on axioms: [propext,
 Classical.choice,
 Quot.sound]
info: H0mework/Versions/R2/Physics/ConstrainedCauchy/FixedFirstAssemblyP286ConnectionEvaluatorNormalForm.lean:226:0: 'SaturationMonoid.PhysicsCore.StageNineDiracDualFormNativeFixedP506CartanECConstraintCauchyFirstAssemblyP286ConnectionEvaluatorNormalForm.firstAssembly_configuration_eq_p286Refreshed' depends on axioms: [propext,
 Classical.choice,
 Quot.sound]
info: H0mework/Versions/R2/Physics/ConstrainedCauchy/FixedFirstAssemblyP286ConnectionEvaluatorNormalForm.lean:227:0: 'SaturationMonoid.PhysicsCore.StageNineDiracDualFormNativeFixedP506CartanECConstraintCauchyFirstAssemblyP286ConnectionEvaluatorNormalForm.firstAssembly_p286Refreshed_gaugeConnection_eq_p286Stage' depends on axioms: [propext,
 Classical.choice,
 Quot.sound]
info: H0mework/Versions/R2/Physics/ConstrainedCauchy/FixedFirstAssemblyP286ConnectionEvaluatorNormalForm.lean:228:0: 'SaturationMonoid.PhysicsCore.StageNineDiracDualFormNativeFixedP506CartanECConstraintCauchyFirstAssemblyP286ConnectionEvaluatorNormalForm.firstAssembly_p286Stage_connectionCoordinate_eq_source_sub_gradient' depends on axioms: [propext,
 Classical.choice,
 Quot.sound]
info: H0mework/Versions/R2/Physics/ConstrainedCauchy/FixedFirstAssemblyP286ConnectionEvaluatorNormalForm.lean:230:0: 'SaturationMonoid.PhysicsCore.StageNineDiracDualFormNativeFixedP506CartanECConstraintCauchyFirstAssemblyP286ConnectionEvaluatorNormalForm.firstAssembly_p286Refreshed_auxiliary_eq_generatedConstitutive' depends on axioms: [propext,
 Classical.choice,
 Quot.sound]
info: H0mework/Versions/R2/Physics/ConstrainedCauchy/FixedFirstAssemblyP286ConnectionEvaluatorNormalForm.lean:232:0: 'SaturationMonoid.PhysicsCore.StageNineDiracDualFormNativeFixedP506CartanECConstraintCauchyFirstAssemblyP286ConnectionEvaluatorNormalForm.firstAssembly_connectionEvaluatorDefect_eq_refreshedEuler' depends on axioms: [propext,
 Classical.choice,
 Quot.sound]
info: H0mework/Versions/R2/Physics/ConstrainedCauchy/FixedFirstAssemblyP286ConnectionEvaluatorNormalForm.lean:233:0: 'SaturationMonoid.PhysicsCore.StageNineDiracDualFormNativeFixedP506CartanECConstraintCauchyFirstAssemblyP286ConnectionEvaluatorNormalForm.firstAssembly_connectionEvaluatorDefect_allPoint_zero_iff_yangMills' depends on axioms: [propext,
 Classical.choice,
 Quot.sound]
info: H0mework/Versions/R2/Physics/ConstrainedCauchy/FixedFirstAssemblyP286ConnectionEvaluatorNormalForm.lean:235:0: 'SaturationMonoid.PhysicsCore.StageNineDiracDualFormNativeFixedP506CartanECConstraintCauchyFirstAssemblyP286ConnectionEvaluatorNormalForm.firstAssembly_connectionEvaluatorDefect_allPoint_zero_iff_wholeField' depends on axioms: [propext,
 Classical.choice,
 Quot.sound]
info: H0mework/Versions/R2/Physics/ConstrainedCauchy/FixedFirstAssemblyP286ConnectionEvaluatorNormalForm.lean:237:0: 'SaturationMonoid.PhysicsCore.StageNineDiracDualFormNativeFixedP506CartanECConstraintCauchyFirstAssemblyP286ConnectionEvaluatorNormalForm.firstAssemblyGeneratedP286ConnectionActionDefect_nonnegative' depends on axioms: [propext,
 Classical.choice,
 Quot.sound]
info: H0mework/Versions/R2/Physics/ConstrainedCauchy/FixedFirstAssemblyP286ConnectionEvaluatorNormalForm.lean:239:0: 'SaturationMonoid.PhysicsCore.StageNineDiracDualFormNativeFixedP506CartanECConstraintCauchyFirstAssemblyP286ConnectionEvaluatorNormalForm.firstAssemblyGeneratedP286ConnectionActionDefect_eq_zero_iff_evaluator_zero' depends on axioms: [propext,
 Classical.choice,
 Quot.sound]
info: H0mework/Versions/R2/Physics/ConstrainedCauchy/FixedFirstAssemblyP286ConnectionEvaluatorNormalForm.lean:241:0: 'SaturationMonoid.PhysicsCore.StageNineDiracDualFormNativeFixedP506CartanECConstraintCauchyFirstAssemblyP286ConnectionEvaluatorNormalForm.firstAssemblyGeneratedP286ConnectionActionDefect_pos_iff_evaluator_nonzero' depends on axioms: [propext,
 Classical.choice,
 Quot.sound]
ℹ [10510/10593] Replayed H0mework.Physics.SafeCauchy.FixedDynamicScalarSourceContact
info: H0mework/Physics/SafeCauchy/FixedDynamicScalarSourceContact.lean:138:0: 'SaturationMonoid.PhysicsCore.StageNineDiracDualFormNativeFixedP506CartanECConstraintCauchySafeDynamicScalarSourceContact.fixedP506L0CartanECConstraintCauchySafeJointGlobalActual_scalar_origin_generatedVacuum' depends on axioms: [propext,
 Classical.choice,
 Quot.sound]
ℹ [10511/10593] Replayed H0mework.Physics.SafeCauchy.FixedClassicalCandidateFamily
info: H0mework/Physics/SafeCauchy/FixedClassicalCandidateFamily.lean:127:0: 'SaturationMonoid.PhysicsCore.StageNineDiracDualFormNativeFixedP506CartanECConstraintCauchySafeClassicalWorldCandidateFamily.safeFinalClassicalWorldCandidateActual_gravityConnectionLorentzAdmissible' depends on axioms: [propext,
 Classical.choice,
 Quot.sound]
info: H0mework/Physics/SafeCauchy/FixedClassicalCandidateFamily.lean:129:0: 'SaturationMonoid.PhysicsCore.StageNineDiracDualFormNativeFixedP506CartanECConstraintCauchySafeClassicalWorldCandidateFamily.safeFinalClassicalWorldCandidateActual_acceptance_iff' depends on axioms: [propext,
 Classical.choice,
 Quot.sound]
ℹ [10512/10593] Replayed H0mework.Physics.SafeCauchy.FixedJointGlobalFiveSectorClosure
info: H0mework/Physics/SafeCauchy/FixedJointGlobalFiveSectorClosure.lean:436:0: 'SaturationMonoid.PhysicsCore.StageNineDiracDualFormNativeFixedP506CartanECConstraintCauchySafeJointGlobalFiveSectorClosure.fixedP506L0CartanECConstraintCauchySafeJointGlobalActual_gaugeCurvature_origin_ne_zero' depends on axioms: [propext,
 Classical.choice,
 Quot.sound]
info: H0mework/Physics/SafeCauchy/FixedJointGlobalFiveSectorClosure.lean:438:0: 'SaturationMonoid.PhysicsCore.StageNineDiracDualFormNativeFixedP506CartanECConstraintCauchySafeJointGlobalFiveSectorClosure.fixedP506L0CartanECConstraintCauchySafeJointGlobalActual_matterCurrentNonzeroAt_origin' depends on axioms: [propext,
 Classical.choice,
 Quot.sound]
info: H0mework/Physics/SafeCauchy/FixedJointGlobalFiveSectorClosure.lean:440:0: 'SaturationMonoid.PhysicsCore.StageNineDiracDualFormNativeFixedP506CartanECConstraintCauchySafeJointGlobalFiveSectorClosure.fixedP506L0CartanECConstraintCauchySafeJointGlobalActual_nonGravityFiveSectorClosure' depends on axioms: [propext,
 Classical.choice,
 Quot.sound]
ℹ [10537/10593] Replayed H0mework.Versions.AB.Physics.LowEnergy.Quantum.GaussHistoryHilbert
info: H0mework/Versions/AB/Physics/LowEnergy/Quantum/GaussHistoryHilbert.lean:238:0: 'LowEnergy.GaussHistoryHilbert.source_jacobian_pos' depends on axioms: [propext, Classical.choice, Quot.sound]
info: H0mework/Versions/AB/Physics/LowEnergy/Quantum/GaussHistoryHilbert.lean:239:0: 'LowEnergy.GaussHistoryHilbert.relative_source' depends on axioms: [propext, Classical.choice, Quot.sound]
info: H0mework/Versions/AB/Physics/LowEnergy/Quantum/GaussHistoryHilbert.lean:240:0: 'LowEnergy.GaussHistoryHilbert.jacobian_source' depends on axioms: [propext, Classical.choice, Quot.sound]
info: H0mework/Versions/AB/Physics/LowEnergy/Quantum/GaussHistoryHilbert.lean:241:0: 'LowEnergy.GaussHistoryHilbert.relativeMatrix_smooth' depends on axioms: [propext, Classical.choice, Quot.sound]
info: H0mework/Versions/AB/Physics/LowEnergy/Quantum/GaussHistoryHilbert.lean:242:0: 'LowEnergy.GaussHistoryHilbert.coordinate_finrank' depends on axioms: [propext, Classical.choice, Quot.sound]
info: H0mework/Versions/AB/Physics/LowEnergy/Quantum/GaussHistoryHilbert.lean:243:0: 'LowEnergy.GaussHistoryHilbert.sourcePoint' depends on axioms: [propext, Classical.choice, Quot.sound]
info: H0mework/Versions/AB/Physics/LowEnergy/Quantum/GaussHistoryHilbert.lean:244:0: 'LowEnergy.GaussHistoryHilbert.numberWeight_pos' depends on axioms: [propext, Classical.choice, Quot.sound]
info: H0mework/Versions/AB/Physics/LowEnergy/Quantum/GaussHistoryHilbert.lean:245:0: 'LowEnergy.GaussHistoryHilbert.fockTestDomain_dense' depends on axioms: [propext, Classical.choice, Quot.sound]
ℹ [10538/10593] Replayed H0mework.Versions.AB.Physics.LowEnergy.Quantum.GaussLiveMomentum
info: H0mework/Versions/AB/Physics/LowEnergy/Quantum/GaussLiveMomentum.lean:281:0: 'LowEnergy.GaussLiveMomentum.splitMap_injective' depends on axioms: [propext, Classical.choice, Quot.sound]
info: H0mework/Versions/AB/Physics/LowEnergy/Quantum/GaussLiveMomentum.lean:282:0: 'LowEnergy.GaussLiveMomentum.splitEquiv' depends on axioms: [propext, Classical.choice, Quot.sound]
info: H0mework/Versions/AB/Physics/LowEnergy/Quantum/GaussLiveMomentum.lean:283:0: 'LowEnergy.GaussLiveMomentum.split_right_inverse' depends on axioms: [propext, Classical.choice, Quot.sound]
info: H0mework/Versions/AB/Physics/LowEnergy/Quantum/GaussLiveMomentum.lean:284:0: 'LowEnergy.GaussLiveMomentum.inverse_smooth' depends on axioms: [propext, Classical.choice, Quot.sound]
info: H0mework/Versions/AB/Physics/LowEnergy/Quantum/GaussLiveMomentum.lean:285:0: 'LowEnergy.GaussLiveMomentum.inverse_derivative' depends on axioms: [propext, Classical.choice, Quot.sound]
info: H0mework/Versions/AB/Physics/LowEnergy/Quantum/GaussLiveMomentum.lean:286:0: 'LowEnergy.GaussLiveMomentum.momentum_unique' depends on axioms: [propext, Classical.choice, Quot.sound]
info: H0mework/Versions/AB/Physics/LowEnergy/Quantum/GaussLiveMomentum.lean:287:0: 'LowEnergy.GaussLiveMomentum.momentum_orbit' depends on axioms: [propext, Classical.choice, Quot.sound]
info: H0mework/Versions/AB/Physics/LowEnergy/Quantum/GaussLiveMomentum.lean:288:0: 'LowEnergy.GaussLiveMomentum.momentum_slice' depends on axioms: [propext, Classical.choice, Quot.sound]
ℹ [10558/10593] Replayed H0mework.Physics.SynchronizedJoint.FixedDiracVectorCurrentTemporalRateZeroSlice
info: H0mework/Physics/SynchronizedJoint/FixedDiracVectorCurrentTemporalRateZeroSlice.lean:2215:6: Try this:
  [apply] ring_nf
  
  The `ring` tactic failed to close the goal. Use `ring_nf` to obtain a normal form.
    
  Note that `ring` works primarily in *commutative* rings. If you have a noncommutative ring, abelian group or module, consider using `noncomm_ring`, `abel` or `module` instead.
info: H0mework/Physics/SynchronizedJoint/FixedDiracVectorCurrentTemporalRateZeroSlice.lean:2215:6: Try this:
  [apply] ring_nf
  
  The `ring` tactic failed to close the goal. Use `ring_nf` to obtain a normal form.
    
  Note that `ring` works primarily in *commutative* rings. If you have a noncommutative ring, abelian group or module, consider using `noncomm_ring`, `abel` or `module` instead.
ℹ [10603/10704] Replayed H0mework.Versions.R2.Foundation.Source.SequentialAction
info: H0mework/Versions/R2/Foundation/Source/SequentialAction.lean:348:0: 'SaturationMonoid.ResponsibilityLifecycle.LivingLawEvolution.ConstructiveRoot.RootInquiryCompletion.SourceNativeSequentialActualActionTargetAt.initialOpenLedger_injective' does not depend on any axioms
info: H0mework/Versions/R2/Foundation/Source/SequentialAction.lean:349:0: 'SaturationMonoid.ResponsibilityLifecycle.LivingLawEvolution.ConstructiveRoot.RootInquiryCompletion.SourceNativeSequentialActualActionTargetAt.targetAnswerAndNext_next_eq' does not depend on any axioms
ℹ [10616/10704] Replayed H0mework.Physics.GaugeSource.CenteredReducedEntropyIteration
info: H0mework/Physics/GaugeSource/CenteredReducedEntropyIteration.lean:610:0: 'SaturationMonoid.PhysicsCore.StageNineP286SourceNativeCenteredReducedEntropyIteration.p286CenteredReducedNext_smooth' depends on axioms: [propext,
 Classical.choice,
 Quot.sound]
info: H0mework/Physics/GaugeSource/CenteredReducedEntropyIteration.lean:611:0: 'SaturationMonoid.PhysicsCore.StageNineP286SourceNativeCenteredReducedEntropyIteration.P286CenteredReducedEntropyStateAt.reducedBase_eq' depends on axioms: [propext,
 Classical.choice,
 Quot.sound]
info: H0mework/Physics/GaugeSource/CenteredReducedEntropyIteration.lean:612:0: 'SaturationMonoid.PhysicsCore.StageNineP286SourceNativeCenteredReducedEntropyIteration.p286CenteredReducedEntropyPaymentAt_eq_zero_iff_defectAt_eq_zero' depends on axioms: [propext,
 Classical.choice,
 Quot.sound]
info: H0mework/Physics/GaugeSource/CenteredReducedEntropyIteration.lean:614:0: 'SaturationMonoid.PhysicsCore.StageNineP286SourceNativeCenteredReducedEntropyIteration.p286CenteredReducedEntropy_defectZero_or_generatedProgress' depends on axioms: [propext,
 Classical.choice,
 Quot.sound]
info: H0mework/Physics/GaugeSource/CenteredReducedEntropyIteration.lean:616:0: 'SaturationMonoid.PhysicsCore.StageNineP286SourceNativeCenteredReducedEntropyIteration.p286CenteredReducedNormalizedEntropy_eq_neg_accumulatedPayment' depends on axioms: [propext,
 Classical.choice,
 Quot.sound]
info: H0mework/Physics/GaugeSource/CenteredReducedEntropyIteration.lean:618:0: 'SaturationMonoid.PhysicsCore.StageNineP286SourceNativeCenteredReducedEntropyIteration.p286CenteredReducedEntropyPayment_cofinalDisposition' depends on axioms: [propext,
 Classical.choice,
 Quot.sound]
info: H0mework/Physics/GaugeSource/CenteredReducedEntropyIteration.lean:619:0: 'SaturationMonoid.PhysicsCore.StageNineP286SourceNativeCenteredReducedEntropyIteration.p286CenteredReducedEntropyPayment_summable_of_floor' depends on axioms: [propext,
 Classical.choice,
 Quot.sound]
info: H0mework/Physics/GaugeSource/CenteredReducedEntropyIteration.lean:620:0: 'SaturationMonoid.PhysicsCore.StageNineP286SourceNativeCenteredReducedEntropyIteration.p286CenteredReducedEntropyDefect_tendsto_zero_of_cofinalMaterial' depends on axioms: [propext,
 Classical.choice,
 Quot.sound]
ℹ [10626/10704] Replayed H0mework.Foundation.Ledger.OriginOrBirth
info: H0mework/Foundation/Ledger/OriginOrBirth.lean:141:0: 'SaturationMonoid.ResponsibilityLifecycle.LivingLawEvolution.ConstructiveRoot.ExactTargetDebtOriginAt.excludesFresh' does not depend on any axioms
info: H0mework/Foundation/Ledger/OriginOrBirth.lean:142:0: 'SaturationMonoid.ResponsibilityLifecycle.LivingLawEvolution.ConstructiveRoot.LedgerWriteEvolutionAt.targetOldOrigin' does not depend on any axioms
info: H0mework/Foundation/Ledger/OriginOrBirth.lean:143:0: 'SaturationMonoid.ResponsibilityLifecycle.LivingLawEvolution.ConstructiveRoot.LedgerWriteEvolutionAt.excludesTargetFresh' does not depend on any axioms
info: H0mework/Foundation/Ledger/OriginOrBirth.lean:144:0: 'SaturationMonoid.ResponsibilityLifecycle.LivingLawEvolution.ConstructiveRoot.ExactTargetOldOriginProvenanceAt.excludesBirthFreshness' does not depend on any axioms
ℹ [10627/10704] Replayed H0mework.Realization.Audit.DebtFirstWrite
info: H0mework/Realization/Audit/DebtFirstWrite.lean:187:0: 'SaturationMonoid.ResponsibilityLifecycle.LivingLawEvolution.ConstructiveRoot.DebtAdmissionFirstWrite.SourceGeneratedDebtAdmissionFirstWriteAt.initialBudget_positive' depends on axioms: [propext]
info: H0mework/Realization/Audit/DebtFirstWrite.lean:188:0: 'SaturationMonoid.ResponsibilityLifecycle.LivingLawEvolution.ConstructiveRoot.DebtAdmissionFirstWrite.ordinaryEvolution_cannot_admit' depends on axioms: [propext]
ℹ [10630/10704] Replayed H0mework.Versions.R2.Foundation.Inquiry.SemanticRevision
info: H0mework/Versions/R2/Foundation/Inquiry/SemanticRevision.lean:842:0: 'SaturationMonoid.ResponsibilityLifecycle.LivingLawEvolution.ConstructiveRoot.TypedSemanticWorldNetworkU8.GeneratedTypedSemanticWorldNetworkRevisionAt.SourceGeneratedFirstWriteGenuineSplitAt.ofCompilerSelectedSplit' does not depend on any axioms
info: H0mework/Versions/R2/Foundation/Inquiry/SemanticRevision.lean:843:0: 'SaturationMonoid.ResponsibilityLifecycle.LivingLawEvolution.ConstructiveRoot.TypedSemanticWorldNetworkU8.FieldGroundedTypedSemanticWorldNetworkRevisionAt.ofSourceGeneratedRestructuring' does not depend on any axioms
info: H0mework/Versions/R2/Foundation/Inquiry/SemanticRevision.lean:844:0: 'SaturationMonoid.ResponsibilityLifecycle.LivingLawEvolution.ConstructiveRoot.TypedSemanticWorldNetworkU8.FieldGroundedTypedSemanticWorldNetworkRevisionAt.eq_of_generate_eq' does not depend on any axioms
ℹ [10633/10704] Replayed H0mework.Versions.R2.Foundation.Inquiry.Protocol
info: H0mework/Versions/R2/Foundation/Inquiry/Protocol.lean:1356:0: 'SaturationMonoid.ResponsibilityLifecycle.LivingLawEvolution.ConstructiveRoot.RootInquiryCompletion.SourceNativeInquiryCofaceRealizationAt.ofExactCofaceSource' does not depend on any axioms
info: H0mework/Versions/R2/Foundation/Inquiry/Protocol.lean:1357:0: 'SaturationMonoid.ResponsibilityLifecycle.LivingLawEvolution.ConstructiveRoot.RootInquiryCompletion.SourceNativeInquiryCofaceRealizationAt.ofGeneratedRevision' does not depend on any axioms
ℹ [10638/10704] Replayed H0mework.Versions.R2.Physics.RootHistory.PhysicalRootRuntime
info: H0mework/Versions/R2/Physics/RootHistory/PhysicalRootRuntime.lean:243:0: 'SaturationMonoid.PhysicsCore.StageTenPhysicalRoot.physicalRuntimeSeed_tick_eq_closure_initial' depends on axioms: [propext,
 Classical.choice,
 Quot.sound]
info: H0mework/Versions/R2/Physics/RootHistory/PhysicalRootRuntime.lean:244:0: 'SaturationMonoid.PhysicsCore.StageTenPhysicalRoot.physicalRuntimeAfterBoundary_tick_eq_closure_coface' depends on axioms: [propext,
 Classical.choice,
 Quot.sound]
info: H0mework/Versions/R2/Physics/RootHistory/PhysicalRootRuntime.lean:245:0: 'SaturationMonoid.PhysicsCore.StageTenPhysicalRoot.physicalRuntimeAfterCoface_tick_eq_closure_gravity' depends on axioms: [propext,
 Classical.choice,
 Quot.sound]
info: H0mework/Versions/R2/Physics/RootHistory/PhysicalRootRuntime.lean:246:0: 'SaturationMonoid.PhysicsCore.StageTenPhysicalRoot.physicalRuntimeAfterGravity_tick_eq_closure_assembly' depends on axioms: [propext,
 Classical.choice,
 Quot.sound]
info: H0mework/Versions/R2/Physics/RootHistory/PhysicalRootRuntime.lean:247:0: 'SaturationMonoid.PhysicsCore.StageTenPhysicalRoot.physicalRuntimeAfterAssembly_tick_eq_closure_postAssembly' depends on axioms: [propext,
 Classical.choice,
 Quot.sound]
info: H0mework/Versions/R2/Physics/RootHistory/PhysicalRootRuntime.lean:248:0: 'SaturationMonoid.PhysicsCore.StageTenPhysicalRoot.physicalRuntime_boundaryU7_resumes_at_firstGravity' depends on axioms: [propext,
 Classical.choice,
 Quot.sound]
info: H0mework/Versions/R2/Physics/RootHistory/PhysicalRootRuntime.lean:249:0: 'SaturationMonoid.PhysicsCore.StageTenPhysicalRoot.physicalRuntimeAfterPostAssembly_tick_eq_secondAssemblyEvent' depends on axioms: [propext,
 Classical.choice,
 Quot.sound]
ℹ [10646/10704] Replayed H0mework.Versions.R2.Foundation.Inquiry.Engine
info: H0mework/Versions/R2/Foundation/Inquiry/Engine.lean:1341:0: 'SaturationMonoid.ResponsibilityLifecycle.LivingLawEvolution.ConstructiveRoot.RootInquiryCompletion.RootInquiryProcessNode.active_directlyAnswered_successor_valid' depends on axioms: [propext]
info: H0mework/Versions/R2/Foundation/Inquiry/Engine.lean:1342:0: 'SaturationMonoid.ResponsibilityLifecycle.LivingLawEvolution.ConstructiveRoot.RootInquiryCompletion.RootInquiryProcessNode.active_directlyAnswered_terminalHandoff_successor_valid' depends on axioms: [propext]
info: H0mework/Versions/R2/Foundation/Inquiry/Engine.lean:1343:0: 'SaturationMonoid.ResponsibilityLifecycle.LivingLawEvolution.ConstructiveRoot.RootInquiryCompletion.RootInquiryProcessNode.active_actualAction_successor_valid' depends on axioms: [propext]
ℹ [10819/10871] Replayed H0mework.Versions.AB.Physics.LowEnergy.Quantum.GaussNativeMatter
info: H0mework/Versions/AB/Physics/LowEnergy/Quantum/GaussNativeMatter.lean:105:0: 'LowEnergy.GaussNativeMatter.nativeFull_stabilizer' depends on axioms: [propext, Classical.choice, Quot.sound]
info: H0mework/Versions/AB/Physics/LowEnergy/Quantum/GaussNativeMatter.lean:106:0: 'LowEnergy.GaussNativeMatter.nativeFock' depends on axioms: [propext, Classical.choice, Quot.sound]
info: H0mework/Versions/AB/Physics/LowEnergy/Quantum/GaussNativeMatter.lean:107:0: 'LowEnergy.GaussNativeMatter.nativeFock_skew' depends on axioms: [propext, Classical.choice, Quot.sound]
ℹ [10820/10871] Replayed H0mework.Versions.AB.Physics.LowEnergy.Quantum.GaussCoreDifferential
info: H0mework/Versions/AB/Physics/LowEnergy/Quantum/GaussCoreDifferential.lean:150:0: 'LowEnergy.GaussCoreDifferential.direction_smooth' depends on axioms: [propext, Classical.choice, Quot.sound]
info: H0mework/Versions/AB/Physics/LowEnergy/Quantum/GaussCoreDifferential.lean:151:0: 'LowEnergy.GaussCoreDifferential.directional' depends on axioms: [propext, Classical.choice, Quot.sound]
info: H0mework/Versions/AB/Physics/LowEnergy/Quantum/GaussCoreDifferential.lean:152:0: 'LowEnergy.GaussCoreDifferential.covariantMomentum' depends on axioms: [propext, Classical.choice, Quot.sound]
info: H0mework/Versions/AB/Physics/LowEnergy/Quantum/GaussCoreDifferential.lean:153:0: 'LowEnergy.GaussCoreDifferential.covariantMomentum_orbit' depends on axioms: [propext, Classical.choice, Quot.sound]
info: H0mework/Versions/AB/Physics/LowEnergy/Quantum/GaussCoreDifferential.lean:154:0: 'LowEnergy.GaussCoreDifferential.covariantMomentum_slice' depends on axioms: [propext, Classical.choice, Quot.sound]
ℹ [10821/10871] Replayed H0mework.Versions.AB.Physics.LowEnergy.Quantum.GaussCoreHilbert
info: H0mework/Versions/AB/Physics/LowEnergy/Quantum/GaussCoreHilbert.lean:170:0: 'LowEnergy.GaussCoreHilbert.embed_injective' depends on axioms: [propext, Classical.choice, Quot.sound]
info: H0mework/Versions/AB/Physics/LowEnergy/Quantum/GaussCoreHilbert.lean:171:0: 'LowEnergy.GaussCoreHilbert.coreEquiv' depends on axioms: [propext, Classical.choice, Quot.sound]
info: H0mework/Versions/AB/Physics/LowEnergy/Quantum/GaussCoreHilbert.lean:172:0: 'LowEnergy.GaussCoreHilbert.realize_preserves_core' depends on axioms: [propext, Classical.choice, Quot.sound]
info: H0mework/Versions/AB/Physics/LowEnergy/Quantum/GaussCoreHilbert.lean:173:0: 'LowEnergy.GaussCoreHilbert.momentum_on_test' depends on axioms: [propext, Classical.choice, Quot.sound]
ℹ [10822/10871] Replayed H0mework.Versions.AB.Physics.LowEnergy.Quantum.GaussDensityCore
info: H0mework/Versions/AB/Physics/LowEnergy/Quantum/GaussDensityCore.lean:257:0: 'LowEnergy.GaussDensityCore.density_smooth' depends on axioms: [propext, Classical.choice, Quot.sound]
info: H0mework/Versions/AB/Physics/LowEnergy/Quantum/GaussDensityCore.lean:258:0: 'LowEnergy.GaussDensityCore.weightedTranspose' depends on axioms: [propext, Classical.choice, Quot.sound]
info: H0mework/Versions/AB/Physics/LowEnergy/Quantum/GaussDensityCore.lean:259:0: 'LowEnergy.GaussDensityCore.weightedTranspose_apply' depends on axioms: [propext, Classical.choice, Quot.sound]
info: H0mework/Versions/AB/Physics/LowEnergy/Quantum/GaussDensityCore.lean:260:0: 'LowEnergy.GaussDensityCore.weighted_transpose_pair' depends on axioms: [propext, Classical.choice, Quot.sound]
info: H0mework/Versions/AB/Physics/LowEnergy/Quantum/GaussDensityCore.lean:261:0: 'LowEnergy.GaussDensityCore.weighted_transpose_hilbert' depends on axioms: [propext, Classical.choice, Quot.sound]
ℹ [10823/10871] Replayed H0mework.Versions.AB.Physics.LowEnergy.Quantum.GaussScalarTransport
info: H0mework/Versions/AB/Physics/LowEnergy/Quantum/GaussScalarTransport.lean:111:0: 'LowEnergy.GaussScalarTransport.fieldDerivative_apply' depends on axioms: [propext, Classical.choice, Quot.sound]
info: H0mework/Versions/AB/Physics/LowEnergy/Quantum/GaussScalarTransport.lean:112:0: 'LowEnergy.GaussScalarTransport.field_transpose_hilbert' depends on axioms: [propext, Classical.choice, Quot.sound]
ℹ [10824/10871] Replayed H0mework.Versions.AB.Physics.LowEnergy.Quantum.GaussFockWeights
info: H0mework/Versions/AB/Physics/LowEnergy/Quantum/GaussFockWeights.lean:103:0: 'LowEnergy.GaussFockWeights.native_number_commute' depends on axioms: [propext, Classical.choice, Quot.sound]
info: H0mework/Versions/AB/Physics/LowEnergy/Quantum/GaussFockWeights.lean:104:0: 'LowEnergy.GaussFockWeights.native_weight_commute' depends on axioms: [propext, Classical.choice, Quot.sound]
info: H0mework/Versions/AB/Physics/LowEnergy/Quantum/GaussFockWeights.lean:105:0: 'LowEnergy.GaussFockWeights.native_weighted_skew' depends on axioms: [propext, Classical.choice, Quot.sound]
ℹ [10825/10871] Replayed H0mework.Versions.AB.Physics.LowEnergy.Quantum.GaussFockPair
info: H0mework/Versions/AB/Physics/LowEnergy/Quantum/GaussFockPair.lean:77:0: 'LowEnergy.GaussFockPair.sourcePair_integral' depends on axioms: [propext, Classical.choice, Quot.sound]
info: H0mework/Versions/AB/Physics/LowEnergy/Quantum/GaussFockPair.lean:78:0: 'LowEnergy.GaussFockPair.connection_pair_skew' depends on axioms: [propext, Classical.choice, Quot.sound]
ℹ [10826/10871] Replayed H0mework.Versions.AB.Physics.LowEnergy.Quantum.GaussMomentumAdjoint
info: H0mework/Versions/AB/Physics/LowEnergy/Quantum/GaussMomentumAdjoint.lean:111:0: 'LowEnergy.GaussMomentumAdjoint.component_directional' depends on axioms: [propext, Classical.choice, Quot.sound]
info: H0mework/Versions/AB/Physics/LowEnergy/Quantum/GaussMomentumAdjoint.lean:112:0: 'LowEnergy.GaussMomentumAdjoint.derivative_pair' depends on axioms: [propext, Classical.choice, Quot.sound]
info: H0mework/Versions/AB/Physics/LowEnergy/Quantum/GaussMomentumAdjoint.lean:113:0: 'LowEnergy.GaussMomentumAdjoint.momentum_pair' depends on axioms: [propext, Classical.choice, Quot.sound]
info: H0mework/Versions/AB/Physics/LowEnergy/Quantum/GaussMomentumAdjoint.lean:114:0: 'LowEnergy.GaussMomentumAdjoint.original_formal_adjoint' depends on axioms: [propext, Classical.choice, Quot.sound]
ℹ [10827/10871] Replayed H0mework.Versions.AB.Physics.LowEnergy.Quantum.GaussNativeEnergy
info: H0mework/Versions/AB/Physics/LowEnergy/Quantum/GaussNativeEnergy.lean:278:0: 'LowEnergy.GaussNativeEnergy.source_time_generated' depends on axioms: [propext, Classical.choice, Quot.sound]
info: H0mework/Versions/AB/Physics/LowEnergy/Quantum/GaussNativeEnergy.lean:279:0: 'LowEnergy.GaussNativeEnergy.source_sigma_generated' depends on axioms: [propext, Classical.choice, Quot.sound]
info: H0mework/Versions/AB/Physics/LowEnergy/Quantum/GaussNativeEnergy.lean:280:0: 'LowEnergy.GaussNativeEnergy.triad_inverse_right' depends on axioms: [propext, Classical.choice, Quot.sound]
info: H0mework/Versions/AB/Physics/LowEnergy/Quantum/GaussNativeEnergy.lean:281:0: 'LowEnergy.GaussNativeEnergy.scalarWeight_smooth' depends on axioms: [propext, Classical.choice, Quot.sound]
info: H0mework/Versions/AB/Physics/LowEnergy/Quantum/GaussNativeEnergy.lean:282:0: 'LowEnergy.GaussNativeEnergy.gaugeWeight_smooth' depends on axioms: [propext, Classical.choice, Quot.sound]
info: H0mework/Versions/AB/Physics/LowEnergy/Quantum/GaussNativeEnergy.lean:283:0: 'LowEnergy.GaussNativeEnergy.source_electric_kernel' depends on axioms: [propext, Classical.choice, Quot.sound]
info: H0mework/Versions/AB/Physics/LowEnergy/Quantum/GaussNativeEnergy.lean:284:0: 'LowEnergy.GaussNativeEnergy.gaugeWeight_inverse' depends on axioms: [propext, Classical.choice, Quot.sound]
info: H0mework/Versions/AB/Physics/LowEnergy/Quantum/GaussNativeEnergy.lean:285:0: 'LowEnergy.GaussNativeEnergy.source_magnetic_kernel' depends on axioms: [propext, Classical.choice, Quot.sound]
info: H0mework/Versions/AB/Physics/LowEnergy/Quantum/GaussNativeEnergy.lean:286:0: 'LowEnergy.GaussNativeEnergy.source_scalar_weight' depends on axioms: [propext, Classical.choice, Quot.sound]
info: H0mework/Versions/AB/Physics/LowEnergy/Quantum/GaussNativeEnergy.lean:287:0: 'LowEnergy.GaussNativeEnergy.source_scalar_spatial' depends on axioms: [propext, Classical.choice, Quot.sound]
ℹ [10831/10871] Replayed H0mework.Versions.AB.Physics.LowEnergy.Quantum.SourceQuantumRadialCore
info: H0mework/Versions/AB/Physics/LowEnergy/Quantum/SourceQuantumRadialCore.lean:106:0: 'LowEnergy.SourceRadialCore.source_weight_preserves_test' depends on axioms: [propext, Classical.choice, Quot.sound]
info: H0mework/Versions/AB/Physics/LowEnergy/Quantum/SourceQuantumRadialCore.lean:107:0: 'LowEnergy.SourceRadialCore.source_inverse_preserves_test' depends on axioms: [propext, Classical.choice, Quot.sound]
info: H0mework/Versions/AB/Physics/LowEnergy/Quantum/SourceQuantumRadialCore.lean:108:0: 'LowEnergy.SourceRadialCore.original_full_core_preserved' depends on axioms: [propext, Classical.choice, Quot.sound]
info: H0mework/Versions/AB/Physics/LowEnergy/Quantum/SourceQuantumRadialCore.lean:109:0: 'LowEnergy.SourceRadialCore.pairing_return' depends on axioms: [propext, Classical.choice, Quot.sound]
ℹ [10832/10871] Replayed H0mework.Versions.AB.Physics.LowEnergy.Quantum.SourceCartanCubic
info: H0mework/Versions/AB/Physics/LowEnergy/Quantum/SourceCartanCubic.lean:136:0: 'LowEnergy.SourceCartanCubic.original_orbit_derivative' depends on axioms: [propext, Classical.choice, Quot.sound]
info: H0mework/Versions/AB/Physics/LowEnergy/Quantum/SourceCartanCubic.lean:137:0: 'LowEnergy.SourceCartanCubic.first_variation' depends on axioms: [propext, Classical.choice, Quot.sound]
info: H0mework/Versions/AB/Physics/LowEnergy/Quantum/SourceCartanCubic.lean:138:0: 'LowEnergy.SourceCartanCubic.cubic_curve_derivative' depends on axioms: [propext, Classical.choice, Quot.sound]
info: H0mework/Versions/AB/Physics/LowEnergy/Quantum/SourceCartanCubic.lean:139:0: 'LowEnergy.SourceCartanCubic.sourceWeight_preserves_test' depends on axioms: [propext, Classical.choice, Quot.sound]
info: H0mework/Versions/AB/Physics/LowEnergy/Quantum/SourceCartanCubic.lean:140:0: 'LowEnergy.SourceCartanCubic.sourceWeight_preserves_full_core' depends on axioms: [propext,
 Classical.choice,
 Quot.sound]
info: H0mework/Versions/AB/Physics/LowEnergy/Quantum/SourceCartanCubic.lean:141:0: 'LowEnergy.SourceCartanCubic.pairing_return' depends on axioms: [propext, Classical.choice, Quot.sound]
ℹ [10833/10871] Replayed H0mework.Versions.AB.Physics.LowEnergy.Quantum.GaussNativePotential
info: H0mework/Versions/AB/Physics/LowEnergy/Quantum/GaussNativePotential.lean:114:0: 'LowEnergy.GaussNativePotential.scalar_potential_source' depends on axioms: [propext, Classical.choice, Quot.sound]
info: H0mework/Versions/AB/Physics/LowEnergy/Quantum/GaussNativePotential.lean:115:0: 'LowEnergy.GaussNativePotential.magnetic_potential_source' depends on axioms: [propext, Classical.choice, Quot.sound]
info: H0mework/Versions/AB/Physics/LowEnergy/Quantum/GaussNativePotential.lean:116:0: 'LowEnergy.GaussNativePotential.potential_smooth' depends on axioms: [propext, Classical.choice, Quot.sound]
ℹ [10834/10871] Replayed H0mework.Versions.AB.Physics.LowEnergy.Quantum.GaussNativeForm
info: H0mework/Versions/AB/Physics/LowEnergy/Quantum/GaussNativeForm.lean:143:0: 'LowEnergy.GaussNativeForm.nativeAction' depends on axioms: [propext, Classical.choice, Quot.sound]
info: H0mework/Versions/AB/Physics/LowEnergy/Quantum/GaussNativeForm.lean:144:0: 'LowEnergy.GaussNativeForm.native_core_pair' depends on axioms: [propext, Classical.choice, Quot.sound]
ℹ [10835/10871] Replayed H0mework.Versions.AB.Physics.LowEnergy.Quantum.GaussCoframeCore
info: H0mework/Versions/AB/Physics/LowEnergy/Quantum/GaussCoframeCore.lean:93:0: 'LowEnergy.GaussCoframeCore.component_derivative' depends on axioms: [propext, Classical.choice, Quot.sound]
info: H0mework/Versions/AB/Physics/LowEnergy/Quantum/GaussCoframeCore.lean:94:0: 'LowEnergy.GaussCoframeCore.momentum_pair' depends on axioms: [propext, Classical.choice, Quot.sound]
ℹ [10836/10871] Replayed H0mework.Versions.AB.Physics.LowEnergy.Quantum.GaussCoframeKinetic
info: H0mework/Versions/AB/Physics/LowEnergy/Quantum/GaussCoframeKinetic.lean:145:0: 'LowEnergy.GaussCoframeKinetic.coefficient_smooth' depends on axioms: [propext, Classical.choice, Quot.sound]
info: H0mework/Versions/AB/Physics/LowEnergy/Quantum/GaussCoframeKinetic.lean:146:0: 'LowEnergy.GaussCoframeKinetic.kinetic_pair' depends on axioms: [propext, Classical.choice, Quot.sound]
ℹ [10837/10871] Replayed H0mework.Versions.AB.Physics.LowEnergy.Quantum.GaussQuantumMultiplier
info: H0mework/Versions/AB/Physics/LowEnergy/Quantum/GaussQuantumMultiplier.lean:112:0: 'LowEnergy.GaussQuantumMultiplier.action_pair' depends on axioms: [propext, Classical.choice, Quot.sound]
ℹ [10838/10871] Replayed H0mework.Versions.AB.Physics.LowEnergy.Quantum.GaussCoframeSpin
info: H0mework/Versions/AB/Physics/LowEnergy/Quantum/GaussCoframeSpin.lean:140:0: 'LowEnergy.GaussCoframeSpin.spinLift_source' depends on axioms: [propext, Classical.choice, Quot.sound]
info: H0mework/Versions/AB/Physics/LowEnergy/Quantum/GaussCoframeSpin.lean:141:0: 'LowEnergy.GaussCoframeSpin.full_hermitian' depends on axioms: [propext, Classical.choice, Quot.sound]
info: H0mework/Versions/AB/Physics/LowEnergy/Quantum/GaussCoframeSpin.lean:142:0: 'LowEnergy.GaussCoframeSpin.current_pair' depends on axioms: [propext, Classical.choice, Quot.sound]
ℹ [10839/10871] Replayed H0mework.Versions.AB.Physics.LowEnergy.Quantum.GaussCoframeForm
info: H0mework/Versions/AB/Physics/LowEnergy/Quantum/GaussCoframeForm.lean:147:0: 'LowEnergy.GaussCoframeForm.number_apply' depends on axioms: [propext, Classical.choice, Quot.sound]
info: H0mework/Versions/AB/Physics/LowEnergy/Quantum/GaussCoframeForm.lean:148:0: 'LowEnergy.GaussCoframeForm.coframeAction' depends on axioms: [propext, Classical.choice, Quot.sound]
info: H0mework/Versions/AB/Physics/LowEnergy/Quantum/GaussCoframeForm.lean:149:0: 'LowEnergy.GaussCoframeForm.coframeAction_pair' depends on axioms: [propext, Classical.choice, Quot.sound]
ℹ [10840/10871] Replayed H0mework.Versions.AB.Physics.LowEnergy.Quantum.GaussMatterCore
info: H0mework/Versions/AB/Physics/LowEnergy/Quantum/GaussMatterCore.lean:101:0: 'LowEnergy.GaussMatterCore.spin_native_commute' depends on axioms: [propext, Classical.choice, Quot.sound]
info: H0mework/Versions/AB/Physics/LowEnergy/Quantum/GaussMatterCore.lean:102:0: 'LowEnergy.GaussMatterCore.matrixTerm_hermitian' depends on axioms: [propext, Classical.choice, Quot.sound]
info: H0mework/Versions/AB/Physics/LowEnergy/Quantum/GaussMatterCore.lean:103:0: 'LowEnergy.GaussMatterCore.matter_pair' depends on axioms: [propext, Classical.choice, Quot.sound]
ℹ [10841/10871] Replayed H0mework.Physics.LowEnergy.Quantum.SourceRetardedGraph
info: H0mework/Physics/LowEnergy/Quantum/SourceRetardedGraph.lean:262:0: 'LowEnergy.SourceRetardedGraph.closed_graph_pairing_both' depends on axioms: [propext, Classical.choice, Quot.sound]
info: H0mework/Physics/LowEnergy/Quantum/SourceRetardedGraph.lean:263:0: 'LowEnergy.SourceRetardedGraph.cayley_equal_norm' depends on axioms: [propext, Classical.choice, Quot.sound]
info: H0mework/Physics/LowEnergy/Quantum/SourceRetardedGraph.lean:264:0: 'LowEnergy.SourceRetardedGraph.lower_graph_bound' depends on axioms: [propext, Classical.choice, Quot.sound]
info: H0mework/Physics/LowEnergy/Quantum/SourceRetardedGraph.lean:265:0: 'LowEnergy.SourceRetardedGraph.cayleyRange' depends on axioms: [propext, Classical.choice, Quot.sound]
info: H0mework/Physics/LowEnergy/Quantum/SourceRetardedGraph.lean:266:0: 'LowEnergy.SourceRetardedGraph.incoming_range_closed' depends on axioms: [propext, Classical.choice, Quot.sound]
info: H0mework/Physics/LowEnergy/Quantum/SourceRetardedGraph.lean:267:0: 'LowEnergy.SourceRetardedGraph.mem_defect_iff_core' depends on axioms: [propext, Classical.choice, Quot.sound]
info: H0mework/Physics/LowEnergy/Quantum/SourceRetardedGraph.lean:268:0: 'LowEnergy.SourceRetardedGraph.range_resolvent_graph' depends on axioms: [propext, Classical.choice, Quot.sound]
info: H0mework/Physics/LowEnergy/Quantum/SourceRetardedGraph.lean:269:0: 'LowEnergy.SourceRetardedGraph.range_resolvent_bound' depends on axioms: [propext, Classical.choice, Quot.sound]
info: H0mework/Physics/LowEnergy/Quantum/SourceRetardedGraph.lean:270:0: 'LowEnergy.SourceRetardedGraph.mem_range_iff_defect' depends on axioms: [propext, Classical.choice, Quot.sound]
info: H0mework/Physics/LowEnergy/Quantum/SourceRetardedGraph.lean:271:0: 'LowEnergy.SourceRetardedGraph.range_step_norm' depends on axioms: [propext, Classical.choice, Quot.sound]
info: H0mework/Physics/LowEnergy/Quantum/SourceRetardedGraph.lean:272:0: 'LowEnergy.SourceRetardedGraph.range_step_midpoint' depends on axioms: [propext, Classical.choice, Quot.sound]
info: H0mework/Physics/LowEnergy/Quantum/SourceRetardedGraph.lean:273:0: 'LowEnergy.SourceRetardedGraph.source_mu_large' depends on axioms: [propext, Classical.choice, Quot.sound]
ℹ [10842/10871] Replayed H0mework.Physics.LowEnergy.Quantum.FiniteCoreEvolution
info: H0mework/Physics/LowEnergy/Quantum/FiniteCoreEvolution.lean:198:0: 'LowEnergy.FiniteCoreEvolution.compression_selfAdjoint' depends on axioms: [propext, Classical.choice, Quot.sound]
info: H0mework/Physics/LowEnergy/Quantum/FiniteCoreEvolution.lean:199:0: 'LowEnergy.FiniteCoreEvolution.compression_core' depends on axioms: [propext, Classical.choice, Quot.sound]
info: H0mework/Physics/LowEnergy/Quantum/FiniteCoreEvolution.lean:200:0: 'LowEnergy.FiniteCoreEvolution.compression_core_bound' depends on axioms: [propext, Classical.choice, Quot.sound]
info: H0mework/Physics/LowEnergy/Quantum/FiniteCoreEvolution.lean:201:0: 'LowEnergy.FiniteCoreEvolution.evolution_norm' depends on axioms: [propext, Classical.choice, Quot.sound]
info: H0mework/Physics/LowEnergy/Quantum/FiniteCoreEvolution.lean:202:0: 'LowEnergy.FiniteCoreEvolution.evolution_core_uniform' depends on axioms: [propext, Classical.choice, Quot.sound]
info: H0mework/Physics/LowEnergy/Quantum/FiniteCoreEvolution.lean:203:0: 'LowEnergy.FiniteCoreEvolution.compression_tendsto' depends on axioms: [propext, Classical.choice, Quot.sound]
info: H0mework/Physics/LowEnergy/Quantum/FiniteCoreEvolution.lean:204:0: 'LowEnergy.FiniteCoreEvolution.evolution_core_remainder' depends on axioms: [propext, Classical.choice, Quot.sound]
ℹ [10843/10871] Replayed H0mework.Physics.LowEnergy.Quantum.WeakCoreEvolution
info: H0mework/Physics/LowEnergy/Quantum/WeakCoreEvolution.lean:303:0: 'LowEnergy.WeakCoreEvolution.coefficient_tendsto' depends on axioms: [propext, Classical.choice, Quot.sound]
info: H0mework/Physics/LowEnergy/Quantum/WeakCoreEvolution.lean:304:0: 'LowEnergy.WeakCoreEvolution.coefficient_bound' depends on axioms: [propext, Classical.choice, Quot.sound]
info: H0mework/Physics/LowEnergy/Quantum/WeakCoreEvolution.lean:305:0: 'LowEnergy.WeakCoreEvolution.coefficient_add_right' depends on axioms: [propext, Classical.choice, Quot.sound]
info: H0mework/Physics/LowEnergy/Quantum/WeakCoreEvolution.lean:306:0: 'LowEnergy.WeakCoreEvolution.weak_evolution_pair' depends on axioms: [propext, Classical.choice, Quot.sound]
info: H0mework/Physics/LowEnergy/Quantum/WeakCoreEvolution.lean:307:0: 'LowEnergy.WeakCoreEvolution.weak_evolution_contraction' depends on axioms: [propext, Classical.choice, Quot.sound]
info: H0mework/Physics/LowEnergy/Quantum/WeakCoreEvolution.lean:308:0: 'LowEnergy.WeakCoreEvolution.weak_evolution_zero' depends on axioms: [propext, Classical.choice, Quot.sound]
info: H0mework/Physics/LowEnergy/Quantum/WeakCoreEvolution.lean:309:0: 'LowEnergy.WeakCoreEvolution.weak_evolution_core_uniform' depends on axioms: [propext, Classical.choice, Quot.sound]
info: H0mework/Physics/LowEnergy/Quantum/WeakCoreEvolution.lean:310:0: 'LowEnergy.WeakCoreEvolution.weak_evolution_continuous' depends on axioms: [propext, Classical.choice, Quot.sound]
info: H0mework/Physics/LowEnergy/Quantum/WeakCoreEvolution.lean:311:0: 'LowEnergy.WeakCoreEvolution.weak_evolution_core_remainder' depends on axioms: [propext, Classical.choice, Quot.sound]
info: H0mework/Physics/LowEnergy/Quantum/WeakCoreEvolution.lean:312:0: 'LowEnergy.WeakCoreEvolution.weak_evolution_core_derivative' depends on axioms: [propext, Classical.choice, Quot.sound]
info: H0mework/Physics/LowEnergy/Quantum/WeakCoreEvolution.lean:313:0: 'LowEnergy.WeakCoreEvolution.weak_evolution_original_pairing' depends on axioms: [propext, Classical.choice, Quot.sound]
info: H0mework/Physics/LowEnergy/Quantum/WeakCoreEvolution.lean:314:0: 'LowEnergy.WeakCoreEvolution.weak_evolution_pair_derivative' depends on axioms: [propext, Classical.choice, Quot.sound]
info: H0mework/Physics/LowEnergy/Quantum/WeakCoreEvolution.lean:315:0: 'LowEnergy.WeakCoreEvolution.retarded_test_identity' depends on axioms: [propext, Classical.choice, Quot.sound]
ℹ [10844/10871] Replayed H0mework.Versions.AB.Physics.LowEnergy.Quantum.GaussDiagonalHistory
info: H0mework/Versions/AB/Physics/LowEnergy/Quantum/GaussDiagonalHistory.lean:68:0: 'LowEnergy.GaussDiagonalHistory.diagonal_pair' depends on axioms: [propext, Classical.choice, Quot.sound]
info: H0mework/Versions/AB/Physics/LowEnergy/Quantum/GaussDiagonalHistory.lean:69:0: 'LowEnergy.GaussDiagonalHistory.history' depends on axioms: [propext, Classical.choice, Quot.sound]
info: H0mework/Versions/AB/Physics/LowEnergy/Quantum/GaussDiagonalHistory.lean:70:0: 'LowEnergy.GaussDiagonalHistory.history_derivative' depends on axioms: [propext, Classical.choice, Quot.sound]
info: H0mework/Versions/AB/Physics/LowEnergy/Quantum/GaussDiagonalHistory.lean:71:0: 'LowEnergy.GaussDiagonalHistory.retarded_source' depends on axioms: [propext, Classical.choice, Quot.sound]
ℹ [10845/10871] Replayed H0mework.Versions.AB.Physics.LowEnergy.Quantum.SourceQuantumGradeTransport
info: H0mework/Versions/AB/Physics/LowEnergy/Quantum/SourceQuantumGradeTransport.lean:108:0: 'LowEnergy.SourceGradeTransport.original_yukawa_conjugate' depends on axioms: [propext, Classical.choice, Quot.sound]
info: H0mework/Versions/AB/Physics/LowEnergy/Quantum/SourceQuantumGradeTransport.lean:109:0: 'LowEnergy.SourceGradeTransport.pairing_return' depends on axioms: [propext, Classical.choice, Quot.sound]
ℹ [10846/10871] Replayed H0mework.Versions.AB.Physics.LowEnergy.Quantum.GaussHalfDensity
info: H0mework/Versions/AB/Physics/LowEnergy/Quantum/GaussHalfDensity.lean:147:0: 'LowEnergy.GaussHalfDensity.fockHalfDensityEquiv' depends on axioms: [propext, Classical.choice, Quot.sound]
info: H0mework/Versions/AB/Physics/LowEnergy/Quantum/GaussHalfDensity.lean:148:0: 'LowEnergy.GaussHalfDensity.source_halfDensity_native' depends on axioms: [propext, Classical.choice, Quot.sound]
ℹ [10847/10871] Replayed H0mework.Versions.AB.Physics.LowEnergy.Quantum.NativeHistoryGrade
info: H0mework/Versions/AB/Physics/LowEnergy/Quantum/NativeHistoryGrade.lean:281:0: 'LowEnergy.NativeHistoryGrade.projection_symmetric' depends on axioms: [propext, Classical.choice, Quot.sound]
info: H0mework/Versions/AB/Physics/LowEnergy/Quantum/NativeHistoryGrade.lean:282:0: 'LowEnergy.NativeHistoryGrade.projection_product' depends on axioms: [propext, Classical.choice, Quot.sound]
info: H0mework/Versions/AB/Physics/LowEnergy/Quantum/NativeHistoryGrade.lean:283:0: 'LowEnergy.NativeHistoryGrade.projection_resolution' depends on axioms: [propext, Classical.choice, Quot.sound]
info: H0mework/Versions/AB/Physics/LowEnergy/Quantum/NativeHistoryGrade.lean:284:0: 'LowEnergy.NativeHistoryGrade.projection_preserves_core' depends on axioms: [propext, Classical.choice, Quot.sound]
info: H0mework/Versions/AB/Physics/LowEnergy/Quantum/NativeHistoryGrade.lean:285:0: 'LowEnergy.NativeHistoryGrade.history_contraction' depends on axioms: [propext, Classical.choice, Quot.sound]
info: H0mework/Versions/AB/Physics/LowEnergy/Quantum/NativeHistoryGrade.lean:286:0: 'LowEnergy.NativeHistoryGrade.history_zero' depends on axioms: [propext, Classical.choice, Quot.sound]
info: H0mework/Versions/AB/Physics/LowEnergy/Quantum/NativeHistoryGrade.lean:287:0: 'LowEnergy.NativeHistoryGrade.history_left_block' depends on axioms: [propext, Classical.choice, Quot.sound]
info: H0mework/Versions/AB/Physics/LowEnergy/Quantum/NativeHistoryGrade.lean:288:0: 'LowEnergy.NativeHistoryGrade.history_right_block' depends on axioms: [propext, Classical.choice, Quot.sound]
info: H0mework/Versions/AB/Physics/LowEnergy/Quantum/NativeHistoryGrade.lean:289:0: 'LowEnergy.NativeHistoryGrade.history_continuous' depends on axioms: [propext, Classical.choice, Quot.sound]
info: H0mework/Versions/AB/Physics/LowEnergy/Quantum/NativeHistoryGrade.lean:290:0: 'LowEnergy.NativeHistoryGrade.history_core_derivative' depends on axioms: [propext, Classical.choice, Quot.sound]
info: H0mework/Versions/AB/Physics/LowEnergy/Quantum/NativeHistoryGrade.lean:291:0: 'LowEnergy.NativeHistoryGrade.history_original_pairing' depends on axioms: [propext, Classical.choice, Quot.sound]
info: H0mework/Versions/AB/Physics/LowEnergy/Quantum/NativeHistoryGrade.lean:292:0: 'LowEnergy.NativeHistoryGrade.history_retarded_identity' depends on axioms: [propext, Classical.choice, Quot.sound]
info: H0mework/Versions/AB/Physics/LowEnergy/Quantum/NativeHistoryGrade.lean:293:0: 'LowEnergy.NativeHistoryGrade.flatHistory_pairing' depends on axioms: [propext, Classical.choice, Quot.sound]
ℹ [10848/10871] Replayed H0mework.Versions.AB.Physics.LowEnergy.Quantum.GaussFockLabel
info: H0mework/Versions/AB/Physics/LowEnergy/Quantum/GaussFockLabel.lean:188:0: 'LowEnergy.GaussFockLabel.native_preserves' depends on axioms: [propext, Classical.choice, Quot.sound]
info: H0mework/Versions/AB/Physics/LowEnergy/Quantum/GaussFockLabel.lean:189:0: 'LowEnergy.GaussFockLabel.spin_preserves' depends on axioms: [propext, Classical.choice, Quot.sound]
info: H0mework/Versions/AB/Physics/LowEnergy/Quantum/GaussFockLabel.lean:190:0: 'LowEnergy.GaussFockLabel.matter_preserves' depends on axioms: [propext, Classical.choice, Quot.sound]
info: H0mework/Versions/AB/Physics/LowEnergy/Quantum/GaussFockLabel.lean:191:0: 'LowEnergy.GaussFockLabel.entry_label' depends on axioms: [propext, Classical.choice, Quot.sound]
info: H0mework/Versions/AB/Physics/LowEnergy/Quantum/GaussFockLabel.lean:192:0: 'LowEnergy.GaussFockLabel.blockWeight_quantized' depends on axioms: [propext, Classical.choice, Quot.sound]
ℹ [10849/10871] Replayed H0mework.Versions.AB.Physics.LowEnergy.Quantum.GaussCoreLabel
info: H0mework/Versions/AB/Physics/LowEnergy/Quantum/GaussCoreLabel.lean:117:0: 'LowEnergy.GaussCoreLabel.embed_project' depends on axioms: [propext, Classical.choice, Quot.sound]
info: H0mework/Versions/AB/Physics/LowEnergy/Quantum/GaussCoreLabel.lean:118:0: 'LowEnergy.GaussCoreLabel.commutes_adjoint' depends on axioms: [propext, Classical.choice, Quot.sound]
info: H0mework/Versions/AB/Physics/LowEnergy/Quantum/GaussCoreLabel.lean:119:0: 'LowEnergy.GaussCoreLabel.commutes_matrix' depends on axioms: [propext, Classical.choice, Quot.sound]
ℹ [10850/10871] Replayed H0mework.Versions.AB.Physics.LowEnergy.Quantum.GaussDiagonalGrade
info: H0mework/Versions/AB/Physics/LowEnergy/Quantum/GaussDiagonalGrade.lean:123:0: 'LowEnergy.GaussDiagonalGrade.diagonal_commutes' depends on axioms: [propext, Classical.choice, Quot.sound]
info: H0mework/Versions/AB/Physics/LowEnergy/Quantum/GaussDiagonalGrade.lean:124:0: 'LowEnergy.GaussDiagonalGrade.history_derivative' depends on axioms: [propext, Classical.choice, Quot.sound]
info: H0mework/Versions/AB/Physics/LowEnergy/Quantum/GaussDiagonalGrade.lean:125:0: 'LowEnergy.GaussDiagonalGrade.retarded_source' depends on axioms: [propext, Classical.choice, Quot.sound]
ℹ [10851/10871] Replayed H0mework.Versions.AB.Physics.LowEnergy.Quantum.GaussAdjointHistory
info: H0mework/Versions/AB/Physics/LowEnergy/Quantum/GaussAdjointHistory.lean:142:0: 'LowEnergy.GaussAdjointHistory.maximalAdjoint_graph' depends on axioms: [propext, Classical.choice, Quot.sound]
info: H0mework/Versions/AB/Physics/LowEnergy/Quantum/GaussAdjointHistory.lean:143:0: 'LowEnergy.GaussAdjointHistory.graph_closed' depends on axioms: [propext, Classical.choice, Quot.sound]
info: H0mework/Versions/AB/Physics/LowEnergy/Quantum/GaussAdjointHistory.lean:144:0: 'LowEnergy.GaussAdjointHistory.history_domain' depends on axioms: [propext, Classical.choice, Quot.sound]
info: H0mework/Versions/AB/Physics/LowEnergy/Quantum/GaussAdjointHistory.lean:145:0: 'LowEnergy.GaussAdjointHistory.adjoint_history' depends on axioms: [propext, Classical.choice, Quot.sound]
info: H0mework/Versions/AB/Physics/LowEnergy/Quantum/GaussAdjointHistory.lean:146:0: 'LowEnergy.GaussAdjointHistory.jet_graph' depends on axioms: [propext, Classical.choice, Quot.sound]
info: H0mework/Versions/AB/Physics/LowEnergy/Quantum/GaussAdjointHistory.lean:147:0: 'LowEnergy.GaussAdjointHistory.history_smooth' depends on axioms: [propext, Classical.choice, Quot.sound]
info: H0mework/Versions/AB/Physics/LowEnergy/Quantum/GaussAdjointHistory.lean:148:0: 'LowEnergy.GaussAdjointHistory.twoLeg_left' depends on axioms: [propext, Classical.choice, Quot.sound]
info: H0mework/Versions/AB/Physics/LowEnergy/Quantum/GaussAdjointHistory.lean:149:0: 'LowEnergy.GaussAdjointHistory.twoLeg_right' depends on axioms: [propext, Classical.choice, Quot.sound]
ℹ [10852/10871] Replayed H0mework.Versions.AB.Physics.LowEnergy.Quantum.SourceQuantumCARBound
info: H0mework/Versions/AB/Physics/LowEnergy/Quantum/SourceQuantumCARBound.lean:109:0: 'LowEnergy.SourceCARBound.matrix_unit_norm_le' depends on axioms: [propext, Classical.choice, Quot.sound]
info: H0mework/Versions/AB/Physics/LowEnergy/Quantum/SourceQuantumCARBound.lean:110:0: 'LowEnergy.SourceCARBound.quantized_norm_le_sum' depends on axioms: [propext, Classical.choice, Quot.sound]
info: H0mework/Versions/AB/Physics/LowEnergy/Quantum/SourceQuantumCARBound.lean:111:0: 'LowEnergy.SourceCARBound.quantized_norm_sq_le_support' depends on axioms: [propext, Classical.choice, Quot.sound]
ℹ [10853/10871] Replayed H0mework.Versions.AB.Physics.LowEnergy.Quantum.GaussFockLift
info: H0mework/Versions/AB/Physics/LowEnergy/Quantum/GaussFockLift.lean:148:0: 'LowEnergy.GaussFockLift.flatLift_identity' depends on axioms: [propext, Classical.choice, Quot.sound]
info: H0mework/Versions/AB/Physics/LowEnergy/Quantum/GaussFockLift.lean:149:0: 'LowEnergy.GaussFockLift.flatLift_mul' depends on axioms: [propext, Classical.choice, Quot.sound]
info: H0mework/Versions/AB/Physics/LowEnergy/Quantum/GaussFockLift.lean:150:0: 'LowEnergy.GaussFockLift.lift_pair' depends on axioms: [propext, Classical.choice, Quot.sound]
ℹ [10854/10871] Replayed H0mework.Versions.AB.Physics.LowEnergy.Quantum.GaussCARHistory
info: H0mework/Versions/AB/Physics/LowEnergy/Quantum/GaussCARHistory.lean:109:0: 'LowEnergy.GaussCARHistory.car' depends on axioms: [propext, Classical.choice, Quot.sound]
info: H0mework/Versions/AB/Physics/LowEnergy/Quantum/GaussCARHistory.lean:110:0: 'LowEnergy.GaussCARHistory.norm_partition' depends on axioms: [propext, Classical.choice, Quot.sound]
info: H0mework/Versions/AB/Physics/LowEnergy/Quantum/GaussCARHistory.lean:111:0: 'LowEnergy.GaussCARHistory.kernel_pair' depends on axioms: [propext, Classical.choice, Quot.sound]
info: H0mework/Versions/AB/Physics/LowEnergy/Quantum/GaussCARHistory.lean:112:0: 'LowEnergy.GaussCARHistory.response_left' depends on axioms: [propext, Classical.choice, Quot.sound]
info: H0mework/Versions/AB/Physics/LowEnergy/Quantum/GaussCARHistory.lean:113:0: 'LowEnergy.GaussCARHistory.response_right' depends on axioms: [propext, Classical.choice, Quot.sound]
info: H0mework/Versions/AB/Physics/LowEnergy/Quantum/GaussCARHistory.lean:114:0: 'LowEnergy.GaussCARHistory.annihilator_response_bound' depends on axioms: [propext, Classical.choice, Quot.sound]
ℹ [10868/10901] Replayed H0mework.Versions.AB.Physics.LowEnergy.Quantum.GaussUnitaryHistory
info: H0mework/Versions/AB/Physics/LowEnergy/Quantum/GaussUnitaryHistory.lean:138:0: 'LowEnergy.GaussUnitaryHistory.time_add' depends on axioms: [propext, Classical.choice, Quot.sound]
info: H0mework/Versions/AB/Physics/LowEnergy/Quantum/GaussUnitaryHistory.lean:139:0: 'LowEnergy.GaussUnitaryHistory.time_norm' depends on axioms: [propext, Classical.choice, Quot.sound]
info: H0mework/Versions/AB/Physics/LowEnergy/Quantum/GaussUnitaryHistory.lean:140:0: 'LowEnergy.GaussUnitaryHistory.weak_readback' depends on axioms: [propext, Classical.choice, Quot.sound]
info: H0mework/Versions/AB/Physics/LowEnergy/Quantum/GaussUnitaryHistory.lean:141:0: 'LowEnergy.GaussUnitaryHistory.car_all_time' depends on axioms: [propext, Classical.choice, Quot.sound]
ℹ [10869/10901] Replayed H0mework.Versions.AB.Physics.LowEnergy.Quantum.GaussUnitaryCore
info: H0mework/Versions/AB/Physics/LowEnergy/Quantum/GaussUnitaryCore.lean:132:0: 'LowEnergy.GaussUnitaryCore.core_remainder' depends on axioms: [propext, Classical.choice, Quot.sound]
info: H0mework/Versions/AB/Physics/LowEnergy/Quantum/GaussUnitaryCore.lean:133:0: 'LowEnergy.GaussUnitaryCore.core_derivative' depends on axioms: [propext, Classical.choice, Quot.sound]
info: H0mework/Versions/AB/Physics/LowEnergy/Quantum/GaussUnitaryCore.lean:134:0: 'LowEnergy.GaussUnitaryCore.core_smooth' depends on axioms: [propext, Classical.choice, Quot.sound]
info: H0mework/Versions/AB/Physics/LowEnergy/Quantum/GaussUnitaryCore.lean:135:0: 'LowEnergy.GaussUnitaryCore.source_continuous' depends on axioms: [propext, Classical.choice, Quot.sound]
info: H0mework/Versions/AB/Physics/LowEnergy/Quantum/GaussUnitaryCore.lean:136:0: 'LowEnergy.GaussUnitaryCore.response_left' depends on axioms: [propext, Classical.choice, Quot.sound]
info: H0mework/Versions/AB/Physics/LowEnergy/Quantum/GaussUnitaryCore.lean:137:0: 'LowEnergy.GaussUnitaryCore.response_right' depends on axioms: [propext, Classical.choice, Quot.sound]
ℹ [10870/10901] Replayed H0mework.Versions.AB.Physics.LowEnergy.Quantum.GaussGradedCompression
info: H0mework/Versions/AB/Physics/LowEnergy/Quantum/GaussGradedCompression.lean:109:0: 'LowEnergy.GaussGradedCompression.compression_selfAdjoint' depends on axioms: [propext, Classical.choice, Quot.sound]
info: H0mework/Versions/AB/Physics/LowEnergy/Quantum/GaussGradedCompression.lean:110:0: 'LowEnergy.GaussGradedCompression.compression_commutes' depends on axioms: [propext, Classical.choice, Quot.sound]
info: H0mework/Versions/AB/Physics/LowEnergy/Quantum/GaussGradedCompression.lean:111:0: 'LowEnergy.GaussGradedCompression.compression_core_bound' depends on axioms: [propext, Classical.choice, Quot.sound]
info: H0mework/Versions/AB/Physics/LowEnergy/Quantum/GaussGradedCompression.lean:112:0: 'LowEnergy.GaussGradedCompression.eventually_exact' depends on axioms: [propext, Classical.choice, Quot.sound]
ℹ [10871/10901] Replayed H0mework.Versions.AB.Physics.LowEnergy.Quantum.SourceFiniteUnitary
info: H0mework/Versions/AB/Physics/LowEnergy/Quantum/SourceFiniteUnitary.lean:74:0: 'LowEnergy.SourceFiniteUnitary.time_unitary' depends on axioms: [propext, Classical.choice, Quot.sound]
info: H0mework/Versions/AB/Physics/LowEnergy/Quantum/SourceFiniteUnitary.lean:75:0: 'LowEnergy.SourceFiniteUnitary.time_commutes' depends on axioms: [propext, Classical.choice, Quot.sound]
info: H0mework/Versions/AB/Physics/LowEnergy/Quantum/SourceFiniteUnitary.lean:76:0: 'LowEnergy.SourceFiniteUnitary.time_remainder' depends on axioms: [propext, Classical.choice, Quot.sound]
ℹ [10872/10901] Replayed H0mework.Versions.AB.Physics.LowEnergy.Quantum.GaussGradedUnitary
info: H0mework/Versions/AB/Physics/LowEnergy/Quantum/GaussGradedUnitary.lean:170:0: 'LowEnergy.GaussGradedUnitary.time_add' depends on axioms: [propext, Classical.choice, Quot.sound]
info: H0mework/Versions/AB/Physics/LowEnergy/Quantum/GaussGradedUnitary.lean:171:0: 'LowEnergy.GaussGradedUnitary.time_norm' depends on axioms: [propext, Classical.choice, Quot.sound]
info: H0mework/Versions/AB/Physics/LowEnergy/Quantum/GaussGradedUnitary.lean:172:0: 'LowEnergy.GaussGradedUnitary.time_blocks' depends on axioms: [propext, Classical.choice, Quot.sound]
info: H0mework/Versions/AB/Physics/LowEnergy/Quantum/GaussGradedUnitary.lean:173:0: 'LowEnergy.GaussGradedUnitary.core_derivative' depends on axioms: [propext, Classical.choice, Quot.sound]
info: H0mework/Versions/AB/Physics/LowEnergy/Quantum/GaussGradedUnitary.lean:174:0: 'LowEnergy.GaussGradedUnitary.core_smooth' depends on axioms: [propext, Classical.choice, Quot.sound]
info: H0mework/Versions/AB/Physics/LowEnergy/Quantum/GaussGradedUnitary.lean:175:0: 'LowEnergy.GaussGradedUnitary.source_continuous' depends on axioms: [propext, Classical.choice, Quot.sound]
info: H0mework/Versions/AB/Physics/LowEnergy/Quantum/GaussGradedUnitary.lean:176:0: 'LowEnergy.GaussGradedUnitary.response_left' depends on axioms: [propext, Classical.choice, Quot.sound]
info: H0mework/Versions/AB/Physics/LowEnergy/Quantum/GaussGradedUnitary.lean:177:0: 'LowEnergy.GaussGradedUnitary.response_right' depends on axioms: [propext, Classical.choice, Quot.sound]
ℹ [10873/10901] Replayed H0mework.Versions.AB.Physics.LowEnergy.Quantum.SourceGraphCompactFlux
info: H0mework/Versions/AB/Physics/LowEnergy/Quantum/SourceGraphCompactFlux.lean:217:0: 'LowEnergy.FullYSourceGraphCompactFlux.columns_eventually_exact' depends on axioms: [propext,
 Classical.choice,
 Quot.sound]
info: H0mework/Versions/AB/Physics/LowEnergy/Quantum/SourceGraphCompactFlux.lean:218:0: 'LowEnergy.FullYSourceGraphCompactFlux.original_flux_uniform' depends on axioms: [propext, Classical.choice, Quot.sound]
info: H0mework/Versions/AB/Physics/LowEnergy/Quantum/SourceGraphCompactFlux.lean:219:0: 'LowEnergy.FullYSourceGraphCompactFlux.source_graph_pair' depends on axioms: [propext, Classical.choice, Quot.sound]
info: H0mework/Versions/AB/Physics/LowEnergy/Quantum/SourceGraphCompactFlux.lean:220:0: 'LowEnergy.FullYSourceGraphCompactFlux.whole_carrier_graph_pair' depends on axioms: [propext,
 Classical.choice,
 Quot.sound]
info: H0mework/Versions/AB/Physics/LowEnergy/Quantum/SourceGraphCompactFlux.lean:221:0: 'LowEnergy.FullYSourceGraphCompactFlux.source_observable_derivative' depends on axioms: [propext,
 Classical.choice,
 Quot.sound]
ℹ [10874/10901] Replayed H0mework.Versions.AB.Physics.LowEnergy.Quantum.SourceResolventGraphSplice
info: H0mework/Versions/AB/Physics/LowEnergy/Quantum/SourceResolventGraphSplice.lean:249:0: 'LowEnergy.FullYSourceResolventGraphSplice.resolvent_norm' depends on axioms: [propext, Classical.choice, Quot.sound]
info: H0mework/Versions/AB/Physics/LowEnergy/Quantum/SourceResolventGraphSplice.lean:250:0: 'LowEnergy.FullYSourceResolventGraphSplice.graph_splice_uniform' depends on axioms: [propext,
 Classical.choice,
 Quot.sound]
info: H0mework/Versions/AB/Physics/LowEnergy/Quantum/SourceResolventGraphSplice.lean:251:0: 'LowEnergy.FullYSourceResolventGraphSplice.graph_splice_tendsto' depends on axioms: [propext,
 Classical.choice,
 Quot.sound]
info: H0mework/Versions/AB/Physics/LowEnergy/Quantum/SourceResolventGraphSplice.lean:252:0: 'LowEnergy.FullYSourceResolventGraphSplice.whole_carrier_graph_splice' depends on axioms: [propext,
 Classical.choice,
 Quot.sound]
info: H0mework/Versions/AB/Physics/LowEnergy/Quantum/SourceResolventGraphSplice.lean:253:0: 'LowEnergy.FullYSourceResolventGraphSplice.whole_carrier_remainder_splice' depends on axioms: [propext,
 Classical.choice,
 Quot.sound]
ℹ [10875/10901] Replayed H0mework.Versions.AB.Physics.LowEnergy.Quantum.SourceMinimalGraphParticular
info: H0mework/Versions/AB/Physics/LowEnergy/Quantum/SourceMinimalGraphParticular.lean:278:0: 'LowEnergy.SourceMinimalGraphParticular.source_particular_graph' depends on axioms: [propext,
 Classical.choice,
 Quot.sound]
info: H0mework/Versions/AB/Physics/LowEnergy/Quantum/SourceMinimalGraphParticular.lean:279:0: 'LowEnergy.SourceMinimalGraphParticular.source_particular_norm' depends on axioms: [propext,
 Classical.choice,
 Quot.sound]
info: H0mework/Versions/AB/Physics/LowEnergy/Quantum/SourceMinimalGraphParticular.lean:280:0: 'LowEnergy.SourceMinimalGraphParticular.source_original_adjoint_defect' depends on axioms: [propext,
 Classical.choice,
 Quot.sound]
info: H0mework/Versions/AB/Physics/LowEnergy/Quantum/SourceMinimalGraphParticular.lean:281:0: 'LowEnergy.SourceMinimalGraphParticular.source_adjoint_particular_equation' depends on axioms: [propext,
 Classical.choice,
 Quot.sound]
info: H0mework/Versions/AB/Physics/LowEnergy/Quantum/SourceMinimalGraphParticular.lean:282:0: 'LowEnergy.SourceMinimalGraphParticular.finite_resolvent_original_split' depends on axioms: [propext,
 Classical.choice,
 Quot.sound]
info: H0mework/Versions/AB/Physics/LowEnergy/Quantum/SourceMinimalGraphParticular.lean:283:0: 'LowEnergy.SourceMinimalGraphParticular.source_retained_remainder' depends on axioms: [propext,
 Classical.choice,
 Quot.sound]
ℹ [10876/10901] Replayed H0mework.Versions.AB.Physics.LowEnergy.Quantum.GaussGradedRetarded
info: H0mework/Versions/AB/Physics/LowEnergy/Quantum/GaussGradedRetarded.lean:128:0: 'LowEnergy.GaussGradedRetarded.shadow_blocks' depends on axioms: [propext, Classical.choice, Quot.sound]
info: H0mework/Versions/AB/Physics/LowEnergy/Quantum/GaussGradedRetarded.lean:129:0: 'LowEnergy.GaussGradedRetarded.shadow_derivative' depends on axioms: [propext, Classical.choice, Quot.sound]
info: H0mework/Versions/AB/Physics/LowEnergy/Quantum/GaussGradedRetarded.lean:130:0: 'LowEnergy.GaussGradedRetarded.shadow_left_equation' depends on axioms: [propext, Classical.choice, Quot.sound]
info: H0mework/Versions/AB/Physics/LowEnergy/Quantum/GaussGradedRetarded.lean:131:0: 'LowEnergy.GaussGradedRetarded.retarded_source' depends on axioms: [propext, Classical.choice, Quot.sound]
ℹ [10877/10901] Replayed H0mework.Versions.AB.Physics.LowEnergy.Quantum.GaussYukawaCoefficient
info: H0mework/Versions/AB/Physics/LowEnergy/Quantum/GaussYukawaCoefficient.lean:105:0: 'LowEnergy.GaussYukawaCoefficient.source_map_return' depends on axioms: [propext, Classical.choice, Quot.sound]
info: H0mework/Versions/AB/Physics/LowEnergy/Quantum/GaussYukawaCoefficient.lean:106:0: 'LowEnergy.GaussYukawaCoefficient.normalized_bound' depends on axioms: [propext, Classical.choice, Quot.sound]
info: H0mework/Versions/AB/Physics/LowEnergy/Quantum/GaussYukawaCoefficient.lean:107:0: 'LowEnergy.GaussYukawaCoefficient.radius_return' depends on axioms: [propext, Classical.choice, Quot.sound]
ℹ [10878/10901] Replayed H0mework.Versions.AB.Physics.LowEnergy.Quantum.GaussBoundedMultiplier
info: H0mework/Versions/AB/Physics/LowEnergy/Quantum/GaussBoundedMultiplier.lean:141:0: 'LowEnergy.GaussBoundedMultiplier.action_bound' depends on axioms: [propext, Classical.choice, Quot.sound]
info: H0mework/Versions/AB/Physics/LowEnergy/Quantum/GaussBoundedMultiplier.lean:142:0: 'LowEnergy.GaussBoundedMultiplier.extension_core' depends on axioms: [propext, Classical.choice, Quot.sound]
ℹ [10879/10901] Replayed H0mework.Versions.AB.Physics.LowEnergy.Quantum.GaussYukawaOperator
info: H0mework/Versions/AB/Physics/LowEnergy/Quantum/GaussYukawaOperator.lean:65:0: 'LowEnergy.GaussYukawaOperator.bounded_core' depends on axioms: [propext, Classical.choice, Quot.sound]
info: H0mework/Versions/AB/Physics/LowEnergy/Quantum/GaussYukawaOperator.lean:66:0: 'LowEnergy.GaussYukawaOperator.bounded_norm' depends on axioms: [propext, Classical.choice, Quot.sound]
info: H0mework/Versions/AB/Physics/LowEnergy/Quantum/GaussYukawaOperator.lean:67:0: 'LowEnergy.GaussYukawaOperator.originalY_factor' depends on axioms: [propext, Classical.choice, Quot.sound]
info: H0mework/Versions/AB/Physics/LowEnergy/Quantum/GaussYukawaOperator.lean:68:0: 'LowEnergy.GaussYukawaOperator.common_core' depends on axioms: [propext, Classical.choice, Quot.sound]
ℹ [10880/10901] Replayed H0mework.Versions.AB.Physics.LowEnergy.Quantum.GaussRadialDomain
info: H0mework/Versions/AB/Physics/LowEnergy/Quantum/GaussRadialDomain.lean:128:0: 'LowEnergy.GaussRadialDomain.inverse_dense' depends on axioms: [propext, Classical.choice, Quot.sound]
info: H0mework/Versions/AB/Physics/LowEnergy/Quantum/GaussRadialDomain.lean:129:0: 'LowEnergy.GaussRadialDomain.inverse_injective' depends on axioms: [propext, Classical.choice, Quot.sound]
info: H0mework/Versions/AB/Physics/LowEnergy/Quantum/GaussRadialDomain.lean:130:0: 'LowEnergy.GaussRadialDomain.graph_closed' depends on axioms: [propext, Classical.choice, Quot.sound]
info: H0mework/Versions/AB/Physics/LowEnergy/Quantum/GaussRadialDomain.lean:131:0: 'LowEnergy.GaussRadialDomain.closedY_dense' depends on axioms: [propext, Classical.choice, Quot.sound]
info: H0mework/Versions/AB/Physics/LowEnergy/Quantum/GaussRadialDomain.lean:132:0: 'LowEnergy.GaussRadialDomain.closedY_core' depends on axioms: [propext, Classical.choice, Quot.sound]
ℹ [10881/10901] Replayed H0mework.Versions.AB.Physics.LowEnergy.Quantum.FiniteGradeModule
info: H0mework/Versions/AB/Physics/LowEnergy/Quantum/FiniteGradeModule.lean:64:0: 'LowEnergy.FiniteGradeModule.word_zero' depends on axioms: [propext, Classical.choice, Quot.sound]
ℹ [10882/10901] Replayed H0mework.Versions.AB.Physics.LowEnergy.Quantum.FiniteGradeAlgebra
info: H0mework/Versions/AB/Physics/LowEnergy/Quantum/FiniteGradeAlgebra.lean:153:0: 'LowEnergy.FiniteGradeAlgebra.words_zero' depends on axioms: [propext, Classical.choice, Quot.sound]
info: H0mework/Versions/AB/Physics/LowEnergy/Quantum/FiniteGradeAlgebra.lean:154:0: 'LowEnergy.FiniteGradeAlgebra.commutator_words_zero' depends on axioms: [propext, Classical.choice, Quot.sound]
ℹ [10883/10987] Replayed H0mework.Versions.AB.Physics.LowEnergy.Quantum.GaussFullHamiltonian
info: H0mework/Versions/AB/Physics/LowEnergy/Quantum/GaussFullHamiltonian.lean:119:0: 'LowEnergy.GaussFullHamiltonian.yukawa_pair' depends on axioms: [propext, Classical.choice, Quot.sound]
info: H0mework/Versions/AB/Physics/LowEnergy/Quantum/GaussFullHamiltonian.lean:120:0: 'LowEnergy.GaussFullHamiltonian.formal_pair' depends on axioms: [propext, Classical.choice, Quot.sound]
info: H0mework/Versions/AB/Physics/LowEnergy/Quantum/GaussFullHamiltonian.lean:121:0: 'LowEnergy.GaussFullHamiltonian.native_dense' depends on axioms: [propext, Classical.choice, Quot.sound]
info: H0mework/Versions/AB/Physics/LowEnergy/Quantum/GaussFullHamiltonian.lean:122:0: 'LowEnergy.GaussFullHamiltonian.native_core' depends on axioms: [propext, Classical.choice, Quot.sound]
info: H0mework/Versions/AB/Physics/LowEnergy/Quantum/GaussFullHamiltonian.lean:123:0: 'LowEnergy.GaussFullHamiltonian.sharp_core' depends on axioms: [propext, Classical.choice, Quot.sound]
info: H0mework/Versions/AB/Physics/LowEnergy/Quantum/GaussFullHamiltonian.lean:124:0: 'LowEnergy.GaussFullHamiltonian.nativeClosed_graph' depends on axioms: [propext, Classical.choice, Quot.sound]
info: H0mework/Versions/AB/Physics/LowEnergy/Quantum/GaussFullHamiltonian.lean:125:0: 'LowEnergy.GaussFullHamiltonian.sharpClosed_graph' depends on axioms: [propext, Classical.choice, Quot.sound]
info: H0mework/Versions/AB/Physics/LowEnergy/Quantum/GaussFullHamiltonian.lean:126:0: 'LowEnergy.GaussFullHamiltonian.closed_pair' depends on axioms: [propext, Classical.choice, Quot.sound]
info: H0mework/Versions/AB/Physics/LowEnergy/Quantum/GaussFullHamiltonian.lean:127:0: 'LowEnergy.GaussFullHamiltonian.nativeClosed_minimal' depends on axioms: [propext, Classical.choice, Quot.sound]
info: H0mework/Versions/AB/Physics/LowEnergy/Quantum/GaussFullHamiltonian.lean:128:0: 'LowEnergy.GaussFullHamiltonian.closed_yukawa_consumed' depends on axioms: [propext, Classical.choice, Quot.sound]
ℹ [10884/10987] Replayed H0mework.Versions.AB.Physics.LowEnergy.Quantum.GaussYukawaGrade
info: H0mework/Versions/AB/Physics/LowEnergy/Quantum/GaussYukawaGrade.lean:140:0: 'LowEnergy.GaussYukawaGrade.matrix_raises' depends on axioms: [propext, Classical.choice, Quot.sound]
info: H0mework/Versions/AB/Physics/LowEnergy/Quantum/GaussYukawaGrade.lean:141:0: 'LowEnergy.GaussYukawaGrade.fiber_source_grade' depends on axioms: [propext, Classical.choice, Quot.sound]
info: H0mework/Versions/AB/Physics/LowEnergy/Quantum/GaussYukawaGrade.lean:142:0: 'LowEnergy.GaussYukawaGrade.grade_core' depends on axioms: [propext, Classical.choice, Quot.sound]
info: H0mework/Versions/AB/Physics/LowEnergy/Quantum/GaussYukawaGrade.lean:143:0: 'LowEnergy.GaussYukawaGrade.bounded_raises' depends on axioms: [propext, Classical.choice, Quot.sound]
info: H0mework/Versions/AB/Physics/LowEnergy/Quantum/GaussYukawaGrade.lean:144:0: 'LowEnergy.GaussYukawaGrade.inverse_blocks' depends on axioms: [propext, Classical.choice, Quot.sound]
info: H0mework/Versions/AB/Physics/LowEnergy/Quantum/GaussYukawaGrade.lean:145:0: 'LowEnergy.GaussYukawaGrade.closed_graph_grade' depends on axioms: [propext, Classical.choice, Quot.sound]
ℹ [10885/10987] Replayed H0mework.Versions.AB.Physics.LowEnergy.Quantum.GaussYukawaInteraction
info: H0mework/Versions/AB/Physics/LowEnergy/Quantum/GaussYukawaInteraction.lean:107:0: 'LowEnergy.GaussYukawaInteraction.block_resolution' depends on axioms: [propext, Classical.choice, Quot.sound]
info: H0mework/Versions/AB/Physics/LowEnergy/Quantum/GaussYukawaInteraction.lean:108:0: 'LowEnergy.GaussYukawaInteraction.block_grade_left' depends on axioms: [propext, Classical.choice, Quot.sound]
info: H0mework/Versions/AB/Physics/LowEnergy/Quantum/GaussYukawaInteraction.lean:109:0: 'LowEnergy.GaussYukawaInteraction.time_grade' depends on axioms: [propext, Classical.choice, Quot.sound]
info: H0mework/Versions/AB/Physics/LowEnergy/Quantum/GaussYukawaInteraction.lean:110:0: 'LowEnergy.GaussYukawaInteraction.interaction_raises' depends on axioms: [propext, Classical.choice, Quot.sound]
info: H0mework/Versions/AB/Physics/LowEnergy/Quantum/GaussYukawaInteraction.lean:111:0: 'LowEnergy.GaussYukawaInteraction.state_words_zero' depends on axioms: [propext, Classical.choice, Quot.sound]
info: H0mework/Versions/AB/Physics/LowEnergy/Quantum/GaussYukawaInteraction.lean:112:0: 'LowEnergy.GaussYukawaInteraction.response_words_zero' depends on axioms: [propext, Classical.choice, Quot.sound]
ℹ [10886/10987] Replayed H0mework.Versions.AB.Physics.LowEnergy.Quantum.SourceCutoffVolterra
info: H0mework/Versions/AB/Physics/LowEnergy/Quantum/SourceCutoffVolterra.lean:686:0: 'LowEnergy.FullYSourceCutoffVolterra.cutoff_graph_residual' depends on axioms: [propext, Classical.choice, Quot.sound]
info: H0mework/Versions/AB/Physics/LowEnergy/Quantum/SourceCutoffVolterra.lean:687:0: 'LowEnergy.FullYSourceCutoffVolterra.cutoff_raises' depends on axioms: [propext, Classical.choice, Quot.sound]
info: H0mework/Versions/AB/Physics/LowEnergy/Quantum/SourceCutoffVolterra.lean:688:0: 'LowEnergy.FullYSourceCutoffVolterra.cutoff_core_mem' depends on axioms: [propext, Classical.choice, Quot.sound]
info: H0mework/Versions/AB/Physics/LowEnergy/Quantum/SourceCutoffVolterra.lean:689:0: 'LowEnergy.FullYSourceCutoffVolterra.orderedIntegral_derivative' depends on axioms: [propext,
 Classical.choice,
 Quot.sound]
info: H0mework/Versions/AB/Physics/LowEnergy/Quantum/SourceCutoffVolterra.lean:690:0: 'LowEnergy.FullYSourceCutoffVolterra.orderedIntegral_homogeneous' depends on axioms: [propext,
 Classical.choice,
 Quot.sound]
info: H0mework/Versions/AB/Physics/LowEnergy/Quantum/SourceCutoffVolterra.lean:691:0: 'LowEnergy.FullYSourceCutoffVolterra.finitePrefix_right_derivative' depends on axioms: [propext,
 Classical.choice,
 Quot.sound]
info: H0mework/Versions/AB/Physics/LowEnergy/Quantum/SourceCutoffVolterra.lean:692:0: 'LowEnergy.FullYSourceCutoffVolterra.finitePrefix_initial' depends on axioms: [propext, Classical.choice, Quot.sound]
info: H0mework/Versions/AB/Physics/LowEnergy/Quantum/SourceCutoffVolterra.lean:693:0: 'LowEnergy.FullYSourceCutoffVolterra.finitePrefix_homogeneous' depends on axioms: [propext,
 Classical.choice,
 Quot.sound]
info: H0mework/Versions/AB/Physics/LowEnergy/Quantum/SourceCutoffVolterra.lean:694:0: 'LowEnergy.FullYSourceCutoffVolterra.finitePrefix_bound' depends on axioms: [propext, Classical.choice, Quot.sound]
info: H0mework/Versions/AB/Physics/LowEnergy/Quantum/SourceCutoffVolterra.lean:695:0: 'LowEnergy.FullYSourceCutoffVolterra.sourcePrefix_zero_order' depends on axioms: [propext, Classical.choice, Quot.sound]
info: H0mework/Versions/AB/Physics/LowEnergy/Quantum/SourceCutoffVolterra.lean:696:0: 'LowEnergy.FullYSourceCutoffVolterra.sourcePrefix_above56' depends on axioms: [propext, Classical.choice, Quot.sound]
info: H0mework/Versions/AB/Physics/LowEnergy/Quantum/SourceCutoffVolterra.lean:697:0: 'LowEnergy.FullYSourceCutoffVolterra.source_partialEvolution_derivative' depends on axioms: [propext,
 Classical.choice,
 Quot.sound]
info: H0mework/Versions/AB/Physics/LowEnergy/Quantum/SourceCutoffVolterra.lean:698:0: 'LowEnergy.FullYSourceCutoffVolterra.source_finite_evolution_return' depends on axioms: [propext,
 Classical.choice,
 Quot.sound]
info: H0mework/Versions/AB/Physics/LowEnergy/Quantum/SourceCutoffVolterra.lean:699:0: 'LowEnergy.FullYSourceCutoffVolterra.sourceEvolution_zero' depends on axioms: [propext, Classical.choice, Quot.sound]
info: H0mework/Versions/AB/Physics/LowEnergy/Quantum/SourceCutoffVolterra.lean:700:0: 'LowEnergy.FullYSourceCutoffVolterra.sourceEvolution_add' depends on axioms: [propext, Classical.choice, Quot.sound]
info: H0mework/Versions/AB/Physics/LowEnergy/Quantum/SourceCutoffVolterra.lean:701:0: 'LowEnergy.FullYSourceCutoffVolterra.source_evolution_sharp_pair' depends on axioms: [propext,
 Classical.choice,
 Quot.sound]
info: H0mework/Versions/AB/Physics/LowEnergy/Quantum/SourceCutoffVolterra.lean:702:0: 'LowEnergy.FullYSourceCutoffVolterra.source_finite_sharp_return' depends on axioms: [propext,
 Classical.choice,
 Quot.sound]
info: H0mework/Versions/AB/Physics/LowEnergy/Quantum/SourceCutoffVolterra.lean:703:0: 'LowEnergy.FullYSourceCutoffVolterra.source_cutoff_graph_limit' depends on axioms: [propext,
 Classical.choice,
 Quot.sound]
info: H0mework/Versions/AB/Physics/LowEnergy/Quantum/SourceCutoffVolterra.lean:704:0: 'LowEnergy.FullYSourceCutoffVolterra.source_core_derivative' depends on axioms: [propext, Classical.choice, Quot.sound]
info: H0mework/Versions/AB/Physics/LowEnergy/Quantum/SourceCutoffVolterra.lean:705:0: 'LowEnergy.FullYSourceCutoffVolterra.source_core_smooth' depends on axioms: [propext, Classical.choice, Quot.sound]
ℹ [10887/10987] Replayed H0mework.Versions.AB.Physics.LowEnergy.Quantum.SourceSupportLeakage
info: H0mework/Versions/AB/Physics/LowEnergy/Quantum/SourceSupportLeakage.lean:250:0: 'LowEnergy.SourceRetardedIncrement.compression_escape_zero' depends on axioms: [propext, Classical.choice, Quot.sound]
info: H0mework/Versions/AB/Physics/LowEnergy/Quantum/SourceSupportLeakage.lean:251:0: 'LowEnergy.SourceRetardedIncrement.source_resolvent_eventually_mem_support' depends on axioms: [propext,
 Classical.choice,
 Quot.sound]
info: H0mework/Versions/AB/Physics/LowEnergy/Quantum/SourceSupportLeakage.lean:252:0: 'LowEnergy.SourceRetardedIncrement.resolvent_escape' depends on axioms: [propext, Classical.choice, Quot.sound]
info: H0mework/Versions/AB/Physics/LowEnergy/Quantum/SourceSupportLeakage.lean:253:0: 'LowEnergy.SourceRetardedIncrement.source_increment_norm_square' depends on axioms: [propext,
 Classical.choice,
 Quot.sound]
info: H0mework/Versions/AB/Physics/LowEnergy/Quantum/SourceSupportLeakage.lean:254:0: 'LowEnergy.SourceRetardedIncrement.escape_eventually_core_pair_zero' depends on axioms: [propext,
 Classical.choice,
 Quot.sound]
info: H0mework/Versions/AB/Physics/LowEnergy/Quantum/SourceSupportLeakage.lean:255:0: 'LowEnergy.SourceRetardedIncrement.source_escape_seed_return' depends on axioms: [propext, Classical.choice, Quot.sound]
info: H0mework/Versions/AB/Physics/LowEnergy/Quantum/SourceSupportLeakage.lean:256:0: 'LowEnergy.SourceRetardedIncrement.escaped_source_pair_zero' depends on axioms: [propext, Classical.choice, Quot.sound]
info: H0mework/Versions/AB/Physics/LowEnergy/Quantum/SourceSupportLeakage.lean:257:0: 'LowEnergy.SourceRetardedIncrement.same_resolvent_escaped' depends on axioms: [propext, Classical.choice, Quot.sound]
ℹ [10888/10987] Replayed H0mework.Versions.AB.Physics.LowEnergy.Quantum.SourceCutoffSharpCore
info: H0mework/Versions/AB/Physics/LowEnergy/Quantum/SourceCutoffSharpCore.lean:157:0: 'LowEnergy.FullYSourceCutoffSharp.bounded_sharp_core' depends on axioms: [propext, Classical.choice, Quot.sound]
info: H0mework/Versions/AB/Physics/LowEnergy/Quantum/SourceCutoffSharpCore.lean:158:0: 'LowEnergy.FullYSourceCutoffSharp.cutoff_sharp_core_mem' depends on axioms: [propext, Classical.choice, Quot.sound]
info: H0mework/Versions/AB/Physics/LowEnergy/Quantum/SourceCutoffSharpCore.lean:159:0: 'LowEnergy.FullYSourceCutoffSharp.source_full_core_pair' depends on axioms: [propext, Classical.choice, Quot.sound]
info: H0mework/Versions/AB/Physics/LowEnergy/Quantum/SourceCutoffSharpCore.lean:160:0: 'LowEnergy.FullYSourceCutoffSharp.source_sharp_core_derivative' depends on axioms: [propext,
 Classical.choice,
 Quot.sound]
info: H0mework/Versions/AB/Physics/LowEnergy/Quantum/SourceCutoffSharpCore.lean:161:0: 'LowEnergy.FullYSourceCutoffSharp.source_sharp_core_smooth' depends on axioms: [propext, Classical.choice, Quot.sound]
ℹ [10889/10987] Replayed H0mework.Versions.AB.Physics.LowEnergy.Quantum.SourceEscapeSeedTail
info: H0mework/Versions/AB/Physics/LowEnergy/Quantum/SourceEscapeSeedTail.lean:206:0: 'LowEnergy.SourceEscapeSeedTail.source_power_return' depends on axioms: [propext, Classical.choice, Quot.sound]
info: H0mework/Versions/AB/Physics/LowEnergy/Quantum/SourceEscapeSeedTail.lean:207:0: 'LowEnergy.SourceEscapeSeedTail.source_escape_spectral_bound' depends on axioms: [propext, Classical.choice, Quot.sound]
info: H0mework/Versions/AB/Physics/LowEnergy/Quantum/SourceEscapeSeedTail.lean:208:0: 'LowEnergy.SourceEscapeSeedTail.source_escape_high_frequency' depends on axioms: [propext, Classical.choice, Quot.sound]
ℹ [10890/10987] Replayed H0mework.Versions.AB.Physics.LowEnergy.Quantum.SourceBoundaryGram
info: H0mework/Versions/AB/Physics/LowEnergy/Quantum/SourceBoundaryGram.lean:173:0: 'LowEnergy.SourceBoundaryGram.whole_carrier_source_pair' depends on axioms: [propext, Classical.choice, Quot.sound]
info: H0mework/Versions/AB/Physics/LowEnergy/Quantum/SourceBoundaryGram.lean:174:0: 'LowEnergy.SourceBoundaryGram.whole_carrier_boundary_gram' depends on axioms: [propext, Classical.choice, Quot.sound]
info: H0mework/Versions/AB/Physics/LowEnergy/Quantum/SourceBoundaryGram.lean:175:0: 'LowEnergy.SourceBoundaryGram.boundary_return_bound' depends on axioms: [propext, Classical.choice, Quot.sound]
info: H0mework/Versions/AB/Physics/LowEnergy/Quantum/SourceBoundaryGram.lean:176:0: 'LowEnergy.SourceBoundaryGram.weighted_boundary_gram' depends on axioms: [propext, Classical.choice, Quot.sound]
ℹ [10891/10987] Replayed H0mework.Versions.AB.Physics.LowEnergy.Quantum.SourceSignedRadiusBalance
info: H0mework/Versions/AB/Physics/LowEnergy/Quantum/SourceSignedRadiusBalance.lean:170:0: 'LowEnergy.SourceSignedRadiusBalance.cutoff_radius_factor' depends on axioms: [propext, Classical.choice, Quot.sound]
info: H0mework/Versions/AB/Physics/LowEnergy/Quantum/SourceSignedRadiusBalance.lean:171:0: 'LowEnergy.SourceSignedRadiusBalance.sharp_radius_factor' depends on axioms: [propext, Classical.choice, Quot.sound]
info: H0mework/Versions/AB/Physics/LowEnergy/Quantum/SourceSignedRadiusBalance.lean:172:0: 'LowEnergy.SourceSignedRadiusBalance.finite_resolvent_balance' depends on axioms: [propext,
 Classical.choice,
 Quot.sound]
info: H0mework/Versions/AB/Physics/LowEnergy/Quantum/SourceSignedRadiusBalance.lean:173:0: 'LowEnergy.SourceSignedRadiusBalance.finite_resolvent_signed_bound' depends on axioms: [propext,
 Classical.choice,
 Quot.sound]
info: H0mework/Versions/AB/Physics/LowEnergy/Quantum/SourceSignedRadiusBalance.lean:174:0: 'LowEnergy.SourceSignedRadiusBalance.original_projection_current' depends on axioms: [propext,
 Classical.choice,
 Quot.sound]
ℹ [10892/10987] Replayed H0mework.Versions.AB.Physics.LowEnergy.Quantum.SourceBoundaryRadiusAction
info: H0mework/Versions/AB/Physics/LowEnergy/Quantum/SourceBoundaryRadiusAction.lean:156:0: 'LowEnergy.SourceBoundaryRadiusAction.radius_mem_core' depends on axioms: [propext, Classical.choice, Quot.sound]
info: H0mework/Versions/AB/Physics/LowEnergy/Quantum/SourceBoundaryRadiusAction.lean:157:0: 'LowEnergy.SourceBoundaryRadiusAction.original_quadratic_boundary_action' depends on axioms: [propext,
 Classical.choice,
 Quot.sound]
info: H0mework/Versions/AB/Physics/LowEnergy/Quantum/SourceBoundaryRadiusAction.lean:158:0: 'LowEnergy.SourceBoundaryRadiusAction.original_quadratic_boundary_bound' depends on axioms: [propext,
 Classical.choice,
 Quot.sound]
info: H0mework/Versions/AB/Physics/LowEnergy/Quantum/SourceBoundaryRadiusAction.lean:159:0: 'LowEnergy.SourceBoundaryRadiusAction.original_quadratic_cross_leg' depends on axioms: [propext,
 Classical.choice,
 Quot.sound]
info: H0mework/Versions/AB/Physics/LowEnergy/Quantum/SourceBoundaryRadiusAction.lean:160:0: 'LowEnergy.SourceBoundaryRadiusAction.quadratic_compressed_weak_limit' depends on axioms: [propext,
 Classical.choice,
 Quot.sound]
info: H0mework/Versions/AB/Physics/LowEnergy/Quantum/SourceBoundaryRadiusAction.lean:161:0: 'LowEnergy.SourceBoundaryRadiusAction.body_preimage_original_graph' depends on axioms: [propext,
 Classical.choice,
 Quot.sound]
info: H0mework/Versions/AB/Physics/LowEnergy/Quantum/SourceBoundaryRadiusAction.lean:162:0: 'LowEnergy.SourceBoundaryRadiusAction.body_preimage_shift' depends on axioms: [propext, Classical.choice, Quot.sound]
ℹ [10893/10987] Replayed H0mework.Versions.AB.Physics.LowEnergy.Quantum.SourceEscapeCurrent
info: H0mework/Versions/AB/Physics/LowEnergy/Quantum/SourceEscapeCurrent.lean:106:0: 'LowEnergy.SourceEscapeCurrent.actual_source_mass' depends on axioms: [propext, Classical.choice, Quot.sound]
info: H0mework/Versions/AB/Physics/LowEnergy/Quantum/SourceEscapeCurrent.lean:107:0: 'LowEnergy.SourceEscapeCurrent.actual_escape_balance' depends on axioms: [propext, Classical.choice, Quot.sound]
ℹ [10895/10987] Replayed H0mework.Versions.AB.Physics.LowEnergy.Quantum.SourceNativeRadial
info: H0mework/Versions/AB/Physics/LowEnergy/Quantum/SourceNativeRadial.lean:64:0: 'LowEnergy.SourceNativeHistoryRadial.radial_orbit_zero' depends on axioms: [propext, Classical.choice, Quot.sound]
info: H0mework/Versions/AB/Physics/LowEnergy/Quantum/SourceNativeRadial.lean:65:0: 'LowEnergy.SourceNativeHistoryRadial.source_ray_regular' depends on axioms: [propext, Classical.choice, Quot.sound]
info: H0mework/Versions/AB/Physics/LowEnergy/Quantum/SourceNativeRadial.lean:66:0: 'LowEnergy.SourceNativeHistoryRadial.radial_square_bound' depends on axioms: [propext, Classical.choice, Quot.sound]
ℹ [10896/10987] Replayed H0mework.Versions.AB.Physics.LowEnergy.Quantum.GaussRadialMomentum
info: H0mework/Versions/AB/Physics/LowEnergy/Quantum/GaussRadialMomentum.lean:73:0: 'LowEnergy.GaussRadialMomentum.inverse_radial' depends on axioms: [propext, Classical.choice, Quot.sound]
info: H0mework/Versions/AB/Physics/LowEnergy/Quantum/GaussRadialMomentum.lean:74:0: 'LowEnergy.GaussRadialMomentum.direction_reciprocal' depends on axioms: [propext, Classical.choice, Quot.sound]
info: H0mework/Versions/AB/Physics/LowEnergy/Quantum/GaussRadialMomentum.lean:75:0: 'LowEnergy.GaussRadialMomentum.radialDerivative_bound' depends on axioms: [propext, Classical.choice, Quot.sound]
info: H0mework/Versions/AB/Physics/LowEnergy/Quantum/GaussRadialMomentum.lean:150:0: 'LowEnergy.GaussRadialMomentum.core_commutator' depends on axioms: [propext, Classical.choice, Quot.sound]
info: H0mework/Versions/AB/Physics/LowEnergy/Quantum/GaussRadialMomentum.lean:151:0: 'LowEnergy.GaussRadialMomentum.boundedCommutator_core' depends on axioms: [propext, Classical.choice, Quot.sound]
info: H0mework/Versions/AB/Physics/LowEnergy/Quantum/GaussRadialMomentum.lean:152:0: 'LowEnergy.GaussRadialMomentum.boundedCommutator_norm' depends on axioms: [propext, Classical.choice, Quot.sound]
ℹ [10897/10987] Replayed H0mework.Versions.AB.Physics.LowEnergy.Quantum.ClosedGraphMultiplier
info: H0mework/Versions/AB/Physics/LowEnergy/Quantum/ClosedGraphMultiplier.lean:54:0: 'LowEnergy.ClosedGraphMultiplier.closure_preserved' depends on axioms: [propext, Classical.choice, Quot.sound]
info: H0mework/Versions/AB/Physics/LowEnergy/Quantum/ClosedGraphMultiplier.lean:55:0: 'LowEnergy.ClosedGraphMultiplier.closed_preserved' depends on axioms: [propext, Classical.choice, Quot.sound]
ℹ [10898/10987] Replayed H0mework.Versions.AB.Physics.LowEnergy.Quantum.GaussRadialMomentumDomain
info: H0mework/Versions/AB/Physics/LowEnergy/Quantum/GaussRadialMomentumDomain.lean:158:0: 'LowEnergy.GaussRadialMomentumDomain.closed_graph' depends on axioms: [propext, Classical.choice, Quot.sound]
info: H0mework/Versions/AB/Physics/LowEnergy/Quantum/GaussRadialMomentumDomain.lean:159:0: 'LowEnergy.GaussRadialMomentumDomain.closed_commutator' depends on axioms: [propext, Classical.choice, Quot.sound]
info: H0mework/Versions/AB/Physics/LowEnergy/Quantum/GaussRadialMomentumDomain.lean:160:0: 'LowEnergy.GaussRadialMomentumDomain.closed_graph_bound' depends on axioms: [propext, Classical.choice, Quot.sound]
info: H0mework/Versions/AB/Physics/LowEnergy/Quantum/GaussRadialMomentumDomain.lean:161:0: 'LowEnergy.GaussRadialMomentumDomain.gauge_closed_commutes' depends on axioms: [propext, Classical.choice, Quot.sound]
info: H0mework/Versions/AB/Physics/LowEnergy/Quantum/GaussRadialMomentumDomain.lean:162:0: 'LowEnergy.GaussRadialMomentumDomain.adjoint_core_commutator' depends on axioms: [propext, Classical.choice, Quot.sound]
info: H0mework/Versions/AB/Physics/LowEnergy/Quantum/GaussRadialMomentumDomain.lean:163:0: 'LowEnergy.GaussRadialMomentumDomain.adjoint_closed_graph' depends on axioms: [propext, Classical.choice, Quot.sound]
ℹ [10899/10987] Replayed H0mework.Versions.AB.Physics.LowEnergy.Quantum.GaussRadialHamiltonian
info: H0mework/Versions/AB/Physics/LowEnergy/Quantum/GaussRadialHamiltonian.lean:243:0: 'LowEnergy.GaussRadialHamiltonian.coframe_commutes' depends on axioms: [propext, Classical.choice, Quot.sound]
info: H0mework/Versions/AB/Physics/LowEnergy/Quantum/GaussRadialHamiltonian.lean:244:0: 'LowEnergy.GaussRadialHamiltonian.matter_commutes' depends on axioms: [propext, Classical.choice, Quot.sound]
info: H0mework/Versions/AB/Physics/LowEnergy/Quantum/GaussRadialHamiltonian.lean:245:0: 'LowEnergy.GaussRadialHamiltonian.diagonal_commutator' depends on axioms: [propext, Classical.choice, Quot.sound]
info: H0mework/Versions/AB/Physics/LowEnergy/Quantum/GaussRadialHamiltonian.lean:246:0: 'LowEnergy.GaussRadialHamiltonian.full_commutator' depends on axioms: [propext, Classical.choice, Quot.sound]
info: H0mework/Versions/AB/Physics/LowEnergy/Quantum/GaussRadialHamiltonian.lean:247:0: 'LowEnergy.GaussRadialHamiltonian.sharp_commutator' depends on axioms: [propext, Classical.choice, Quot.sound]
info: H0mework/Versions/AB/Physics/LowEnergy/Quantum/GaussRadialHamiltonian.lean:248:0: 'LowEnergy.GaussRadialHamiltonian.radial_form' depends on axioms: [propext, Classical.choice, Quot.sound]
info: H0mework/Versions/AB/Physics/LowEnergy/Quantum/GaussRadialHamiltonian.lean:249:0: 'LowEnergy.GaussRadialHamiltonian.full_paired_radial' depends on axioms: [propext, Classical.choice, Quot.sound]
ℹ [10918/10987] Replayed H0mework.Versions.AB.Physics.LowEnergy.Quantum.SourceCutoffNormConvergence
info: H0mework/Versions/AB/Physics/LowEnergy/Quantum/SourceCutoffNormConvergence.lean:209:0: 'LowEnergy.FullYSourceCutoffNorm.partial_strong_limit' depends on axioms: [propext, Classical.choice, Quot.sound]
info: H0mework/Versions/AB/Physics/LowEnergy/Quantum/SourceCutoffNormConvergence.lean:210:0: 'LowEnergy.FullYSourceCutoffNorm.source_cutoff_distance' depends on axioms: [propext, Classical.choice, Quot.sound]
info: H0mework/Versions/AB/Physics/LowEnergy/Quantum/SourceCutoffNormConvergence.lean:211:0: 'LowEnergy.FullYSourceCutoffNorm.source_graph_of_bounded' depends on axioms: [propext, Classical.choice, Quot.sound]
ℹ [10919/10987] Replayed H0mework.Versions.AB.Physics.LowEnergy.Quantum.SourceCutoffTimeGraph
info: H0mework/Versions/AB/Physics/LowEnergy/Quantum/SourceCutoffTimeGraph.lean:121:0: 'LowEnergy.FullYSourceCutoffTimeGraph.time_strong_limit' depends on axioms: [propext, Classical.choice, Quot.sound]
info: H0mework/Versions/AB/Physics/LowEnergy/Quantum/SourceCutoffTimeGraph.lean:122:0: 'LowEnergy.FullYSourceCutoffTimeGraph.time_graph_of_bounded' depends on axioms: [propext, Classical.choice, Quot.sound]
ℹ [10920/10987] Replayed H0mework.Versions.AB.Physics.LowEnergy.Quantum.SourceFamilyLinearMap
info: H0mework/Versions/AB/Physics/LowEnergy/Quantum/SourceFamilyLinearMap.lean:60:0: 'LowEnergy.FullYSourceFamilyLinearMap.lift_coe' depends on axioms: [propext, Classical.choice, Quot.sound]
info: H0mework/Versions/AB/Physics/LowEnergy/Quantum/SourceFamilyLinearMap.lean:61:0: 'LowEnergy.FullYSourceFamilyLinearMap.lift_bound' depends on axioms: [propext, Classical.choice, Quot.sound]
ℹ [10921/10987] Replayed H0mework.Versions.AB.Physics.LowEnergy.Quantum.SourceFiniteTimeIntegral
info: H0mework/Versions/AB/Physics/LowEnergy/Quantum/SourceFiniteTimeIntegral.lean:145:0: 'LowEnergy.FullYSourceFiniteTimeIntegral.integral_pair' depends on axioms: [propext, Classical.choice, Quot.sound]
info: H0mework/Versions/AB/Physics/LowEnergy/Quantum/SourceFiniteTimeIntegral.lean:146:0: 'LowEnergy.FullYSourceFiniteTimeIntegral.integral_return' depends on axioms: [propext, Classical.choice, Quot.sound]
info: H0mework/Versions/AB/Physics/LowEnergy/Quantum/SourceFiniteTimeIntegral.lean:147:0: 'LowEnergy.FullYSourceFiniteTimeIntegral.source_integral_bound' depends on axioms: [propext,
 Classical.choice,
 Quot.sound]
ℹ [10922/10987] Replayed H0mework.Versions.AB.Physics.LowEnergy.Quantum.SourceTimeFamilyGraph
info: H0mework/Versions/AB/Physics/LowEnergy/Quantum/SourceTimeFamilyGraph.lean:109:0: 'LowEnergy.FullYSourceTimeFamilyGraph.family_cutoff_distance' depends on axioms: [propext, Classical.choice, Quot.sound]
info: H0mework/Versions/AB/Physics/LowEnergy/Quantum/SourceTimeFamilyGraph.lean:110:0: 'LowEnergy.FullYSourceTimeFamilyGraph.retarded_limit_of_bounded' depends on axioms: [propext,
 Classical.choice,
 Quot.sound]
ℹ [10923/10987] Replayed H0mework.Versions.AB.Physics.LowEnergy.Quantum.SourceRelativePowerTail
info: H0mework/Versions/AB/Physics/LowEnergy/Quantum/SourceRelativePowerTail.lean:268:0: 'LowEnergy.SourceRelativePowerTail.source_inverse_nonnegative' depends on axioms: [propext,
 Classical.choice,
 Quot.sound]
info: H0mework/Versions/AB/Physics/LowEnergy/Quantum/SourceRelativePowerTail.lean:269:0: 'LowEnergy.SourceRelativePowerTail.history_power_distance' depends on axioms: [propext, Classical.choice, Quot.sound]
info: H0mework/Versions/AB/Physics/LowEnergy/Quantum/SourceRelativePowerTail.lean:270:0: 'LowEnergy.SourceRelativePowerTail.whole_history_relative_tail' depends on axioms: [propext,
 Classical.choice,
 Quot.sound]
info: H0mework/Versions/AB/Physics/LowEnergy/Quantum/SourceRelativePowerTail.lean:271:0: 'LowEnergy.SourceRelativePowerTail.time_power_distance' depends on axioms: [propext, Classical.choice, Quot.sound]
info: H0mework/Versions/AB/Physics/LowEnergy/Quantum/SourceRelativePowerTail.lean:272:0: 'LowEnergy.SourceRelativePowerTail.time_space_relative_tail' depends on axioms: [propext, Classical.choice, Quot.sound]
ℹ [10939/10987] Replayed H0mework.Versions.AB.Physics.LowEnergy.Quantum.SourceResolventBandLimit
info: H0mework/Versions/AB/Physics/LowEnergy/Quantum/SourceResolventBandLimit.lean:252:0: 'LowEnergy.SourceResolventBandLimit.resolvent_difference' depends on axioms: [propext, Classical.choice, Quot.sound]
info: H0mework/Versions/AB/Physics/LowEnergy/Quantum/SourceResolventBandLimit.lean:253:0: 'LowEnergy.SourceResolventBandLimit.word_difference' depends on axioms: [propext, Classical.choice, Quot.sound]
info: H0mework/Versions/AB/Physics/LowEnergy/Quantum/SourceResolventBandLimit.lean:254:0: 'LowEnergy.SourceResolventBandLimit.whole_word_cons' depends on axioms: [propext, Classical.choice, Quot.sound]
info: H0mework/Versions/AB/Physics/LowEnergy/Quantum/SourceResolventBandLimit.lean:255:0: 'LowEnergy.SourceResolventBandLimit.original_mixed_band_limit' depends on axioms: [propext,
 Classical.choice,
 Quot.sound]
ℹ [10940/10987] Replayed H0mework.Versions.AB.Physics.LowEnergy.Quantum.SourceRelativeTailCurrent
info: H0mework/Versions/AB/Physics/LowEnergy/Quantum/SourceRelativeTailCurrent.lean:149:0: 'LowEnergy.SourceRelativeTailCurrent.adjoint_family_return' depends on axioms: [propext, Classical.choice, Quot.sound]
info: H0mework/Versions/AB/Physics/LowEnergy/Quantum/SourceRelativeTailCurrent.lean:150:0: 'LowEnergy.SourceRelativeTailCurrent.current_boundary_return' depends on axioms: [propext, Classical.choice, Quot.sound]
info: H0mework/Versions/AB/Physics/LowEnergy/Quantum/SourceRelativeTailCurrent.lean:151:0: 'LowEnergy.SourceRelativeTailCurrent.original_core_current_return' depends on axioms: [propext,
 Classical.choice,
 Quot.sound]
info: H0mework/Versions/AB/Physics/LowEnergy/Quantum/SourceRelativeTailCurrent.lean:152:0: 'LowEnergy.SourceRelativeTailCurrent.finite_current_bound' depends on axioms: [propext, Classical.choice, Quot.sound]
info: H0mework/Versions/AB/Physics/LowEnergy/Quantum/SourceRelativeTailCurrent.lean:153:0: 'LowEnergy.SourceRelativeTailCurrent.finite_current_lintegral_bound' depends on axioms: [propext,
 Classical.choice,
 Quot.sound]
info: H0mework/Versions/AB/Physics/LowEnergy/Quantum/SourceRelativeTailCurrent.lean:154:0: 'LowEnergy.SourceRelativeTailCurrent.original_tail_current_return' depends on axioms: [propext,
 Classical.choice,
 Quot.sound]
info: H0mework/Versions/AB/Physics/LowEnergy/Quantum/SourceRelativeTailCurrent.lean:155:0: 'LowEnergy.SourceRelativeTailCurrent.finite_tail_current_lintegral_bound' depends on axioms: [propext,
 Classical.choice,
 Quot.sound]
ℹ [10941/10987] Replayed H0mework.Versions.AB.Physics.LowEnergy.Quantum.SourceParticularFrequency
info: H0mework/Versions/AB/Physics/LowEnergy/Quantum/SourceParticularFrequency.lean:179:0: 'LowEnergy.SourceParticularFrequency.particular_two_frequency' depends on axioms: [propext,
 Classical.choice,
 Quot.sound]
info: H0mework/Versions/AB/Physics/LowEnergy/Quantum/SourceParticularFrequency.lean:180:0: 'LowEnergy.SourceParticularFrequency.defect_adjoint_particular_two_frequency' depends on axioms: [propext,
 Classical.choice,
 Quot.sound]
info: H0mework/Versions/AB/Physics/LowEnergy/Quantum/SourceParticularFrequency.lean:181:0: 'LowEnergy.SourceParticularFrequency.original_particular_frequency_lipschitz' depends on axioms: [propext,
 Classical.choice,
 Quot.sound]
info: H0mework/Versions/AB/Physics/LowEnergy/Quantum/SourceParticularFrequency.lean:182:0: 'LowEnergy.SourceParticularFrequency.whole_mixed_word_continuous' depends on axioms: [propext,
 Classical.choice,
 Quot.sound]
info: H0mework/Versions/AB/Physics/LowEnergy/Quantum/SourceParticularFrequency.lean:183:0: 'LowEnergy.SourceParticularFrequency.original_body_frequency_continuous' depends on axioms: [propext,
 Classical.choice,
 Quot.sound]
ℹ [10942/10987] Replayed H0mework.Versions.AB.Physics.LowEnergy.Quantum.SourceRetardedBandCurrent
info: H0mework/Versions/AB/Physics/LowEnergy/Quantum/SourceRetardedBandCurrent.lean:364:0: 'LowEnergy.SourceRetardedBandCurrent.finite_input_memLp' depends on axioms: [propext, Classical.choice, Quot.sound]
info: H0mework/Versions/AB/Physics/LowEnergy/Quantum/SourceRetardedBandCurrent.lean:365:0: 'LowEnergy.SourceRetardedBandCurrent.actual_retarded_relative_tail' depends on axioms: [propext,
 Classical.choice,
 Quot.sound]
info: H0mework/Versions/AB/Physics/LowEnergy/Quantum/SourceRetardedBandCurrent.lean:366:0: 'LowEnergy.SourceRetardedBandCurrent.actual_current_norm' depends on axioms: [propext, Classical.choice, Quot.sound]
info: H0mework/Versions/AB/Physics/LowEnergy/Quantum/SourceRetardedBandCurrent.lean:367:0: 'LowEnergy.SourceRetardedBandCurrent.actual_retarded_current_tail' depends on axioms: [propext,
 Classical.choice,
 Quot.sound]
info: H0mework/Versions/AB/Physics/LowEnergy/Quantum/SourceRetardedBandCurrent.lean:368:0: 'LowEnergy.SourceRetardedBandCurrent.actual_current_spectral_tail' depends on axioms: [propext,
 Classical.choice,
 Quot.sound]
info: H0mework/Versions/AB/Physics/LowEnergy/Quantum/SourceRetardedBandCurrent.lean:369:0: 'LowEnergy.SourceRetardedBandCurrent.actual_current_high_frequency' depends on axioms: [propext,
 Classical.choice,
 Quot.sound]
info: H0mework/Versions/AB/Physics/LowEnergy/Quantum/SourceRetardedBandCurrent.lean:370:0: 'LowEnergy.SourceRetardedBandCurrent.actual_current_full_frequency_tail' depends on axioms: [propext,
 Classical.choice,
 Quot.sound]
ℹ [10972/11061] Replayed H0mework.Versions.AB.Physics.LowEnergy.Quantum.SourceScalarDoubleCurrent
info: H0mework/Versions/AB/Physics/LowEnergy/Quantum/SourceScalarDoubleCurrent.lean:821:2: Try this:
  [apply] ring_nf
  
  The `ring` tactic failed to close the goal. Use `ring_nf` to obtain a normal form.
    
  Note that `ring` works primarily in *commutative* rings. If you have a noncommutative ring, abelian group or module, consider using `noncomm_ring`, `abel` or `module` instead.
ℹ [11038/11061] Replayed H0mework.Versions.R71e.ReleaseMaterials.Physics.LowEnergyPhenomenology.ExternalCompositeDecay.GaussInverseSecond
info: H0mework/Versions/R71e/ReleaseMaterials/Physics/LowEnergyPhenomenology/ExternalCompositeDecay/GaussInverseSecond.lean:138:0: 'LowEnergy.GaussInverseSecond.ambient_bracket' depends on axioms: [propext, Classical.choice, Quot.sound]
info: H0mework/Versions/R71e/ReleaseMaterials/Physics/LowEnergyPhenomenology/ExternalCompositeDecay/GaussInverseSecond.lean:139:0: 'LowEnergy.GaussInverseSecond.inverse_curvature_transport' depends on axioms: [propext, Classical.choice, Quot.sound]
info: H0mework/Versions/R71e/ReleaseMaterials/Physics/LowEnergyPhenomenology/ExternalCompositeDecay/GaussInverseSecond.lean:140:0: 'LowEnergy.GaussInverseSecond.orbit_curve_derivative' depends on axioms: [propext, Classical.choice, Quot.sound]
info: H0mework/Versions/R71e/ReleaseMaterials/Physics/LowEnergyPhenomenology/ExternalCompositeDecay/GaussInverseSecond.lean:141:0: 'LowEnergy.GaussInverseSecond.orbit_curve_second' depends on axioms: [propext, Classical.choice, Quot.sound]
ℹ [11194/11236] Replayed H0mework.Versions.AB.Physics.LowEnergy.AlphaSource.CanonicalCompletedSector
info: H0mework/Versions/AB/Physics/LowEnergy/AlphaSource/CanonicalCompletedSector.lean:145:0: 'LowEnergy.CanonicalCompletedSector.projection_commutes' depends on axioms: [propext, Classical.choice, Quot.sound]
info: H0mework/Versions/AB/Physics/LowEnergy/AlphaSource/CanonicalCompletedSector.lean:146:0: 'LowEnergy.CanonicalCompletedSector.projection_core' depends on axioms: [propext, Classical.choice, Quot.sound]
info: H0mework/Versions/AB/Physics/LowEnergy/AlphaSource/CanonicalCompletedSector.lean:147:0: 'LowEnergy.CanonicalCompletedSector.projection_symmetric' depends on axioms: [propext, Classical.choice, Quot.sound]
ℹ [11195/11236] Replayed H0mework.Versions.AB.Physics.LowEnergy.Quantum.GaussYukawaRetarded
info: H0mework/Versions/AB/Physics/LowEnergy/Quantum/GaussYukawaRetarded.lean:64:0: 'LowEnergy.GaussYukawaRetarded.response_left' depends on axioms: [propext, Classical.choice, Quot.sound]
info: H0mework/Versions/AB/Physics/LowEnergy/Quantum/GaussYukawaRetarded.lean:65:0: 'LowEnergy.GaussYukawaRetarded.response_right' depends on axioms: [propext, Classical.choice, Quot.sound]
info: H0mework/Versions/AB/Physics/LowEnergy/Quantum/GaussYukawaRetarded.lean:66:0: 'LowEnergy.GaussYukawaRetarded.source_retarded' depends on axioms: [propext, Classical.choice, Quot.sound]
ℹ [11196/11236] Replayed H0mework.Versions.AB.Physics.LowEnergy.Quantum.GaussRadialRetarded
info: H0mework/Versions/AB/Physics/LowEnergy/Quantum/GaussRadialRetarded.lean:92:0: 'LowEnergy.GaussRadialRetarded.diagTest_action' depends on axioms: [propext, Classical.choice, Quot.sound]
info: H0mework/Versions/AB/Physics/LowEnergy/Quantum/GaussRadialRetarded.lean:93:0: 'LowEnergy.GaussRadialRetarded.diagonal_radial_core' depends on axioms: [propext, Classical.choice, Quot.sound]
info: H0mework/Versions/AB/Physics/LowEnergy/Quantum/GaussRadialRetarded.lean:94:0: 'LowEnergy.GaussRadialRetarded.radial_response_left' depends on axioms: [propext, Classical.choice, Quot.sound]
info: H0mework/Versions/AB/Physics/LowEnergy/Quantum/GaussRadialRetarded.lean:95:0: 'LowEnergy.GaussRadialRetarded.radial_retarded_source' depends on axioms: [propext, Classical.choice, Quot.sound]
ℹ [11197/11236] Replayed H0mework.Versions.AB.Physics.LowEnergy.Quantum.GaussOriginalYRetarded
info: H0mework/Versions/AB/Physics/LowEnergy/Quantum/GaussOriginalYRetarded.lean:114:0: 'LowEnergy.GaussOriginalYRetarded.response_left' depends on axioms: [propext, Classical.choice, Quot.sound]
info: H0mework/Versions/AB/Physics/LowEnergy/Quantum/GaussOriginalYRetarded.lean:115:0: 'LowEnergy.GaussOriginalYRetarded.dual_response_left' depends on axioms: [propext, Classical.choice, Quot.sound]
info: H0mework/Versions/AB/Physics/LowEnergy/Quantum/GaussOriginalYRetarded.lean:116:0: 'LowEnergy.GaussOriginalYRetarded.retarded_source' depends on axioms: [propext, Classical.choice, Quot.sound]
info: H0mework/Versions/AB/Physics/LowEnergy/Quantum/GaussOriginalYRetarded.lean:117:0: 'LowEnergy.GaussOriginalYRetarded.dual_retarded_source' depends on axioms: [propext, Classical.choice, Quot.sound]
ℹ [11198/11236] Replayed H0mework.Versions.AB.Physics.LowEnergy.Quantum.GaussFullRetarded
info: H0mework/Versions/AB/Physics/LowEnergy/Quantum/GaussFullRetarded.lean:80:0: 'LowEnergy.GaussFullRetarded.diagonal_time_split' depends on axioms: [propext, Classical.choice, Quot.sound]
info: H0mework/Versions/AB/Physics/LowEnergy/Quantum/GaussFullRetarded.lean:81:0: 'LowEnergy.GaussFullRetarded.response_left' depends on axioms: [propext, Classical.choice, Quot.sound]
info: H0mework/Versions/AB/Physics/LowEnergy/Quantum/GaussFullRetarded.lean:82:0: 'LowEnergy.GaussFullRetarded.retarded_source' depends on axioms: [propext, Classical.choice, Quot.sound]
ℹ [11199/11236] Replayed H0mework.Versions.AB.Physics.LowEnergy.AlphaSource.CanonicalGradedCurrent
info: H0mework/Versions/AB/Physics/LowEnergy/AlphaSource/CanonicalGradedCurrent.lean:189:0: 'LowEnergy.CanonicalGradedCurrent.cutoff_left_return' depends on axioms: [propext, Classical.choice, Quot.sound]
info: H0mework/Versions/AB/Physics/LowEnergy/AlphaSource/CanonicalGradedCurrent.lean:190:0: 'LowEnergy.CanonicalGradedCurrent.cutoff_sharp_on_source' depends on axioms: [propext, Classical.choice, Quot.sound]
info: H0mework/Versions/AB/Physics/LowEnergy/AlphaSource/CanonicalGradedCurrent.lean:191:0: 'LowEnergy.CanonicalGradedCurrent.gauge_word_return' depends on axioms: [propext, Classical.choice, Quot.sound]
info: H0mework/Versions/AB/Physics/LowEnergy/AlphaSource/CanonicalGradedCurrent.lean:192:0: 'LowEnergy.CanonicalGradedCurrent.observable_cutoff_limit' depends on axioms: [propext, Classical.choice, Quot.sound]
ℹ [11205/11332] Replayed H0mework.Versions.AB.Physics.LowEnergy.AlphaSource.CanonicalGradedCurrentSeed
info: H0mework/Versions/AB/Physics/LowEnergy/AlphaSource/CanonicalGradedCurrentSeed.lean:55:0: 'LowEnergy.CanonicalGradedCurrent.canonical_seed_N1_G0' depends on axioms: [propext, Classical.choice, Quot.sound]
ℹ [11209/11332] Replayed H0mework.Versions.AB.Physics.LowEnergy.AlphaSource.CanonicalGradedCurrentSource
info: H0mework/Versions/AB/Physics/LowEnergy/AlphaSource/CanonicalGradedCurrentSource.lean:188:0: 'LowEnergy.CanonicalGradedCurrent.gaugeReader_blocks' depends on axioms: [propext, Classical.choice, Quot.sound]
info: H0mework/Versions/AB/Physics/LowEnergy/AlphaSource/CanonicalGradedCurrentSource.lean:189:0: 'LowEnergy.CanonicalGradedCurrent.source_gauge_cutoff_limit' depends on axioms: [propext, Classical.choice, Quot.sound]
info: H0mework/Versions/AB/Physics/LowEnergy/AlphaSource/CanonicalGradedCurrentSource.lean:190:0: 'LowEnergy.CanonicalGradedCurrent.twoCurrent_independent_dual' depends on axioms: [propext,
 Classical.choice,
 Quot.sound]
info: H0mework/Versions/AB/Physics/LowEnergy/AlphaSource/CanonicalGradedCurrentSource.lean:191:0: 'LowEnergy.CanonicalGradedCurrent.twoCurrent_cutoff_return' depends on axioms: [propext, Classical.choice, Quot.sound]
info: H0mework/Versions/AB/Physics/LowEnergy/AlphaSource/CanonicalGradedCurrentSource.lean:192:0: 'LowEnergy.CanonicalGradedCurrent.configurationForce_blocks' depends on axioms: [propext, Classical.choice, Quot.sound]
info: H0mework/Versions/AB/Physics/LowEnergy/AlphaSource/CanonicalGradedCurrentSource.lean:193:0: 'LowEnergy.CanonicalGradedCurrent.fullSpatialGaugeForce_blocks' depends on axioms: [propext,
 Classical.choice,
 Quot.sound]
ℹ [11211/11332] Replayed H0mework.Versions.AB.Physics.LowEnergy.AlphaSource.CanonicalGradedGaugeVariation
info: H0mework/Versions/AB/Physics/LowEnergy/AlphaSource/CanonicalGradedGaugeVariation.lean:114:0: 'LowEnergy.CanonicalGradedGaugeVariation.gaugeReader_selfAdjoint' depends on axioms: [propext,
 Classical.choice,
 Quot.sound]
info: H0mework/Versions/AB/Physics/LowEnergy/AlphaSource/CanonicalGradedGaugeVariation.lean:115:0: 'LowEnergy.CanonicalGradedGaugeVariation.gaugeTime_derivative' depends on axioms: [propext,
 Classical.choice,
 Quot.sound]
info: H0mework/Versions/AB/Physics/LowEnergy/AlphaSource/CanonicalGradedGaugeVariation.lean:116:0: 'LowEnergy.CanonicalGradedGaugeVariation.currentObservation_derivative' depends on axioms: [propext,
 Classical.choice,
 Quot.sound]
ℹ [11212/11332] Replayed H0mework.Versions.AB.Physics.LowEnergy.AlphaSource.CanonicalGradedGaugeReturn
info: H0mework/Versions/AB/Physics/LowEnergy/AlphaSource/CanonicalGradedGaugeReturn.lean:229:0: 'LowEnergy.CanonicalGradedGaugeReturn.fullObservation_derivative' depends on axioms: [propext,
 Classical.choice,
 Quot.sound]
info: H0mework/Versions/AB/Physics/LowEnergy/AlphaSource/CanonicalGradedGaugeReturn.lean:230:0: 'LowEnergy.CanonicalGradedGaugeReturn.fullObservation_cutoff_independent' depends on axioms: [propext,
 Classical.choice,
 Quot.sound]
info: H0mework/Versions/AB/Physics/LowEnergy/AlphaSource/CanonicalGradedGaugeReturn.lean:232:0: 'LowEnergy.CanonicalGradedGaugeReturn.finite_parameter_return' depends on axioms: [propext,
 Classical.choice,
 Quot.sound]
info: H0mework/Versions/AB/Physics/LowEnergy/AlphaSource/CanonicalGradedGaugeReturn.lean:233:0: 'LowEnergy.CanonicalGradedGaugeReturn.fullProjected_derivative' depends on axioms: [propext,
 Classical.choice,
 Quot.sound]
ℹ [11233/11332] Replayed H0mework.Versions.R3bbcbd59.ReleaseMaterials.Physics.LowEnergyPhenomenology.ExternalCompositeDecay.SourceMatterForceAbsorption
info: H0mework/Versions/R3bbcbd59/ReleaseMaterials/Physics/LowEnergyPhenomenology/ExternalCompositeDecay/SourceMatterForceAbsorption.lean:132:4: Try this:
  [apply] ring_nf
  
  The `ring` tactic failed to close the goal. Use `ring_nf` to obtain a normal form.
    
  Note that `ring` works primarily in *commutative* rings. If you have a noncommutative ring, abelian group or module, consider using `noncomm_ring`, `abel` or `module` instead.
ℹ [11402/11598] Replayed H0mework.Versions.R9c73a630.ReleaseMaterials.Scratch.LowEnergyRetardedCouncil.ActualFourBlockResponse.SourceActualSecondPressurePositiveStorage
info: H0mework/Versions/R9c73a630/ReleaseMaterials/Scratch/LowEnergyRetardedCouncil/ActualFourBlockResponse/SourceActualSecondPressurePositiveStorage.lean:373:4: Try this:
  [apply] ring_nf
  
  The `ring` tactic failed to close the goal. Use `ring_nf` to obtain a normal form.
    
  Note that `ring` works primarily in *commutative* rings. If you have a noncommutative ring, abelian group or module, consider using `noncomm_ring`, `abel` or `module` instead.
ℹ [11411/11621] Replayed H0mework.Versions.R9c73a630.Physics.LowEnergy.Quantum.SourceClockPhiResponseDampingSource
info: H0mework/Versions/R9c73a630/Physics/LowEnergy/Quantum/SourceClockPhiResponseDampingSource.lean:424:8: Try this:
  [apply] ring_nf
  
  The `ring` tactic failed to close the goal. Use `ring_nf` to obtain a normal form.
    
  Note that `ring` works primarily in *commutative* rings. If you have a noncommutative ring, abelian group or module, consider using `noncomm_ring`, `abel` or `module` instead.
ℹ [11437/11638] Replayed H0mework.Versions.R9c73a630.Physics.LowEnergy.Quantum.SourceClockPhiRenormalizedSecondGreen
info: H0mework/Versions/R9c73a630/Physics/LowEnergy/Quantum/SourceClockPhiRenormalizedSecondGreen.lean:510:28: Try this:
  [apply] ring_nf
  
  The `ring` tactic failed to close the goal. Use `ring_nf` to obtain a normal form.
    
  Note that `ring` works primarily in *commutative* rings. If you have a noncommutative ring, abelian group or module, consider using `noncomm_ring`, `abel` or `module` instead.
ℹ [11438/11670] Replayed H0mework.Versions.R9c73a630.Physics.LowEnergy.Quantum.SourceClockPhiMatchedDiffusionSource
info: H0mework/Versions/R9c73a630/Physics/LowEnergy/Quantum/SourceClockPhiMatchedDiffusionSource.lean:576:28: Try this:
  [apply] ring_nf
  
  The `ring` tactic failed to close the goal. Use `ring_nf` to obtain a normal form.
    
  Note that `ring` works primarily in *commutative* rings. If you have a noncommutative ring, abelian group or module, consider using `noncomm_ring`, `abel` or `module` instead.
info: H0mework/Versions/R9c73a630/Physics/LowEnergy/Quantum/SourceClockPhiMatchedDiffusionSource.lean:781:32: Try this:
  [apply] ring_nf
  
  The `ring` tactic failed to close the goal. Use `ring_nf` to obtain a normal form.
    
  Note that `ring` works primarily in *commutative* rings. If you have a noncommutative ring, abelian group or module, consider using `noncomm_ring`, `abel` or `module` instead.
ℹ [11439/11670] Replayed H0mework.Versions.R9c73a630.ReleaseMaterials.Verification.Physics.LowEnergyPhenomenology.ExternalCompositeDecay.SourceClockPhiMatchedNoiseCore
info: H0mework/Versions/R9c73a630/ReleaseMaterials/Verification/Physics/LowEnergyPhenomenology/ExternalCompositeDecay/SourceClockPhiMatchedNoiseCore.lean:28:2: Try this:
  [apply] ring_nf
  
  The `ring` tactic failed to close the goal. Use `ring_nf` to obtain a normal form.
    
  Note that `ring` works primarily in *commutative* rings. If you have a noncommutative ring, abelian group or module, consider using `noncomm_ring`, `abel` or `module` instead.
ℹ [11442/11670] Replayed H0mework.Versions.R9c73a630.ReleaseMaterials.Verification.Physics.LowEnergyPhenomenology.ExternalCompositeDecay.SourceClockPhiCoframeForwardCore
info: H0mework/Versions/R9c73a630/ReleaseMaterials/Verification/Physics/LowEnergyPhenomenology/ExternalCompositeDecay/SourceClockPhiCoframeForwardCore.lean:492:2: Try this:
  [apply] ring_nf
  
  The `ring` tactic failed to close the goal. Use `ring_nf` to obtain a normal form.
    
  Note that `ring` works primarily in *commutative* rings. If you have a noncommutative ring, abelian group or module, consider using `noncomm_ring`, `abel` or `module` instead.
ℹ [11451/11670] Replayed H0mework.Versions.R9c73a630.ReleaseMaterials.Verification.Physics.LowEnergyPhenomenology.ExternalCompositeDecay.SourceClockPhiConservativeHeatSource
info: H0mework/Versions/R9c73a630/ReleaseMaterials/Verification/Physics/LowEnergyPhenomenology/ExternalCompositeDecay/SourceClockPhiConservativeHeatSource.lean:38:2: Try this:
  [apply] ring_nf
  
  The `ring` tactic failed to close the goal. Use `ring_nf` to obtain a normal form.
    
  Note that `ring` works primarily in *commutative* rings. If you have a noncommutative ring, abelian group or module, consider using `noncomm_ring`, `abel` or `module` instead.
ℹ [11463/11670] Replayed H0mework.Versions.R9c73a630.ReleaseMaterials.Verification.Physics.LowEnergyPhenomenology.ExternalCompositeDecay.SourceClockPhiHeatLocalNativeWork
info: H0mework/Versions/R9c73a630/ReleaseMaterials/Verification/Physics/LowEnergyPhenomenology/ExternalCompositeDecay/SourceClockPhiHeatLocalNativeWork.lean:88:30: Try this:
  [apply] ring_nf
  
  The `ring` tactic failed to close the goal. Use `ring_nf` to obtain a normal form.
    
  Note that `ring` works primarily in *commutative* rings. If you have a noncommutative ring, abelian group or module, consider using `noncomm_ring`, `abel` or `module` instead.
info: H0mework/Versions/R9c73a630/ReleaseMaterials/Verification/Physics/LowEnergyPhenomenology/ExternalCompositeDecay/SourceClockPhiHeatLocalNativeWork.lean:279:4: Try this:
  [apply] ring_nf
  
  The `ring` tactic failed to close the goal. Use `ring_nf` to obtain a normal form.
    
  Note that `ring` works primarily in *commutative* rings. If you have a noncommutative ring, abelian group or module, consider using `noncomm_ring`, `abel` or `module` instead.
ℹ [11479/11726] Replayed H0mework.Versions.R9c73a630.ReleaseMaterials.Verification.Physics.LowEnergyPhenomenology.ExternalCompositeDecay.SourceClockPhiOriginalGaussianH0FirstJet
info: H0mework/Versions/R9c73a630/ReleaseMaterials/Verification/Physics/LowEnergyPhenomenology/ExternalCompositeDecay/SourceClockPhiOriginalGaussianH0FirstJet.lean:596:2: Try this:
  [apply] ring_nf
  
  The `ring` tactic failed to close the goal. Use `ring_nf` to obtain a normal form.
    
  Note that `ring` works primarily in *commutative* rings. If you have a noncommutative ring, abelian group or module, consider using `noncomm_ring`, `abel` or `module` instead.
info: H0mework/Versions/R9c73a630/ReleaseMaterials/Verification/Physics/LowEnergyPhenomenology/ExternalCompositeDecay/SourceClockPhiOriginalGaussianH0FirstJet.lean:783:4: Try this:
  [apply] ring_nf
  
  The `ring` tactic failed to close the goal. Use `ring_nf` to obtain a normal form.
    
  Note that `ring` works primarily in *commutative* rings. If you have a noncommutative ring, abelian group or module, consider using `noncomm_ring`, `abel` or `module` instead.
info: H0mework/Versions/R9c73a630/ReleaseMaterials/Verification/Physics/LowEnergyPhenomenology/ExternalCompositeDecay/SourceClockPhiOriginalGaussianH0FirstJet.lean:905:4: Try this:
  [apply] ring_nf
  
  The `ring` tactic failed to close the goal. Use `ring_nf` to obtain a normal form.
    
  Note that `ring` works primarily in *commutative* rings. If you have a noncommutative ring, abelian group or module, consider using `noncomm_ring`, `abel` or `module` instead.
info: H0mework/Versions/R9c73a630/ReleaseMaterials/Verification/Physics/LowEnergyPhenomenology/ExternalCompositeDecay/SourceClockPhiOriginalGaussianH0FirstJet.lean:962:4: Try this:
  [apply] ring_nf
  
  The `ring` tactic failed to close the goal. Use `ring_nf` to obtain a normal form.
    
  Note that `ring` works primarily in *commutative* rings. If you have a noncommutative ring, abelian group or module, consider using `noncomm_ring`, `abel` or `module` instead.
ℹ [11481/11726] Replayed H0mework.Versions.R9c73a630.ReleaseMaterials.Verification.Physics.LowEnergyPhenomenology.ExternalCompositeDecay.SourceClockPhiOriginalGaussianH0RealPrimitives
info: H0mework/Versions/R9c73a630/ReleaseMaterials/Verification/Physics/LowEnergyPhenomenology/ExternalCompositeDecay/SourceClockPhiOriginalGaussianH0RealPrimitives.lean:232:4: Try this:
  [apply] ring_nf
  
  The `ring` tactic failed to close the goal. Use `ring_nf` to obtain a normal form.
    
  Note that `ring` works primarily in *commutative* rings. If you have a noncommutative ring, abelian group or module, consider using `noncomm_ring`, `abel` or `module` instead.
ℹ [11494/11726] Replayed H0mework.Versions.R9c73a630.ReleaseMaterials.Verification.Physics.LowEnergyPhenomenology.ExternalCompositeDecay.SourceClockPhiCoframeDriftMomentumPrimitive
info: H0mework/Versions/R9c73a630/ReleaseMaterials/Verification/Physics/LowEnergyPhenomenology/ExternalCompositeDecay/SourceClockPhiCoframeDriftMomentumPrimitive.lean:131:4: Try this:
  [apply] ring_nf
  
  The `ring` tactic failed to close the goal. Use `ring_nf` to obtain a normal form.
    
  Note that `ring` works primarily in *commutative* rings. If you have a noncommutative ring, abelian group or module, consider using `noncomm_ring`, `abel` or `module` instead.
ℹ [11497/11726] Replayed H0mework.Versions.R9c73a630.ReleaseMaterials.Verification.Physics.LowEnergyPhenomenology.ExternalCompositeDecay.SourceClockPhiCorrectedWorkComposition
info: H0mework/Versions/R9c73a630/ReleaseMaterials/Verification/Physics/LowEnergyPhenomenology/ExternalCompositeDecay/SourceClockPhiCorrectedWorkComposition.lean:28:2: Try this:
  [apply] ring_nf
  
  The `ring` tactic failed to close the goal. Use `ring_nf` to obtain a normal form.
    
  Note that `ring` works primarily in *commutative* rings. If you have a noncommutative ring, abelian group or module, consider using `noncomm_ring`, `abel` or `module` instead.
info: H0mework/Versions/R9c73a630/ReleaseMaterials/Verification/Physics/LowEnergyPhenomenology/ExternalCompositeDecay/SourceClockPhiCorrectedWorkComposition.lean:43:2: Try this:
  [apply] ring_nf
  
  The `ring` tactic failed to close the goal. Use `ring_nf` to obtain a normal form.
    
  Note that `ring` works primarily in *commutative* rings. If you have a noncommutative ring, abelian group or module, consider using `noncomm_ring`, `abel` or `module` instead.
ℹ [11501/11726] Replayed H0mework.Versions.R9c73a630.ReleaseMaterials.Verification.Physics.LowEnergyPhenomenology.ExternalCompositeDecay.SourceClockPhiProfileLocalNativeReturn
info: H0mework/Versions/R9c73a630/ReleaseMaterials/Verification/Physics/LowEnergyPhenomenology/ExternalCompositeDecay/SourceClockPhiProfileLocalNativeReturn.lean:94:30: Try this:
  [apply] ring_nf
  
  The `ring` tactic failed to close the goal. Use `ring_nf` to obtain a normal form.
    
  Note that `ring` works primarily in *commutative* rings. If you have a noncommutative ring, abelian group or module, consider using `noncomm_ring`, `abel` or `module` instead.
info: H0mework/Versions/R9c73a630/ReleaseMaterials/Verification/Physics/LowEnergyPhenomenology/ExternalCompositeDecay/SourceClockPhiProfileLocalNativeReturn.lean:286:4: Try this:
  [apply] ring_nf
  
  The `ring` tactic failed to close the goal. Use `ring_nf` to obtain a normal form.
    
  Note that `ring` works primarily in *commutative* rings. If you have a noncommutative ring, abelian group or module, consider using `noncomm_ring`, `abel` or `module` instead.
ℹ [11515/11726] Replayed H0mework.Versions.R9c73a630.ReleaseMaterials.Verification.Physics.LowEnergyPhenomenology.ExternalCompositeDecay.SourceClockPhiCorrectedGaussianMeanSource
info: H0mework/Versions/R9c73a630/ReleaseMaterials/Verification/Physics/LowEnergyPhenomenology/ExternalCompositeDecay/SourceClockPhiCorrectedGaussianMeanSource.lean:231:2: Try this:
  [apply] ring_nf
  
  The `ring` tactic failed to close the goal. Use `ring_nf` to obtain a normal form.
    
  Note that `ring` works primarily in *commutative* rings. If you have a noncommutative ring, abelian group or module, consider using `noncomm_ring`, `abel` or `module` instead.
ℹ [11551/11835] Replayed H0mework.Versions.R9c73a630.ReleaseMaterials.Verification.Physics.LowEnergyPhenomenology.ExternalCompositeDecay.SourceClockPhiAdmissibleElectricSource
info: H0mework/Versions/R9c73a630/ReleaseMaterials/Verification/Physics/LowEnergyPhenomenology/ExternalCompositeDecay/SourceClockPhiAdmissibleElectricSource.lean:71:4: Try this:
  [apply] ring_nf
  
  The `ring` tactic failed to close the goal. Use `ring_nf` to obtain a normal form.
    
  Note that `ring` works primarily in *commutative* rings. If you have a noncommutative ring, abelian group or module, consider using `noncomm_ring`, `abel` or `module` instead.
ℹ [11552/11835] Replayed H0mework.Versions.R9c73a630.ReleaseMaterials.Verification.Physics.LowEnergyPhenomenology.ExternalCompositeDecay.SourceClockPhiScalarNoetherGaussian
info: H0mework/Versions/R9c73a630/ReleaseMaterials/Verification/Physics/LowEnergyPhenomenology/ExternalCompositeDecay/SourceClockPhiScalarNoetherGaussian.lean:94:30: Try this:
  [apply] ring_nf
  
  The `ring` tactic failed to close the goal. Use `ring_nf` to obtain a normal form.
    
  Note that `ring` works primarily in *commutative* rings. If you have a noncommutative ring, abelian group or module, consider using `noncomm_ring`, `abel` or `module` instead.
ℹ [11556/11835] Replayed H0mework.Versions.R9c73a630.ReleaseMaterials.Verification.Physics.LowEnergyPhenomenology.ExternalCompositeDecay.SourceClockPhiOriginalEcSource
info: H0mework/Versions/R9c73a630/ReleaseMaterials/Verification/Physics/LowEnergyPhenomenology/ExternalCompositeDecay/SourceClockPhiOriginalEcSource.lean:62:4: Try this:
  [apply] ring_nf
  
  The `ring` tactic failed to close the goal. Use `ring_nf` to obtain a normal form.
    
  Note that `ring` works primarily in *commutative* rings. If you have a noncommutative ring, abelian group or module, consider using `noncomm_ring`, `abel` or `module` instead.
ℹ [11559/11835] Replayed H0mework.Versions.R9c73a630.ReleaseMaterials.Verification.Physics.LowEnergyPhenomenology.ExternalCompositeDecay.SourceClockPhiWholeCarrierElectric
info: H0mework/Versions/R9c73a630/ReleaseMaterials/Verification/Physics/LowEnergyPhenomenology/ExternalCompositeDecay/SourceClockPhiWholeCarrierElectric.lean:215:4: Try this:
  [apply] ring_nf
  
  The `ring` tactic failed to close the goal. Use `ring_nf` to obtain a normal form.
    
  Note that `ring` works primarily in *commutative* rings. If you have a noncommutative ring, abelian group or module, consider using `noncomm_ring`, `abel` or `module` instead.
ℹ [11665/11884] Replayed H0mework.Versions.R9c73a630.ReleaseMaterials.Scratch.LowEnergyRetardedCouncil.ActualFourBlockResponse.SourceActualNonmagneticPressureStorage
info: H0mework/Versions/R9c73a630/ReleaseMaterials/Scratch/LowEnergyRetardedCouncil/ActualFourBlockResponse/SourceActualNonmagneticPressureStorage.lean:211:4: Try this:
  [apply] ring_nf
  
  The `ring` tactic failed to close the goal. Use `ring_nf` to obtain a normal form.
    
  Note that `ring` works primarily in *commutative* rings. If you have a noncommutative ring, abelian group or module, consider using `noncomm_ring`, `abel` or `module` instead.
✔ [11700/11896] Built H0mework.Versions.R9c73a630.ReleaseMaterials.Scratch.LowEnergyRetardedCouncil.NamedColorQtNext.Charge.MixedSpectatorCAR (9.0s)
✔ [11701/11896] Built H0mework.Versions.R9c73a630.ReleaseMaterials.Scratch.LowEnergyRetardedCouncil.NamedColorQtNext.Charge.MixedSpectatorGram (5.1s)
✔ [11702/11896] Built H0mework.Versions.R9c73a630.ReleaseMaterials.Scratch.LowEnergyRetardedCouncil.NamedColorQtNext.Charge.MixedSpectatorCandidate (16s)
✔ [11703/11896] Built H0mework.Versions.R9c73a630.ReleaseMaterials.Scratch.LowEnergyRetardedCouncil.NamedColorQtNext.Charge.MixedSpectatorOccupation (7.1s)
✔ [11704/11896] Built H0mework.Versions.R9c73a630.ReleaseMaterials.Scratch.LowEnergyRetardedCouncil.NamedColorQtNext.Charge.ActualMotherTripleGram (7.1s)
✔ [11705/11896] Built H0mework.Versions.R9c73a630.ReleaseMaterials.Scratch.LowEnergyRetardedCouncil.NamedColorQtNext.Charge.MixedSpectatorColorColumns (8.2s)
✔ [11706/11896] Built H0mework.Versions.R9c73a630.ReleaseMaterials.Scratch.LowEnergyRetardedCouncil.ActualFourBlockElastic.SourceActualCandidateQuarticGram (6.9s)
✔ [11707/11896] Built H0mework.Versions.R9c73a630.ReleaseMaterials.Scratch.LowEnergyRetardedCouncil.NamedColorQtNext.Charge.MixedSpectatorSpin (19s)
✔ [11708/11896] Built H0mework.Versions.R9c73a630.ReleaseMaterials.Scratch.LowEnergyRetardedCouncil.NamedColorQtNext.Charge.MixedSpectatorDynamicResponse (13s)
✔ [11709/11896] Built H0mework.Versions.R9c73a630.ReleaseMaterials.Scratch.LowEnergyRetardedCouncil.NamedColorQtNext.Charge.MixedSpectatorColorMatrix (10s)
✔ [11710/11896] Built H0mework.Versions.R9c73a630.ReleaseMaterials.Scratch.LowEnergyRetardedCouncil.NamedColorQtNext.Charge.MixedSpectatorColorAction (7.9s)
✔ [11711/11896] Built H0mework.Versions.R9c73a630.ReleaseMaterials.Scratch.LowEnergyRetardedCouncil.ActualFourBlockElastic.SourceActualCandidateQuarticFinite (9.2s)
✔ [11712/11896] Built H0mework.Versions.R9c73a630.ReleaseMaterials.Scratch.LowEnergyRetardedCouncil.NamedColorQtNext.Charge.MixedSpectatorPhaseCharge (10s)
✔ [11713/11896] Built H0mework.Versions.R9c73a630.ReleaseMaterials.Scratch.LowEnergyRetardedCouncil.NamedColorQtNext.Charge.MixedSpectatorJointFacts (14s)
✔ [11714/11896] Built H0mework.Versions.R9c73a630.ReleaseMaterials.Scratch.LowEnergyRetardedCouncil.NamedColorQtNext.Charge.MixedSpectatorExchangeSelection (9.3s)
✔ [11715/11896] Built H0mework.Versions.R9c73a630.ReleaseMaterials.Scratch.LowEnergyRetardedCouncil.NamedColorQtNext.Charge.MixedSpectatorContactVertices (22s)
✔ [11716/11896] Built H0mework.Versions.R9c73a630.ReleaseMaterials.Scratch.LowEnergyRetardedCouncil.ActualFourBlockElastic.SourceActualCandidateVertexLiterals (15s)
✔ [11717/11896] Built H0mework.Versions.R9c73a630.ReleaseMaterials.Scratch.LowEnergyRetardedCouncil.NamedColorQtNext.Charge.MixedSpectatorScalar61Exchange (42s)
✔ [11718/11896] Built H0mework.Versions.R9c73a630.ReleaseMaterials.Scratch.LowEnergyRetardedCouncil.NamedColorQtNext.Charge.MixedSpectatorDual24Data (15s)
✔ [11719/11896] Built H0mework.Versions.R9c73a630.ReleaseMaterials.Scratch.LowEnergyRetardedCouncil.NamedColorQtNext.Charge.MixedSpectatorPairedSourceFrame (19s)
✔ [11720/11896] Built H0mework.Versions.R9c73a630.ReleaseMaterials.Scratch.LowEnergyRetardedCouncil.NamedColorQtNext.Charge.MixedSpectatorContactExchange (9.8s)
✔ [11721/11896] Built H0mework.Versions.R9c73a630.ReleaseMaterials.Scratch.LowEnergyRetardedCouncil.ActualFourBlockElastic.SourceActualCandidateVertexEntries (17s)
✔ [11722/11896] Built H0mework.Versions.R9c73a630.ReleaseMaterials.Scratch.LowEnergyRetardedCouncil.NamedColorQtNext.Charge.MixedSpectatorDual24Exchange (7.6s)
✔ [11723/11896] Built H0mework.Versions.R9c73a630.ReleaseMaterials.Scratch.LowEnergyRetardedCouncil.ActualFourBlockElastic.SourceActualFourBlockRealTransferTransfer (6.7s)
✔ [11724/11896] Built H0mework.Versions.R9c73a630.ReleaseMaterials.Scratch.LowEnergyRetardedCouncil.ActualFourBlockElastic.SourceActualFourBlockRealTransferContactSelector (11s)
✔ [11725/11896] Built H0mework.Versions.R9c73a630.ReleaseMaterials.Scratch.LowEnergyRetardedCouncil.ActualFourBlockElastic.SourceActualCandidateSupportPolynomial (11s)
✔ [11726/11896] Built H0mework.Versions.R9c73a630.ReleaseMaterials.Scratch.LowEnergyRetardedCouncil.ActualFourBlockElastic.SourceActualCandidateVertexValueKernel (20s)
✔ [11727/11896] Built H0mework.Versions.R9c73a630.ReleaseMaterials.Scratch.LowEnergyRetardedCouncil.ActualFourBlockElastic.SourceActualContactDualImaginaryData (30s)
✔ [11728/11896] Built H0mework.Versions.R9c73a630.ReleaseMaterials.Scratch.LowEnergyRetardedCouncil.ActualFourBlockElastic.SourceActualFourBlockRealTransferDualPolynomial (12s)
✔ [11729/11896] Built H0mework.Versions.R9c73a630.ReleaseMaterials.Scratch.LowEnergyRetardedCouncil.ActualFourBlockElastic.SourceActualFourBlockRealTransferDualSelector (9.5s)
✔ [11730/11896] Built H0mework.Versions.R9c73a630.ReleaseMaterials.Scratch.LowEnergyRetardedCouncil.ActualFourBlockElastic.SourceActualFourBlockRealTransferScalar (16s)
✔ [11731/11896] Built H0mework.Versions.R9c73a630.ReleaseMaterials.Scratch.LowEnergyRetardedCouncil.ActualFourBlockElastic.SourceActualFourBlockRealTransferContactRows3 (30s)
✔ [11732/11896] Built H0mework.Versions.R9c73a630.ReleaseMaterials.Scratch.LowEnergyRetardedCouncil.ActualFourBlockElastic.SourceActualFourBlockRealTransferContactRows2 (28s)
✔ [11733/11896] Built H0mework.Versions.R9c73a630.ReleaseMaterials.Scratch.LowEnergyRetardedCouncil.ActualFourBlockElastic.SourceActualFourBlockRealTransferContactRows1 (36s)
✔ [11734/11896] Built H0mework.Versions.R9c73a630.ReleaseMaterials.Scratch.LowEnergyRetardedCouncil.ActualFourBlockElastic.SourceActualFourBlockRealTransferContactRows0 (28s)
✔ [11735/11896] Built H0mework.Versions.R9c73a630.ReleaseMaterials.Scratch.LowEnergyRetardedCouncil.ActualFourBlockElastic.SourceActualCandidateBraTensor (18s)
✔ [11736/11896] Built H0mework.Versions.R9c73a630.ReleaseMaterials.Scratch.LowEnergyRetardedCouncil.ActualFourBlockElastic.SourceActualCandidateVertexValuesLorentz (214s)
✔ [11737/11896] Built H0mework.Versions.R9c73a630.ReleaseMaterials.Scratch.LowEnergyRetardedCouncil.NamedColorQtNext.Charge.MixedSpectatorCanonical79Data (531s)
✔ [11738/11896] Built H0mework.Versions.R9c73a630.ReleaseMaterials.Scratch.LowEnergyRetardedCouncil.ActualFourBlockElastic.SourceActualFourBlockRealTransferDualRead (19s)
✔ [11739/11896] Built H0mework.Versions.R9c73a630.ReleaseMaterials.Scratch.LowEnergyRetardedCouncil.ActualFourBlockElastic.SourceActualFourBlockRealTransferScalarLocal (71s)
✔ [11740/11896] Built H0mework.Versions.R9c73a630.ReleaseMaterials.Scratch.LowEnergyRetardedCouncil.ActualFourBlockElastic.SourceActualFourBlockRealTransferContactRead (18s)
✔ [11741/11896] Built H0mework.Versions.R9c73a630.ReleaseMaterials.Scratch.LowEnergyRetardedCouncil.ActualFourBlockElastic.SourceActualCandidateBraPairData (16s)
✔ [11742/11896] Built H0mework.Versions.R9c73a630.ReleaseMaterials.Scratch.LowEnergyRetardedCouncil.ActualFourBlockElastic.SourceActualCandidateBraLeftData (10s)
✔ [11743/11896] Built H0mework.Versions.R9c73a630.ReleaseMaterials.Scratch.LowEnergyRetardedCouncil.ActualFourBlockElastic.SourceActualCandidateVertexValuesGauge (334s)
✔ [11744/11896] Built H0mework.Versions.R9c73a630.ReleaseMaterials.Scratch.LowEnergyRetardedCouncil.ActualFourBlockElastic.SourceActualFourBlockRealTransferCanonicalSelection (17s)
✔ [11745/11896] Built H0mework.Versions.R9c73a630.ReleaseMaterials.Scratch.LowEnergyRetardedCouncil.ActualFourBlockElastic.SourceCanonical79ImaginaryDAGData (12s)
✔ [11746/11896] Built H0mework.Versions.R9c73a630.ReleaseMaterials.Scratch.LowEnergyRetardedCouncil.ActualFourBlockElastic.SourceActualCandidateVertexValuesCoframe (219s)
✔ [11747/11896] Built H0mework.Versions.R9c73a630.ReleaseMaterials.Scratch.LowEnergyRetardedCouncil.NamedColorQtNext.Charge.MixedSpectatorCanonical79Exchange (7.3s)
✔ [11748/11896] Built H0mework.Versions.R9c73a630.ReleaseMaterials.Scratch.LowEnergyRetardedCouncil.ActualFourBlockElastic.SourceActualFourBlockRealTransferScalarSelector (6.6s)
✔ [11749/11896] Built H0mework.Versions.R9c73a630.ReleaseMaterials.Scratch.LowEnergyRetardedCouncil.ActualFourBlockElastic.SourceActualCandidateBraPairBasis (10s)
✔ [11750/11896] Built H0mework.Versions.R9c73a630.ReleaseMaterials.Scratch.LowEnergyRetardedCouncil.ActualFourBlockElastic.SourceActualFourBlockRealTransferContact (15s)
✔ [11751/11896] Built H0mework.Versions.R9c73a630.ReleaseMaterials.Scratch.LowEnergyRetardedCouncil.ActualFourBlockElastic.SourceActualCandidateVertexRowAliases (9.1s)
✔ [11752/11896] Built H0mework.Versions.R9c73a630.ReleaseMaterials.Scratch.LowEnergyRetardedCouncil.ActualFourBlockElastic.SourceActualFourBlockRealTransferCanonicalSelectionRows1 (54s)
✔ [11753/11896] Built H0mework.Versions.R9c73a630.ReleaseMaterials.Scratch.LowEnergyRetardedCouncil.ActualFourBlockElastic.SourceActualCandidateBraColumns (80s)
✔ [11754/11896] Built H0mework.Versions.R9c73a630.ReleaseMaterials.Scratch.LowEnergyRetardedCouncil.ActualFourBlockElastic.SourceCanonical79ImaginaryNumeratorData (17s)
✔ [11755/11896] Built H0mework.Versions.R9c73a630.ReleaseMaterials.Scratch.LowEnergyRetardedCouncil.ActualFourBlockElastic.SourceCanonical79DAGFold (11s)
✔ [11756/11896] Built H0mework.Versions.R9c73a630.ReleaseMaterials.Scratch.LowEnergyRetardedCouncil.ActualFourBlockElastic.SourceActualFourBlockRealTransferCanonicalSelectionRows0 (49s)
✔ [11757/11896] Built H0mework.Versions.R9c73a630.ReleaseMaterials.Scratch.LowEnergyRetardedCouncil.ActualFourBlockElastic.SourceActualCandidateVertexValues (9.3s)
✔ [11758/11896] Built H0mework.Versions.R9c73a630.ReleaseMaterials.Scratch.LowEnergyRetardedCouncil.ActualFourBlockResponse.MixedSpectatorFourBlockSource (20s)
✔ [11759/11896] Built H0mework.Versions.R9c73a630.ReleaseMaterials.Scratch.LowEnergyRetardedCouncil.ActualFourBlockElastic.SourceCanonical79BraCurrentRadicalPowers (9.2s)
✔ [11760/11896] Built H0mework.Versions.R9c73a630.ReleaseMaterials.Scratch.LowEnergyRetardedCouncil.ActualFourBlockElastic.SourceActualFourBlockRealTransferScalarRead (32s)
✔ [11761/11896] Built H0mework.Versions.R9c73a630.ReleaseMaterials.Scratch.LowEnergyRetardedCouncil.ActualFourBlockElastic.SourceActualCandidateBraLeftFold (9.4s)
✔ [11762/11896] Built H0mework.Versions.R9c73a630.ReleaseMaterials.Scratch.LowEnergyRetardedCouncil.ActualFourBlockElastic.SourceActualCandidateVertexRows (14s)
✔ [11763/11896] Built H0mework.Versions.R9c73a630.ReleaseMaterials.Scratch.LowEnergyRetardedCouncil.ActualFourBlockElastic.SourceCanonical79NumeratorFold (11s)
✔ [11764/11896] Built H0mework.Versions.R9c73a630.ReleaseMaterials.Scratch.LowEnergyRetardedCouncil.ActualFourBlockElastic.SourceActualFourBlockRealTransferDAGStructural (9.6s)
✔ [11765/11896] Built H0mework.Versions.R9c73a630.ReleaseMaterials.Scratch.LowEnergyRetardedCouncil.ActualFourBlockElastic.SourceActualFourBlockRealTransferDAG (8.0s)
✔ [11766/11896] Built H0mework.Versions.R9c73a630.ReleaseMaterials.Scratch.LowEnergyRetardedCouncil.ActualFourBlockElastic.SourceCanonical79ImaginaryGroup0 (26s)
✔ [11767/11896] Built H0mework.Versions.R9c73a630.ReleaseMaterials.Scratch.LowEnergyRetardedCouncil.ActualFourBlockElastic.SourceActualFourBlockRealTransferCanonicalInverseSelection (9.1s)
✔ [11768/11896] Built H0mework.Versions.R9c73a630.ReleaseMaterials.Scratch.LowEnergyRetardedCouncil.ActualFourBlockResponse.SourceActualFourBlockRetarded (12s)
✔ [11769/11896] Built H0mework.Versions.R9c73a630.ReleaseMaterials.Scratch.LowEnergyRetardedCouncil.ActualFourBlockOptical.SourceActualFourBlockDetector (10s)
✔ [11770/11896] Built H0mework.Versions.R9c73a630.ReleaseMaterials.Scratch.LowEnergyRetardedCouncil.ActualFourBlockElastic.SourceActualFourBlockRealTransferScalarRows (8.0s)
✔ [11771/11896] Built H0mework.Versions.R9c73a630.ReleaseMaterials.Scratch.LowEnergyRetardedCouncil.ActualFourBlockElastic.SourceActualCandidateBraLeftCoframe (27s)
✔ [11772/11896] Built H0mework.Versions.R9c73a630.ReleaseMaterials.Scratch.LowEnergyRetardedCouncil.ActualFourBlockElastic.SourceActualCandidateBraLeftPilot (11s)
✔ [11773/11896] Built H0mework.Versions.R9c73a630.ReleaseMaterials.Scratch.LowEnergyRetardedCouncil.ActualFourBlockElastic.SourceActualFourBlockImaginaryPoint (49s)
✔ [11774/11896] Built H0mework.Versions.R9c73a630.ReleaseMaterials.Scratch.LowEnergyRetardedCouncil.ActualFourBlockElastic.SourceActualCandidateBraEntryColumns (12s)
✔ [11775/11896] Built H0mework.Versions.R9c73a630.ReleaseMaterials.Scratch.LowEnergyRetardedCouncil.ActualFourBlockElastic.SourceActualFourBlockRealTransferCanonicalProof (11s)
✔ [11776/11896] Built H0mework.Versions.R9c73a630.ReleaseMaterials.Scratch.LowEnergyRetardedCouncil.ActualFourBlockElastic.SourceActualFourBlockRealTransferDAGTyped (12s)
✔ [11777/11896] Built H0mework.Versions.R9c73a630.ReleaseMaterials.Scratch.LowEnergyRetardedCouncil.ActualFourBlockElastic.SourceActualFourBlockRealTransferDAGStep (13s)
✔ [11778/11896] Built H0mework.Versions.R9c73a630.ReleaseMaterials.Scratch.LowEnergyRetardedCouncil.ActualFourBlockElastic.SourceCanonical79DAGFoldContinuation (10s)
✔ [11779/11896] Built H0mework.Versions.R9c73a630.ReleaseMaterials.Scratch.LowEnergyRetardedCouncil.ActualFourBlockResponse.SourceActualFourBlockCausalMass (10s)
✔ [11780/11896] Built H0mework.Versions.R9c73a630.ReleaseMaterials.Scratch.LowEnergyRetardedCouncil.ActualFourBlockElastic.SourceActualFourBlockRealTransferDAGPilot (25s)
✔ [11781/11896] Built H0mework.Versions.R9c73a630.ReleaseMaterials.Scratch.LowEnergyRetardedCouncil.ActualFourBlockResponse.SourceActualFourBlockHilbertOperator (12s)
✔ [11782/11896] Built H0mework.Versions.R9c73a630.ReleaseMaterials.Scratch.LowEnergyRetardedCouncil.ActualFourBlockElastic.SourceActualCandidateBraLeftLorentz (29s)
ℹ [11783/11896] Built H0mework.Versions.R9c73a630.ReleaseMaterials.Scratch.LowEnergyRetardedCouncil.ActualFourBlockElastic.SourceActualCandidateBraLeftGauge (26s)
info: H0mework/Versions/R9c73a630/ReleaseMaterials/Scratch/LowEnergyRetardedCouncil/ActualFourBlockElastic/SourceActualCandidateBraLeftGauge.lean:95:2: Try this:
  [apply] ring_nf
  
  The `ring` tactic failed to close the goal. Use `ring_nf` to obtain a normal form.
    
  Note that `ring` works primarily in *commutative* rings. If you have a noncommutative ring, abelian group or module, consider using `noncomm_ring`, `abel` or `module` instead.
info: H0mework/Versions/R9c73a630/ReleaseMaterials/Scratch/LowEnergyRetardedCouncil/ActualFourBlockElastic/SourceActualCandidateBraLeftGauge.lean:143:2: Try this:
  [apply] ring_nf
  
  The `ring` tactic failed to close the goal. Use `ring_nf` to obtain a normal form.
    
  Note that `ring` works primarily in *commutative* rings. If you have a noncommutative ring, abelian group or module, consider using `noncomm_ring`, `abel` or `module` instead.
✔ [11784/11896] Built H0mework.Versions.R9c73a630.ReleaseMaterials.Scratch.LowEnergyRetardedCouncil.ActualFourBlockElastic.SourceActualFourBlockRealTransferDual (10s)
✔ [11785/11896] Built H0mework.Versions.R9c73a630.ReleaseMaterials.Scratch.LowEnergyRetardedCouncil.ActualFourBlockElastic.SourceActualContactDualImaginaryCoefficients (19s)
✔ [11786/11896] Built H0mework.Versions.R9c73a630.ReleaseMaterials.Scratch.LowEnergyRetardedCouncil.ActualFourBlockElastic.SourceCanonical79ImaginarySourceMap (25s)
✔ [11787/11896] Built H0mework.Versions.R9c73a630.ReleaseMaterials.Scratch.LowEnergyRetardedCouncil.ActualFourBlockElastic.SourceCanonical79ImaginaryDenominators (42s)
✔ [11788/11896] Built H0mework.Versions.R9c73a630.ReleaseMaterials.Scratch.LowEnergyRetardedCouncil.ActualFourBlockElastic.SourceActualCandidateBraPairFold (9.4s)
✔ [11789/11896] Built H0mework.Versions.R9c73a630.ReleaseMaterials.Scratch.LowEnergyRetardedCouncil.ActualFourBlockElastic.SourceActualFourBlockRealTransferDAGSteps3 (66s)
✔ [11790/11896] Built H0mework.Versions.R9c73a630.ReleaseMaterials.Scratch.LowEnergyRetardedCouncil.ActualFourBlockElastic.SourceActualFourBlockRealTransferDAGSteps2 (74s)
✔ [11791/11896] Built H0mework.Versions.R9c73a630.ReleaseMaterials.Scratch.LowEnergyRetardedCouncil.ActualFourBlockElastic.SourceActualFourBlockRealTransferDAGSteps1 (78s)
✔ [11792/11896] Built H0mework.Versions.R9c73a630.ReleaseMaterials.Scratch.LowEnergyRetardedCouncil.ActualFourBlockElastic.SourceActualFourBlockRealTransferDAGSteps0 (133s)
✔ [11793/11896] Built H0mework.Versions.R9c73a630.ReleaseMaterials.Scratch.LowEnergyRetardedCouncil.ActualFourBlockElastic.SourceActualFourBlockRealTransferCanonicalNumeratorClosure (385s)
✔ [11794/11896] Built H0mework.Versions.R9c73a630.ReleaseMaterials.Scratch.LowEnergyRetardedCouncil.ActualFourBlockResponse.SourceActualFourBlockSharpCausalMass (15s)
✔ [11795/11896] Built H0mework.Versions.R9c73a630.ReleaseMaterials.Scratch.LowEnergyRetardedCouncil.ActualFourBlockElastic.SourceCanonical79ImaginaryGroupPilot (51s)
✔ [11796/11896] Built H0mework.Versions.R9c73a630.ReleaseMaterials.Scratch.LowEnergyRetardedCouncil.ActualFourBlockElastic.SourceActualFourBlockRealTransferDAGGroups0 (47s)
✔ [11797/11896] Built H0mework.Versions.R9c73a630.ReleaseMaterials.Scratch.LowEnergyRetardedCouncil.ActualFourBlockElastic.SourceActualBraContactData0 (10s)
✔ [11798/11896] Built H0mework.Versions.R9c73a630.ReleaseMaterials.Scratch.LowEnergyRetardedCouncil.ActualFourBlockElastic.SourceActualBraDualForms (31s)
✔ [11799/11896] Built H0mework.Versions.R9c73a630.ReleaseMaterials.Scratch.LowEnergyRetardedCouncil.ActualFourBlockElastic.SourceCanonical79SourcePolynomialLiterals (5.3s)
✔ [11800/11896] Built H0mework.Versions.R9c73a630.ReleaseMaterials.Scratch.LowEnergyRetardedCouncil.ActualFourBlockElastic.SourceCanonical79BraCurrentData (8.7s)
✔ [11801/11896] Built H0mework.Versions.R9c73a630.ReleaseMaterials.Scratch.LowEnergyRetardedCouncil.ActualFourBlockElastic.SourceCanonical79SourceSparseData (6.2s)
✔ [11802/11896] Built H0mework.Versions.R9c73a630.ReleaseMaterials.Scratch.LowEnergyRetardedCouncil.ActualFourBlockElastic.SourceActualCandidateBraSourceLeft (184s)
✔ [11803/11896] Built H0mework.Versions.R9c73a630.ReleaseMaterials.Scratch.LowEnergyRetardedCouncil.ActualFourBlockElastic.SourceActualCandidateBraPairs4 (151s)
✔ [11804/11896] Built H0mework.Versions.R9c73a630.ReleaseMaterials.Scratch.LowEnergyRetardedCouncil.ActualFourBlockElastic.SourceActualCandidateBraPairs3 (177s)
✔ [11805/11896] Built H0mework.Versions.R9c73a630.ReleaseMaterials.Scratch.LowEnergyRetardedCouncil.ActualFourBlockElastic.SourceActualCandidateBraPairs2 (161s)
✔ [11806/11896] Built H0mework.Versions.R9c73a630.ReleaseMaterials.Scratch.LowEnergyRetardedCouncil.ActualFourBlockElastic.SourceActualCandidateBraPairFastPilot (13s)
✔ [11807/11896] Built H0mework.Versions.R9c73a630.ReleaseMaterials.Scratch.LowEnergyRetardedCouncil.ActualFourBlockElastic.SourceActualCandidateBraPairPilot (10s)
✔ [11808/11896] Built H0mework.Versions.R9c73a630.ReleaseMaterials.Scratch.LowEnergyRetardedCouncil.ActualFourBlockElastic.SourceActualCandidateBraPairs1 (80s)
✔ [11809/11896] Built H0mework.Versions.R9c73a630.ReleaseMaterials.Scratch.LowEnergyRetardedCouncil.ActualFourBlockElastic.SourceCanonical79ImaginaryNumerator0 (21s)
✖ [11810/11896] Building H0mework.Versions.R9c73a630.ReleaseMaterials.Scratch.LowEnergyRetardedCouncil.ActualFourBlockResponse.SourceActualThreeParticleCutoffTime (25s)
trace: .> LEAN_PATH=./Lean/.lake/packages/Cli/.lake/build/lib/lean:./Lean/.lake/packages/batteries/.lake/build/lib/lean:./Lean/.lake/packages/Qq/.lake/build/lib/lean:./Lean/.lake/packages/aesop/.lake/build/lib/lean:./Lean/.lake/packages/proofwidgets/.lake/build/lib/lean:./Lean/.lake/packages/importGraph/.lake/build/lib/lean:./Lean/.lake/packages/LeanSearchClient/.lake/build/lib/lean:./Lean/.lake/packages/plausible/.lake/build/lib/lean:./Lean/.lake/packages/mathlib/.lake/build/lib/lean:./Lean/.lake/build/lib/lean runtime/elan/manual/lean-4.33.0-darwin_aarch64/bin/lean -DmaxHeartbeats=2000000 -Dweak.linter.unusedSectionVars=false -Dweak.linter.unnecessarySeqFocus=false -Dweak.linter.unusedVariables=false -Dweak.linter.unreachableTactic=false -Dweak.linter.unusedTactic=false -Dweak.linter.defProp=false -Dweak.linter.deprecated=false -Dlinter.deprecated=false -Dweak.linter.tacticAnalysis.introMerge=false -Dweak.linter.constructorNameAsVariable=false --trust=0 -Dweak.linter.unnecessarySimpa=false -Dweak.linter.style.haveILetI=false -Dweak.linter.unusedSimpArgs=false -DwarningAsError=true ./Lean/H0mework/Versions/R9c73a630/ReleaseMaterials/Scratch/LowEnergyRetardedCouncil/ActualFourBlockResponse/SourceActualThreeParticleCutoffTime.lean -o ./Lean/.lake/build/lib/lean/H0mework/Versions/R9c73a630/ReleaseMaterials/Scratch/LowEnergyRetardedCouncil/ActualFourBlockResponse/SourceActualThreeParticleCutoffTime.olean -i ./Lean/.lake/build/lib/lean/H0mework/Versions/R9c73a630/ReleaseMaterials/Scratch/LowEnergyRetardedCouncil/ActualFourBlockResponse/SourceActualThreeParticleCutoffTime.ilean -c ./Lean/.lake/build/ir/H0mework/Versions/R9c73a630/ReleaseMaterials/Scratch/LowEnergyRetardedCouncil/ActualFourBlockResponse/SourceActualThreeParticleCutoffTime.c --setup ./Lean/.lake/build/ir/H0mework/Versions/R9c73a630/ReleaseMaterials/Scratch/LowEnergyRetardedCouncil/ActualFourBlockResponse/SourceActualThreeParticleCutoffTime.setup.json --json
error: H0mework/Versions/R9c73a630/ReleaseMaterials/Scratch/LowEnergyRetardedCouncil/ActualFourBlockResponse/SourceActualThreeParticleCutoffTime.lean:100:9: Missing paid square helper: _private.SourceActualFourBlockSharpCausalMass.0.LowEnergy.ActualFourBlockSharpCausalMass.polynomial_wave_square_integrable
error: H0mework/Versions/R9c73a630/ReleaseMaterials/Scratch/LowEnergyRetardedCouncil/ActualFourBlockResponse/SourceActualThreeParticleCutoffTime.lean:103:8: No goals to be solved
error: H0mework/Versions/R9c73a630/ReleaseMaterials/Scratch/LowEnergyRetardedCouncil/ActualFourBlockResponse/SourceActualThreeParticleCutoffTime.lean:116:14: Missing paid causal helper: _private.SourceFullYUncutRetardedKernel.0.LowEnergy.FullYDynamicSourceNext.oriented_causal_limit
error: H0mework/Versions/R9c73a630/ReleaseMaterials/Scratch/LowEnergyRetardedCouncil/ActualFourBlockResponse/SourceActualThreeParticleCutoffTime.lean:112:61: unsolved goals
F : Index
n : ℕ
sharp advanced : Bool
μ : ℝ
hμ : 0 < μ
x : H
ξ : ℝ
z : ℂ := sourceLine advanced μ ξ
hz : if advanced = true then (sourceLine advanced μ ξ).im < 0 else 0 < (sourceLine advanced μ ξ).im
hn : z.im ≠ 0
⊢ (↑(FullYPairedParseval.direction advanced) * Complex.I) • 𝓕 (wave F n sharp advanced μ x) ξ =
    (branchInverse F n sharp (sourceLine advanced μ ξ)) x
error: H0mework/Versions/R9c73a630/ReleaseMaterials/Scratch/LowEnergyRetardedCouncil/ActualFourBlockResponse/SourceActualThreeParticleCutoffTime.lean:255:5: Missing paid Parseval helper: _private.SourceFullYPositiveOutputParseval.0.LowEnergy.FourGradeOutputParseval.baseline_time_square_integrable
error: H0mework/Versions/R9c73a630/ReleaseMaterials/Scratch/LowEnergyRetardedCouncil/ActualFourBlockResponse/SourceActualThreeParticleCutoffTime.lean:257:5: Missing paid Parseval helper: _private.SourceFullYPositiveOutputParseval.0.LowEnergy.FourGradeOutputParseval.baseline_frequency_square_integrable
error: H0mework/Versions/R9c73a630/ReleaseMaterials/Scratch/LowEnergyRetardedCouncil/ActualFourBlockResponse/SourceActualThreeParticleCutoffTime.lean:272:9: Missing paid Parseval helper: _private.SourceFullYPositiveOutputParseval.0.LowEnergy.FourGradeOutputParseval.baseline_square_mass
error: H0mework/Versions/R9c73a630/ReleaseMaterials/Scratch/LowEnergyRetardedCouncil/ActualFourBlockResponse/SourceActualThreeParticleCutoffTime.lean:274:13: Missing paid Parseval helper: _private.SourceFullYPositiveOutputParseval.0.LowEnergy.FourGradeOutputParseval.positive_output_parseval
error: H0mework/Versions/R9c73a630/ReleaseMaterials/Scratch/LowEnergyRetardedCouncil/ActualFourBlockResponse/SourceActualThreeParticleCutoffTime.lean:251:41: unsolved goals
u : ℝ → H
x : H
μ : ℝ
hμ : 0 < μ
hu : Integrable u volume
hu2 : Integrable (fun t => ‖u t‖ ^ 2) volume
hc : Continuous (u - causalWave μ fun x_1 => x)
hFc : Integrable (𝓕 (u - causalWave μ fun x_1 => x)) volume
b : ℝ → H := causalWave μ fun x_1 => x
hb : Integrable b volume
hb2 : Integrable (fun t => ‖b t‖ ^ 2) volume
hbF2 : Integrable (fun ξ => ‖𝓕 b ξ‖ ^ 2) volume
hc2 : Integrable (fun t => ‖(u - b) t‖ ^ 2) volume
hbu : Integrable (fun ξ => ⟪𝓕 b ξ, 𝓕 b ξ⟫_ℂ) volume
hbt : Integrable (fun t => ⟪b t, b t⟫_ℂ) volume
hebase : ∫ (ξ : ℝ), ⟪𝓕 b ξ, 𝓕 b ξ⟫_ℂ = ∫ (t : ℝ), ⟪b t, b t⟫_ℂ
⊢ ∫ (ξ : ℝ), ‖𝓕 u ξ‖ ^ 2 = ∫ (t : ℝ), ‖u t‖ ^ 2
error: H0mework/Versions/R9c73a630/ReleaseMaterials/Scratch/LowEnergyRetardedCouncil/ActualFourBlockResponse/SourceActualThreeParticleCutoffTime.lean:338:13: Missing paid Parseval helper: _private.SourceFullYPositiveOutputParseval.0.LowEnergy.FourGradeOutputParseval.one_sided_positive_parseval
error: H0mework/Versions/R9c73a630/ReleaseMaterials/Scratch/LowEnergyRetardedCouncil/ActualFourBlockResponse/SourceActualThreeParticleCutoffTime.lean:319:82: unsolved goals
F : Index
m ell : ℕ
sharp advanced : Bool
μ : ℝ
hμ : 0 < μ
x : H
u : ℝ → H := wave F ell sharp advanced μ x
v : ℝ → H := wave F m sharp advanced μ x
b : ℝ → H := causalWave μ fun x_1 => x
hu : Integrable (wave F ell sharp advanced μ x) volume
hv : Integrable (wave F m sharp advanced μ x) volume
hb : Integrable b volume
he : u - v = u - b - (v - b)
hc : Continuous (u - v)
hF : Integrable (𝓕 (u - v)) volume
⊢ ∫ (ξ : ℝ), ‖𝓕 (wave F ell sharp advanced μ x - wave F m sharp advanced μ x) ξ‖ ^ 2 =
    ∫ (t : ℝ), ‖wave F ell sharp advanced μ x t - wave F m sharp advanced μ x t‖ ^ 2
error: Lean exited with code 1
✔ [11811/11896] Built H0mework.Versions.R9c73a630.ReleaseMaterials.Scratch.LowEnergyRetardedCouncil.ActualFourBlockElastic.SourceActualFourBlockRealTransferDAGPrefix (121s)
✔ [11812/11896] Built H0mework.Versions.R9c73a630.ReleaseMaterials.Scratch.LowEnergyRetardedCouncil.ActualFourBlockElastic.SourceActualBraContactData1 (8.1s)
✔ [11813/11896] Built H0mework.Versions.R9c73a630.ReleaseMaterials.Scratch.LowEnergyRetardedCouncil.ActualFourBlockElastic.SourceActualBraDualRead (74s)
✔ [11814/11896] Built H0mework.Versions.R9c73a630.ReleaseMaterials.Scratch.LowEnergyRetardedCouncil.ActualFourBlockElastic.SourceCanonical79SourceSparseSums (5.9s)
✔ [11815/11896] Built H0mework.Versions.R9c73a630.ReleaseMaterials.Scratch.LowEnergyRetardedCouncil.ActualFourBlockElastic.SourceCanonical79SourceSparsePilot (6.4s)
✔ [11816/11896] Built H0mework.Versions.R9c73a630.ReleaseMaterials.Scratch.LowEnergyRetardedCouncil.ActualFourBlockElastic.SourceActualCandidateBraPairs0 (74s)
✔ [11817/11896] Built H0mework.Versions.R9c73a630.ReleaseMaterials.Scratch.LowEnergyRetardedCouncil.ActualFourBlockElastic.SourceActualFourBlockRealTransferDAGGroups1 (50s)
✔ [11818/11896] Built H0mework.Versions.R9c73a630.ReleaseMaterials.Scratch.LowEnergyRetardedCouncil.ActualFourBlockElastic.SourceCanonical79ImaginaryGroups (509s)
✔ [11819/11896] Built H0mework.Versions.R9c73a630.ReleaseMaterials.Scratch.LowEnergyRetardedCouncil.ActualFourBlockElastic.SourceActualBraContactRows2 (121s)
✔ [11820/11896] Built H0mework.Versions.R9c73a630.ReleaseMaterials.Scratch.LowEnergyRetardedCouncil.ActualFourBlockElastic.SourceActualBraContactRows3 (353s)
✔ [11821/11896] Built H0mework.Versions.R9c73a630.ReleaseMaterials.Scratch.LowEnergyRetardedCouncil.ActualFourBlockElastic.SourceActualBraContactRows1 (182s)
✔ [11822/11896] Built H0mework.Versions.R9c73a630.ReleaseMaterials.Scratch.LowEnergyRetardedCouncil.ActualFourBlockElastic.SourceActualBraContactRows0 (169s)
✔ [11823/11896] Built H0mework.Versions.R9c73a630.ReleaseMaterials.Scratch.LowEnergyRetardedCouncil.ActualFourBlockElastic.SourceCanonical79SourceContraction (9.4s)
✔ [11824/11896] Built H0mework.Versions.R9c73a630.ReleaseMaterials.Scratch.LowEnergyRetardedCouncil.ActualFourBlockElastic.SourceCanonical79SourceSparseRows4 (24s)
✔ [11825/11896] Built H0mework.Versions.R9c73a630.ReleaseMaterials.Scratch.LowEnergyRetardedCouncil.ActualFourBlockElastic.SourceCanonical79SourceSparseRows3 (25s)
✔ [11826/11896] Built H0mework.Versions.R9c73a630.ReleaseMaterials.Scratch.LowEnergyRetardedCouncil.ActualFourBlockElastic.SourceCanonical79SourceSparseRows2 (26s)
✔ [11827/11896] Built H0mework.Versions.R9c73a630.ReleaseMaterials.Scratch.LowEnergyRetardedCouncil.ActualFourBlockElastic.SourceActualBraDualPair (158s)
✔ [11828/11896] Built H0mework.Versions.R9c73a630.ReleaseMaterials.Scratch.LowEnergyRetardedCouncil.ActualFourBlockElastic.SourceCanonical79SourceSparseRows1 (22s)
✔ [11829/11896] Built H0mework.Versions.R9c73a630.ReleaseMaterials.Scratch.LowEnergyRetardedCouncil.ActualFourBlockElastic.SourceActualCandidateBraPairs (13s)
✔ [11830/11896] Built H0mework.Versions.R9c73a630.ReleaseMaterials.Scratch.LowEnergyRetardedCouncil.ActualFourBlockElastic.SourceCanonical79SourceSparseRows0 (21s)
✔ [11831/11896] Built H0mework.Versions.R9c73a630.ReleaseMaterials.Scratch.LowEnergyRetardedCouncil.ActualFourBlockElastic.SourceCanonical79BraNumerators3 (73s)
✔ [11832/11896] Built H0mework.Versions.R9c73a630.ReleaseMaterials.Scratch.LowEnergyRetardedCouncil.ActualFourBlockElastic.SourceActualFourBlockRealTransferDAGGroups2 (147s)
✔ [11833/11896] Built H0mework.Versions.R9c73a630.ReleaseMaterials.Scratch.LowEnergyRetardedCouncil.ActualFourBlockElastic.SourceCanonical79BraNumerators2 (120s)
✔ [11834/11896] Built H0mework.Versions.R9c73a630.ReleaseMaterials.Scratch.LowEnergyRetardedCouncil.ActualFourBlockElastic.SourceCanonical79BraNumerators1 (89s)
✔ [11835/11896] Built H0mework.Versions.R9c73a630.ReleaseMaterials.Scratch.LowEnergyRetardedCouncil.ActualFourBlockElastic.SourceActualBraContactDualContraction (17s)
✔ [11836/11896] Built H0mework.Versions.R9c73a630.ReleaseMaterials.Scratch.LowEnergyRetardedCouncil.ActualFourBlockElastic.SourceCanonical79BraNumerators0 (65s)
✔ [11837/11896] Built H0mework.Versions.R9c73a630.ReleaseMaterials.Scratch.LowEnergyRetardedCouncil.ActualFourBlockElastic.SourceActualBraDualExchange (23s)
✔ [11838/11896] Built H0mework.Versions.R9c73a630.ReleaseMaterials.Scratch.LowEnergyRetardedCouncil.ActualFourBlockElastic.SourceCanonical79BraCurrentFold (10s)
✔ [11839/11896] Built H0mework.Versions.R9c73a630.ReleaseMaterials.Scratch.LowEnergyRetardedCouncil.ActualFourBlockElastic.SourceCanonical79SourceSparseRows (10s)
✔ [11840/11896] Built H0mework.Versions.R9c73a630.ReleaseMaterials.Scratch.LowEnergyRetardedCouncil.ActualFourBlockElastic.SourceActualFourBlockRealTransferDAGGroups3 (89s)
✔ [11841/11896] Built H0mework.Versions.R9c73a630.ReleaseMaterials.Scratch.LowEnergyRetardedCouncil.ActualFourBlockElastic.SourceCanonical79BraScalarKernel (8.0s)
✔ [11842/11896] Built H0mework.Versions.R9c73a630.ReleaseMaterials.Scratch.LowEnergyRetardedCouncil.ActualFourBlockElastic.SourceCanonical79BraCurrentFastFold (10s)
✔ [11843/11896] Built H0mework.Versions.R9c73a630.ReleaseMaterials.Scratch.LowEnergyRetardedCouncil.ActualFourBlockElastic.SourceCanonical79NativeSourceRows (11s)
✔ [11844/11896] Built H0mework.Versions.R9c73a630.ReleaseMaterials.Scratch.LowEnergyRetardedCouncil.ActualFourBlockElastic.SourceCanonical79SourceConjugate (28s)
✔ [11845/11896] Built H0mework.Versions.R9c73a630.ReleaseMaterials.Scratch.LowEnergyRetardedCouncil.ActualFourBlockElastic.SourceActualFourBlockRealTransferCanonicalSource (15s)
✔ [11846/11896] Built H0mework.Versions.R9c73a630.ReleaseMaterials.Scratch.LowEnergyRetardedCouncil.ActualFourBlockElastic.SourceActualFourBlockRealTransferDAGGroups7 (9.8s)
✔ [11847/11896] Built H0mework.Versions.R9c73a630.ReleaseMaterials.Scratch.LowEnergyRetardedCouncil.ActualFourBlockElastic.SourceActualFourBlockBraPoint (212s)
✔ [11848/11896] Built H0mework.Versions.R9c73a630.ReleaseMaterials.Scratch.LowEnergyRetardedCouncil.ActualFourBlockElastic.SourceCanonical79BraScalarEntries5 (20s)
✔ [11849/11896] Built H0mework.Versions.R9c73a630.ReleaseMaterials.Scratch.LowEnergyRetardedCouncil.ActualFourBlockElastic.SourceCanonical79BraScalarEntries4 (15s)
✔ [11850/11896] Built H0mework.Versions.R9c73a630.ReleaseMaterials.Scratch.LowEnergyRetardedCouncil.ActualFourBlockElastic.SourceCanonical79BraScalarEntries3 (17s)
✔ [11851/11896] Built H0mework.Versions.R9c73a630.ReleaseMaterials.Scratch.LowEnergyRetardedCouncil.ActualFourBlockElastic.SourceCanonical79BraScalarEntries2 (18s)
✔ [11852/11896] Built H0mework.Versions.R9c73a630.ReleaseMaterials.Scratch.LowEnergyRetardedCouncil.ActualFourBlockElastic.SourceCanonical79BraScalarEntries1 (20s)
✔ [11853/11896] Built H0mework.Versions.R9c73a630.ReleaseMaterials.Scratch.LowEnergyRetardedCouncil.ActualFourBlockElastic.SourceCanonical79BraScalarEntries0 (19s)
✔ [11854/11896] Built H0mework.Versions.R9c73a630.ReleaseMaterials.Scratch.LowEnergyRetardedCouncil.ActualFourBlockElastic.SourceCanonical79BraCurrentFunctionFold (9.6s)
✔ [11855/11896] Built H0mework.Versions.R9c73a630.ReleaseMaterials.Scratch.LowEnergyRetardedCouncil.ActualFourBlockElastic.SourceCanonical79BraNativeCurrentFold (9.5s)
✔ [11856/11896] Built H0mework.Versions.R9c73a630.ReleaseMaterials.Scratch.LowEnergyRetardedCouncil.ActualFourBlockElastic.SourceCanonical79BraNativeZeroCurrents (11s)
✔ [11857/11896] Built H0mework.Versions.R9c73a630.ReleaseMaterials.Scratch.LowEnergyRetardedCouncil.ActualFourBlockElastic.SourceCanonical79NativeCurrentData (17s)
✔ [11858/11896] Built H0mework.Versions.R9c73a630.ReleaseMaterials.Scratch.LowEnergyRetardedCouncil.ActualFourBlockElastic.SourceActualFourBlockRealTransferDenominators (10s)
✔ [11859/11896] Built H0mework.Versions.R9c73a630.ReleaseMaterials.Scratch.LowEnergyRetardedCouncil.ActualFourBlockElastic.SourceActualFourBlockRealTransferCanonicalNumerator (7.5s)
✔ [11860/11896] Built H0mework.Versions.R9c73a630.ReleaseMaterials.Scratch.LowEnergyRetardedCouncil.ActualFourBlockElastic.SourceCanonical79BraScalarRows3 (42s)
✔ [11861/11896] Built H0mework.Versions.R9c73a630.ReleaseMaterials.Scratch.LowEnergyRetardedCouncil.ActualFourBlockElastic.SourceCanonical79BraScalarRows2 (41s)
✔ [11862/11896] Built H0mework.Versions.R9c73a630.ReleaseMaterials.Scratch.LowEnergyRetardedCouncil.ActualFourBlockElastic.SourceActualFourBlockRealTransferReader (92s)
✔ [11863/11896] Built H0mework.Versions.R9c73a630.ReleaseMaterials.Scratch.LowEnergyRetardedCouncil.ActualFourBlockElastic.SourceCanonical79BraScalarRows1 (35s)
✔ [11864/11896] Built H0mework.Versions.R9c73a630.ReleaseMaterials.Scratch.LowEnergyRetardedCouncil.ActualFourBlockElastic.SourceCanonical79BraScalarRows0 (34s)
✔ [11865/11896] Built H0mework.Versions.R9c73a630.ReleaseMaterials.Scratch.LowEnergyRetardedCouncil.ActualFourBlockElastic.SourceCanonical79BraNativeRightRead (10s)
✔ [11866/11896] Built H0mework.Versions.R9c73a630.ReleaseMaterials.Scratch.LowEnergyRetardedCouncil.ActualFourBlockElastic.SourceCanonical79BraHeavyZeroCurrents (12s)
✔ [11867/11896] Built H0mework.Versions.R9c73a630.ReleaseMaterials.Scratch.LowEnergyRetardedCouncil.ActualFourBlockElastic.SourceCanonical79BraHeavyCurrent48 (77s)
✔ [11868/11896] Built H0mework.Versions.R9c73a630.ReleaseMaterials.Scratch.LowEnergyRetardedCouncil.ActualFourBlockElastic.SourceCanonical79BraNativeCurrentPilot (63s)
✔ [11869/11896] Built H0mework.Versions.R9c73a630.ReleaseMaterials.Scratch.LowEnergyRetardedCouncil.ActualFourBlockElastic.SourceCanonical79BraNativeCurrentRows2 (269s)
✔ [11870/11896] Built H0mework.Versions.R9c73a630.ReleaseMaterials.Scratch.LowEnergyRetardedCouncil.ActualFourBlockElastic.SourceCanonical79BraHeavyCurrent52 (460s)
✔ [11871/11896] Built H0mework.Versions.R9c73a630.ReleaseMaterials.Scratch.LowEnergyRetardedCouncil.ActualFourBlockElastic.SourceActualFourBlockRealTransferCanonical (10s)
✔ [11872/11896] Built H0mework.Versions.R9c73a630.ReleaseMaterials.Scratch.LowEnergyRetardedCouncil.ActualFourBlockElastic.SourceActualFourBlockRealTransferFiberCarrier (105s)
✔ [11873/11896] Built H0mework.Versions.R9c73a630.ReleaseMaterials.Scratch.LowEnergyRetardedCouncil.ActualFourBlockElastic.SourceCanonical79BraScalarContraction (39s)
✔ [11874/11896] Built H0mework.Versions.R9c73a630.ReleaseMaterials.Scratch.LowEnergyRetardedCouncil.ActualFourBlockElastic.SourceCanonical79BraHeavyDeltaFold (10s)
✔ [11875/11896] Built H0mework.Versions.R9c73a630.ReleaseMaterials.Scratch.LowEnergyRetardedCouncil.ActualFourBlockElastic.SourceCanonical79BraNativeCurrentRows3 (496s)
✔ [11876/11896] Built H0mework.Versions.R9c73a630.ReleaseMaterials.Scratch.LowEnergyRetardedCouncil.ActualFourBlockElastic.SourceCanonical79BraNativeCurrentRows1 (294s)
✔ [11877/11896] Built H0mework.Versions.R9c73a630.ReleaseMaterials.Scratch.LowEnergyRetardedCouncil.ActualFourBlockElastic.SourceCanonical79BraHeavyCurrentPilot (11s)
✔ [11878/11896] Built H0mework.Versions.R9c73a630.ReleaseMaterials.Scratch.LowEnergyRetardedCouncil.ActualFourBlockElastic.SourceActualFourBlockRealTransferAmplitude (13s)
✔ [11879/11896] Built H0mework.Versions.R9c73a630.ReleaseMaterials.Scratch.LowEnergyRetardedCouncil.ActualFourBlockElastic.SourceActualFourBlockRealTransferLocalAnalytic (12s)
✔ [11880/11896] Built H0mework.Versions.R9c73a630.ReleaseMaterials.Scratch.LowEnergyRetardedCouncil.ActualFourBlockElastic.SourceCanonical79BraNativeCurrentRows0 (120s)
✔ [11881/11896] Built H0mework.Versions.R9c73a630.ReleaseMaterials.Scratch.LowEnergyRetardedCouncil.ActualFourBlockElastic.SourceActualFourBlockRealTransferFiber (6.7s)
✔ [11882/11896] Built H0mework.Versions.R9c73a630.ReleaseMaterials.Scratch.LowEnergyRetardedCouncil.ActualFourBlockElastic.SourceCanonical79BraNativeCurrents (7.8s)
✔ [11883/11896] Built H0mework.Versions.R9c73a630.ReleaseMaterials.Scratch.LowEnergyRetardedCouncil.ActualFourBlockElastic.SourceCanonical79BraHeavyDeltaPilot (175s)
✔ [11884/11896] Built H0mework.Versions.R9c73a630.ReleaseMaterials.Scratch.LowEnergyRetardedCouncil.ActualFourBlockElastic.SourceCanonical79BraHeavyCurrents2 (1126s)
✔ [11885/11896] Built H0mework.Versions.R9c73a630.ReleaseMaterials.Scratch.LowEnergyRetardedCouncil.ActualFourBlockElastic.SourceCanonical79BraHeavyCurrents1 (1272s)
✔ [11886/11896] Built H0mework.Versions.R9c73a630.ReleaseMaterials.Scratch.LowEnergyRetardedCouncil.ActualFourBlockElastic.SourceCanonical79BraHeavyCurrents3 (447s)
✔ [11887/11896] Built H0mework.Versions.R9c73a630.ReleaseMaterials.Scratch.LowEnergyRetardedCouncil.ActualFourBlockElastic.SourceCanonical79BraHeavyCurrents4 (442s)
✔ [11888/11896] Built H0mework.Versions.R9c73a630.ReleaseMaterials.Scratch.LowEnergyRetardedCouncil.ActualFourBlockElastic.SourceCanonical79BraHeavyCurrents0 (436s)
✔ [11889/11896] Built H0mework.Versions.R9c73a630.ReleaseMaterials.Scratch.LowEnergyRetardedCouncil.ActualFourBlockElastic.SourceCanonical79BraHeavyCurrents (8.8s)
✔ [11890/11896] Built H0mework.Versions.R9c73a630.ReleaseMaterials.Scratch.LowEnergyRetardedCouncil.ActualFourBlockElastic.SourceCanonical79BraCurrents (8.1s)
✔ [11891/11896] Built H0mework.Versions.R9c73a630.ReleaseMaterials.Scratch.LowEnergyRetardedCouncil.ActualFourBlockElastic.SourceCanonical79BraSourceCurrent (6.3s)
✔ [11892/11896] Built H0mework.Versions.R9c73a630.ReleaseMaterials.Scratch.LowEnergyRetardedCouncil.ActualFourBlockElastic.SourceCanonical79BraSourceContraction (6.3s)
✔ [11893/11896] Built H0mework.Versions.R9c73a630.ReleaseMaterials.Scratch.LowEnergyRetardedCouncil.ActualFourBlockElastic.SourceActualFourBlockElasticNonzero (6.8s)
✔ [11894/11896] Built H0mework.Versions.R9c73a630.ReleaseMaterials.Scratch.LowEnergyRetardedCouncil.ActualFourBlockElastic.SourceActualFourBlockRealTransferWindow (5.0s)
✔ [11895/11896] Built H0mework.Versions.R9c73a630.ReleaseMaterials.Scratch.LowEnergyRetardedCouncil.ActualFourBlockElastic.SourceActualFourBlockRealTransferUniformWindow (8.5s)
Some required targets logged failures:
- H0mework.Versions.R9c73a630.ReleaseMaterials.Scratch.LowEnergyRetardedCouncil.ActualFourBlockResponse.SourceActualThreeParticleCutoffTime
error: build failed
