warning: mathlib: repository './Lean/.lake/packages/mathlib' has local changes
warning: batteries: repository './Lean/.lake/packages/batteries' has local changes
ℹ [349/380] Replayed H0mework.Foundation.Source.Root
info: H0mework/Foundation/Source/Root.lean:544:0: 'SaturationMonoid.ResponsibilityLifecycle.LivingLawEvolution.ConstructiveRoot.LedgerEntryEvolutionAt.toDebtLineage' does not depend on any axioms
ℹ [545/582] Replayed H0mework.Foundation.Semantics.TheoryState
info: H0mework/Foundation/Semantics/TheoryState.lean:137:0: 'SaturationMonoid.ResponsibilityLifecycle.LivingLawEvolution.TheoryState.rootSemantic_actualExpressibilityFailure_isEmpty' does not depend on any axioms
ℹ [559/582] Replayed H0mework.Foundation.Ledger.OriginOrBirth
info: H0mework/Foundation/Ledger/OriginOrBirth.lean:141:0: 'SaturationMonoid.ResponsibilityLifecycle.LivingLawEvolution.ConstructiveRoot.ExactTargetDebtOriginAt.excludesFresh' does not depend on any axioms
info: H0mework/Foundation/Ledger/OriginOrBirth.lean:142:0: 'SaturationMonoid.ResponsibilityLifecycle.LivingLawEvolution.ConstructiveRoot.LedgerWriteEvolutionAt.targetOldOrigin' does not depend on any axioms
info: H0mework/Foundation/Ledger/OriginOrBirth.lean:143:0: 'SaturationMonoid.ResponsibilityLifecycle.LivingLawEvolution.ConstructiveRoot.LedgerWriteEvolutionAt.excludesTargetFresh' does not depend on any axioms
info: H0mework/Foundation/Ledger/OriginOrBirth.lean:144:0: 'SaturationMonoid.ResponsibilityLifecycle.LivingLawEvolution.ConstructiveRoot.ExactTargetOldOriginProvenanceAt.excludesBirthFreshness' does not depend on any axioms
ℹ [560/582] Replayed H0mework.Realization.Audit.DebtFirstWrite
info: H0mework/Realization/Audit/DebtFirstWrite.lean:187:0: 'SaturationMonoid.ResponsibilityLifecycle.LivingLawEvolution.ConstructiveRoot.DebtAdmissionFirstWrite.SourceGeneratedDebtAdmissionFirstWriteAt.initialBudget_positive' depends on axioms: [propext]
info: H0mework/Realization/Audit/DebtFirstWrite.lean:188:0: 'SaturationMonoid.ResponsibilityLifecycle.LivingLawEvolution.ConstructiveRoot.DebtAdmissionFirstWrite.ordinaryEvolution_cannot_admit' depends on axioms: [propext]
ℹ [566/756] Replayed H0mework.Versions.R2.Foundation.Source.SequentialAction
info: H0mework/Versions/R2/Foundation/Source/SequentialAction.lean:348:0: 'SaturationMonoid.ResponsibilityLifecycle.LivingLawEvolution.ConstructiveRoot.RootInquiryCompletion.SourceNativeSequentialActualActionTargetAt.initialOpenLedger_injective' does not depend on any axioms
info: H0mework/Versions/R2/Foundation/Source/SequentialAction.lean:349:0: 'SaturationMonoid.ResponsibilityLifecycle.LivingLawEvolution.ConstructiveRoot.RootInquiryCompletion.SourceNativeSequentialActualActionTargetAt.targetAnswerAndNext_next_eq' does not depend on any axioms
ℹ [568/756] Replayed H0mework.Versions.R2.Foundation.Inquiry.SemanticRevision
info: H0mework/Versions/R2/Foundation/Inquiry/SemanticRevision.lean:842:0: 'SaturationMonoid.ResponsibilityLifecycle.LivingLawEvolution.ConstructiveRoot.TypedSemanticWorldNetworkU8.GeneratedTypedSemanticWorldNetworkRevisionAt.SourceGeneratedFirstWriteGenuineSplitAt.ofCompilerSelectedSplit' does not depend on any axioms
info: H0mework/Versions/R2/Foundation/Inquiry/SemanticRevision.lean:843:0: 'SaturationMonoid.ResponsibilityLifecycle.LivingLawEvolution.ConstructiveRoot.TypedSemanticWorldNetworkU8.FieldGroundedTypedSemanticWorldNetworkRevisionAt.ofSourceGeneratedRestructuring' does not depend on any axioms
info: H0mework/Versions/R2/Foundation/Inquiry/SemanticRevision.lean:844:0: 'SaturationMonoid.ResponsibilityLifecycle.LivingLawEvolution.ConstructiveRoot.TypedSemanticWorldNetworkU8.FieldGroundedTypedSemanticWorldNetworkRevisionAt.eq_of_generate_eq' does not depend on any axioms
ℹ [571/756] Replayed H0mework.Versions.R2.Foundation.Inquiry.Protocol
info: H0mework/Versions/R2/Foundation/Inquiry/Protocol.lean:1356:0: 'SaturationMonoid.ResponsibilityLifecycle.LivingLawEvolution.ConstructiveRoot.RootInquiryCompletion.SourceNativeInquiryCofaceRealizationAt.ofExactCofaceSource' does not depend on any axioms
info: H0mework/Versions/R2/Foundation/Inquiry/Protocol.lean:1357:0: 'SaturationMonoid.ResponsibilityLifecycle.LivingLawEvolution.ConstructiveRoot.RootInquiryCompletion.SourceNativeInquiryCofaceRealizationAt.ofGeneratedRevision' does not depend on any axioms
ℹ [573/756] Replayed H0mework.Versions.R2.Foundation.Inquiry.Engine
info: H0mework/Versions/R2/Foundation/Inquiry/Engine.lean:1341:0: 'SaturationMonoid.ResponsibilityLifecycle.LivingLawEvolution.ConstructiveRoot.RootInquiryCompletion.RootInquiryProcessNode.active_directlyAnswered_successor_valid' depends on axioms: [propext]
info: H0mework/Versions/R2/Foundation/Inquiry/Engine.lean:1342:0: 'SaturationMonoid.ResponsibilityLifecycle.LivingLawEvolution.ConstructiveRoot.RootInquiryCompletion.RootInquiryProcessNode.active_directlyAnswered_terminalHandoff_successor_valid' depends on axioms: [propext]
info: H0mework/Versions/R2/Foundation/Inquiry/Engine.lean:1343:0: 'SaturationMonoid.ResponsibilityLifecycle.LivingLawEvolution.ConstructiveRoot.RootInquiryCompletion.RootInquiryProcessNode.active_actualAction_successor_valid' depends on axioms: [propext]
ℹ [3246/3257] Replayed H0mework.Versions.R2.Foundation.Responsibility.NoetherianClosure
info: H0mework/Versions/R2/Foundation/Responsibility/NoetherianClosure.lean:586:0: 'SaturationMonoid.ResponsibilityLifecycle.LivingLawEvolution.ConstructiveRoot.no_noetherianDebtClosureLaw_of_budget_eq_zero_of_noLocalTerminal' does not depend on any axioms
info: H0mework/Versions/R2/Foundation/Responsibility/NoetherianClosure.lean:587:0: 'SaturationMonoid.ResponsibilityLifecycle.LivingLawEvolution.ConstructiveRoot.sourceNativePaidRootDebtContinuationRel_wellFounded' does not depend on any axioms
info: H0mework/Versions/R2/Foundation/Responsibility/NoetherianClosure.lean:588:0: 'SaturationMonoid.ResponsibilityLifecycle.LivingLawEvolution.ConstructiveRoot.no_paidRootDebtMacro_self_return' does not depend on any axioms
✔ [3725/4508] Built H0mework.Versions.PR.Realization.Operations.Inquiry.Context.Faces.Execution.Activation.Inventory.Pair.Residual.Joint.Past.InventoryTransport (15s)
✔ [3726/4508] Built H0mework.Versions.C62.Realization.Operations.Inquiry.Context.Faces.Execution.Activation.Inventory.Pair.Residual.Joint.Past.InventoryTransport (14s)
✔ [3727/4508] Built H0mework.Versions.C62.Realization.Operations.Inquiry.Context.Faces.Execution.Activation.Inventory.Pair.Residual.Joint.Past.NextObservation.Request.Installation (9.2s)
✔ [3728/4508] Built H0mework.Versions.PR.Realization.Operations.Inquiry.Context.Faces.Execution.Activation.Inventory.Pair.Residual.Joint.Past.NextObservation.Request.Installation (9.3s)
✔ [3729/4508] Built H0mework.Versions.PR.Realization.Operations.Inquiry.Context.Faces.Execution.Activation.Inventory.Pair.Residual.Joint.Past.NextObservation.Request.InverseConsumer (16s)
✔ [3730/4508] Built H0mework.Versions.C62.Realization.Operations.Inquiry.Context.Faces.Execution.Activation.Inventory.Pair.Residual.Joint.Past.NextObservation.Request.InverseConsumer (16s)
✔ [3731/4508] Built H0mework.Versions.PR.Realization.Operations.Inquiry.Context.Faces.Execution.Activation.Inventory.Pair.Residual.Joint.Past.NextObservation.Request.Runtime (19s)
✔ [3732/4508] Built H0mework.Versions.C62.Realization.Operations.Inquiry.Context.Faces.Execution.Activation.Inventory.Pair.Residual.Joint.Past.NextObservation.Request.Runtime (19s)
✔ [3733/4508] Built H0mework.Versions.C62.Realization.Operations.Inquiry.Context.Faces.Execution.Activation.Inventory.Pair.Residual.Joint.Past.NextObservation.Request.Acted.Source (5.9s)
✔ [3734/4508] Built H0mework.Versions.PR.Realization.Operations.Inquiry.Context.Faces.Execution.Activation.Inventory.Pair.Residual.Joint.Past.NextObservation.Request.Acted.Source (5.9s)
✔ [3735/4508] Built H0mework.Versions.PR.Realization.Operations.Inquiry.Context.Faces.Execution.Activation.Inventory.Pair.Residual.Joint.Past.NextObservation.Request.UpdatedFaces.Source (10s)
✔ [3736/4508] Built H0mework.Versions.C62.Realization.Operations.Inquiry.Context.Faces.Execution.Activation.Inventory.Pair.Residual.Joint.Past.NextObservation.Request.UpdatedFaces.Source (10s)
✔ [3737/4508] Built H0mework.Versions.PR.Realization.Operations.Tree.Fold.Dependent.Branch.JointQuery.Continuation.Source (9.8s)
✔ [3738/4508] Built H0mework.Versions.PR.Realization.Operations.Inquiry.Context.Faces.Execution.Activation.Inventory.Pair.Residual.Joint.Past.NextObservation.Request.Acted.Consumer (13s)
✔ [3739/4508] Built H0mework.Versions.C62.Realization.Operations.Inquiry.Context.Faces.Execution.Activation.Inventory.Pair.Residual.Joint.Past.NextObservation.Request.UpdatedFaces.Consumer (9.2s)
✔ [3740/4508] Built H0mework.Versions.PR.Realization.Operations.Inquiry.Context.Faces.Execution.Activation.Inventory.Pair.Residual.Joint.Past.NextObservation.Request.UpdatedFaces.Consumer (9.4s)
✔ [3741/4508] Built H0mework.Versions.C62.Realization.Operations.Inquiry.Context.Faces.Execution.Activation.Inventory.Pair.Residual.Joint.Past.NextObservation.Request.Acted.Consumer (13s)
✔ [3742/4508] Built H0mework.Versions.PR.Realization.Operations.Inquiry.Context.Faces.Execution.Activation.Receipt.Configured.Source (15s)
✔ [3743/4508] Built H0mework.Versions.C62.Realization.Operations.Inquiry.Context.Faces.Execution.Activation.Receipt.Configured.Source (15s)
✔ [3744/4508] Built H0mework.Versions.PR.Realization.Operations.Tree.Fold.Dependent.Branch.JointQuery.Receipt.Source (9.3s)
✔ [3745/4508] Built H0mework.Versions.PR.Realization.Operations.Tree.Fold.Dependent.Branch.Primary.Source (6.7s)
✔ [3746/4508] Built H0mework.Versions.PR.Realization.Operations.Inquiry.Context.Faces.Execution.Activation.Inventory.Pair.Residual.Joint.Past.NextObservation.Request.Acted.Inventory.Consumer (6.6s)
✔ [3747/4508] Built H0mework.Versions.PR.Realization.Operations.Tree.Fold.Dependent.Joint.Primary.Source (7.6s)
✔ [3748/4508] Built H0mework.Versions.C62.Realization.Operations.Inquiry.Context.Faces.Execution.Activation.Inventory.Pair.Residual.Joint.Past.NextObservation.Request.UpdatedFaces.InverseRead (8.7s)
✔ [3749/4508] Built H0mework.Versions.PR.Realization.Operations.Inquiry.Context.Faces.Execution.Activation.Inventory.Pair.Residual.Joint.Past.NextObservation.Request.UpdatedFaces.InverseRead (8.7s)
✔ [3750/4508] Built H0mework.Versions.PR.Realization.Operations.Tree.Fold.Dependent.Branch.JointQuery.Actor.Operation.Query.Inventory.Observer.CurrentChild.Dynamic.Live.Native.Action.Coupled.Registry.Calculation.Common.Feedback.Continuation.Stock (7.0s)
✔ [3751/4508] Built H0mework.Versions.C62.Realization.Operations.Inquiry.Context.Faces.Execution.Activation.Inventory.Pair.Residual.Joint.Past.NextObservation.Request.Acted.Inventory.Consumer (6.0s)
✔ [3752/4508] Built H0mework.Versions.C62.Realization.Operations.Tree.Fold.Dependent.Branch.JointQuery.Actor.Operation.Query.Inventory.Observer.CurrentChild.Dynamic.Live.Native.Action.Coupled.Registry.Calculation.Common.Feedback.Continuation.Stock (7.2s)
✔ [3753/4508] Built H0mework.Versions.PR.Realization.Operations.Tree.Fold.Dependent.Branch.JointQuery.Receipt.Born.Source (5.8s)
✔ [3754/4508] Built H0mework.Versions.PR.Realization.Operations.Inquiry.Context.Faces.Execution.Activation.Receipt.Configured.Consumer (10s)
✔ [3755/4508] Built H0mework.Versions.C62.Realization.Operations.Tree.Fold.Dependent.Joint.ActionWords.Inventory.Installation (7.1s)
✔ [3756/4508] Built H0mework.Versions.C62.Realization.Operations.Inquiry.Context.Faces.Execution.Activation.Receipt.Configured.Consumer (10s)
✔ [3757/4508] Built H0mework.Versions.PR.Realization.Operations.Tree.Fold.Dependent.Branch.Primary.Consumer (7.0s)
✔ [3758/4508] Built H0mework.Versions.PR.Realization.Operations.Tree.Fold.Dependent.Joint.Primary.Consumer (9.1s)
✔ [3759/4508] Built H0mework.Versions.PR.Realization.Operations.Tree.Fold.Dependent.Branch.Relation.Incoming.Request.Action.Continuation.Source (4.7s)
✔ [3760/4508] Built H0mework.Versions.PR.Realization.Operations.Tree.Fold.Dependent.Branch.Relation.Incoming.Request.WriteBack.Runtime (7.9s)
✔ [3761/4508] Built H0mework.Versions.PR.Realization.Operations.Tree.Fold.Dependent.Joint.ActionWords.Installation (6.1s)
✔ [3762/4508] Built H0mework.Versions.PR.Realization.Operations.Tree.Fold.Dependent.Joint.ActionWords.Inventory.Installation (6.1s)
✔ [3763/4508] Built H0mework.Versions.PR.Realization.Operations.Tree.Fold.Dependent.Branch.JointQuery.Receipt.Born.Stock.Source (6.7s)
✔ [3764/4508] Built H0mework.Versions.PR.Realization.Operations.Tree.Fold.Dependent.Branch.Relation.Incoming.Request.Action.Continuation.Consumer (6.0s)
✔ [3765/4508] Built H0mework.Versions.PR.Realization.Operations.Tree.Fold.Dependent.Branch.Relation.Incoming.Request.Action.Runtime (5.6s)
✔ [3766/4508] Built H0mework.Versions.C62.Realization.Operations.Tree.Fold.Dependent.Joint.ActionWords.Inventory.Consumer (14s)
✔ [3767/4508] Built H0mework.Versions.PR.Realization.Operations.Tree.Fold.Dependent.Joint.ActionWords.Consumer (9.9s)
✔ [3768/4508] Built H0mework.Versions.PR.Realization.Operations.Tree.Fold.Dependent.Joint.ActionWords.Inventory.Consumer (13s)
✔ [3769/4508] Built H0mework.Versions.PR.Realization.Operations.Tree.Fold.Dependent.Branch.Relation.Complete (6.4s)
✔ [3770/4508] Built H0mework.Versions.PR.Realization.Operations.Tree.Fold.Dependent.Branch.JointQuery.Receipt.Born.Stock.Consumer (16s)
✔ [3771/4508] Built H0mework.Versions.PR.Realization.Operations.Tree.Fold.Dependent.Joint.ActionWords.NextInput (8.5s)
✔ [3772/4508] Built H0mework.Versions.C62.Realization.Operations.Tree.Fold.Dependent.Joint.ActionWords.Inventory.NextInput (9.4s)
✔ [3773/4508] Built H0mework.Versions.PR.Realization.Operations.Tree.Fold.Dependent.Next.Pursuit (5.4s)
✔ [3774/4508] Built H0mework.Versions.PR.Realization.Operations.Tree.Fold.Dependent.Joint.ActionWords.Inventory.NextInput (9.9s)
✔ [3775/4508] Built H0mework.Versions.PR.Realization.Operations.Tree.Fold.Dependent.Next.PursuitConsumer (7.4s)
✔ [3776/4508] Built H0mework.Versions.C62.Realization.Operations.Tree.Fold.Dependent.Joint.ActionWords.Inventory.Covariance.Source (11s)
✔ [3777/4508] Built H0mework.Versions.PR.Realization.Operations.Tree.Fold.Dependent.Branch.JointQuery.Receipt.Consumer (48s)
✔ [3778/4508] Built H0mework.Versions.PR.Realization.Operations.Tree.Fold.Dependent.Joint.ActionWords.Inventory.Covariance.Source (11s)
✔ [3779/4508] Built H0mework.Versions.C62.Realization.Operations.Tree.Fold.Dependent.Joint.ActionWords.Inventory.Covariance.Programme (9.1s)
✔ [3780/4508] Built H0mework.Versions.PR.Realization.Operations.Tree.Fold.Dependent.Joint.ActionWords.Inventory.Covariance.Programme (6.2s)
✔ [3781/4508] Built H0mework.Versions.C62.Realization.Operations.Tree.Fold.Dependent.Joint.ActionWords.Inventory.Covariance.PairMaterial (3.8s)
✔ [3782/4508] Built H0mework.Versions.PR.Realization.Operations.Tree.Fold.Dependent.Joint.ActionWords.Inventory.Covariance.PairMaterial (3.1s)
✔ [3783/4508] Built H0mework.Versions.C62.Realization.Operations.Tree.Fold.Dependent.Joint.ActionWords.Inventory.Covariance.Installation (5.4s)
✔ [3784/4508] Built H0mework.Versions.PR.Realization.Operations.Tree.Fold.Dependent.Joint.ActionWords.Inventory.Covariance.Installation (5.5s)
✔ [3785/4508] Built H0mework.Versions.PR.Realization.Operations.Tree.Fold.Dependent.Joint.ActionWords.Inventory.Covariance.Consumer (7.3s)
✔ [3786/4508] Built H0mework.Versions.C62.Realization.Operations.Tree.Fold.Dependent.Joint.ActionWords.Inventory.Covariance.Consumer (8.3s)
✔ [3787/4508] Built H0mework.Versions.PR.Realization.Operations.Tree.Fold.Dependent.Joint.ActionWords.Inventory.Covariance.Evolution (31s)
✔ [3788/4508] Built H0mework.Versions.C62.Realization.Operations.Tree.Fold.Dependent.Joint.ActionWords.Inventory.Covariance.Evolution (32s)
✔ [3789/4508] Built H0mework.Versions.PR.Realization.Operations.Tree.Fold.Dependent.Joint.ActionWords.Inventory.EffectHistory.Source (8.1s)
✔ [3790/4508] Built H0mework.Versions.C62.Realization.Operations.Tree.Fold.Dependent.Joint.ActionWords.Inventory.EffectHistory.Source (6.9s)
✔ [3791/4508] Built H0mework.Versions.C62.Realization.Operations.Tree.Fold.Dependent.Joint.ActionWords.Inventory.EffectHistory.Programme (15s)
✔ [3792/4508] Built H0mework.Versions.PR.Realization.Operations.Tree.Fold.Dependent.Joint.ActionWords.Inventory.EffectHistory.Programme (16s)
✔ [3793/4508] Built H0mework.Versions.C62.Realization.Operations.Tree.Fold.Dependent.Joint.ActionWords.Inventory.EffectHistory.History (6.1s)
✔ [3794/4508] Built H0mework.Versions.PR.Realization.Operations.Tree.Fold.Dependent.Joint.ActionWords.Inventory.EffectHistory.History (6.1s)
✔ [3795/4508] Built H0mework.Versions.PR.Realization.Operations.Tree.Fold.Dependent.Joint.ActionWords.Inventory.EffectHistory.Installation (20s)
✔ [3796/4508] Built H0mework.Versions.C62.Realization.Operations.Tree.Fold.Dependent.Joint.ActionWords.Inventory.EffectHistory.Installation (20s)
✔ [3797/4508] Built H0mework.Versions.PR.Realization.Operations.Tree.Fold.Dependent.Joint.ActionWords.Inventory.EffectHistory.Consumer (24s)
✔ [3798/4508] Built H0mework.Versions.C62.Realization.Operations.Tree.Fold.Dependent.Joint.ActionWords.Inventory.EffectHistory.Consumer (24s)
✔ [3799/4508] Built H0mework.Versions.PR.Realization.Operations.Tree.Fold.Dependent.Joint.ActionWords.Inventory.Complete.Source (8.5s)
✔ [3800/4508] Built H0mework.Versions.C62.Realization.Operations.Tree.Fold.Dependent.Joint.ActionWords.Inventory.Complete.Source (8.6s)
✔ [3801/4508] Built H0mework.Versions.PR.Realization.Operations.Tree.Fold.Dependent.Joint.ActionWords.Inventory.Complete.Programme (11s)
✔ [3802/4508] Built H0mework.Versions.C62.Realization.Operations.Tree.Fold.Dependent.Joint.ActionWords.Inventory.Complete.Programme (11s)
✔ [3803/4508] Built H0mework.Versions.PR.Realization.Operations.Tree.Fold.Dependent.Joint.ActionWords.Inventory.Complete.Acted (30s)
✔ [3804/4508] Built H0mework.Versions.C62.Realization.Operations.Tree.Fold.Dependent.Joint.ActionWords.Inventory.Complete.Acted (29s)
✔ [3805/4508] Built H0mework.Versions.PR.Realization.Operations.Tree.Fold.Dependent.Joint.ActionWords.Inventory.Complete.Installation (11s)
✔ [3806/4508] Built H0mework.Versions.C62.Realization.Operations.Tree.Fold.Dependent.Joint.ActionWords.Inventory.Complete.Installation (11s)
✔ [3807/4508] Built H0mework.Versions.PR.Realization.Operations.Tree.Fold.Dependent.Joint.ActionWords.Inventory.Complete.Consumer (30s)
✔ [3808/4508] Built H0mework.Versions.C62.Realization.Operations.Tree.Fold.Dependent.Joint.ActionWords.Inventory.Complete.Consumer (30s)
✔ [3809/4508] Built H0mework.Versions.PR.Realization.Operations.Tree.Fold.Dependent.Joint.ActionWords.Inventory.Covariance.Execution.Source (63s)
✔ [3810/4508] Built H0mework.Versions.C62.Realization.Operations.Tree.Fold.Dependent.Joint.ActionWords.Inventory.Covariance.Execution.Source (63s)
✔ [3811/4508] Built H0mework.Versions.PR.Realization.Operations.Tree.Fold.Dependent.Joint.ActionWords.Inventory.Covariance.Execution.Installation (32s)
✔ [3812/4508] Built H0mework.Versions.C62.Realization.Operations.Tree.Fold.Dependent.Joint.ActionWords.Inventory.Covariance.Execution.Installation (32s)
✔ [3813/4508] Built H0mework.Versions.C62.Realization.Operations.Tree.Fold.Dependent.Joint.ActionWords.Inventory.Covariance.Execution.Consumer (32s)
✔ [3814/4508] Built H0mework.Versions.PR.Realization.Operations.Tree.Fold.Dependent.Joint.ActionWords.Inventory.Covariance.Execution.Consumer (32s)
✔ [3815/4508] Built H0mework.Versions.PR.Realization.Operations.Tree.Fold.Dependent.Joint.ActionWords.Inventory.NodeHilbert.Source (15s)
✔ [3816/4508] Built H0mework.Versions.C62.Realization.Operations.Tree.Fold.Dependent.Joint.ActionWords.Inventory.NodeHilbert.Source (15s)
✔ [3817/4508] Built H0mework.Versions.C62.Realization.Operations.Tree.Fold.Dependent.Joint.ActionWords.Inventory.NodeHilbert.Gram (39s)
✔ [3818/4508] Built H0mework.Versions.PR.Realization.Operations.Tree.Fold.Dependent.Joint.ActionWords.Inventory.NodeHilbert.Gram (39s)
✔ [3819/4508] Built H0mework.Versions.PR.Realization.Operations.Tree.Fold.Dependent.Joint.ActionWords.Inventory.NodeHilbert.Programme (25s)
✔ [3820/4508] Built H0mework.Versions.C62.Realization.Operations.Tree.Fold.Dependent.Joint.ActionWords.Inventory.NodeHilbert.Programme (25s)
✔ [3821/4508] Built H0mework.Versions.C62.Realization.Operations.Tree.Fold.Dependent.Joint.ActionWords.Inventory.NodeHilbert.Installation (8.6s)
✔ [3822/4508] Built H0mework.Versions.PR.Realization.Operations.Tree.Fold.Dependent.Joint.ActionWords.Inventory.NodeHilbert.Installation (8.8s)
✔ [3823/4508] Built H0mework.Versions.PR.Realization.Operations.Tree.Fold.Dependent.Joint.ActionWords.Inventory.NodeHilbert.Consumer (41s)
✔ [3824/4508] Built H0mework.Versions.C62.Realization.Operations.Tree.Fold.Dependent.Joint.ActionWords.Inventory.NodeHilbert.Consumer (42s)
✔ [3825/4508] Built H0mework.Versions.PR.Realization.Operations.Tree.Fold.Dependent.Joint.ActionWords.Inventory.NodeHilbert.Words.Source (35s)
✔ [3826/4508] Built H0mework.Versions.C62.Realization.Operations.Tree.Fold.Dependent.Joint.ActionWords.Inventory.NodeHilbert.Words.Source (35s)
✔ [3827/4508] Built H0mework.Versions.PR.Realization.Operations.Tree.Fold.Dependent.Joint.ActionWords.Inventory.NodeHilbert.Words.Programme (32s)
✔ [3828/4508] Built H0mework.Versions.C62.Realization.Operations.Tree.Fold.Dependent.Joint.ActionWords.Inventory.NodeHilbert.Words.Programme (32s)
✔ [3829/4508] Built H0mework.Versions.PR.Realization.Operations.Tree.Fold.Dependent.Joint.ActionWords.Inventory.NodeHilbert.Words.Installation (41s)
✔ [3830/4508] Built H0mework.Versions.C62.Realization.Operations.Tree.Fold.Dependent.Joint.ActionWords.Inventory.NodeHilbert.Words.Installation (42s)
✔ [3831/4508] Built H0mework.Versions.PR.Realization.Operations.Tree.Fold.Dependent.Joint.ActionWords.Inventory.NodeHilbert.Words.Consumer (62s)
✔ [3832/4508] Built H0mework.Versions.C62.Realization.Operations.Tree.Fold.Dependent.Joint.ActionWords.Inventory.NodeHilbert.Words.Consumer (61s)
✔ [3833/4508] Built H0mework.Versions.PR.Realization.Operations.Tree.Fold.Dependent.Joint.ActionWords.Inventory.NodeHilbert.Future.Source (38s)
✔ [3834/4508] Built H0mework.Versions.C62.Realization.Operations.Tree.Fold.Dependent.Joint.ActionWords.Inventory.NodeHilbert.Future.Source (38s)
✔ [3835/4508] Built H0mework.Versions.PR.Realization.Operations.Tree.Fold.Dependent.Joint.ActionWords.Inventory.NodeHilbert.Future.Observation (12s)
✔ [3836/4508] Built H0mework.Versions.C62.Realization.Operations.Tree.Fold.Dependent.Joint.ActionWords.Inventory.NodeHilbert.Future.Observation (12s)
✔ [3837/4508] Built H0mework.Versions.PR.Realization.Operations.Tree.Fold.Dependent.Joint.ActionWords.Inventory.NodeHilbert.Future.Kernel (17s)
✔ [3838/4508] Built H0mework.Versions.C62.Realization.Operations.Tree.Fold.Dependent.Joint.ActionWords.Inventory.NodeHilbert.Future.Kernel (17s)
✔ [3839/4508] Built H0mework.Versions.PR.Realization.Operations.Tree.Fold.Dependent.Joint.ActionWords.Inventory.NodeHilbert.Future.Action (29s)
✔ [3840/4508] Built H0mework.Versions.C62.Realization.Operations.Tree.Fold.Dependent.Joint.ActionWords.Inventory.NodeHilbert.Future.Action (29s)
✔ [3841/4508] Built H0mework.Versions.PR.Realization.Operations.Tree.Fold.Dependent.Joint.ActionWords.Inventory.NodeHilbert.Future.Programme (16s)
✔ [3842/4508] Built H0mework.Versions.C62.Realization.Operations.Tree.Fold.Dependent.Joint.ActionWords.Inventory.NodeHilbert.Future.Programme (16s)
✔ [3843/4508] Built H0mework.Versions.PR.Realization.Operations.Tree.Fold.Dependent.Joint.ActionWords.Inventory.NodeHilbert.Future.Installation (28s)
✔ [3844/4508] Built H0mework.Versions.C62.Realization.Operations.Tree.Fold.Dependent.Joint.ActionWords.Inventory.NodeHilbert.Future.Installation (28s)
✔ [3845/4508] Built H0mework.Versions.PR.Realization.Operations.Tree.Fold.Dependent.Joint.ActionWords.Inventory.NodeHilbert.Future.Consumer (36s)
✔ [3846/4508] Built H0mework.Versions.C62.Realization.Operations.Tree.Fold.Dependent.Joint.ActionWords.Inventory.NodeHilbert.Future.Consumer (36s)
✔ [3847/4508] Built H0mework.Versions.C62.Realization.Operations.Tree.Fold.Dependent.Joint.ActionWords.Inventory.NodeHilbert.Future.Recovery.Source (38s)
✔ [3848/4508] Built H0mework.Versions.PR.Realization.Operations.Tree.Fold.Dependent.Joint.ActionWords.Inventory.NodeHilbert.Future.Recovery.Source (38s)
✔ [3849/4508] Built H0mework.Versions.C62.Realization.Operations.Tree.Fold.Dependent.Joint.ActionWords.Inventory.NodeHilbert.Future.Recovery.Action (35s)
✔ [3850/4508] Built H0mework.Versions.PR.Realization.Operations.Tree.Fold.Dependent.Joint.ActionWords.Inventory.NodeHilbert.Future.Recovery.Action (35s)
✔ [3851/4508] Built H0mework.Versions.PR.Realization.Operations.Tree.Fold.Dependent.Joint.ActionWords.Inventory.NodeHilbert.Future.Recovery.Programme (20s)
✔ [3852/4508] Built H0mework.Versions.C62.Realization.Operations.Tree.Fold.Dependent.Joint.ActionWords.Inventory.NodeHilbert.Future.Recovery.Programme (21s)
✔ [3853/4508] Built H0mework.Versions.PR.Realization.Operations.Tree.Fold.Dependent.Joint.ActionWords.Inventory.NodeHilbert.Future.Recovery.Acted (61s)
✔ [3854/4508] Built H0mework.Versions.C62.Realization.Operations.Tree.Fold.Dependent.Joint.ActionWords.Inventory.NodeHilbert.Future.Recovery.Acted (61s)
✔ [3855/4508] Built H0mework.Versions.PR.Realization.Operations.Tree.Fold.Dependent.Joint.ActionWords.Inventory.NodeHilbert.Future.Recovery.Installation (31s)
✔ [3856/4508] Built H0mework.Versions.C62.Realization.Operations.Tree.Fold.Dependent.Joint.ActionWords.Inventory.NodeHilbert.Future.Recovery.Installation (31s)
✔ [3857/4508] Built H0mework.Versions.PR.Realization.Operations.Tree.Fold.Dependent.Joint.ActionWords.Inventory.NodeHilbert.Future.Recovery.Consumer (67s)
✔ [3858/4508] Built H0mework.Versions.C62.Realization.Operations.Tree.Fold.Dependent.Joint.ActionWords.Inventory.NodeHilbert.Future.Recovery.Consumer (67s)
✔ [3859/4508] Built H0mework.Versions.PR.Realization.Operations.Tree.Fold.Dependent.Joint.ActionWords.Inventory.NodeHilbert.Future.Wave.Source (12s)
✔ [3860/4508] Built H0mework.Versions.C62.Realization.Operations.Tree.Fold.Dependent.Joint.ActionWords.Inventory.NodeHilbert.Future.Wave.Source (12s)
✔ [3861/4508] Built H0mework.Versions.PR.Realization.Operations.Tree.Fold.Dependent.Joint.ActionWords.Inventory.NodeHilbert.Future.Wave.Programme (13s)
✔ [3862/4508] Built H0mework.Versions.C62.Realization.Operations.Tree.Fold.Dependent.Joint.ActionWords.Inventory.NodeHilbert.Future.Wave.Programme (13s)
✔ [3863/4508] Built H0mework.Versions.PR.Realization.Operations.Tree.Fold.Dependent.Joint.ActionWords.Inventory.NodeHilbert.Future.Wave.Installation (39s)
✔ [3864/4508] Built H0mework.Versions.C62.Realization.Operations.Tree.Fold.Dependent.Joint.ActionWords.Inventory.NodeHilbert.Future.Wave.Installation (39s)
✔ [3865/4508] Built H0mework.Versions.PR.Realization.Operations.Tree.Fold.Dependent.Joint.ActionWords.Inventory.NodeHilbert.Future.Wave.Consumer (27s)
✔ [3866/4508] Built H0mework.Versions.C62.Realization.Operations.Tree.Fold.Dependent.Joint.ActionWords.Inventory.NodeHilbert.Future.Wave.Consumer (27s)
✔ [3867/4508] Built H0mework.Versions.C62.Realization.Operations.Tree.Fold.Dependent.Joint.ActionWords.Inventory.NodeHilbert.Future.Wave.Orbit.Source (9.1s)
✔ [3868/4508] Built H0mework.Versions.PR.Realization.Operations.Tree.Fold.Dependent.Joint.ActionWords.Inventory.NodeHilbert.Future.Wave.Orbit.Source (9.1s)
✔ [3869/4508] Built H0mework.Versions.C62.Realization.Operations.Tree.Fold.Dependent.Joint.ActionWords.Inventory.NodeHilbert.Future.Wave.Orbit.Programme (7.5s)
✔ [3870/4508] Built H0mework.Versions.PR.Realization.Operations.Tree.Fold.Dependent.Joint.ActionWords.Inventory.NodeHilbert.Future.Wave.Orbit.Programme (7.7s)
✔ [3871/4508] Built H0mework.Versions.PR.Realization.Operations.Tree.Fold.Dependent.Joint.ActionWords.Inventory.NodeHilbert.Future.Wave.Orbit.Installation (15s)
✔ [3872/4508] Built H0mework.Versions.C62.Realization.Operations.Tree.Fold.Dependent.Joint.ActionWords.Inventory.NodeHilbert.Future.Wave.Orbit.Installation (16s)
✔ [3873/4508] Built H0mework.Versions.C62.Realization.Operations.Tree.Fold.Dependent.Joint.ActionWords.Inventory.NodeHilbert.Future.Wave.Orbit.Output (6.0s)
✔ [3874/4508] Built H0mework.Versions.PR.Realization.Operations.Tree.Fold.Dependent.Joint.ActionWords.Inventory.NodeHilbert.Future.Wave.Orbit.Output (6.0s)
✔ [3875/4508] Built H0mework.Versions.PR.Realization.Operations.Tree.Fold.Dependent.Joint.ActionWords.Inventory.NodeHilbert.Future.Wave.Orbit.Pair (9.3s)
✔ [3876/4508] Built H0mework.Versions.C62.Realization.Operations.Tree.Fold.Dependent.Joint.ActionWords.Inventory.NodeHilbert.Future.Wave.Orbit.Pair (9.4s)
✔ [3877/4508] Built H0mework.Versions.PR.Realization.Operations.Tree.Fold.Dependent.Joint.ActionWords.Inventory.NodeHilbert.Future.Wave.Orbit.Consumer (9.8s)
✔ [3878/4508] Built H0mework.Versions.C62.Realization.Operations.Tree.Fold.Dependent.Joint.ActionWords.Inventory.NodeHilbert.Future.Wave.Orbit.Consumer (10s)
✔ [3879/4508] Built H0mework.Versions.PR.Realization.Operations.Tree.Fold.Dependent.Joint.ActionWords.Inventory.NodeHilbert.Future.Wave.Words.Kernel (9.7s)
✔ [3880/4508] Built H0mework.Versions.C62.Realization.Operations.Tree.Fold.Dependent.Joint.ActionWords.Inventory.NodeHilbert.Future.Wave.Words.Kernel (9.5s)
✔ [3881/4508] Built H0mework.Versions.PR.Realization.Operations.Tree.Fold.Dependent.Joint.ActionWords.Inventory.NodeHilbert.Future.Wave.Words.Source (7.5s)
✔ [3882/4508] Built H0mework.Versions.C62.Realization.Operations.Tree.Fold.Dependent.Joint.ActionWords.Inventory.NodeHilbert.Future.Wave.Words.Source (7.5s)
✔ [3883/4508] Built H0mework.Versions.PR.Realization.Operations.Tree.Fold.Dependent.Joint.ActionWords.Inventory.NodeHilbert.Future.Wave.Words.Programme (7.2s)
✔ [3884/4508] Built H0mework.Versions.C62.Realization.Operations.Tree.Fold.Dependent.Joint.ActionWords.Inventory.NodeHilbert.Future.Wave.Words.Programme (7.2s)
✔ [3885/4508] Built H0mework.Versions.C62.Realization.Operations.Tree.Fold.Dependent.Joint.ActionWords.Inventory.NodeHilbert.Future.Wave.Words.Installation (18s)
✔ [3886/4508] Built H0mework.Versions.PR.Realization.Operations.Tree.Fold.Dependent.Joint.ActionWords.Inventory.NodeHilbert.Future.Wave.Words.Installation (18s)
✔ [3887/4508] Built H0mework.Versions.PR.Realization.Operations.Tree.Fold.Dependent.Joint.ActionWords.Inventory.NodeHilbert.Future.Wave.Words.Output (9.1s)
✔ [3888/4508] Built H0mework.Versions.C62.Realization.Operations.Tree.Fold.Dependent.Joint.ActionWords.Inventory.NodeHilbert.Future.Wave.Words.Output (9.2s)
✔ [3889/4508] Built H0mework.Versions.PR.Realization.Operations.Tree.Fold.Dependent.Joint.ActionWords.Inventory.NodeHilbert.Future.Wave.Words.Pair (12s)
✔ [3890/4508] Built H0mework.Versions.C62.Realization.Operations.Tree.Fold.Dependent.Joint.ActionWords.Inventory.NodeHilbert.Future.Wave.Words.Pair (12s)
✔ [3891/4508] Built H0mework.Versions.C62.Realization.Operations.Tree.Fold.Dependent.Joint.ActionWords.Inventory.NodeHilbert.Future.Wave.Words.Consumer (13s)
✔ [3892/4508] Built H0mework.Versions.PR.Realization.Operations.Tree.Fold.Dependent.Joint.ActionWords.Inventory.NodeHilbert.Future.Wave.Words.Consumer (14s)
✔ [3893/4508] Built H0mework.Versions.PR.Realization.Operations.Tree.Fold.Dependent.Joint.ActionWords.Inventory.NodeHilbert.Future.Wave.Full.Map (10s)
✔ [3894/4508] Built H0mework.Versions.C62.Realization.Operations.Tree.Fold.Dependent.Joint.ActionWords.Inventory.NodeHilbert.Future.Wave.Full.Map (10s)
✔ [3895/4508] Built H0mework.Versions.PR.Realization.Operations.Tree.Fold.Dependent.Joint.ActionWords.Inventory.NodeHilbert.Future.Wave.Full.Source (20s)
✔ [3896/4508] Built H0mework.Versions.C62.Realization.Operations.Tree.Fold.Dependent.Joint.ActionWords.Inventory.NodeHilbert.Future.Wave.Full.Source (20s)
✔ [3897/4508] Built H0mework.Versions.C62.Realization.Operations.Tree.Fold.Dependent.Joint.ActionWords.Inventory.NodeHilbert.Future.Wave.Full.Kernel (13s)
✔ [3898/4508] Built H0mework.Versions.PR.Realization.Operations.Tree.Fold.Dependent.Joint.ActionWords.Inventory.NodeHilbert.Future.Wave.Full.Kernel (13s)
✔ [3899/4508] Built H0mework.Versions.PR.Realization.Operations.Tree.Fold.Dependent.Joint.ActionWords.Inventory.NodeHilbert.Future.Wave.Full.Programme (8.0s)
✔ [3900/4508] Built H0mework.Versions.C62.Realization.Operations.Tree.Fold.Dependent.Joint.ActionWords.Inventory.NodeHilbert.Future.Wave.Full.Programme (8.2s)
✔ [3901/4508] Built H0mework.Versions.C62.Realization.Operations.Tree.Fold.Dependent.Joint.ActionWords.Inventory.NodeHilbert.Future.Wave.Full.Installation (17s)
✔ [3902/4508] Built H0mework.Versions.PR.Realization.Operations.Tree.Fold.Dependent.Joint.ActionWords.Inventory.NodeHilbert.Future.Wave.Full.Installation (18s)
✔ [3903/4508] Built H0mework.Versions.PR.Realization.Operations.Tree.Fold.Dependent.Joint.ActionWords.Inventory.NodeHilbert.Future.Wave.Full.Output (7.1s)
✔ [3904/4508] Built H0mework.Versions.C62.Realization.Operations.Tree.Fold.Dependent.Joint.ActionWords.Inventory.NodeHilbert.Future.Wave.Full.Output (7.5s)
✔ [3905/4508] Built H0mework.Versions.PR.Realization.Operations.Tree.Fold.Dependent.Joint.ActionWords.Inventory.NodeHilbert.Future.Wave.Full.Pair (7.7s)
✔ [3906/4508] Built H0mework.Versions.C62.Realization.Operations.Tree.Fold.Dependent.Joint.ActionWords.Inventory.NodeHilbert.Future.Wave.Full.Pair (7.7s)
✔ [3907/4508] Built H0mework.Versions.PR.Realization.Operations.Tree.Fold.Dependent.Joint.ActionWords.Inventory.NodeHilbert.Future.Wave.Full.Consumer (7.3s)
✔ [3908/4508] Built H0mework.Versions.C62.Realization.Operations.Tree.Fold.Dependent.Joint.ActionWords.Inventory.NodeHilbert.Future.Wave.Full.Consumer (7.3s)
✔ [3909/4508] Built H0mework.Versions.PR.Realization.Operations.Tree.Fold.Dependent.Joint.ActionWords.Inventory.NodeHilbert.Future.Wave.Recovery.Range (5.3s)
✔ [3910/4508] Built H0mework.Versions.C62.Realization.Operations.Tree.Fold.Dependent.Joint.ActionWords.Inventory.NodeHilbert.Future.Wave.Recovery.Range (5.3s)
✔ [3911/4508] Built H0mework.Versions.PR.Realization.Operations.Tree.Fold.Dependent.Joint.ActionWords.Inventory.NodeHilbert.Future.Wave.Recovery.Source (12s)
✔ [3912/4508] Built H0mework.Versions.C62.Realization.Operations.Tree.Fold.Dependent.Joint.ActionWords.Inventory.NodeHilbert.Future.Wave.Recovery.Source (12s)
✔ [3913/4508] Built H0mework.Versions.PR.Realization.Operations.Tree.Fold.Dependent.Joint.ActionWords.Inventory.NodeHilbert.Future.Wave.Recovery.Action (11s)
✔ [3914/4508] Built H0mework.Versions.C62.Realization.Operations.Tree.Fold.Dependent.Joint.ActionWords.Inventory.NodeHilbert.Future.Wave.Recovery.Action (11s)
✔ [3915/4508] Built H0mework.Versions.PR.Realization.Operations.Tree.Fold.Dependent.Joint.ActionWords.Inventory.NodeHilbert.Future.Wave.Recovery.Programme (16s)
✔ [3916/4508] Built H0mework.Versions.C62.Realization.Operations.Tree.Fold.Dependent.Joint.ActionWords.Inventory.NodeHilbert.Future.Wave.Recovery.Programme (16s)
✔ [3917/4508] Built H0mework.Versions.PR.Realization.Operations.Tree.Fold.Dependent.Joint.ActionWords.Inventory.NodeHilbert.Future.Wave.Recovery.Acted (13s)
✔ [3918/4508] Built H0mework.Versions.C62.Realization.Operations.Tree.Fold.Dependent.Joint.ActionWords.Inventory.NodeHilbert.Future.Wave.Recovery.Acted (13s)
✔ [3919/4508] Built H0mework.Versions.C62.Realization.Operations.Tree.Fold.Dependent.Joint.ActionWords.Inventory.NodeHilbert.Future.Wave.Recovery.Installation (27s)
✔ [3920/4508] Built H0mework.Versions.PR.Realization.Operations.Tree.Fold.Dependent.Joint.ActionWords.Inventory.NodeHilbert.Future.Wave.Recovery.Installation (28s)
✔ [3921/4508] Built H0mework.Versions.PR.Realization.Operations.Tree.Fold.Dependent.Joint.ActionWords.Inventory.NodeHilbert.Future.Wave.Recovery.Consumer (28s)
✔ [3922/4508] Built H0mework.Versions.C62.Realization.Operations.Tree.Fold.Dependent.Joint.ActionWords.Inventory.NodeHilbert.Future.Wave.Recovery.Consumer (30s)
✔ [3923/4508] Built H0mework.Versions.PR.Realization.Operations.Tree.Fold.Dependent.Joint.ActionWords.Inventory.NodeHilbert.Future.Wave.Incidence.Programme (25s)
✔ [3924/4508] Built H0mework.Versions.C62.Realization.Operations.Tree.Fold.Dependent.Joint.ActionWords.Inventory.NodeHilbert.Future.Wave.Incidence.Programme (23s)
✔ [3925/4508] Built H0mework.Versions.C62.Realization.Operations.Tree.Fold.Dependent.Joint.ActionWords.Inventory.NodeHilbert.Future.Wave.Incidence.Installation (46s)
✔ [3926/4508] Built H0mework.Versions.PR.Realization.Operations.Tree.Fold.Dependent.Joint.ActionWords.Inventory.NodeHilbert.Future.Wave.Incidence.Installation (46s)
✔ [3927/4508] Built H0mework.Versions.C62.Realization.Operations.Tree.Fold.Dependent.Joint.ActionWords.Inventory.NodeHilbert.Future.Wave.Incidence.Output (22s)
✔ [3928/4508] Built H0mework.Versions.PR.Realization.Operations.Tree.Fold.Dependent.Joint.ActionWords.Inventory.NodeHilbert.Future.Wave.Incidence.Output (22s)
✔ [3929/4508] Built H0mework.Versions.C62.Realization.Operations.Tree.Fold.Dependent.Joint.ActionWords.Inventory.NodeHilbert.Future.Wave.Incidence.Pair (17s)
✔ [3930/4508] Built H0mework.Versions.PR.Realization.Operations.Tree.Fold.Dependent.Joint.ActionWords.Inventory.NodeHilbert.Future.Wave.Incidence.Pair (17s)
✔ [3931/4508] Built H0mework.Versions.PR.Realization.Operations.Tree.Fold.Dependent.Joint.ActionWords.Inventory.NodeHilbert.Future.Wave.Incidence.Consumer (19s)
✔ [3932/4508] Built H0mework.Versions.C62.Realization.Operations.Tree.Fold.Dependent.Joint.ActionWords.Inventory.NodeHilbert.Future.Wave.Incidence.Consumer (20s)
✔ [3933/4508] Built H0mework.Versions.PR.Realization.Operations.Tree.Fold.Dependent.Joint.ActionWords.Inventory.NodeHilbert.Future.Wave.Incidence.Mouth (10s)
✔ [3934/4508] Built H0mework.Versions.C62.Realization.Operations.Tree.Fold.Dependent.Joint.ActionWords.Inventory.NodeHilbert.Future.Wave.Incidence.Mouth (10s)
✔ [3935/4508] Built H0mework.Versions.PR.Realization.Operations.Tree.Fold.Dependent.Joint.ActionWords.Inventory.NodeHilbert.Future.Wave.Incidence.Branch.Source (17s)
✔ [3936/4508] Built H0mework.Versions.C62.Realization.Operations.Tree.Fold.Dependent.Joint.ActionWords.Inventory.NodeHilbert.Future.Wave.Incidence.Branch.Source (17s)
✔ [3937/4508] Built H0mework.Versions.PR.Realization.Operations.Tree.Fold.Dependent.Joint.ActionWords.Inventory.NodeHilbert.Future.Wave.Incidence.Branch.Installation (20s)
✔ [3938/4508] Built H0mework.Versions.C62.Realization.Operations.Tree.Fold.Dependent.Joint.ActionWords.Inventory.NodeHilbert.Future.Wave.Incidence.Branch.Installation (20s)
✔ [3939/4508] Built H0mework.Versions.C62.Realization.Operations.Tree.Fold.Dependent.Joint.ActionWords.Inventory.NodeHilbert.Future.Wave.Incidence.Branch.Pair (17s)
✔ [3940/4508] Built H0mework.Versions.PR.Realization.Operations.Tree.Fold.Dependent.Joint.ActionWords.Inventory.NodeHilbert.Future.Wave.Incidence.Branch.Pair (17s)
✔ [3941/4508] Built H0mework.Versions.PR.Realization.Operations.Tree.Fold.Dependent.Joint.ActionWords.Inventory.NodeHilbert.Future.Wave.Incidence.Branch.Consumer (14s)
✔ [3942/4508] Built H0mework.Versions.C62.Realization.Operations.Tree.Fold.Dependent.Joint.ActionWords.Inventory.NodeHilbert.Future.Wave.Incidence.Branch.Consumer (14s)
✔ [3943/4508] Built H0mework.Versions.PR.Realization.Operations.Tree.Fold.Dependent.Joint.ActionWords.Inventory.NodeHilbert.Future.Wave.Incidence.Branch.Recovery (15s)
✔ [3944/4508] Built H0mework.Versions.C62.Realization.Operations.Tree.Fold.Dependent.Joint.ActionWords.Inventory.NodeHilbert.Future.Wave.Incidence.Branch.Recovery (15s)
✔ [3945/4508] Built H0mework.Versions.PR.Realization.Operations.Tree.Fold.Dependent.Joint.ActionWords.Inventory.NodeHilbert.Future.Wave.Incidence.Relations.Generic (11s)
✔ [3946/4508] Built H0mework.Versions.C62.Realization.Operations.Tree.Fold.Dependent.Joint.ActionWords.Inventory.NodeHilbert.Future.Wave.Incidence.Relations.Generic (11s)
✔ [3947/4508] Built H0mework.Versions.PR.Realization.Operations.Tree.Fold.Dependent.Joint.ActionWords.Inventory.NodeHilbert.Future.Wave.Incidence.Relations.Source (58s)
✔ [3948/4508] Built H0mework.Versions.C62.Realization.Operations.Tree.Fold.Dependent.Joint.ActionWords.Inventory.NodeHilbert.Future.Wave.Incidence.Relations.Source (58s)
✔ [3949/4508] Built H0mework.Versions.PR.Realization.Operations.Tree.Fold.Dependent.Joint.ActionWords.Inventory.NodeHilbert.Future.Wave.Incidence.Relations.Query (30s)
✔ [3950/4508] Built H0mework.Versions.C62.Realization.Operations.Tree.Fold.Dependent.Joint.ActionWords.Inventory.NodeHilbert.Future.Wave.Incidence.Relations.Query (30s)
✔ [3951/4508] Built H0mework.Versions.PR.Realization.Operations.Tree.Fold.Dependent.Joint.ActionWords.Inventory.NodeHilbert.Future.Wave.Incidence.Relations.Complex (30s)
✔ [3952/4508] Built H0mework.Versions.C62.Realization.Operations.Tree.Fold.Dependent.Joint.ActionWords.Inventory.NodeHilbert.Future.Wave.Incidence.Relations.Complex (30s)
✔ [3953/4508] Built H0mework.Versions.PR.Realization.Operations.Tree.Fold.Dependent.Joint.ActionWords.Inventory.NodeHilbert.Future.Wave.Incidence.Relations.Installation (34s)
✔ [3954/4508] Built H0mework.Versions.C62.Realization.Operations.Tree.Fold.Dependent.Joint.ActionWords.Inventory.NodeHilbert.Future.Wave.Incidence.Relations.Installation (34s)
✔ [3955/4508] Built H0mework.Versions.C62.Realization.Operations.Tree.Fold.Dependent.Joint.ActionWords.Inventory.NodeHilbert.Future.Wave.Incidence.Relations.Consumer (33s)
✔ [3956/4508] Built H0mework.Versions.PR.Realization.Operations.Tree.Fold.Dependent.Joint.ActionWords.Inventory.NodeHilbert.Future.Wave.Incidence.Relations.Consumer (34s)
✔ [3957/4508] Built H0mework.Versions.PR.Realization.Operations.Tree.Fold.Dependent.Joint.ActionWords.Inventory.NodeHilbert.Future.Wave.Incidence.Relations.Inventory (15s)
✔ [3958/4508] Built H0mework.Versions.C62.Realization.Operations.Tree.Fold.Dependent.Joint.ActionWords.Inventory.NodeHilbert.Future.Wave.Incidence.Relations.Inventory (15s)
✔ [3959/4508] Built H0mework.Versions.C62.Realization.Operations.Tree.Fold.Dependent.Joint.ActionWords.Inventory.NodeHilbert.Future.Wave.Incidence.Relations.Faces (17s)
✔ [3960/4508] Built H0mework.Versions.PR.Realization.Operations.Tree.Fold.Dependent.Joint.ActionWords.Inventory.NodeHilbert.Future.Wave.Incidence.Relations.Faces (17s)
✔ [3961/4508] Built H0mework.Versions.PR.Realization.Operations.Tree.Fold.Dependent.Joint.ActionWords.Inventory.NodeHilbert.Future.Wave.Incidence.Cursor.Source (13s)
✔ [3962/4508] Built H0mework.Versions.C62.Realization.Operations.Tree.Fold.Dependent.Joint.ActionWords.Inventory.NodeHilbert.Future.Wave.Incidence.Cursor.Source (13s)
✔ [3963/4508] Built H0mework.Versions.PR.Realization.Operations.Tree.Fold.Dependent.Joint.ActionWords.Inventory.NodeHilbert.Future.Wave.Incidence.Cursor.Consumer (20s)
✔ [3964/4508] Built H0mework.Versions.C62.Realization.Operations.Tree.Fold.Dependent.Joint.ActionWords.Inventory.NodeHilbert.Future.Wave.Incidence.Cursor.Consumer (20s)
✔ [3965/4508] Built H0mework.Versions.PR.Realization.Operations.Tree.Fold.Dependent.Joint.ActionWords.Inventory.NodeHilbert.Future.Wave.Incidence.NextInventory.Source (14s)
✔ [3966/4508] Built H0mework.Versions.C62.Realization.Operations.Tree.Fold.Dependent.Joint.ActionWords.Inventory.NodeHilbert.Future.Wave.Incidence.NextInventory.Source (14s)
✔ [3967/4508] Built H0mework.Versions.PR.Realization.Operations.Tree.Fold.Dependent.Joint.ActionWords.Inventory.NodeHilbert.Future.Wave.Incidence.NextInventory.Consumer (52s)
✔ [3968/4508] Built H0mework.Versions.C62.Realization.Operations.Tree.Fold.Dependent.Joint.ActionWords.Inventory.NodeHilbert.Future.Wave.Incidence.NextInventory.Consumer (52s)
✔ [3969/4508] Built H0mework.Versions.PR.Realization.Operations.Tree.Fold.Dependent.Joint.ActionWords.Inventory.NodeHilbert.Future.Wave.Incidence.Lineage.Programme (22s)
✔ [3970/4508] Built H0mework.Versions.C62.Realization.Operations.Tree.Fold.Dependent.Joint.ActionWords.Inventory.NodeHilbert.Future.Wave.Incidence.Lineage.Programme (22s)
✔ [3971/4508] Built H0mework.Versions.PR.Realization.Operations.Tree.Fold.Dependent.Joint.ActionWords.Inventory.NodeHilbert.Future.Wave.Incidence.Lineage.Installation (18s)
✔ [3972/4508] Built H0mework.Versions.C62.Realization.Operations.Tree.Fold.Dependent.Joint.ActionWords.Inventory.NodeHilbert.Future.Wave.Incidence.Lineage.Installation (18s)
✔ [3973/4508] Built H0mework.Versions.PR.Realization.Operations.Tree.Fold.Dependent.Joint.ActionWords.Inventory.NodeHilbert.Future.Wave.Incidence.Lineage.Consumer (55s)
✔ [3974/4508] Built H0mework.Versions.C62.Realization.Operations.Tree.Fold.Dependent.Joint.ActionWords.Inventory.NodeHilbert.Future.Wave.Incidence.Lineage.Consumer (56s)
✔ [3975/4508] Built H0mework.Versions.PR.Realization.Operations.Tree.Fold.Dependent.Joint.ActionWords.Inventory.NodeHilbert.Future.Wave.Incidence.Gram.Kernel (34s)
✔ [3976/4508] Built H0mework.Versions.C62.Realization.Operations.Tree.Fold.Dependent.Joint.ActionWords.Inventory.NodeHilbert.Future.Wave.Incidence.Gram.Kernel (33s)
✔ [3977/4508] Built H0mework.Versions.PR.Realization.Operations.Tree.Fold.Dependent.Joint.ActionWords.Inventory.NodeHilbert.Future.Wave.Incidence.Gram.Observation (54s)
✔ [3978/4508] Built H0mework.Versions.C62.Realization.Operations.Tree.Fold.Dependent.Joint.ActionWords.Inventory.NodeHilbert.Future.Wave.Incidence.Gram.Observation (54s)
✔ [3979/4508] Built H0mework.Versions.PR.Realization.Operations.Tree.Fold.Dependent.Joint.ActionWords.Inventory.NodeHilbert.Future.Wave.Incidence.Gram.Programme (23s)
✔ [3980/4508] Built H0mework.Versions.C62.Realization.Operations.Tree.Fold.Dependent.Joint.ActionWords.Inventory.NodeHilbert.Future.Wave.Incidence.Gram.Programme (23s)
✔ [3981/4508] Built H0mework.Versions.PR.Realization.Operations.Tree.Fold.Dependent.Joint.ActionWords.Inventory.NodeHilbert.Future.Wave.Incidence.Gram.Installation (28s)
✔ [3982/4508] Built H0mework.Versions.C62.Realization.Operations.Tree.Fold.Dependent.Joint.ActionWords.Inventory.NodeHilbert.Future.Wave.Incidence.Gram.Installation (28s)
✔ [3983/4508] Built H0mework.Versions.PR.Realization.Operations.Tree.Fold.Dependent.Joint.ActionWords.Inventory.NodeHilbert.Future.Wave.Incidence.Gram.Consumer (71s)
✔ [3984/4508] Built H0mework.Versions.C62.Realization.Operations.Tree.Fold.Dependent.Joint.ActionWords.Inventory.NodeHilbert.Future.Wave.Incidence.Gram.Consumer (71s)
✔ [3985/4508] Built H0mework.Versions.PR.Realization.Operations.Tree.Fold.Dependent.Joint.ActionWords.Inventory.NodeHilbert.Future.Wave.Incidence.Gram.Energy (21s)
✔ [3986/4508] Built H0mework.Versions.C62.Realization.Operations.Tree.Fold.Dependent.Joint.ActionWords.Inventory.NodeHilbert.Future.Wave.Incidence.Gram.Energy (21s)
✔ [3987/4508] Built H0mework.Versions.PR.Realization.Operations.Tree.Fold.Dependent.Joint.ActionWords.Inventory.NodeHilbert.Future.Wave.Incidence.Response.Source (29s)
✔ [3988/4508] Built H0mework.Versions.C62.Realization.Operations.Tree.Fold.Dependent.Joint.ActionWords.Inventory.NodeHilbert.Future.Wave.Incidence.Response.Source (29s)
✔ [3989/4508] Built H0mework.Versions.PR.Realization.Operations.Tree.Fold.Dependent.Joint.ActionWords.Inventory.NodeHilbert.Future.Wave.Incidence.Response.Laws (13s)
✔ [3990/4508] Built H0mework.Versions.C62.Realization.Operations.Tree.Fold.Dependent.Joint.ActionWords.Inventory.NodeHilbert.Future.Wave.Incidence.Response.Laws (13s)
✔ [3991/4508] Built H0mework.Versions.PR.Realization.Operations.Tree.Fold.Dependent.Joint.ActionWords.Inventory.NodeHilbert.Future.Wave.Incidence.Response.Programme (22s)
✔ [3992/4508] Built H0mework.Versions.C62.Realization.Operations.Tree.Fold.Dependent.Joint.ActionWords.Inventory.NodeHilbert.Future.Wave.Incidence.Response.Programme (22s)
✔ [3993/4508] Built H0mework.Versions.PR.Realization.Operations.Tree.Fold.Dependent.Joint.ActionWords.Inventory.NodeHilbert.Future.Wave.Incidence.Response.Installation (34s)
✔ [3994/4508] Built H0mework.Versions.C62.Realization.Operations.Tree.Fold.Dependent.Joint.ActionWords.Inventory.NodeHilbert.Future.Wave.Incidence.Response.Installation (34s)
✔ [3995/4508] Built H0mework.Versions.PR.Realization.Operations.Tree.Fold.Dependent.Joint.ActionWords.Inventory.NodeHilbert.Future.Wave.Incidence.Response.Consumer (22s)
✔ [3996/4508] Built H0mework.Versions.C62.Realization.Operations.Tree.Fold.Dependent.Joint.ActionWords.Inventory.NodeHilbert.Future.Wave.Incidence.Response.Consumer (22s)
✔ [3997/4508] Built H0mework.Versions.PR.Realization.Operations.Tree.Fold.Dependent.Joint.ActionWords.Inventory.NodeHilbert.Future.Wave.Incidence.History.Kernel (11s)
✔ [3998/4508] Built H0mework.Versions.C62.Realization.Operations.Tree.Fold.Dependent.Joint.ActionWords.Inventory.NodeHilbert.Future.Wave.Incidence.History.Kernel (11s)
✔ [3999/4508] Built H0mework.Versions.PR.Realization.Operations.Tree.Fold.Dependent.Joint.ActionWords.Inventory.NodeHilbert.Future.Wave.Incidence.History.Source (10s)
✔ [4000/4508] Built H0mework.Versions.C62.Realization.Operations.Tree.Fold.Dependent.Joint.ActionWords.Inventory.NodeHilbert.Future.Wave.Incidence.History.Source (10s)
✔ [4001/4508] Built H0mework.Versions.C62.Realization.Operations.Tree.Fold.Dependent.Joint.ActionWords.Inventory.NodeHilbert.Future.Wave.Incidence.History.Laws (12s)
✔ [4002/4508] Built H0mework.Versions.PR.Realization.Operations.Tree.Fold.Dependent.Joint.ActionWords.Inventory.NodeHilbert.Future.Wave.Incidence.History.Laws (12s)
✔ [4003/4508] Built H0mework.Versions.PR.Realization.Operations.Tree.Fold.Dependent.Joint.ActionWords.Inventory.NodeHilbert.Future.Wave.Incidence.History.Installation (15s)
✔ [4004/4508] Built H0mework.Versions.C62.Realization.Operations.Tree.Fold.Dependent.Joint.ActionWords.Inventory.NodeHilbert.Future.Wave.Incidence.History.Installation (15s)
✔ [4005/4508] Built H0mework.Versions.PR.Realization.Operations.Tree.Fold.Dependent.Joint.ActionWords.Inventory.NodeHilbert.Future.Wave.Incidence.History.Consumer (40s)
✔ [4006/4508] Built H0mework.Versions.C62.Realization.Operations.Tree.Fold.Dependent.Joint.ActionWords.Inventory.NodeHilbert.Future.Wave.Incidence.History.Consumer (40s)
✔ [4007/4508] Built H0mework.Versions.PR.Realization.Operations.Tree.Fold.Dependent.Joint.ActionWords.Inventory.NodeHilbert.Future.Wave.Incidence.Environment.Source (49s)
✔ [4008/4508] Built H0mework.Versions.C62.Realization.Operations.Tree.Fold.Dependent.Joint.ActionWords.Inventory.NodeHilbert.Future.Wave.Incidence.Environment.Source (49s)
✔ [4009/4508] Built H0mework.Versions.PR.Realization.Operations.Tree.Fold.Dependent.Joint.ActionWords.Inventory.NodeHilbert.Future.Wave.Incidence.Defect.Kernel (52s)
✔ [4010/4508] Built H0mework.Versions.PR.Realization.Operations.Tree.Fold.Dependent.Joint.ActionWords.Inventory.NodeHilbert.Future.Wave.Incidence.Defect.Source (31s)
✔ [4011/4508] Built H0mework.Versions.PR.Realization.Operations.Tree.Fold.Dependent.Joint.ActionWords.Inventory.NodeHilbert.Future.Wave.Incidence.Environment.Consumer (39s)
✔ [4012/4508] Built H0mework.Versions.C62.Realization.Operations.Tree.Fold.Dependent.Joint.ActionWords.Inventory.NodeHilbert.Future.Wave.Incidence.Environment.Consumer (39s)
✔ [4013/4508] Built H0mework.Versions.PR.Realization.Operations.Tree.Fold.Dependent.Joint.ActionWords.Inventory.NodeHilbert.Future.Wave.Incidence.Defect.Laws (34s)
✔ [4014/4508] Built H0mework.Versions.PR.Realization.Operations.Tree.Fold.Dependent.Joint.ActionWords.Inventory.NodeHilbert.Future.Wave.Incidence.Environment.Faces (49s)
✔ [4015/4508] Built H0mework.Versions.C62.Realization.Operations.Tree.Fold.Dependent.Joint.ActionWords.Inventory.NodeHilbert.Future.Wave.Incidence.Environment.Faces (49s)
✔ [4016/4508] Built H0mework.Versions.PR.Realization.Operations.Tree.Fold.Dependent.Joint.ActionWords.Inventory.NodeHilbert.Future.Wave.Incidence.Defect.Installation (20s)
✔ [4017/4508] Built H0mework.Versions.PR.Realization.Operations.Tree.Fold.Dependent.Joint.ActionWords.Inventory.NodeHilbert.Future.Wave.Incidence.Environment.WriteBack (15s)
✔ [4018/4508] Built H0mework.Versions.C62.Realization.Operations.Tree.Fold.Dependent.Joint.ActionWords.Inventory.NodeHilbert.Future.Wave.Incidence.Environment.WriteBack (15s)
✔ [4019/4508] Built H0mework.Versions.PR.Realization.Operations.Tree.Fold.Dependent.Joint.ActionWords.Inventory.NodeHilbert.Future.Wave.Incidence.Defect.Consumer (15s)
✔ [4020/4508] Built H0mework.Versions.PR.Realization.Operations.Tree.Fold.Dependent.Joint.ActionWords.Inventory.NodeHilbert.Future.Wave.Incidence.Environment.Perfect.Kernel (14s)
✔ [4021/4508] Built H0mework.Versions.C62.Realization.Operations.Tree.Fold.Dependent.Joint.ActionWords.Inventory.NodeHilbert.Future.Wave.Incidence.Environment.Perfect.Kernel (14s)
✔ [4022/4508] Built H0mework.Versions.PR.Realization.Operations.Inquiry.Context.Faces.Execution.Activation.Receipt.Faces.Source (14s)
✔ [4023/4508] Built H0mework.Versions.PR.Realization.Operations.Inquiry.Context.Faces.Execution.Activation.Inventory.Pair.Residual.Joint.Past.NextObservation.Request.Acted.FourFace.Source (14s)
✔ [4024/4508] Built H0mework.Versions.C62.Realization.Operations.Inquiry.Context.Faces.Execution.Activation.Inventory.Pair.Residual.Joint.Past.NextObservation.Request.Acted.FourFace.Source (14s)
✔ [4025/4508] Built H0mework.Versions.C62.Realization.Operations.Inquiry.Context.Faces.Execution.Activation.Receipt.Faces.Source (14s)
✔ [4026/4508] Built H0mework.Versions.PR.Realization.Operations.Tree.Fold.Dependent.Joint.ActionWords.Inventory.NodeHilbert.Future.Wave.Incidence.Environment.Perfect.Source (14s)
✔ [4027/4508] Built H0mework.Versions.PR.Realization.Operations.Tree.Fold.Dependent.Branch.JointQuery.Receipt.Born.Stock.FourFace.Source (12s)
✔ [4028/4508] Built H0mework.Versions.PR.Realization.Operations.Inquiry.Context.Faces.Execution.Activation.Receipt.Faces.Action (13s)
✔ [4029/4508] Built H0mework.Versions.C62.Realization.Operations.Inquiry.Context.Faces.Execution.Activation.Receipt.Faces.Action (13s)
✔ [4030/4508] Built H0mework.Versions.PR.Realization.Operations.Tree.Fold.Dependent.Joint.ActionWords.Inventory.NodeHilbert.Future.Wave.Incidence.Environment.Perfect.Installation (15s)
✔ [4031/4508] Built H0mework.Versions.PR.Realization.Operations.Tree.Fold.Dependent.Joint.ActionWords.Inventory.NodeHilbert.Future.Wave.Incidence.Environment.Perfect.Consumer (11s)
✔ [4032/4508] Built H0mework.Versions.C62.Realization.Operations.Inquiry.Context.Faces.Execution.Activation.Receipt.Faces.Consumer (16s)
✔ [4033/4508] Built H0mework.Versions.PR.Realization.Operations.Inquiry.Context.Faces.Execution.Activation.Receipt.Faces.Consumer (17s)
✔ [4034/4508] Built H0mework.Versions.PR.Realization.Operations.Inquiry.Context.Faces.Execution.Activation.Inventory.Pair.Residual.Joint.Past.NextObservation.Request.Acted.FourFace.Consumer (36s)
✔ [4035/4508] Built H0mework.Versions.C62.Realization.Operations.Inquiry.Context.Faces.Execution.Activation.Inventory.Pair.Residual.Joint.Past.NextObservation.Request.Acted.FourFace.Consumer (36s)
✔ [4036/4508] Built H0mework.Versions.PR.Realization.Operations.Tree.Fold.Dependent.Joint.ActionWords.Inventory.NodeHilbert.Future.Wave.Incidence.Environment.Disposition.Source (11s)
✔ [4037/4508] Built H0mework.Versions.PR.Realization.Operations.Inquiry.Context.Faces.Execution.Activation.Receipt.Faces.Native.Source (9.9s)
✔ [4038/4508] Built H0mework.Versions.C62.Realization.Operations.Inquiry.Context.Faces.Execution.Activation.Receipt.Faces.Native.Source (10s)
✔ [4039/4508] Built H0mework.Versions.PR.Realization.Operations.Inquiry.Context.Faces.Execution.Activation.Receipt.Faces.Native.Consumer (14s)
✔ [4040/4508] Built H0mework.Versions.C62.Realization.Operations.Inquiry.Context.Faces.Execution.Activation.Receipt.Faces.Native.Consumer (14s)
✔ [4041/4508] Built H0mework.Versions.PR.Realization.Operations.Tree.Fold.Dependent.Branch.JointQuery.PrimaryConsumer (19s)
✔ [4042/4508] Built H0mework.Versions.PR.Realization.Operations.Tree.Fold.Dependent.Joint.ActionWords.Inventory.NodeHilbert.Future.Wave.Incidence.Environment.Disposition.Installation (19s)
✔ [4043/4508] Built H0mework.Versions.PR.Realization.Operations.Inquiry.Context.Faces.Execution.Activation.Receipt.Inventory.Consumer (14s)
✔ [4044/4508] Built H0mework.Versions.C62.Realization.Operations.Inquiry.Context.Faces.Execution.Activation.Receipt.Inventory.Consumer (15s)
✔ [4045/4508] Built H0mework.Versions.PR.Realization.Operations.Tree.Fold.Dependent.Joint.ActionWords.Inventory.NodeHilbert.Future.Wave.Incidence.Environment.Disposition.Consumer (13s)
✔ [4046/4508] Built H0mework.Versions.PR.Realization.Operations.Tree.Fold.Dependent.Branch.Primary.FourFace (44s)
✔ [4047/4508] Built H0mework.Versions.PR.Realization.Operations.Inquiry.Context.Faces.Execution.Activation.Receipt.Inventory.Born.Source (11s)
✔ [4048/4508] Built H0mework.Versions.C62.Realization.Operations.Inquiry.Context.Faces.Execution.Activation.Receipt.Inventory.Born.Source (10s)
✔ [4049/4508] Built H0mework.Versions.PR.Realization.Operations.Tree.Fold.Dependent.Joint.ActionWords.Inventory.NodeHilbert.Future.Wave.Incidence.Environment.Request.Source (12s)
✔ [4050/4508] Built H0mework.Versions.PR.Realization.Operations.Tree.Fold.Dependent.Joint.Primary.FourFace (48s)
✔ [4051/4508] Built H0mework.Versions.PR.Realization.Operations.Tree.Fold.Dependent.Branch.JointQuery.Actor.Installation.Source (15s)
✔ [4052/4508] Built H0mework.Versions.C62.Realization.Operations.Tree.Fold.Dependent.Branch.JointQuery.Actor.Installation.Source (15s)
✔ [4053/4508] Built H0mework.Versions.PR.Realization.Operations.Inquiry.Context.Faces.Execution.Activation.Receipt.Inventory.Born.Consumer (15s)
✔ [4054/4508] Built H0mework.Versions.PR.Realization.Operations.Tree.Fold.Dependent.Joint.ActionWords.Inventory.NodeHilbert.Future.Wave.Incidence.Environment.Request.Execution (24s)
✔ [4055/4508] Built H0mework.Versions.PR.Realization.Operations.Tree.Fold.Dependent.Branch.JointQuery.Actor.Operation.Query.Inventory.Source (18s)
✔ [4056/4508] Built H0mework.Versions.C62.Realization.Operations.Tree.Fold.Dependent.Branch.JointQuery.Actor.Action.Source (18s)
✔ [4057/4508] Built H0mework.Versions.PR.Realization.Operations.Tree.Fold.Dependent.Branch.JointQuery.Actor.Action.Source (18s)
✔ [4058/4508] Built H0mework.Versions.C62.Realization.Operations.Tree.Fold.Dependent.Branch.JointQuery.Actor.Operation.Query.Inventory.Source (18s)
✔ [4059/4508] Built H0mework.Versions.PR.Realization.Operations.Tree.Fold.Dependent.Branch.JointQuery.Actor.Installation.Consumer (19s)
✔ [4060/4508] Built H0mework.Versions.PR.Realization.Operations.Inquiry.Context.Faces.Execution.Activation.Receipt.Inventory.Carried (16s)
✔ [4061/4508] Built H0mework.Versions.PR.Realization.Operations.Inquiry.Context.Faces.Execution.Activation.Receipt.Inventory.Born.Vector.Source (14s)
✔ [4062/4508] Built H0mework.Versions.PR.Realization.Operations.Tree.Fold.Dependent.Branch.JointQuery.Actor.Operation.Query.Inventory.Action.Source (15s)
✔ [4063/4508] Built H0mework.Versions.PR.Realization.Operations.Tree.Fold.Dependent.Branch.JointQuery.Actor.Action.Consumer (17s)
✔ [4064/4508] Built H0mework.Versions.PR.Realization.Operations.Tree.Fold.Dependent.Branch.JointQuery.Actor.Live.Source (16s)
✔ [4065/4508] Built H0mework.Versions.PR.Realization.Operations.Tree.Fold.Dependent.Branch.JointQuery.Receipt.Born.Stock.FourFace.Consumer (96s)
✔ [4066/4508] Built H0mework.Versions.PR.Realization.Operations.Tree.Fold.Dependent.Branch.JointQuery.Actor.Operation.Query.Inventory.Consumer (18s)
✔ [4067/4508] Built H0mework.Versions.C62.Realization.Operations.Tree.Fold.Dependent.Branch.JointQuery.Actor.Operation.Query.Inventory.Action.Source (17s)
✔ [4068/4508] Built H0mework.Versions.PR.Realization.Operations.Tree.Fold.Dependent.Branch.JointQuery.Actor.Live.FourFace.Source (16s)
✔ [4069/4508] Built H0mework.Versions.PR.Realization.Operations.Inquiry.Context.Faces.Execution.Activation.Receipt.Inventory.Born.Vector.Consumer (18s)
✔ [4070/4508] Built H0mework.Versions.C62.Realization.Operations.Tree.Fold.Dependent.Branch.JointQuery.Actor.Operation.Query.Inventory.Consumer (23s)
✔ [4071/4508] Built H0mework.Versions.PR.Realization.Operations.Tree.Fold.Dependent.Joint.ActionWords.Inventory.NodeHilbert.Future.Wave.Incidence.Environment.Request.Installation (31s)
✔ [4072/4508] Built H0mework.Versions.PR.Realization.Operations.Tree.Fold.Dependent.Branch.JointQuery.Receipt.Born.Consumer (28s)
✔ [4073/4508] Built H0mework.Versions.PR.Realization.Operations.Tree.Fold.Dependent.Branch.JointQuery.Actor.Live.Consumer (29s)
✔ [4074/4508] Built H0mework.Versions.PR.Realization.Operations.Tree.Fold.Dependent.Branch.JointQuery.Actor.Operation.Query.Inventory.Action.Consumer (19s)
✔ [4075/4508] Built H0mework.Versions.PR.Realization.Operations.Inquiry.Context.Faces.Execution.Activation.Receipt.Inventory.Born.Vector.Fibre.Source (14s)
✔ [4076/4508] Built H0mework.Versions.PR.Realization.Operations.Tree.Fold.Dependent.Branch.JointQuery.Actor.Operation.Query.Inventory.Installation.Source (20s)
✔ [4077/4508] Built H0mework.Versions.C62.Realization.Operations.Tree.Fold.Dependent.Branch.JointQuery.Actor.Operation.Query.Inventory.Action.Consumer (18s)
✔ [4078/4508] Built H0mework.Versions.PR.Realization.Operations.Tree.Fold.Dependent.Joint.ActionWords.Inventory.NodeHilbert.Future.Wave.Incidence.Environment.Request.Consumer (13s)
✔ [4079/4508] Built H0mework.Versions.C62.Realization.Operations.Tree.Fold.Dependent.Branch.JointQuery.Actor.Operation.Query.Inventory.Installation.Source (15s)
✔ [4080/4508] Built H0mework.Versions.PR.Realization.Operations.Inquiry.Context.Faces.Execution.Activation.Receipt.Inventory.Born.Vector.Fibre.Consumer (23s)
✔ [4081/4508] Built H0mework.Versions.PR.Realization.Operations.Tree.Fold.Dependent.Branch.JointQuery.Actor.Live.FourFace.Consumer (40s)
✔ [4082/4508] Built H0mework.Versions.PR.Realization.Operations.Tree.Fold.Dependent.Branch.JointQuery.Actor.Operation.Query.Inventory.Live.Source (22s)
✔ [4083/4508] Built H0mework.Versions.PR.Realization.Operations.Tree.Fold.Dependent.Branch.JointQuery.Continuation.Consumer (157s)
✔ [4084/4508] Built H0mework.Versions.PR.Realization.Operations.Tree.Fold.Dependent.Joint.ActionWords.Inventory.NodeHilbert.Future.Wave.Incidence.Environment.Request.Update.Source (18s)
✔ [4085/4508] Built H0mework.Versions.C62.Realization.Operations.Tree.Fold.Dependent.Branch.JointQuery.Actor.Operation.Query.Inventory.Live.Source (21s)
✔ [4086/4508] Built H0mework.Versions.PR.Realization.Operations.Tree.Fold.Dependent.Branch.JointQuery.Actor.Operation.Query.Inventory.Installation.Consumer (34s)
✔ [4087/4508] Built H0mework.Versions.PR.Realization.Operations.Tree.Fold.Dependent.Branch.JointQuery.Actor.Operation.Query.Inventory.Live.FourFace.Source (13s)
✔ [4088/4508] Built H0mework.Versions.PR.Realization.Operations.Inquiry.Context.Faces.Execution.Activation.Receipt.Inventory.Born.Vector.Action.Source (16s)
✔ [4089/4508] Built H0mework.Versions.PR.Realization.Operations.Tree.Fold.Dependent.Joint.ActionWords.Inventory.NodeHilbert.Future.Wave.Incidence.Environment.Request.Update.Laws (12s)
✔ [4090/4508] Built H0mework.Versions.PR.Realization.Operations.Tree.Fold.Dependent.Branch.JointQuery.Actor.Operation.Query.Inventory.Live.Consumer (25s)
✔ [4091/4508] Built H0mework.Versions.PR.Realization.Operations.Tree.Fold.Dependent.Branch.JointQuery.Actor.Operation.Query.Inventory.Observer.Source (26s)
✔ [4092/4508] Built H0mework.Versions.C62.Realization.Operations.Tree.Fold.Dependent.Branch.JointQuery.Actor.Operation.Query.Inventory.Live.Consumer (21s)
✔ [4093/4508] Built H0mework.Versions.C62.Realization.Operations.Tree.Fold.Dependent.Branch.JointQuery.Actor.Operation.Query.Inventory.Observer.Source (23s)
✔ [4094/4508] Built H0mework.Versions.PR.Realization.Operations.Tree.Fold.Dependent.Joint.ActionWords.Inventory.NodeHilbert.Future.Wave.Incidence.Environment.Request.Update.Installation (15s)
✔ [4095/4508] Built H0mework.Versions.PR.Realization.Operations.Inquiry.Context.Faces.Execution.Activation.Receipt.Inventory.Born.Vector.Action.Consumer (16s)
✔ [4096/4508] Built H0mework.Versions.PR.Realization.Operations.Tree.Fold.Dependent.Branch.JointQuery.Actor.Operation.Query.Inventory.Live.FourFace.Consumer (20s)
✔ [4097/4508] Built H0mework.Versions.PR.Realization.Operations.Inquiry.Context.Faces.Execution.Activation.Receipt.Inventory.Born.Coordinates.Source (14s)
✔ [4098/4508] Built H0mework.Versions.PR.Realization.Operations.Tree.Fold.Dependent.Joint.ActionWords.Inventory.NodeHilbert.Future.Wave.Incidence.Environment.Request.Update.Consumer (16s)
✔ [4099/4508] Built H0mework.Versions.PR.Realization.Operations.Tree.Fold.Dependent.Branch.JointQuery.Actor.Operation.Query.Inventory.Observer.Consumer (31s)
✔ [4100/4508] Built H0mework.Versions.C62.Realization.Operations.Tree.Fold.Dependent.Branch.JointQuery.Actor.Operation.Query.Inventory.Observer.Consumer (28s)
✔ [4101/4508] Built H0mework.Versions.PR.Realization.Operations.Tree.Fold.Dependent.Joint.ActionWords.Inventory.NodeHilbert.Future.Wave.Incidence.Environment.Occurrence.Source (19s)
✔ [4102/4508] Built H0mework.Versions.PR.Realization.Operations.Inquiry.Context.Faces.Execution.Activation.Receipt.Inventory.Born.Coordinates.Next (25s)
✔ [4103/4508] Built H0mework.Versions.PR.Realization.Operations.Tree.Fold.Dependent.Branch.JointQuery.Actor.Operation.Query.Inventory.Observer.Installation.Source (15s)
✔ [4104/4508] Built H0mework.Versions.C62.Realization.Operations.Tree.Fold.Dependent.Branch.JointQuery.Actor.Operation.Query.Inventory.Observer.Installation.Source (15s)
✔ [4105/4508] Built H0mework.Versions.PR.Realization.Operations.Inquiry.Context.Faces.Execution.Activation.Receipt.Inventory.Born.Coordinates.Query (12s)
✔ [4106/4508] Built H0mework.Versions.PR.Realization.Operations.Tree.Fold.Dependent.Branch.JointQuery.Actor.Operation.Query.Inventory.Observer.Action.Source (13s)
✔ [4107/4508] Built H0mework.Versions.C62.Realization.Operations.Tree.Fold.Dependent.Branch.JointQuery.Actor.Operation.Query.Inventory.Observer.Action.Source (13s)
✔ [4108/4508] Built H0mework.Versions.PR.Realization.Operations.Tree.Fold.Dependent.Branch.JointQuery.Actor.Operation.Query.Inventory.Observer.Installation.Consumer (15s)
✔ [4109/4508] Built H0mework.Versions.PR.Realization.Operations.Tree.Fold.Dependent.Joint.ActionWords.Inventory.NodeHilbert.Future.Wave.Incidence.Environment.Occurrence.Laws (24s)
✔ [4110/4508] Built H0mework.Versions.PR.Realization.Operations.Inquiry.Context.Faces.Execution.Activation.Receipt.Inventory.Born.Coordinates.Consumer (14s)
✔ [4111/4508] Built H0mework.Versions.PR.Realization.Operations.Tree.Fold.Dependent.Branch.JointQuery.Actor.Operation.Query.Inventory.Observer.ActiveRaw.Source (15s)
✔ [4112/4508] Built H0mework.Versions.C62.Realization.Operations.Tree.Fold.Dependent.Branch.JointQuery.Actor.Operation.Query.Inventory.Observer.ActiveRaw.Source (15s)
✔ [4113/4508] Built H0mework.Versions.PR.Realization.Operations.Tree.Fold.Dependent.Branch.JointQuery.Actor.Operation.Query.Inventory.Observer.Action.Consumer (21s)
✔ [4114/4508] Built H0mework.Versions.C62.Realization.Operations.Tree.Fold.Dependent.Branch.JointQuery.Actor.Operation.Query.Inventory.Observer.Action.Consumer (21s)
✔ [4115/4508] Built H0mework.Versions.PR.Realization.Operations.Tree.Fold.Dependent.Joint.ActionWords.Inventory.NodeHilbert.Future.Wave.Incidence.Environment.Occurrence.Installation (16s)
✔ [4116/4508] Built H0mework.Versions.PR.Realization.Operations.Inquiry.Context.Faces.Execution.Activation.Receipt.Inventory.Born.Coordinates.Actual.Source (14s)
✔ [4117/4508] Built H0mework.Versions.PR.Realization.Operations.Tree.Fold.Dependent.Branch.JointQuery.Actor.Operation.Query.Inventory.Observer.Live.Source (14s)
✔ [4118/4508] Built H0mework.Versions.C62.Realization.Operations.Tree.Fold.Dependent.Branch.JointQuery.Actor.Operation.Query.Inventory.Observer.Live.Source (14s)
✔ [4119/4508] Built H0mework.Versions.PR.Realization.Operations.Tree.Fold.Dependent.Branch.JointQuery.Actor.Operation.Query.Inventory.Observer.Live.FourFace.Source (21s)
✔ [4120/4508] Built H0mework.Versions.PR.Realization.Operations.Tree.Fold.Dependent.Joint.ActionWords.Inventory.NodeHilbert.Future.Wave.Incidence.Environment.Occurrence.Consumer (30s)
✔ [4121/4508] Built H0mework.Versions.PR.Realization.Operations.Tree.Fold.Dependent.Branch.JointQuery.Actor.Operation.Query.Inventory.Observer.ActiveRaw.Consumer (25s)
✔ [4122/4508] Built H0mework.Versions.C62.Realization.Operations.Tree.Fold.Dependent.Branch.JointQuery.Actor.Operation.Query.Inventory.Observer.ActiveRaw.Consumer (25s)
✔ [4123/4508] Built H0mework.Versions.PR.Realization.Operations.Inquiry.Context.Faces.Execution.Activation.Receipt.Inventory.Born.Coordinates.Actual.Query (31s)
✔ [4124/4508] Built H0mework.Versions.PR.Realization.Operations.Tree.Fold.Dependent.Branch.JointQuery.Actor.Operation.Query.Inventory.Observer.Live.Consumer (28s)
✔ [4125/4508] Built H0mework.Versions.PR.Realization.Operations.Tree.Fold.Dependent.Joint.ActionWords.Inventory.NodeHilbert.Future.Wave.Incidence.Environment.Occurrence.Relations.Source (13s)
✔ [4126/4508] Built H0mework.Versions.C62.Realization.Operations.Tree.Fold.Dependent.Branch.JointQuery.Actor.Operation.Query.Inventory.Observer.CurrentActor.Source (12s)
✔ [4127/4508] Built H0mework.Versions.PR.Realization.Operations.Tree.Fold.Dependent.Branch.JointQuery.Actor.Operation.Query.Inventory.Observer.CurrentActor.Source (12s)
✔ [4128/4508] Built H0mework.Versions.PR.Realization.Operations.Tree.Fold.Dependent.Branch.JointQuery.Actor.Operation.Query.Inventory.Observer.Live.FourFace.Consumer (18s)
✔ [4129/4508] Built H0mework.Versions.PR.Realization.Operations.Inquiry.Context.Faces.Execution.Activation.Receipt.Inventory.Born.Coordinates.Actual.Consumer (18s)
✔ [4130/4508] Built H0mework.Versions.PR.Realization.Operations.Tree.Fold.Dependent.Joint.ActionWords.Inventory.NodeHilbert.Future.Wave.Incidence.Environment.Occurrence.Relations.Laws (13s)
✔ [4131/4508] Built H0mework.Versions.C62.Realization.Operations.Tree.Fold.Dependent.Branch.JointQuery.Actor.Operation.Query.Inventory.Observer.CurrentChild.Language (13s)
✔ [4132/4508] Built H0mework.Versions.PR.Realization.Operations.Tree.Fold.Dependent.Branch.JointQuery.Actor.Operation.Query.Inventory.Observer.CurrentChild.Language (13s)
✔ [4133/4508] Built H0mework.Versions.PR.Realization.Operations.Tree.Fold.Dependent.Branch.JointQuery.Actor.Operation.Query.Inventory.Observer.CurrentActor.Consumer (14s)
✔ [4134/4508] Built H0mework.Versions.C62.Realization.Operations.Tree.Fold.Dependent.Branch.JointQuery.Actor.Operation.Query.Inventory.Observer.CurrentActor.Consumer (14s)
✔ [4135/4508] Built H0mework.Versions.PR.Realization.Operations.Inquiry.Context.Faces.Execution.Activation.Receipt.Inventory.Born.Coordinates.Actual.Cofinal.Source (11s)
✔ [4136/4508] Built H0mework.Versions.PR.Realization.Operations.Tree.Fold.Dependent.Joint.ActionWords.Inventory.NodeHilbert.Future.Wave.Incidence.Environment.Occurrence.Relations.Installation (10s)
✔ [4137/4508] Built H0mework.Versions.PR.Realization.Operations.Tree.Fold.Dependent.Branch.JointQuery.Actor.Operation.Query.Inventory.Observer.CurrentChild.Source (10s)
✔ [4138/4508] Built H0mework.Versions.C62.Realization.Operations.Tree.Fold.Dependent.Branch.JointQuery.Actor.Operation.Query.Inventory.Observer.CurrentChild.Source (10s)
✔ [4139/4508] Built H0mework.Versions.PR.Realization.Operations.Inquiry.Context.Faces.Execution.Activation.Receipt.Inventory.Born.Coordinates.Actual.Cofinal.Consumer (14s)
✔ [4140/4508] Built H0mework.Versions.PR.Realization.Operations.Tree.Fold.Dependent.Joint.ActionWords.Inventory.NodeHilbert.Future.Wave.Incidence.Environment.Occurrence.Relations.Consumer (15s)
✔ [4141/4508] Built H0mework.Versions.PR.Realization.Operations.Tree.Fold.Dependent.Branch.JointQuery.Actor.Operation.Query.Inventory.Observer.CurrentChild.Inventory (14s)
✔ [4142/4508] Built H0mework.Versions.C62.Realization.Operations.Tree.Fold.Dependent.Branch.JointQuery.Actor.Operation.Query.Inventory.Observer.CurrentChild.Inventory (14s)
✔ [4143/4508] Built H0mework.Versions.PR.Realization.Operations.Tree.Fold.Dependent.Joint.ActionWords.Inventory.NodeHilbert.Future.Wave.Incidence.Environment.Occurrence.Relations.Disposition.Source (18s)
✔ [4144/4508] Built H0mework.Versions.PR.Realization.Operations.Inquiry.Context.Faces.Execution.Activation.Receipt.Inventory.Born.Coordinates.Actual.Cofinal.Native.Source (22s)
✔ [4145/4508] Built H0mework.Versions.PR.Realization.Operations.Tree.Fold.Dependent.Branch.JointQuery.Actor.Operation.Query.Inventory.Observer.CurrentChild.Installation.Source (17s)
✔ [4146/4508] Built H0mework.Versions.C62.Realization.Operations.Tree.Fold.Dependent.Branch.JointQuery.Actor.Operation.Query.Inventory.Observer.CurrentChild.Installation.Source (17s)
✔ [4147/4508] Built H0mework.Versions.PR.Realization.Operations.Tree.Fold.Dependent.Branch.JointQuery.Actor.Operation.Query.Inventory.Observer.CurrentChild.Consumer (42s)
✔ [4148/4508] Built H0mework.Versions.C62.Realization.Operations.Tree.Fold.Dependent.Branch.JointQuery.Actor.Operation.Query.Inventory.Observer.CurrentChild.Consumer (42s)
✔ [4149/4508] Built H0mework.Versions.PR.Realization.Operations.Tree.Fold.Dependent.Joint.ActionWords.Inventory.NodeHilbert.Future.Wave.Incidence.Environment.Occurrence.Relations.Disposition.Installation (12s)
✔ [4150/4508] Built H0mework.Versions.PR.Realization.Operations.Inquiry.Context.Faces.Execution.Activation.Receipt.Inventory.Born.Coordinates.Actual.Cofinal.Native.Consumer (11s)
✔ [4151/4508] Built H0mework.Versions.PR.Realization.Operations.Tree.Fold.Dependent.Branch.JointQuery.Actor.Operation.Query.Inventory.Observer.CurrentChild.Dynamic.Source (11s)
✔ [4152/4508] Built H0mework.Versions.C62.Realization.Operations.Tree.Fold.Dependent.Branch.JointQuery.Actor.Operation.Query.Inventory.Observer.CurrentChild.Dynamic.Source (11s)
✔ [4153/4508] Built H0mework.Versions.PR.Realization.Operations.Tree.Fold.Dependent.Joint.ActionWords.Inventory.NodeHilbert.Future.Wave.Incidence.Environment.Occurrence.Relations.Disposition.Consumer (21s)
✔ [4154/4508] Built H0mework.Versions.PR.Realization.Operations.Inquiry.Context.Faces.Execution.Activation.Receipt.Inventory.Born.Coordinates.Actual.Cofinal.Native.Reverse.Source (21s)
✔ [4155/4508] Built H0mework.Versions.PR.Realization.Operations.Tree.Fold.Dependent.Branch.JointQuery.Actor.Operation.Query.Inventory.Observer.CurrentChild.Dynamic.Action.Source (21s)
✔ [4156/4508] Built H0mework.Versions.PR.Realization.Operations.Tree.Fold.Dependent.Branch.JointQuery.Actor.Operation.Query.Inventory.Observer.CurrentChild.Installation.Consumer (22s)
✔ [4157/4508] Built H0mework.Versions.C62.Realization.Operations.Tree.Fold.Dependent.Branch.JointQuery.Actor.Operation.Query.Inventory.Observer.CurrentChild.Dynamic.Action.Source (21s)
✔ [4158/4508] Built H0mework.Versions.PR.Realization.Operations.Tree.Fold.Dependent.Branch.JointQuery.Actor.Operation.Query.Inventory.Observer.CurrentChild.Dynamic.Consumer (22s)
✔ [4159/4508] Built H0mework.Versions.C62.Realization.Operations.Tree.Fold.Dependent.Branch.JointQuery.Actor.Operation.Query.Inventory.Observer.CurrentChild.Dynamic.Consumer (22s)
✔ [4160/4508] Built H0mework.Versions.PR.Realization.Operations.Tree.Fold.Dependent.Joint.ActionWords.Inventory.NodeHilbert.Future.Wave.Incidence.Environment.Occurrence.Relations.Disposition.Action.Source (19s)
✔ [4161/4508] Built H0mework.Versions.PR.Realization.Operations.Inquiry.Context.Faces.Execution.Activation.Receipt.Inventory.Born.Coordinates.Actual.Cofinal.Native.Reverse.Consumer (21s)
✔ [4162/4508] Built H0mework.Versions.PR.Realization.Operations.Tree.Fold.Dependent.Branch.JointQuery.Actor.Operation.Query.Inventory.Observer.CurrentChild.Dynamic.Action.Consumer (24s)
✔ [4163/4508] Built H0mework.Versions.PR.Realization.Operations.Tree.Fold.Dependent.Branch.JointQuery.Actor.Operation.Query.Inventory.Observer.CurrentChild.Dynamic.Live.Source (25s)
✔ [4164/4508] Built H0mework.Versions.PR.Realization.Operations.Tree.Fold.Dependent.Branch.JointQuery.Actor.Operation.Query.Inventory.Observer.CurrentChild.Dynamic.Observed.Consumer (24s)
✔ [4165/4508] Built H0mework.Versions.C62.Realization.Operations.Tree.Fold.Dependent.Branch.JointQuery.Actor.Operation.Query.Inventory.Observer.CurrentChild.Dynamic.Live.Source (25s)
✔ [4166/4508] Built H0mework.Versions.PR.Realization.Operations.Tree.Fold.Dependent.Joint.ActionWords.Inventory.NodeHilbert.Future.Wave.Incidence.Environment.Occurrence.Relations.Disposition.Action.Execution (29s)
✔ [4167/4508] Built H0mework.Versions.C62.Realization.Operations.Tree.Fold.Dependent.Branch.JointQuery.Actor.Operation.Query.Inventory.Observer.CurrentChild.Dynamic.Live.Native.Source (23s)
✔ [4168/4508] Built H0mework.Versions.PR.Realization.Operations.Inquiry.Context.Faces.Execution.Activation.Receipt.Inventory.Born.Coordinates.Actual.Cofinal.Native.Reverse.Action.Source (30s)
✔ [4169/4508] Built H0mework.Versions.C62.Realization.Operations.Tree.Fold.Dependent.Branch.JointQuery.Actor.Operation.Query.Inventory.Observer.CurrentChild.Dynamic.Live.Origin.Consumer (34s)
✔ [4170/4508] Built H0mework.Versions.PR.Realization.Operations.Tree.Fold.Dependent.Branch.JointQuery.Actor.Operation.Query.Inventory.Observer.CurrentChild.Dynamic.Children.Consumer (35s)
✔ [4171/4508] Built H0mework.Versions.PR.Realization.Operations.Tree.Fold.Dependent.Branch.JointQuery.Actor.Operation.Query.Inventory.Observer.CurrentChild.Dynamic.Live.Consumer (40s)
✔ [4172/4508] Built H0mework.Versions.PR.Realization.Operations.Tree.Fold.Dependent.Branch.JointQuery.Actor.Operation.Query.Inventory.Observer.CurrentChild.Dynamic.Live.Native.Source (13s)
✔ [4173/4508] Built H0mework.Versions.PR.Realization.Operations.Tree.Fold.Dependent.Branch.JointQuery.Actor.Operation.Query.Inventory.Observer.CurrentChild.Dynamic.Live.FourFace.Source (25s)
✔ [4174/4508] Built H0mework.Versions.PR.Realization.Operations.Tree.Fold.Dependent.Joint.ActionWords.Inventory.NodeHilbert.Future.Wave.Incidence.Environment.Occurrence.Relations.Disposition.Action.Compiler (14s)
✔ [4175/4508] Built H0mework.Versions.PR.Realization.Operations.Tree.Fold.Dependent.Branch.JointQuery.Actor.Operation.Query.Inventory.Observer.CurrentChild.Dynamic.Live.MainRaw.Source (27s)
✔ [4176/4508] Built H0mework.Versions.PR.Realization.Operations.Inquiry.Context.Faces.Execution.Activation.Receipt.Inventory.Born.Coordinates.Actual.Cofinal.Native.Reverse.Action.Consumer (16s)
✔ [4177/4508] Built H0mework.Versions.PR.Realization.Operations.Tree.Fold.Dependent.Branch.JointQuery.Actor.Operation.Query.Inventory.Observer.CurrentChild.Dynamic.Live.Origin.Consumer (33s)
✔ [4178/4508] Built H0mework.Versions.PR.Realization.Operations.Tree.Fold.Dependent.Branch.JointQuery.Actor.Operation.Query.Inventory.Observer.CurrentChild.Dynamic.Live.Main.Consumer (17s)
✔ [4179/4508] Built H0mework.Versions.PR.Realization.Operations.Tree.Fold.Dependent.Joint.ActionWords.Inventory.NodeHilbert.Future.Wave.Incidence.Environment.Occurrence.Relations.Disposition.Action.Consumer (15s)
✔ [4180/4508] Built H0mework.Versions.C62.Realization.Operations.Tree.Fold.Dependent.Branch.JointQuery.Actor.Operation.Query.Inventory.Observer.CurrentChild.Dynamic.Live.Epoch.Consumer (18s)
✔ [4181/4508] Built H0mework.Versions.PR.Realization.Operations.Tree.Fold.Dependent.Branch.JointQuery.Actor.Operation.Query.Inventory.Observer.CurrentChild.Dynamic.Live.FourFace.Consumer (19s)
✔ [4182/4508] Built H0mework.Versions.PR.Realization.Operations.Inquiry.Context.Faces.Execution.Activation.Receipt.Inventory.Born.Coordinates.Actual.Cofinal.Native.Reverse.Action.Written.Source (12s)
✔ [4183/4508] Built H0mework.Versions.PR.Realization.Operations.Tree.Fold.Dependent.Branch.JointQuery.Actor.Operation.Query.Inventory.Observer.CurrentChild.Dynamic.Live.Selected.Consumer (12s)
✔ [4184/4508] Built H0mework.Versions.PR.Realization.Operations.Tree.Fold.Dependent.Branch.JointQuery.Actor.Operation.Query.Inventory.Observer.CurrentChild.Dynamic.Live.MainRaw.Consumer (16s)
✔ [4185/4508] Built H0mework.Versions.PR.Realization.Operations.Tree.Fold.Dependent.Joint.ActionWords.Inventory.NodeHilbert.Future.Wave.Incidence.Environment.Occurrence.Relations.Disposition.Action.Runtime (16s)
✔ [4186/4508] Built H0mework.Versions.PR.Realization.Operations.Tree.Fold.Dependent.Branch.JointQuery.Actor.Operation.Query.Inventory.Observer.CurrentChild.Dynamic.Live.Epoch.Consumer (18s)
✔ [4187/4508] Built H0mework.Versions.PR.Realization.Operations.Inquiry.Context.Faces.Execution.Activation.Receipt.Inventory.Born.Coordinates.Actual.Cofinal.Native.Reverse.Action.Written.Consumer (15s)
✔ [4188/4508] Built H0mework.Versions.PR.Realization.Operations.Tree.Fold.Dependent.Branch.JointQuery.Actor.Operation.Query.Inventory.Observer.CurrentChild.Dynamic.Live.LowStock.Consumer (87s)
✔ [4189/4508] Built H0mework.Versions.C62.Realization.Operations.Tree.Fold.Dependent.Branch.JointQuery.Actor.Operation.Query.Inventory.Observer.CurrentChild.Dynamic.Live.LowStock.Consumer (87s)
✔ [4190/4508] Built H0mework.Versions.PR.Realization.Operations.Tree.Fold.Dependent.Branch.JointQuery.Actor.Operation.Query.Inventory.Observer.CurrentChild.Dynamic.Live.MainRaw.Moving.Consumer (18s)
✔ [4191/4508] Built H0mework.Versions.PR.Realization.Operations.Tree.Fold.Dependent.Branch.JointQuery.Actor.Operation.Query.Inventory.Observer.CurrentChild.Dynamic.Live.Physical.Consumer (17s)
✔ [4192/4508] Built H0mework.Versions.PR.Realization.Operations.Inquiry.Context.Faces.Execution.Activation.Receipt.Inventory.Born.Coordinates.Actual.Cofinal.Native.Reverse.Action.Cochain.Source (17s)
✔ [4193/4508] Built H0mework.Versions.PR.Realization.Operations.Tree.Fold.Dependent.Branch.JointQuery.Actor.Operation.Query.Inventory.Observer.CurrentChild.Dynamic.Live.Native.Consumer (30s)
✔ [4194/4508] Built H0mework.Versions.C62.Realization.Operations.Tree.Fold.Dependent.Branch.JointQuery.Actor.Operation.Query.Inventory.Observer.CurrentChild.Dynamic.Live.Native.Consumer (30s)
✔ [4195/4508] Built H0mework.Versions.PR.Realization.Operations.Tree.Fold.Dependent.Branch.JointQuery.Actor.Operation.Query.Inventory.Observer.CurrentChild.Dynamic.Live.Native.Action.Source (19s)
✔ [4196/4508] Built H0mework.Versions.C62.Realization.Operations.Tree.Fold.Dependent.Branch.JointQuery.Actor.Operation.Query.Inventory.Observer.CurrentChild.Dynamic.Live.Native.Action.Source (19s)
✔ [4197/4508] Built H0mework.Versions.PR.Realization.Operations.Inquiry.Context.Faces.Execution.Activation.Receipt.Inventory.Born.Coordinates.Actual.Cofinal.Native.Reverse.Action.Cochain.Consumer (35s)
✔ [4198/4508] Built H0mework.Versions.PR.Realization.Operations.Tree.Fold.Dependent.Branch.JointQuery.Actor.Operation.Query.Inventory.Observer.CurrentChild.Dynamic.Live.Admission.Consumer (49s)
✔ [4199/4508] Built H0mework.Versions.PR.Realization.Operations.Inquiry.Context.Faces.Execution.Activation.Receipt.Inventory.Born.Coordinates.Actual.Cofinal.Native.Reverse.Action.Cochain.Terms.Source (22s)
✔ [4200/4508] Built H0mework.Versions.PR.Realization.Operations.Tree.Fold.Dependent.Branch.JointQuery.Actor.Operation.Query.Inventory.Observer.CurrentChild.Dynamic.Live.Native.Action.Runtime (26s)
✔ [4201/4508] Built H0mework.Versions.C62.Realization.Operations.Tree.Fold.Dependent.Branch.JointQuery.Actor.Operation.Query.Inventory.Observer.CurrentChild.Dynamic.Live.Native.Action.Runtime (26s)
✔ [4202/4508] Built H0mework.Versions.PR.Realization.Operations.Tree.Fold.Dependent.Branch.JointQuery.Actor.Operation.Query.Inventory.Observer.CurrentChild.Dynamic.Live.Native.Action.Consumer (18s)
✔ [4203/4508] Built H0mework.Versions.C62.Realization.Operations.Tree.Fold.Dependent.Branch.JointQuery.Actor.Operation.Query.Inventory.Observer.CurrentChild.Dynamic.Live.Native.Action.Consumer (18s)
✔ [4204/4508] Built H0mework.Versions.PR.Realization.Operations.Inquiry.Context.Faces.Execution.Activation.Receipt.Inventory.Born.Coordinates.Actual.Cofinal.Native.Reverse.Action.Cochain.Terms.Consumer (26s)
✔ [4205/4508] Built H0mework.Versions.PR.Realization.Operations.Tree.Fold.Dependent.Branch.JointQuery.Actor.Operation.Query.Inventory.Observer.CurrentChild.Dynamic.Live.Native.Action.Root (29s)
✔ [4206/4508] Built H0mework.Versions.C62.Realization.Operations.Tree.Fold.Dependent.Branch.JointQuery.Actor.Operation.Query.Inventory.Observer.CurrentChild.Dynamic.Live.Native.Action.Root (29s)
✔ [4207/4508] Built H0mework.Versions.PR.Realization.Operations.Inquiry.Context.Faces.Execution.Activation.Receipt.Inventory.Born.Coordinates.Actual.Cofinal.Native.Reverse.Action.Cochain.Terms.Next.Source (28s)
✔ [4208/4508] Built H0mework.Versions.PR.Realization.Operations.Inquiry.Context.Faces.Execution.Activation.Receipt.Inventory.Born.Coordinates.Actual.Cofinal.Native.Reverse.Action.Cochain.Terms.Next.Consumer (50s)
✔ [4209/4508] Built H0mework.Versions.PR.Realization.Operations.Tree.Fold.Dependent.Branch.JointQuery.Actor.Operation.Query.Inventory.Observer.CurrentChild.Dynamic.Live.Native.Action.Intake.Source (59s)
✔ [4210/4508] Built H0mework.Versions.C62.Realization.Operations.Tree.Fold.Dependent.Branch.JointQuery.Actor.Operation.Query.Inventory.Observer.CurrentChild.Dynamic.Live.Native.Action.Intake.Source (59s)
✔ [4211/4508] Built H0mework.Versions.PR.Realization.Operations.Inquiry.Context.Faces.Execution.Activation.Receipt.Inventory.Born.Coordinates.Actual.Cofinal.Native.Reverse.Action.Cochain.Terms.Next.Future.Source (41s)
✔ [4212/4508] Built H0mework.Versions.PR.Realization.Operations.Tree.Fold.Dependent.Branch.JointQuery.Actor.Operation.Query.Inventory.Observer.CurrentChild.Dynamic.Live.Native.Action.Intake.Consumer (55s)
✔ [4213/4508] Built H0mework.Versions.C62.Realization.Operations.Tree.Fold.Dependent.Branch.JointQuery.Actor.Operation.Query.Inventory.Observer.CurrentChild.Dynamic.Live.Native.Action.Intake.Consumer (54s)
✔ [4214/4508] Built H0mework.Versions.PR.Realization.Operations.Tree.Fold.Dependent.Branch.JointQuery.Actor.Operation.Query.Inventory.Observer.CurrentChild.Dynamic.Live.Native.Action.DebtReplay.Source (12s)
✔ [4215/4508] Built H0mework.Versions.C62.Realization.Operations.Tree.Fold.Dependent.Branch.JointQuery.Actor.Operation.Query.Inventory.Observer.CurrentChild.Dynamic.Live.Native.Action.DebtReplay.Source (12s)
✔ [4216/4508] Built H0mework.Versions.PR.Realization.Operations.Inquiry.Context.Faces.Execution.Activation.Receipt.Inventory.Born.Coordinates.Actual.Cofinal.Native.Reverse.Action.Cochain.Terms.Next.Future.Consumer (33s)
✔ [4217/4508] Built H0mework.Versions.PR.Realization.Operations.Tree.Fold.Dependent.Branch.JointQuery.Actor.Operation.Query.Inventory.Observer.CurrentChild.Dynamic.Live.Native.Action.Catalogue.Source (16s)
✔ [4218/4508] Built H0mework.Versions.C62.Realization.Operations.Tree.Fold.Dependent.Branch.JointQuery.Actor.Operation.Query.Inventory.Observer.CurrentChild.Dynamic.Live.Native.Action.Catalogue.Source (16s)
✔ [4219/4508] Built H0mework.Versions.C62.Realization.Operations.Tree.Fold.Dependent.Branch.JointQuery.Actor.Operation.Query.Inventory.Observer.CurrentChild.Dynamic.Live.Native.Action.Catalogue.Charge (12s)
✔ [4220/4508] Built H0mework.Versions.PR.Realization.Operations.Tree.Fold.Dependent.Branch.JointQuery.Actor.Operation.Query.Inventory.Observer.CurrentChild.Dynamic.Live.Native.Action.Catalogue.Runtime (13s)
✔ [4221/4508] Built H0mework.Versions.C62.Realization.Operations.Tree.Fold.Dependent.Branch.JointQuery.Actor.Operation.Query.Inventory.Observer.CurrentChild.Dynamic.Live.Native.Action.Catalogue.Runtime (13s)
✔ [4222/4508] Built H0mework.Versions.PR.Realization.Operations.Inquiry.Context.Faces.Execution.Activation.Receipt.Inventory.Born.Coordinates.Actual.Cofinal.Native.Reverse.Action.Cochain.Terms.Next.Future.Query.Source (17s)
✔ [4223/4508] Built H0mework.Versions.C62.Realization.Operations.Tree.Fold.Dependent.Branch.JointQuery.Actor.Operation.Query.Inventory.Observer.CurrentChild.Dynamic.Live.Native.Action.DebtReplay.Intake (23s)
✔ [4224/4508] Built H0mework.Versions.PR.Realization.Operations.Tree.Fold.Dependent.Branch.JointQuery.Actor.Operation.Query.Inventory.Observer.CurrentChild.Dynamic.Live.Native.Action.DebtReplay.Intake (23s)
✔ [4225/4508] Built H0mework.Versions.PR.Realization.Operations.Tree.Fold.Dependent.Branch.JointQuery.Actor.Operation.Query.Inventory.Observer.CurrentChild.Dynamic.Live.Native.Action.Catalogue.Orbit (20s)
✔ [4226/4508] Built H0mework.Versions.C62.Realization.Operations.Tree.Fold.Dependent.Branch.JointQuery.Actor.Operation.Query.Inventory.Observer.CurrentChild.Dynamic.Live.Native.Action.Catalogue.Orbit (20s)
✔ [4227/4508] Built H0mework.Versions.PR.Realization.Operations.Inquiry.Context.Faces.Execution.Activation.Receipt.Inventory.Born.Coordinates.Actual.Cofinal.Native.Reverse.Action.Cochain.Terms.Next.Future.Query.Consumer (50s)
✔ [4228/4508] Built H0mework.Versions.C62.Realization.Operations.Tree.Fold.Dependent.Branch.JointQuery.Actor.Operation.Query.Inventory.Observer.CurrentChild.Dynamic.Live.Native.Action.DebtReplay.Consumer (83s)
✔ [4229/4508] Built H0mework.Versions.C62.Realization.Operations.Tree.Fold.Dependent.Branch.JointQuery.Actor.Operation.Query.Inventory.Observer.CurrentChild.Dynamic.Live.Native.Action.Catalogue.Consumer (68s)
✔ [4230/4508] Built H0mework.Versions.PR.Realization.Operations.Tree.Fold.Dependent.Branch.JointQuery.Actor.Operation.Query.Inventory.Observer.CurrentChild.Dynamic.Live.Native.Action.Catalogue.Consumer (69s)
✔ [4231/4508] Built H0mework.Versions.PR.Realization.Operations.Tree.Fold.Dependent.Branch.JointQuery.Actor.Operation.Query.Inventory.Observer.CurrentChild.Dynamic.Live.Native.Action.DebtReplay.Consumer (84s)
✔ [4232/4508] Built H0mework.Versions.PR.Realization.Operations.Inquiry.Context.Faces.Execution.Activation.Receipt.Inventory.Born.Coordinates.Actual.Cofinal.Native.Reverse.Action.Cochain.Terms.Next.Future.Query.Pair.Source (50s)
✔ [4233/4508] Built H0mework.Versions.PR.Realization.Operations.Tree.Fold.Dependent.Branch.JointQuery.Actor.Operation.Query.Inventory.Observer.CurrentChild.Dynamic.Live.Native.Action.Coupled.Source (32s)
✔ [4234/4508] Built H0mework.Versions.C62.Realization.Operations.Tree.Fold.Dependent.Branch.JointQuery.Actor.Operation.Query.Inventory.Observer.CurrentChild.Dynamic.Live.Native.Action.Coupled.Source (33s)
✔ [4235/4508] Built H0mework.Versions.PR.Realization.Operations.Inquiry.Context.Faces.Execution.Activation.Receipt.Inventory.Born.Coordinates.Actual.Cofinal.Native.Reverse.Action.Cochain.Terms.Next.Future.Query.Pair.Consumer (52s)
✔ [4236/4508] Built H0mework.Versions.PR.Realization.Operations.Tree.Fold.Dependent.Branch.JointQuery.Actor.Operation.Query.Inventory.Observer.CurrentChild.Dynamic.Live.Native.Action.Coupled.Consumer (46s)
✔ [4237/4508] Built H0mework.Versions.C62.Realization.Operations.Tree.Fold.Dependent.Branch.JointQuery.Actor.Operation.Query.Inventory.Observer.CurrentChild.Dynamic.Live.Native.Action.Coupled.Consumer (45s)
✔ [4238/4508] Built H0mework.Versions.PR.Realization.Operations.Inquiry.Context.Faces.Execution.Activation.Receipt.Inventory.Born.Coordinates.Actual.Cofinal.Native.Reverse.Action.Cochain.Terms.Next.Future.Query.Pair.Coimage.Source (34s)
✔ [4239/4508] Built H0mework.Versions.PR.Realization.Operations.Tree.Fold.Dependent.Branch.JointQuery.Actor.Operation.Query.Inventory.Observer.CurrentChild.Dynamic.Live.Native.Action.Coupled.Registry.Shape (55s)
✔ [4240/4508] Built H0mework.Versions.C62.Realization.Operations.Tree.Fold.Dependent.Branch.JointQuery.Actor.Operation.Query.Inventory.Observer.CurrentChild.Dynamic.Live.Native.Action.Coupled.Registry.Shape (55s)
✔ [4241/4508] Built H0mework.Versions.PR.Realization.Operations.Inquiry.Context.Faces.Execution.Activation.Receipt.Inventory.Born.Coordinates.Actual.Cofinal.Native.Reverse.Action.Cochain.Terms.Next.Future.Query.Pair.Coimage.Consumer (60s)
✔ [4242/4508] Built H0mework.Versions.PR.Realization.Operations.Tree.Fold.Dependent.Branch.JointQuery.Actor.Operation.Query.Inventory.Observer.CurrentChild.Dynamic.Live.Native.Action.Coupled.Registry.Continuation (59s)
✔ [4243/4508] Built H0mework.Versions.C62.Realization.Operations.Tree.Fold.Dependent.Branch.JointQuery.Actor.Operation.Query.Inventory.Observer.CurrentChild.Dynamic.Live.Native.Action.Coupled.Registry.Continuation (59s)
✔ [4244/4508] Built H0mework.Versions.PR.Realization.Operations.Inquiry.Context.Faces.Execution.Activation.Receipt.Inventory.Born.Coordinates.Actual.Cofinal.Native.Reverse.Action.Cochain.Terms.Next.Future.Query.Pair.Coimage.Iteration.Source (53s)
✔ [4245/4508] Built H0mework.Versions.PR.Realization.Operations.Tree.Fold.Dependent.Branch.JointQuery.Actor.Operation.Query.Inventory.Observer.CurrentChild.Dynamic.Live.Native.Action.Coupled.Registry.Source (47s)
✔ [4246/4508] Built H0mework.Versions.C62.Realization.Operations.Tree.Fold.Dependent.Branch.JointQuery.Actor.Operation.Query.Inventory.Observer.CurrentChild.Dynamic.Live.Native.Action.Coupled.Registry.Source (47s)
✔ [4247/4508] Built H0mework.Versions.PR.Realization.Operations.Inquiry.Context.Faces.Execution.Activation.Receipt.Inventory.Born.Coordinates.Actual.Cofinal.Native.Reverse.Action.Cochain.Terms.Next.Future.Query.Pair.Coimage.Iteration.Consumer (65s)
✔ [4248/4508] Built H0mework.Versions.PR.Realization.Operations.Tree.Fold.Dependent.Branch.JointQuery.Actor.Operation.Query.Inventory.Observer.CurrentChild.Dynamic.Live.Native.Action.Coupled.Registry.Bootstrap.Source (63s)
✔ [4249/4508] Built H0mework.Versions.C62.Realization.Operations.Tree.Fold.Dependent.Branch.JointQuery.Actor.Operation.Query.Inventory.Observer.CurrentChild.Dynamic.Live.Native.Action.Coupled.Registry.Bootstrap.Source (63s)
✔ [4250/4508] Built H0mework.Versions.PR.Realization.Operations.Inquiry.Context.Faces.Execution.Activation.Receipt.Inventory.Born.Coordinates.Actual.Cofinal.Native.Reverse.Action.Cochain.Terms.Next.Future.Query.Pair.Coimage.Iteration.Consumption.Source (30s)
✔ [4251/4508] Built H0mework.Versions.C62.Realization.Operations.Tree.Fold.Dependent.Branch.JointQuery.Actor.Operation.Query.Inventory.Observer.CurrentChild.Dynamic.Live.Native.Action.Coupled.Registry.Calculation.Common.Feedback.Continuation.Future.Source (18s)
✔ [4252/4508] Built H0mework.Versions.PR.Realization.Operations.Tree.Fold.Dependent.Branch.JointQuery.Actor.Operation.Query.Inventory.Observer.CurrentChild.Dynamic.Live.Native.Action.Coupled.Registry.Calculation.Common.Feedback.Continuation.Future.Source (18s)
✔ [4253/4508] Built H0mework.Versions.C62.Realization.Operations.Tree.Fold.Dependent.Branch.JointQuery.Actor.Operation.Query.Inventory.Observer.CurrentChild.Dynamic.Live.Native.Action.Coupled.Registry.Bootstrap.Runtime (38s)
✔ [4254/4508] Built H0mework.Versions.PR.Realization.Operations.Tree.Fold.Dependent.Branch.JointQuery.Actor.Operation.Query.Inventory.Observer.CurrentChild.Dynamic.Live.Native.Action.Coupled.Registry.Bootstrap.Runtime (38s)
✔ [4255/4508] Built H0mework.Versions.PR.Realization.Operations.Tree.Fold.Dependent.Branch.JointQuery.Actor.Operation.Query.Inventory.Observer.CurrentChild.Dynamic.Live.Native.Action.Coupled.Registry.Calculation.Common.Source (11s)
✔ [4256/4508] Built H0mework.Versions.C62.Realization.Operations.Tree.Fold.Dependent.Branch.JointQuery.Actor.Operation.Query.Inventory.Observer.CurrentChild.Dynamic.Live.Native.Action.Coupled.Registry.Calculation.Common.Source (12s)
✔ [4257/4508] Built H0mework.Versions.C62.Realization.Operations.Tree.Fold.Dependent.Branch.JointQuery.Actor.Operation.Query.Inventory.Observer.CurrentChild.Dynamic.Live.Native.Action.Coupled.Registry.Runtime (17s)
✔ [4258/4508] Built H0mework.Versions.PR.Realization.Operations.Tree.Fold.Dependent.Branch.JointQuery.Actor.Operation.Query.Inventory.Observer.CurrentChild.Dynamic.Live.Native.Action.Coupled.Registry.Runtime (17s)
✔ [4259/4508] Built H0mework.Versions.PR.Realization.Operations.Tree.Fold.Dependent.Branch.JointQuery.Actor.Operation.Query.Inventory.Observer.CurrentChild.Dynamic.Live.Native.Action.Coupled.Registry.Calculation.Common.Direct (11s)
✔ [4260/4508] Built H0mework.Versions.C62.Realization.Operations.Tree.Fold.Dependent.Branch.JointQuery.Actor.Operation.Query.Inventory.Observer.CurrentChild.Dynamic.Live.Native.Action.Coupled.Registry.Calculation.Common.Direct (11s)
✔ [4261/4508] Built H0mework.Versions.PR.Realization.Operations.Inquiry.Context.Faces.Execution.Activation.Receipt.Inventory.Born.Coordinates.Actual.Cofinal.Native.Reverse.Action.Cochain.Terms.Next.Future.Query.Pair.Coimage.Iteration.Consumption.Consumer (60s)
✔ [4262/4508] Built H0mework.Versions.PR.Realization.Operations.Tree.Fold.Dependent.Branch.JointQuery.Actor.Operation.Query.Inventory.Observer.CurrentChild.Dynamic.Live.Native.Action.Coupled.Registry.Read.Query.Source (15s)
✔ [4263/4508] Built H0mework.Versions.C62.Realization.Operations.Tree.Fold.Dependent.Branch.JointQuery.Actor.Operation.Query.Inventory.Observer.CurrentChild.Dynamic.Live.Native.Action.Coupled.Registry.Read.Query.Source (16s)
✔ [4264/4508] Built H0mework.Versions.PR.Realization.Operations.Tree.Fold.Dependent.Branch.JointQuery.Actor.Operation.Query.Inventory.Observer.CurrentChild.Dynamic.Live.Native.Action.Coupled.Registry.Read.Query.Moving (15s)
✔ [4265/4508] Built H0mework.Versions.C62.Realization.Operations.Tree.Fold.Dependent.Branch.JointQuery.Actor.Operation.Query.Inventory.Observer.CurrentChild.Dynamic.Live.Native.Action.Coupled.Registry.Read.Query.Moving (14s)
✔ [4266/4508] Built H0mework.Versions.PR.Realization.Operations.Inquiry.Context.Faces.Execution.Activation.Receipt.Inventory.Born.Coordinates.Actual.Cofinal.Native.Reverse.Action.Cochain.Terms.Next.Future.Query.Pair.Coimage.Iteration.Batch.Source (28s)
✔ [4267/4508] Built H0mework.Versions.PR.Realization.Operations.Tree.Fold.Dependent.Branch.JointQuery.Actor.Operation.Query.Inventory.Observer.CurrentChild.Dynamic.Live.Native.Action.Coupled.Registry.Calculation.Action.Source (20s)
✔ [4268/4508] Built H0mework.Versions.C62.Realization.Operations.Tree.Fold.Dependent.Branch.JointQuery.Actor.Operation.Query.Inventory.Observer.CurrentChild.Dynamic.Live.Native.Action.Coupled.Registry.Calculation.Action.Source (20s)
✔ [4269/4508] Built H0mework.Versions.PR.Realization.Operations.Tree.Fold.Dependent.Branch.JointQuery.Actor.Operation.Query.Inventory.Observer.CurrentChild.Dynamic.Live.Native.Action.Coupled.Registry.Calculation.Action.Consumer (10s)
✔ [4270/4508] Built H0mework.Versions.C62.Realization.Operations.Tree.Fold.Dependent.Branch.JointQuery.Actor.Operation.Query.Inventory.Observer.CurrentChild.Dynamic.Live.Native.Action.Coupled.Registry.Calculation.Action.Consumer (10s)
✔ [4271/4508] Built H0mework.Versions.PR.Realization.Operations.Tree.Fold.Dependent.Branch.JointQuery.Actor.Operation.Query.Inventory.Observer.CurrentChild.Dynamic.Live.Native.Action.Coupled.Registry.Calculation.Action.Installed (7.2s)
✔ [4272/4508] Built H0mework.Versions.C62.Realization.Operations.Tree.Fold.Dependent.Branch.JointQuery.Actor.Operation.Query.Inventory.Observer.CurrentChild.Dynamic.Live.Native.Action.Coupled.Registry.Calculation.Action.Installed (7.0s)
✔ [4273/4508] Built H0mework.Versions.PR.Realization.Operations.Tree.Fold.Dependent.Branch.JointQuery.Actor.Operation.Query.Inventory.Observer.CurrentChild.Dynamic.Live.Native.Action.Coupled.Registry.Calculation.Common.Feedback.Source (9.3s)
✔ [4274/4508] Built H0mework.Versions.C62.Realization.Operations.Tree.Fold.Dependent.Branch.JointQuery.Actor.Operation.Query.Inventory.Observer.CurrentChild.Dynamic.Live.Native.Action.Coupled.Registry.Calculation.Common.Feedback.Source (9.1s)
✔ [4275/4508] Built H0mework.Versions.PR.Realization.Operations.Tree.Fold.Dependent.Branch.JointQuery.Actor.Operation.Query.Inventory.Observer.CurrentChild.Dynamic.Live.Native.Action.Coupled.Registry.Calculation.Common.Feedback.Transport.Source (8.9s)
✔ [4276/4508] Built H0mework.Versions.C62.Realization.Operations.Tree.Fold.Dependent.Branch.JointQuery.Actor.Operation.Query.Inventory.Observer.CurrentChild.Dynamic.Live.Native.Action.Coupled.Registry.Calculation.Common.Feedback.Transport.Source (9.2s)
✔ [4277/4508] Built H0mework.Versions.PR.Realization.Operations.Tree.Fold.Dependent.Branch.JointQuery.Actor.Operation.Query.Inventory.Observer.CurrentChild.Dynamic.Live.Native.Action.Coupled.Registry.Calculation.Action.Runtime (12s)
✔ [4278/4508] Built H0mework.Versions.C62.Realization.Operations.Tree.Fold.Dependent.Branch.JointQuery.Actor.Operation.Query.Inventory.Observer.CurrentChild.Dynamic.Live.Native.Action.Coupled.Registry.Calculation.Action.Runtime (12s)
✔ [4279/4508] Built H0mework.Versions.PR.Realization.Operations.Tree.Fold.Dependent.Branch.JointQuery.Actor.Operation.Query.Inventory.Observer.CurrentChild.Dynamic.Live.Native.Action.Coupled.Registry.Calculation.Common.Runtime (12s)
✔ [4280/4508] Built H0mework.Versions.C62.Realization.Operations.Tree.Fold.Dependent.Branch.JointQuery.Actor.Operation.Query.Inventory.Observer.CurrentChild.Dynamic.Live.Native.Action.Coupled.Registry.Calculation.Common.Runtime (12s)
✔ [4281/4508] Built H0mework.Versions.PR.Realization.Operations.Tree.Fold.Dependent.Branch.JointQuery.Actor.Operation.Query.Inventory.Observer.CurrentChild.Dynamic.Live.Native.Action.Coupled.Registry.Calculation.Common.Raw (10s)
✔ [4282/4508] Built H0mework.Versions.C62.Realization.Operations.Tree.Fold.Dependent.Branch.JointQuery.Actor.Operation.Query.Inventory.Observer.CurrentChild.Dynamic.Live.Native.Action.Coupled.Registry.Calculation.Common.Raw (12s)
✔ [4283/4508] Built H0mework.Versions.PR.Realization.Operations.Inquiry.Context.Faces.Execution.Activation.Receipt.Inventory.Born.Coordinates.Actual.Cofinal.Native.Reverse.Action.Cochain.Terms.Next.Future.Query.Pair.Coimage.Iteration.Batch.Consumer (73s)
✔ [4284/4508] Built H0mework.Versions.PR.Realization.Operations.Tree.Fold.Dependent.Branch.JointQuery.Actor.Operation.Query.Inventory.Observer.CurrentChild.Dynamic.Live.Native.Action.Coupled.Registry.Calculation.Common.Consumer (14s)
✔ [4285/4508] Built H0mework.Versions.C62.Realization.Operations.Tree.Fold.Dependent.Branch.JointQuery.Actor.Operation.Query.Inventory.Observer.CurrentChild.Dynamic.Live.Native.Action.Coupled.Registry.Calculation.Common.Consumer (13s)
✔ [4286/4508] Built H0mework.Versions.PR.Realization.Operations.Tree.Fold.Dependent.Branch.JointQuery.Actor.Operation.Query.Inventory.Observer.CurrentChild.Dynamic.Live.Native.Action.Coupled.Registry.Calculation.Common.Faces.Source (12s)
✔ [4287/4508] Built H0mework.Versions.C62.Realization.Operations.Tree.Fold.Dependent.Branch.JointQuery.Actor.Operation.Query.Inventory.Observer.CurrentChild.Dynamic.Live.Native.Action.Coupled.Registry.Calculation.Common.Faces.Source (12s)
✔ [4288/4508] Built H0mework.Versions.PR.Realization.Operations.Tree.Fold.Dependent.Branch.JointQuery.Actor.Operation.Query.Inventory.Observer.CurrentChild.Dynamic.Live.Native.Action.Coupled.Registry.Calculation.Common.Faces.Laws (12s)
✔ [4289/4508] Built H0mework.Versions.C62.Realization.Operations.Tree.Fold.Dependent.Branch.JointQuery.Actor.Operation.Query.Inventory.Observer.CurrentChild.Dynamic.Live.Native.Action.Coupled.Registry.Calculation.Common.Faces.Laws (12s)
✔ [4290/4508] Built H0mework.Versions.PR.Realization.Operations.Tree.Fold.Dependent.Branch.JointQuery.Actor.Operation.Query.Inventory.Observer.CurrentChild.Dynamic.Live.Native.Action.Coupled.Registry.Calculation.Common.Feedback.Runtime (14s)
✔ [4291/4508] Built H0mework.Versions.C62.Realization.Operations.Tree.Fold.Dependent.Branch.JointQuery.Actor.Operation.Query.Inventory.Observer.CurrentChild.Dynamic.Live.Native.Action.Coupled.Registry.Calculation.Common.Feedback.Runtime (14s)
✔ [4292/4508] Built H0mework.Versions.PR.Realization.Operations.Inquiry.Context.Faces.Execution.Activation.Receipt.Inventory.Born.Coordinates.Actual.Cofinal.Native.Reverse.Action.Cochain.Terms.Next.Future.Query.Pair.Coimage.Iteration.Batch.Calls.Source (34s)
✔ [4293/4508] Built H0mework.Versions.PR.Realization.Operations.Tree.Fold.Dependent.Branch.JointQuery.Actor.Operation.Query.Inventory.Observer.CurrentChild.Dynamic.Live.Native.Action.Coupled.Registry.Calculation.Common.Feedback.Raw (12s)
✔ [4294/4508] Built H0mework.Versions.C62.Realization.Operations.Tree.Fold.Dependent.Branch.JointQuery.Actor.Operation.Query.Inventory.Observer.CurrentChild.Dynamic.Live.Native.Action.Coupled.Registry.Calculation.Common.Feedback.Raw (13s)
✔ [4295/4508] Built H0mework.Versions.PR.Realization.Operations.Tree.Fold.Dependent.Branch.JointQuery.Actor.Operation.Query.Inventory.Observer.CurrentChild.Dynamic.Live.Native.Action.Coupled.Registry.Calculation.Common.Feedback.Continuation.Source (12s)
✔ [4296/4508] Built H0mework.Versions.C62.Realization.Operations.Tree.Fold.Dependent.Branch.JointQuery.Actor.Operation.Query.Inventory.Observer.CurrentChild.Dynamic.Live.Native.Action.Coupled.Registry.Calculation.Common.Feedback.Continuation.Source (13s)
✔ [4297/4508] Built H0mework.Versions.PR.Realization.Operations.Tree.Fold.Dependent.Branch.JointQuery.Actor.Operation.Query.Inventory.Observer.CurrentChild.Dynamic.Live.Native.Action.Coupled.Registry.Calculation.Common.Feedback.Continuation.Future.Feedback.Binding (9.9s)
✔ [4298/4508] Built H0mework.Versions.PR.Realization.Operations.Tree.Fold.Dependent.Branch.JointQuery.Actor.Operation.Query.Inventory.Observer.CurrentChild.Dynamic.Live.Native.Action.Coupled.Registry.Calculation.Common.Feedback.Continuation.SourceFamily.Factory (10s)
✔ [4299/4508] Built H0mework.Versions.PR.Realization.Operations.Tree.Fold.Dependent.Branch.JointQuery.Actor.Operation.Query.Inventory.Observer.CurrentChild.Dynamic.Live.Native.Action.Coupled.Registry.Calculation.Common.Feedback.Continuation.SourceFamily.Foresight.Contextual.Mixed.Source (10s)
✖ [4300/4508] Building H0mework.Versions.C62.Realization.Operations.Tree.Fold.Dependent.Branch.JointQuery.Actor.Operation.Query.Inventory.Observer.CurrentChild.Dynamic.Live.Native.Action.Coupled.Registry.Calculation.Common.Feedback.Continuation.Future.Actual (9.8s)
trace: .> LEAN_PATH=./Lean/.lake/packages/Cli/.lake/build/lib/lean:./Lean/.lake/packages/batteries/.lake/build/lib/lean:./Lean/.lake/packages/Qq/.lake/build/lib/lean:./Lean/.lake/packages/aesop/.lake/build/lib/lean:./Lean/.lake/packages/proofwidgets/.lake/build/lib/lean:./Lean/.lake/packages/importGraph/.lake/build/lib/lean:./Lean/.lake/packages/LeanSearchClient/.lake/build/lib/lean:./Lean/.lake/packages/plausible/.lake/build/lib/lean:./Lean/.lake/packages/mathlib/.lake/build/lib/lean:./Lean/.lake/build/lib/lean runtime/elan/manual/lean-4.33.0-darwin_aarch64/bin/lean -DmaxHeartbeats=2000000 -Dweak.linter.unusedSectionVars=false -Dweak.linter.unnecessarySeqFocus=false -Dweak.linter.unusedVariables=false -Dweak.linter.unreachableTactic=false -Dweak.linter.unusedTactic=false -Dweak.linter.defProp=false -Dweak.linter.deprecated=false -Dlinter.deprecated=false -Dweak.linter.tacticAnalysis.introMerge=false -Dweak.linter.constructorNameAsVariable=false --trust=0 -Dweak.linter.unnecessarySimpa=false -Dweak.linter.style.haveILetI=false -Dweak.linter.unusedSimpArgs=false -DwarningAsError=true ./Lean/H0mework/Versions/C62/Realization/Operations/Tree/Fold/Dependent/Branch/JointQuery/Actor/Operation/Query/Inventory/Observer/CurrentChild/Dynamic/Live/Native/Action/Coupled/Registry/Calculation/Common/Feedback/Continuation/Future/Actual.lean -o ./Lean/.lake/build/lib/lean/H0mework/Versions/C62/Realization/Operations/Tree/Fold/Dependent/Branch/JointQuery/Actor/Operation/Query/Inventory/Observer/CurrentChild/Dynamic/Live/Native/Action/Coupled/Registry/Calculation/Common/Feedback/Continuation/Future/Actual.olean -i ./Lean/.lake/build/lib/lean/H0mework/Versions/C62/Realization/Operations/Tree/Fold/Dependent/Branch/JointQuery/Actor/Operation/Query/Inventory/Observer/CurrentChild/Dynamic/Live/Native/Action/Coupled/Registry/Calculation/Common/Feedback/Continuation/Future/Actual.ilean -c ./Lean/.lake/build/ir/H0mework/Versions/C62/Realization/Operations/Tree/Fold/Dependent/Branch/JointQuery/Actor/Operation/Query/Inventory/Observer/CurrentChild/Dynamic/Live/Native/Action/Coupled/Registry/Calculation/Common/Feedback/Continuation/Future/Actual.c --setup ./Lean/.lake/build/ir/H0mework/Versions/C62/Realization/Operations/Tree/Fold/Dependent/Branch/JointQuery/Actor/Operation/Query/Inventory/Observer/CurrentChild/Dynamic/Live/Native/Action/Coupled/Registry/Calculation/Common/Feedback/Continuation/Future/Actual.setup.json --json
error: H0mework/Versions/C62/Realization/Operations/Tree/Fold/Dependent/Branch/JointQuery/Actor/Operation/Query/Inventory/Observer/CurrentChild/Dynamic/Live/Native/Action/Coupled/Registry/Calculation/Common/Feedback/Continuation/Future/Actual.lean:29:5: Tactic `rewrite` failed: Did not find an occurrence of the pattern
  (SourceOperationInquiry.Context.Faces.Execution.Activation.Shared.query ?frame ?configuration).raw
in the target expression
  2 ≤
    remaining
      (SourceGeneratedInquiryReceiptAction.actionReader frame
          (SourceOperationInquiry.Context.Faces.Execution.Activation.InventoryProgramme.Pair.Residual.Joint.Past.NextObservation.Request.Acted.programme
            seed)
          (SourceOperationInquiry.Context.Faces.Execution.Activation.Shared.actualOccurrence frame)).expression

S : Type u
W X : S → Type u
inst✝ : (s : S) → AddCommGroup (W s)
s : S
frame : RootGeneratedDebtActivationJointSource.Successor.Inquiry.Continuation.Frame
seed : RootedAccountedUnfolding (PresentedRelationEventAt (Expr W X s))
native :
  2 ≤
    remaining
      (SourceGeneratedInquiryReceiptAction.actionReader frame
          (SourceOperationInquiry.Context.Faces.Execution.Activation.InventoryProgramme.Pair.Residual.Joint.Past.NextObservation.Request.Acted.programme
            seed)
          (SourceOperationInquiry.Context.Faces.Execution.Activation.Shared.actualOccurrence frame)).expression
⊢ 2 ≤ remaining (SourceOperationInquiry.Context.Faces.Execution.Activation.Shared.query frame (cfg seed)).raw.expression
error: Lean exited with code 1
✔ [4301/4508] Built H0mework.Versions.PR.Realization.Operations.Tree.Fold.Dependent.Branch.JointQuery.Actor.Operation.Query.Inventory.Observer.CurrentChild.Dynamic.Live.Native.Action.Coupled.Registry.Calculation.Common.Feedback.Continuation.Future.Feedback.Action (11s)
✔ [4302/4508] Built H0mework.Versions.C62.Realization.Operations.Tree.Fold.Dependent.Branch.JointQuery.Actor.Operation.Query.Inventory.Observer.CurrentChild.Dynamic.Live.Native.Action.Coupled.Registry.Calculation.Common.Feedback.Continuation.Future.Feedback.Binding (12s)
✔ [4303/4508] Built H0mework.Versions.C62.Realization.Operations.Tree.Fold.Dependent.Branch.JointQuery.Actor.Operation.Query.Inventory.Observer.CurrentChild.Dynamic.Live.Native.Action.Coupled.Registry.Calculation.Common.Feedback.Continuation.SourceFamily.Factory (12s)
✔ [4304/4508] Built H0mework.Versions.PR.Realization.Operations.Tree.Fold.Dependent.Branch.JointQuery.Actor.Operation.Query.Inventory.Observer.CurrentChild.Dynamic.Live.Native.Action.Coupled.Registry.Calculation.Common.Feedback.Continuation.SourceFamily.Stage (12s)
✔ [4305/4508] Built H0mework.Versions.C62.Realization.Operations.Tree.Fold.Dependent.Branch.JointQuery.Actor.Operation.Query.Inventory.Observer.CurrentChild.Dynamic.Live.Native.Action.Coupled.Registry.Calculation.Common.Feedback.Continuation.SourceFamily.Foresight.Contextual.Mixed.Source (13s)
✔ [4306/4508] Built H0mework.Versions.C62.Realization.Operations.Tree.Fold.Dependent.Branch.JointQuery.Actor.Operation.Query.Inventory.Observer.CurrentChild.Dynamic.Live.Native.Action.Coupled.Registry.Calculation.Common.Feedback.Continuation.Future.Feedback.Action (13s)
✔ [4307/4508] Built H0mework.Versions.C62.Realization.Operations.Tree.Fold.Dependent.Branch.JointQuery.Actor.Operation.Query.Inventory.Observer.CurrentChild.Dynamic.Live.Native.Action.Coupled.Registry.Calculation.Common.Feedback.Continuation.SourceFamily.Stage (9.9s)
✔ [4308/4508] Built H0mework.Versions.PR.Realization.Operations.Tree.Fold.Dependent.Branch.JointQuery.Actor.Operation.Query.Inventory.Observer.CurrentChild.Dynamic.Live.Native.Action.Coupled.Registry.Calculation.Common.Feedback.Continuation.Future.Feedback.Source (10s)
✔ [4309/4508] Built H0mework.Versions.C62.Realization.Operations.Tree.Fold.Dependent.Branch.JointQuery.Actor.Operation.Query.Inventory.Observer.CurrentChild.Dynamic.Live.Native.Action.Coupled.Registry.Calculation.Common.Feedback.Continuation.SourceFamily.Foresight.Contextual.Phase.Source (9.0s)
✔ [4310/4508] Built H0mework.Versions.C62.Realization.Operations.Tree.Fold.Dependent.Branch.JointQuery.Actor.Operation.Query.Inventory.Observer.CurrentChild.Dynamic.Live.Native.Action.Coupled.Registry.Calculation.Common.Feedback.Continuation.Future.Feedback.Source (10s)
✔ [4311/4508] Built H0mework.Versions.PR.Realization.Operations.Tree.Fold.Dependent.Branch.JointQuery.Actor.Operation.Query.Inventory.Observer.CurrentChild.Dynamic.Live.Native.Action.Coupled.Registry.Calculation.Common.Feedback.Continuation.Stage (12s)
✔ [4312/4508] Built H0mework.Versions.PR.Realization.Operations.Tree.Fold.Dependent.Branch.JointQuery.Actor.Operation.Query.Inventory.Observer.CurrentChild.Dynamic.Live.Native.Action.Coupled.Registry.Calculation.Common.Feedback.Continuation.Future.Feedback.Installation (10s)
✔ [4313/4508] Built H0mework.Versions.C62.Realization.Operations.Tree.Fold.Dependent.Branch.JointQuery.Actor.Operation.Query.Inventory.Observer.CurrentChild.Dynamic.Live.Native.Action.Coupled.Registry.Calculation.Common.Feedback.Continuation.Future.Feedback.Installation (9.0s)
✔ [4314/4508] Built H0mework.Versions.C62.Realization.Operations.Tree.Fold.Dependent.Branch.JointQuery.Actor.Operation.Query.Inventory.Observer.CurrentChild.Dynamic.Live.Native.Action.Coupled.Registry.Calculation.Common.Feedback.Continuation.Observation (44s)
✔ [4315/4508] Built H0mework.Versions.C62.Realization.Operations.Tree.Fold.Dependent.Branch.JointQuery.Actor.Operation.Query.Inventory.Observer.CurrentChild.Dynamic.Live.Native.Action.Coupled.Registry.Calculation.Common.Feedback.Continuation.Stage (12s)
✔ [4316/4508] Built H0mework.Versions.PR.Realization.Operations.Tree.Fold.Dependent.Branch.JointQuery.Actor.Operation.Query.Inventory.Observer.CurrentChild.Dynamic.Live.Native.Action.Coupled.Registry.Calculation.Common.Feedback.Continuation.Observation (45s)
✔ [4317/4508] Built H0mework.Versions.PR.Realization.Operations.Tree.Fold.Dependent.Branch.JointQuery.Actor.Operation.Query.Inventory.Observer.CurrentChild.Dynamic.Live.Native.Action.Coupled.Registry.Calculation.Common.Feedback.Continuation.SourceFamily.Effect.Source (14s)
✔ [4318/4508] Built H0mework.Versions.PR.Realization.Operations.Tree.Fold.Dependent.Branch.JointQuery.Actor.Operation.Query.Inventory.Observer.CurrentChild.Dynamic.Live.Native.Action.Coupled.Registry.Calculation.Common.Feedback.Continuation.Future.Feedback.Consumer (15s)
✔ [4319/4508] Built H0mework.Versions.C62.Realization.Operations.Tree.Fold.Dependent.Branch.JointQuery.Actor.Operation.Query.Inventory.Observer.CurrentChild.Dynamic.Live.Native.Action.Coupled.Registry.Calculation.Common.Feedback.Continuation.SourceFamily.Effect.Source (15s)
✔ [4320/4508] Built H0mework.Versions.C62.Realization.Operations.Tree.Fold.Dependent.Branch.JointQuery.Actor.Operation.Query.Inventory.Observer.CurrentChild.Dynamic.Live.Native.Action.Coupled.Registry.Calculation.Common.Feedback.Continuation.Future.Feedback.Consumer (16s)
✖ [4321/4508] Building H0mework.Versions.PR.Realization.Operations.Tree.Fold.Dependent.Branch.JointQuery.Actor.Operation.Query.Inventory.Observer.CurrentChild.Dynamic.Live.Native.Action.Coupled.Registry.Calculation.Common.Feedback.Continuation.SourceFamily.Effect.Payment (10s)
trace: .> LEAN_PATH=./Lean/.lake/packages/Cli/.lake/build/lib/lean:./Lean/.lake/packages/batteries/.lake/build/lib/lean:./Lean/.lake/packages/Qq/.lake/build/lib/lean:./Lean/.lake/packages/aesop/.lake/build/lib/lean:./Lean/.lake/packages/proofwidgets/.lake/build/lib/lean:./Lean/.lake/packages/importGraph/.lake/build/lib/lean:./Lean/.lake/packages/LeanSearchClient/.lake/build/lib/lean:./Lean/.lake/packages/plausible/.lake/build/lib/lean:./Lean/.lake/packages/mathlib/.lake/build/lib/lean:./Lean/.lake/build/lib/lean runtime/elan/manual/lean-4.33.0-darwin_aarch64/bin/lean -DmaxHeartbeats=2000000 -Dweak.linter.unusedSectionVars=false -Dweak.linter.unnecessarySeqFocus=false -Dweak.linter.unusedVariables=false -Dweak.linter.unreachableTactic=false -Dweak.linter.unusedTactic=false -Dweak.linter.defProp=false -Dweak.linter.deprecated=false -Dlinter.deprecated=false -Dweak.linter.tacticAnalysis.introMerge=false -Dweak.linter.constructorNameAsVariable=false --trust=0 -Dweak.linter.unnecessarySimpa=false -Dweak.linter.style.haveILetI=false -Dweak.linter.unusedSimpArgs=false -DwarningAsError=true ./Lean/H0mework/Versions/PR/Realization/Operations/Tree/Fold/Dependent/Branch/JointQuery/Actor/Operation/Query/Inventory/Observer/CurrentChild/Dynamic/Live/Native/Action/Coupled/Registry/Calculation/Common/Feedback/Continuation/SourceFamily/Effect/Payment.lean -o ./Lean/.lake/build/lib/lean/H0mework/Versions/PR/Realization/Operations/Tree/Fold/Dependent/Branch/JointQuery/Actor/Operation/Query/Inventory/Observer/CurrentChild/Dynamic/Live/Native/Action/Coupled/Registry/Calculation/Common/Feedback/Continuation/SourceFamily/Effect/Payment.olean -i ./Lean/.lake/build/lib/lean/H0mework/Versions/PR/Realization/Operations/Tree/Fold/Dependent/Branch/JointQuery/Actor/Operation/Query/Inventory/Observer/CurrentChild/Dynamic/Live/Native/Action/Coupled/Registry/Calculation/Common/Feedback/Continuation/SourceFamily/Effect/Payment.ilean -c ./Lean/.lake/build/ir/H0mework/Versions/PR/Realization/Operations/Tree/Fold/Dependent/Branch/JointQuery/Actor/Operation/Query/Inventory/Observer/CurrentChild/Dynamic/Live/Native/Action/Coupled/Registry/Calculation/Common/Feedback/Continuation/SourceFamily/Effect/Payment.c --setup ./Lean/.lake/build/ir/H0mework/Versions/PR/Realization/Operations/Tree/Fold/Dependent/Branch/JointQuery/Actor/Operation/Query/Inventory/Observer/CurrentChild/Dynamic/Live/Native/Action/Coupled/Registry/Calculation/Common/Feedback/Continuation/SourceFamily/Effect/Payment.setup.json --json
error: H0mework/Versions/PR/Realization/Operations/Tree/Fold/Dependent/Branch/JointQuery/Actor/Operation/Query/Inventory/Observer/CurrentChild/Dynamic/Live/Native/Action/Coupled/Registry/Calculation/Common/Feedback/Continuation/SourceFamily/Effect/Payment.lean:50:2: omega could not prove the goal:
a possible counterexample may satisfy the constraints
  0 ≤ b ≤ 1
  a ≥ 3
where
 a := ↑(remaining
    (SourceOperationInquiry.Context.Faces.Execution.Activation.Shared.query frame (cfg binding seed)).raw.expression)
 b := ↑(remaining (Future.actionRaw frame (cfg binding seed)).expression)
error: Lean exited with code 1
✖ [4323/4508] Building H0mework.Versions.C62.Realization.Operations.Tree.Fold.Dependent.Branch.JointQuery.Actor.Operation.Query.Inventory.Observer.CurrentChild.Dynamic.Live.Native.Action.Coupled.Registry.Calculation.Common.Feedback.Continuation.SourceFamily.Effect.Payment (10s)
trace: .> LEAN_PATH=./Lean/.lake/packages/Cli/.lake/build/lib/lean:./Lean/.lake/packages/batteries/.lake/build/lib/lean:./Lean/.lake/packages/Qq/.lake/build/lib/lean:./Lean/.lake/packages/aesop/.lake/build/lib/lean:./Lean/.lake/packages/proofwidgets/.lake/build/lib/lean:./Lean/.lake/packages/importGraph/.lake/build/lib/lean:./Lean/.lake/packages/LeanSearchClient/.lake/build/lib/lean:./Lean/.lake/packages/plausible/.lake/build/lib/lean:./Lean/.lake/packages/mathlib/.lake/build/lib/lean:./Lean/.lake/build/lib/lean runtime/elan/manual/lean-4.33.0-darwin_aarch64/bin/lean -DmaxHeartbeats=2000000 -Dweak.linter.unusedSectionVars=false -Dweak.linter.unnecessarySeqFocus=false -Dweak.linter.unusedVariables=false -Dweak.linter.unreachableTactic=false -Dweak.linter.unusedTactic=false -Dweak.linter.defProp=false -Dweak.linter.deprecated=false -Dlinter.deprecated=false -Dweak.linter.tacticAnalysis.introMerge=false -Dweak.linter.constructorNameAsVariable=false --trust=0 -Dweak.linter.unnecessarySimpa=false -Dweak.linter.style.haveILetI=false -Dweak.linter.unusedSimpArgs=false -DwarningAsError=true ./Lean/H0mework/Versions/C62/Realization/Operations/Tree/Fold/Dependent/Branch/JointQuery/Actor/Operation/Query/Inventory/Observer/CurrentChild/Dynamic/Live/Native/Action/Coupled/Registry/Calculation/Common/Feedback/Continuation/SourceFamily/Effect/Payment.lean -o ./Lean/.lake/build/lib/lean/H0mework/Versions/C62/Realization/Operations/Tree/Fold/Dependent/Branch/JointQuery/Actor/Operation/Query/Inventory/Observer/CurrentChild/Dynamic/Live/Native/Action/Coupled/Registry/Calculation/Common/Feedback/Continuation/SourceFamily/Effect/Payment.olean -i ./Lean/.lake/build/lib/lean/H0mework/Versions/C62/Realization/Operations/Tree/Fold/Dependent/Branch/JointQuery/Actor/Operation/Query/Inventory/Observer/CurrentChild/Dynamic/Live/Native/Action/Coupled/Registry/Calculation/Common/Feedback/Continuation/SourceFamily/Effect/Payment.ilean -c ./Lean/.lake/build/ir/H0mework/Versions/C62/Realization/Operations/Tree/Fold/Dependent/Branch/JointQuery/Actor/Operation/Query/Inventory/Observer/CurrentChild/Dynamic/Live/Native/Action/Coupled/Registry/Calculation/Common/Feedback/Continuation/SourceFamily/Effect/Payment.c --setup ./Lean/.lake/build/ir/H0mework/Versions/C62/Realization/Operations/Tree/Fold/Dependent/Branch/JointQuery/Actor/Operation/Query/Inventory/Observer/CurrentChild/Dynamic/Live/Native/Action/Coupled/Registry/Calculation/Common/Feedback/Continuation/SourceFamily/Effect/Payment.setup.json --json
error: H0mework/Versions/C62/Realization/Operations/Tree/Fold/Dependent/Branch/JointQuery/Actor/Operation/Query/Inventory/Observer/CurrentChild/Dynamic/Live/Native/Action/Coupled/Registry/Calculation/Common/Feedback/Continuation/SourceFamily/Effect/Payment.lean:50:2: omega could not prove the goal:
a possible counterexample may satisfy the constraints
  0 ≤ b ≤ 1
  a ≥ 3
where
 a := ↑(remaining
    (SourceOperationInquiry.Context.Faces.Execution.Activation.Shared.query frame (cfg binding seed)).raw.expression)
 b := ↑(remaining (Future.actionRaw frame (cfg binding seed)).expression)
error: Lean exited with code 1
✔ [4325/4508] Built H0mework.Versions.PR.Realization.Operations.Inquiry.Context.Faces.Execution.Activation.Receipt.Inventory.Born.Coordinates.Actual.Cofinal.Native.Reverse.Action.Cochain.Terms.Next.Future.Query.Pair.Coimage.Iteration.Batch.Calls.Consumer (121s)
✔ [4326/4508] Built H0mework.Versions.PR.Realization.Operations.Tree.Fold.Dependent.Branch.JointQuery.Actor.Operation.Query.Inventory.Observer.CurrentChild.Dynamic.Live.Native.Action.Coupled.Registry.Calculation.Common.Feedback.Continuation.Admission (54s)
✔ [4327/4508] Built H0mework.Versions.C62.Realization.Operations.Tree.Fold.Dependent.Branch.JointQuery.Actor.Operation.Query.Inventory.Observer.CurrentChild.Dynamic.Live.Native.Action.Coupled.Registry.Calculation.Common.Feedback.Continuation.Admission (55s)
✔ [4328/4508] Built H0mework.Versions.PR.Realization.Operations.Tree.Fold.Dependent.Branch.JointQuery.Actor.Operation.Query.Inventory.Observer.CurrentChild.Dynamic.Live.Native.Action.Coupled.Registry.Calculation.Common.Feedback.Continuation.SourceFamily.Engine (30s)
✔ [4329/4508] Built H0mework.Versions.C62.Realization.Operations.Tree.Fold.Dependent.Branch.JointQuery.Actor.Operation.Query.Inventory.Observer.CurrentChild.Dynamic.Live.Native.Action.Coupled.Registry.Calculation.Common.Feedback.Continuation.SourceFamily.Engine (30s)
✔ [4330/4508] Built H0mework.Versions.PR.Realization.Operations.Inquiry.Context.Faces.Execution.Activation.Receipt.Inventory.Born.Coordinates.Actual.Cofinal.Native.Reverse.Action.Cochain.Terms.Next.Future.Query.Pair.Coimage.Iteration.Batch.Calls.History.Source (36s)
✔ [4331/4508] Built H0mework.Versions.PR.Realization.Operations.Tree.Fold.Dependent.Branch.JointQuery.Actor.Operation.Query.Inventory.Observer.CurrentChild.Dynamic.Live.Native.Action.Coupled.Registry.Calculation.Common.Feedback.Continuation.Engine (24s)
✔ [4332/4508] Built H0mework.Versions.C62.Realization.Operations.Tree.Fold.Dependent.Branch.JointQuery.Actor.Operation.Query.Inventory.Observer.CurrentChild.Dynamic.Live.Native.Action.Coupled.Registry.Calculation.Common.Feedback.Continuation.Engine (24s)
✔ [4333/4508] Built H0mework.Versions.C62.Realization.Operations.Tree.Fold.Dependent.Branch.JointQuery.Actor.Operation.Query.Inventory.Observer.CurrentChild.Dynamic.Live.Native.Action.Coupled.Registry.Calculation.Common.Feedback.Continuation.SourceFamily.Runtime (34s)
✔ [4334/4508] Built H0mework.Versions.PR.Realization.Operations.Tree.Fold.Dependent.Branch.JointQuery.Actor.Operation.Query.Inventory.Observer.CurrentChild.Dynamic.Live.Native.Action.Coupled.Registry.Calculation.Common.Feedback.Continuation.SourceFamily.Runtime (34s)
✔ [4335/4508] Built H0mework.Versions.C62.Realization.Operations.Tree.Fold.Dependent.Branch.JointQuery.Actor.Operation.Query.Inventory.Observer.CurrentChild.Dynamic.Live.Native.Action.Coupled.Registry.Calculation.Common.Feedback.Continuation.Runtime (12s)
✔ [4336/4508] Built H0mework.Versions.PR.Realization.Operations.Tree.Fold.Dependent.Branch.JointQuery.Actor.Operation.Query.Inventory.Observer.CurrentChild.Dynamic.Live.Native.Action.Coupled.Registry.Calculation.Common.Feedback.Continuation.Future.Feedback.Next (23s)
✔ [4337/4508] Built H0mework.Versions.C62.Realization.Operations.Tree.Fold.Dependent.Branch.JointQuery.Actor.Operation.Query.Inventory.Observer.CurrentChild.Dynamic.Live.Native.Action.Coupled.Registry.Calculation.Common.Feedback.Continuation.Future.Feedback.Next (23s)
✔ [4338/4508] Built H0mework.Versions.PR.Realization.Operations.Tree.Fold.Dependent.Branch.JointQuery.Actor.Operation.Query.Inventory.Observer.CurrentChild.Dynamic.Live.Native.Action.Coupled.Registry.Calculation.Common.Feedback.Continuation.Future.Feedback.Written (9.9s)
✔ [4339/4508] Built H0mework.Versions.C62.Realization.Operations.Tree.Fold.Dependent.Branch.JointQuery.Actor.Operation.Query.Inventory.Observer.CurrentChild.Dynamic.Live.Native.Action.Coupled.Registry.Calculation.Common.Feedback.Continuation.Future.Feedback.Written (9.9s)
✔ [4340/4508] Built H0mework.Versions.C62.Realization.Operations.Tree.Fold.Dependent.Branch.JointQuery.Actor.Operation.Query.Inventory.Observer.CurrentChild.Dynamic.Live.Native.Action.Coupled.Registry.Calculation.Common.Feedback.Continuation.Installed (12s)
✔ [4341/4508] Built H0mework.Versions.PR.Realization.Operations.Tree.Fold.Dependent.Branch.JointQuery.Actor.Operation.Query.Inventory.Observer.CurrentChild.Dynamic.Live.Native.Action.Coupled.Registry.Calculation.Common.Feedback.Continuation.SourceFamily.Feedback (10s)
✔ [4348/4508] Built H0mework.Versions.C62.Realization.Operations.Tree.Fold.Dependent.Branch.JointQuery.Actor.Operation.Query.Inventory.Observer.CurrentChild.Dynamic.Live.Native.Action.Coupled.Registry.Calculation.Common.Feedback.Continuation.SourceFamily.Feedback (10s)
✔ [4355/4508] Built H0mework.Versions.C62.Realization.Operations.Tree.Fold.Dependent.Branch.JointQuery.Actor.Operation.Query.Inventory.Observer.CurrentChild.Dynamic.Live.Native.Action.Coupled.Registry.Calculation.Common.Feedback.Continuation.Material (13s)
✔ [4356/4508] Built H0mework.Versions.PR.Realization.Operations.Tree.Fold.Dependent.Branch.JointQuery.Actor.Operation.Query.Inventory.Observer.CurrentChild.Dynamic.Live.Native.Action.Coupled.Registry.Calculation.Common.Feedback.Continuation.SourceFamily.Packet (13s)
✔ [4385/4508] Built H0mework.Versions.C62.Realization.Operations.Tree.Fold.Dependent.Branch.JointQuery.Actor.Operation.Query.Inventory.Observer.CurrentChild.Dynamic.Live.Native.Action.Coupled.Registry.Calculation.Common.Feedback.Continuation.SourceFamily.Packet (13s)
✔ [4443/4508] Built H0mework.Versions.C62.Realization.Operations.Tree.Fold.Dependent.Branch.JointQuery.Actor.Operation.Query.Inventory.Observer.CurrentChild.Dynamic.Live.Native.Action.Coupled.Registry.Calculation.Common.Feedback.Continuation.Fields (13s)
✔ [4444/4508] Built H0mework.Versions.C62.Realization.Operations.Tree.Fold.Dependent.Branch.JointQuery.Actor.Operation.Query.Inventory.Observer.CurrentChild.Dynamic.Live.Native.Action.Coupled.Registry.Calculation.Common.Feedback.Continuation.SourceFamily.Calculation.Source (23s)
✔ [4445/4508] Built H0mework.Versions.C62.Realization.Operations.Tree.Fold.Dependent.Branch.JointQuery.Actor.Operation.Query.Inventory.Observer.CurrentChild.Dynamic.Live.Native.Action.Coupled.Registry.Calculation.Common.Feedback.Continuation.Consumer (22s)
✔ [4467/4508] Built H0mework.Versions.PR.Realization.Operations.Inquiry.Context.Faces.Execution.Activation.Receipt.Inventory.Born.Coordinates.Actual.Cofinal.Native.Reverse.Action.Cochain.Terms.Next.Future.Query.Pair.Coimage.Iteration.Batch.Calls.History.Consumer (116s)
✔ [4468/4508] Built H0mework.Versions.C62.Realization.Operations.Tree.Fold.Dependent.Branch.JointQuery.Actor.Operation.Query.Inventory.Observer.CurrentChild.Dynamic.Live.Native.Action.Coupled.Registry.Calculation.Common.Feedback.Continuation.SourceFamily.Calculation.Endpoint (30s)
✔ [4506/4508] Built H0mework.Versions.PR.Realization.Operations.Tree.Fold.Dependent.Next.Source (585s)
✔ [4507/4508] Built H0mework.Versions.PR.Realization.Operations.Tree.Fold.Dependent.Next.Consumer (176s)
Some required targets logged failures:
- H0mework.Versions.C62.Realization.Operations.Tree.Fold.Dependent.Branch.JointQuery.Actor.Operation.Query.Inventory.Observer.CurrentChild.Dynamic.Live.Native.Action.Coupled.Registry.Calculation.Common.Feedback.Continuation.Future.Actual
- H0mework.Versions.PR.Realization.Operations.Tree.Fold.Dependent.Branch.JointQuery.Actor.Operation.Query.Inventory.Observer.CurrentChild.Dynamic.Live.Native.Action.Coupled.Registry.Calculation.Common.Feedback.Continuation.SourceFamily.Effect.Payment
- H0mework.Versions.C62.Realization.Operations.Tree.Fold.Dependent.Branch.JointQuery.Actor.Operation.Query.Inventory.Observer.CurrentChild.Dynamic.Live.Native.Action.Coupled.Registry.Calculation.Common.Feedback.Continuation.SourceFamily.Effect.Payment
error: build failed
