warning: mathlib: repository './Lean/.lake/packages/mathlib' has local changes
warning: batteries: repository './Lean/.lake/packages/batteries' has local changes
ℹ [10172/10284] Replayed H0mework.Foundation.Source.Root
info: H0mework/Foundation/Source/Root.lean:544:0: 'SaturationMonoid.ResponsibilityLifecycle.LivingLawEvolution.ConstructiveRoot.LedgerEntryEvolutionAt.toDebtLineage' does not depend on any axioms
ℹ [10193/10284] Replayed H0mework.Foundation.Semantics.TheoryState
info: H0mework/Foundation/Semantics/TheoryState.lean:137:0: 'SaturationMonoid.ResponsibilityLifecycle.LivingLawEvolution.TheoryState.rootSemantic_actualExpressibilityFailure_isEmpty' does not depend on any axioms
ℹ [10328/10487] Replayed H0mework.Physics.ElectricEC.FixedFullOccurrenceOriginSettlement
info: H0mework/Physics/ElectricEC/FixedFullOccurrenceOriginSettlement.lean:649:2: Try this:
  [apply] abel_nf
info: H0mework/Physics/ElectricEC/FixedFullOccurrenceOriginSettlement.lean:682:2: Try this:
  [apply] abel_nf
info: H0mework/Physics/ElectricEC/FixedFullOccurrenceOriginSettlement.lean:715:2: Try this:
  [apply] abel_nf
ℹ [10339/10487] Replayed H0mework.Physics.ScalarJets.FixedJointP286AlgebraicMatterScalarDelta
info: H0mework/Physics/ScalarJets/FixedJointP286AlgebraicMatterScalarDelta.lean:906:2: Try this:
  [apply] abel_nf
info: H0mework/Physics/ScalarJets/FixedJointP286AlgebraicMatterScalarDelta.lean:926:2: Try this:
  [apply] abel_nf
ℹ [10349/10487] Replayed H0mework.Physics.FullOccurrence.FixedMatterAdjointTemporalSupport
info: H0mework/Physics/FullOccurrence/FixedMatterAdjointTemporalSupport.lean:289:2: Try this:
  [apply] abel_nf
info: H0mework/Physics/FullOccurrence/FixedMatterAdjointTemporalSupport.lean:310:2: Try this:
  [apply] abel_nf
ℹ [10364/10487] Replayed H0mework.Physics.ActionForcing.FixedOccurrenceP286ZeroSliceActionProfile
info: H0mework/Physics/ActionForcing/FixedOccurrenceP286ZeroSliceActionProfile.lean:188:2: Try this:
  [apply] ring_nf
  
  The `ring` tactic failed to close the goal. Use `ring_nf` to obtain a normal form.
    
  Note that `ring` works primarily in *commutative* rings. If you have a noncommutative ring, abelian group or module, consider using `noncomm_ring`, `abel` or `module` instead.
ℹ [10365/10487] Replayed H0mework.Physics.FixedJoint.FixedP286RadialRequiredExteriorAnchor
info: H0mework/Physics/FixedJoint/FixedP286RadialRequiredExteriorAnchor.lean:160:2: Try this:
  [apply] ring_nf
  
  The `ring` tactic failed to close the goal. Use `ring_nf` to obtain a normal form.
    
  Note that `ring` works primarily in *commutative* rings. If you have a noncommutative ring, abelian group or module, consider using `noncomm_ring`, `abel` or `module` instead.
ℹ [10462/10487] Replayed H0mework.Physics.ActionGeneration.SameHessianCauchySafeRealization
info: H0mework/Physics/ActionGeneration/SameHessianCauchySafeRealization.lean:107:0: 'SaturationMonoid.PhysicsCore.StageNineSourceActionGeneratedSameHessianCauchySafeRealization.SameHessianCauchySafeRealizationOccurrence.after_eq_actionWrite' depends on axioms: [propext,
 Classical.choice,
 Quot.sound]
ℹ [10484/10487] Replayed H0mework.Physics.Coframe.CoframeNativeConjugateMatterGlobalRadialRegularity
info: H0mework/Physics/Coframe/CoframeNativeConjugateMatterGlobalRadialRegularity.lean:871:0: 'SaturationMonoid.PhysicsCore.StageNineCoframeNativeConjugateMatterGlobalRadialRegularity.coframeNativeGlobalConjugateMatterResponseOneForm_contDiff' depends on axioms: [propext,
 Classical.choice,
 Quot.sound]
info: H0mework/Physics/Coframe/CoframeNativeConjugateMatterGlobalRadialRegularity.lean:872:0: 'SaturationMonoid.PhysicsCore.StageNineCoframeNativeConjugateMatterGlobalRadialRegularity.actionGeneratedGlobalFrameMatterDualActual_smooth' depends on axioms: [propext,
 Classical.choice,
 Quot.sound]
info: H0mework/Physics/Coframe/CoframeNativeConjugateMatterGlobalRadialRegularity.lean:873:0: 'SaturationMonoid.PhysicsCore.StageNineCoframeNativeConjugateMatterGlobalRadialRegularity.installFormNativeGravityReaction_smooth' depends on axioms: [propext,
 Classical.choice,
 Quot.sound]
ℹ [10485/10487] Replayed H0mework.Physics.SafeCauchy.FixedJointGlobalSmooth
info: H0mework/Physics/SafeCauchy/FixedJointGlobalSmooth.lean:107:0: 'SaturationMonoid.PhysicsCore.StageNineDiracDualFormNativeFixedP506CartanECConstraintCauchySafeJointGlobalSmooth.fixedP506L0CartanECConstraintCauchySafeJointGlobalECPath_conjugateMatterResponseOneForm_contDiff' depends on axioms: [propext,
 Classical.choice,
 Quot.sound]
info: H0mework/Physics/SafeCauchy/FixedJointGlobalSmooth.lean:109:0: 'SaturationMonoid.PhysicsCore.StageNineDiracDualFormNativeFixedP506CartanECConstraintCauchySafeJointGlobalSmooth.fixedP506L0CartanECConstraintCauchySafeJointGlobalPrimal_conjugateMatterRadialIncrement_contDiff' depends on axioms: [propext,
 Classical.choice,
 Quot.sound]
info: H0mework/Physics/SafeCauchy/FixedJointGlobalSmooth.lean:111:0: 'SaturationMonoid.PhysicsCore.StageNineDiracDualFormNativeFixedP506CartanECConstraintCauchySafeJointGlobalSmooth.fixedP506L0CartanECConstraintCauchySafeJointGlobalMatterDual_smooth' depends on axioms: [propext,
 Classical.choice,
 Quot.sound]
info: H0mework/Physics/SafeCauchy/FixedJointGlobalSmooth.lean:113:0: 'SaturationMonoid.PhysicsCore.StageNineDiracDualFormNativeFixedP506CartanECConstraintCauchySafeJointGlobalSmooth.fixedP506L0CartanECConstraintCauchySafeJointGlobalActual_smooth' depends on axioms: [propext,
 Classical.choice,
 Quot.sound]
ℹ [10486/10487] Replayed H0mework.Physics.SafeCauchy.FixedECPathGravityTailInputRegularity
info: H0mework/Physics/SafeCauchy/FixedECPathGravityTailInputRegularity.lean:526:0: 'SaturationMonoid.PhysicsCore.StageNineDiracDualFormNativeFixedP506CartanECConstraintCauchySafeECPathGravityTailInputRegularity.cartanECSynchronizedGravityTailBase_smooth_of_currentSmooth' depends on axioms: [propext,
 Classical.choice,
 Quot.sound]
info: H0mework/Physics/SafeCauchy/FixedECPathGravityTailInputRegularity.lean:527:0: 'SaturationMonoid.PhysicsCore.StageNineDiracDualFormNativeFixedP506CartanECConstraintCauchySafeECPathGravityTailInputRegularity.fixedP506L0CartanECConstraintCauchySafeJointFinalGravityTailBase_smooth' depends on axioms: [propext,
 Classical.choice,
 Quot.sound]
info: H0mework/Physics/SafeCauchy/FixedECPathGravityTailInputRegularity.lean:529:0: 'SaturationMonoid.PhysicsCore.StageNineDiracDualFormNativeFixedP506CartanECConstraintCauchySafeECPathGravityTailInputRegularity.fixedP506L0CartanECConstraintCauchySafeJointFinalGravityTailBase_nondegenerate_origin' depends on axioms: [propext,
 Classical.choice,
 Quot.sound]
info: H0mework/Physics/SafeCauchy/FixedECPathGravityTailInputRegularity.lean:531:0: 'SaturationMonoid.PhysicsCore.StageNineDiracDualFormNativeFixedP506CartanECConstraintCauchySafeECPathGravityTailInputRegularity.fixedP506L0CartanECConstraintCauchySafeJointFinalGravityTailCoframeJetCoordinateCLM_contDiffAt_origin' depends on axioms: [propext,
 Classical.choice,
 Quot.sound]
info: H0mework/Physics/SafeCauchy/FixedECPathGravityTailInputRegularity.lean:533:0: 'SaturationMonoid.PhysicsCore.StageNineDiracDualFormNativeFixedP506CartanECConstraintCauchySafeECPathGravityTailInputRegularity.fixedP506L0CartanECConstraintCauchySafeJointFinalGravityTailCoframeFirstJet_origin_eq_identity' depends on axioms: [propext,
 Classical.choice,
 Quot.sound]
info: H0mework/Physics/SafeCauchy/FixedECPathGravityTailInputRegularity.lean:535:0: 'SaturationMonoid.PhysicsCore.StageNineDiracDualFormNativeFixedP506CartanECConstraintCauchySafeECPathGravityTailInputRegularity.fixedP506L0CartanECConstraintCauchySafeJointFinalGravityTailBase_coframe_eq_one' depends on axioms: [propext,
 Classical.choice,
 Quot.sound]
info: H0mework/Physics/SafeCauchy/FixedECPathGravityTailInputRegularity.lean:537:0: 'SaturationMonoid.PhysicsCore.StageNineDiracDualFormNativeFixedP506CartanECConstraintCauchySafeECPathGravityTailInputRegularity.fixedP506L0CartanECConstraintCauchySafeJointFinalGravityTailBase_nondegenerate' depends on axioms: [propext,
 Classical.choice,
 Quot.sound]
info: H0mework/Physics/SafeCauchy/FixedECPathGravityTailInputRegularity.lean:539:0: 'SaturationMonoid.PhysicsCore.StageNineDiracDualFormNativeFixedP506CartanECConstraintCauchySafeECPathGravityTailInputRegularity.fixedP506L0CartanECConstraintCauchySafeJointFinalGravityTailCoframeJetCoordinateCLM_contDiff' depends on axioms: [propext,
 Classical.choice,
 Quot.sound]
ℹ [10504/10686] Replayed H0mework.Physics.JointVariation.DirectPrimitivePathGLSmooth
info: H0mework/Physics/JointVariation/DirectPrimitivePathGLSmooth.lean:234:0: 'SaturationMonoid.PhysicsCore.StageNineDiracDualFormNativeCompleteJointDirectPrimitivePathGLSmooth.sourceActionGeneratedDiracDualGLDirectPrimitivePathWrite_smooth_of_materialRegularity' depends on axioms: [propext,
 Classical.choice,
 Quot.sound]
info: H0mework/Physics/JointVariation/DirectPrimitivePathGLSmooth.lean:236:0: 'SaturationMonoid.PhysicsCore.StageNineDiracDualFormNativeCompleteJointDirectPrimitivePathGLSmooth.sourceActionGeneratedDiracDualGLDirectPrimitivePathWrite_smooth' depends on axioms: [propext,
 Classical.choice,
 Quot.sound]
ℹ [10508/10686] Replayed H0mework.Versions.R2.Physics.ConstrainedCauchy.FixedFirstAssemblyGeneratedJointNormalForm
info: H0mework/Versions/R2/Physics/ConstrainedCauchy/FixedFirstAssemblyGeneratedJointNormalForm.lean:135:0: 'SaturationMonoid.PhysicsCore.StageNineDiracDualFormNativeFixedP506CartanECConstraintCauchyFirstAssemblyGeneratedJointNormalForm.root_firstAssembly_classicalJoint_eq_generatedNormalForm_section' depends on axioms: [propext,
 Classical.choice,
 Quot.sound]
info: H0mework/Versions/R2/Physics/ConstrainedCauchy/FixedFirstAssemblyGeneratedJointNormalForm.lean:136:0: 'SaturationMonoid.PhysicsCore.StageNineDiracDualFormNativeFixedP506CartanECConstraintCauchyFirstAssemblyGeneratedJointNormalForm.firstAssemblyGeneratedPointwiseJointNormalForm_gravityMultiplier_zero' depends on axioms: [propext,
 Classical.choice,
 Quot.sound]
info: H0mework/Versions/R2/Physics/ConstrainedCauchy/FixedFirstAssemblyGeneratedJointNormalForm.lean:138:0: 'SaturationMonoid.PhysicsCore.StageNineDiracDualFormNativeFixedP506CartanECConstraintCauchyFirstAssemblyGeneratedJointNormalForm.firstAssemblyGeneratedPointwiseJointNormalForm_gravityAuxiliary_zero' depends on axioms: [propext,
 Classical.choice,
 Quot.sound]
info: H0mework/Versions/R2/Physics/ConstrainedCauchy/FixedFirstAssemblyGeneratedJointNormalForm.lean:140:0: 'SaturationMonoid.PhysicsCore.StageNineDiracDualFormNativeFixedP506CartanECConstraintCauchyFirstAssemblyGeneratedJointNormalForm.firstAssemblyGeneratedPointwiseJointNormalForm_p286GaugeAuxiliary_zero' depends on axioms: [propext,
 Classical.choice,
 Quot.sound]
ℹ [10509/10686] Replayed H0mework.Versions.R2.Physics.ConstrainedCauchy.FixedFirstAssemblyP286ConnectionEvaluatorNormalForm
info: H0mework/Versions/R2/Physics/ConstrainedCauchy/FixedFirstAssemblyP286ConnectionEvaluatorNormalForm.lean:225:0: 'SaturationMonoid.PhysicsCore.StageNineDiracDualFormNativeFixedP506CartanECConstraintCauchyFirstAssemblyP286ConnectionEvaluatorNormalForm.firstAssembly_p286Stage_eq_sourceEulerStep' depends on axioms: [propext,
 Classical.choice,
 Quot.sound]
info: H0mework/Versions/R2/Physics/ConstrainedCauchy/FixedFirstAssemblyP286ConnectionEvaluatorNormalForm.lean:226:0: 'SaturationMonoid.PhysicsCore.StageNineDiracDualFormNativeFixedP506CartanECConstraintCauchyFirstAssemblyP286ConnectionEvaluatorNormalForm.firstAssembly_configuration_eq_p286Refreshed' depends on axioms: [propext,
 Classical.choice,
 Quot.sound]
info: H0mework/Versions/R2/Physics/ConstrainedCauchy/FixedFirstAssemblyP286ConnectionEvaluatorNormalForm.lean:227:0: 'SaturationMonoid.PhysicsCore.StageNineDiracDualFormNativeFixedP506CartanECConstraintCauchyFirstAssemblyP286ConnectionEvaluatorNormalForm.firstAssembly_p286Refreshed_gaugeConnection_eq_p286Stage' depends on axioms: [propext,
 Classical.choice,
 Quot.sound]
info: H0mework/Versions/R2/Physics/ConstrainedCauchy/FixedFirstAssemblyP286ConnectionEvaluatorNormalForm.lean:228:0: 'SaturationMonoid.PhysicsCore.StageNineDiracDualFormNativeFixedP506CartanECConstraintCauchyFirstAssemblyP286ConnectionEvaluatorNormalForm.firstAssembly_p286Stage_connectionCoordinate_eq_source_sub_gradient' depends on axioms: [propext,
 Classical.choice,
 Quot.sound]
info: H0mework/Versions/R2/Physics/ConstrainedCauchy/FixedFirstAssemblyP286ConnectionEvaluatorNormalForm.lean:230:0: 'SaturationMonoid.PhysicsCore.StageNineDiracDualFormNativeFixedP506CartanECConstraintCauchyFirstAssemblyP286ConnectionEvaluatorNormalForm.firstAssembly_p286Refreshed_auxiliary_eq_generatedConstitutive' depends on axioms: [propext,
 Classical.choice,
 Quot.sound]
info: H0mework/Versions/R2/Physics/ConstrainedCauchy/FixedFirstAssemblyP286ConnectionEvaluatorNormalForm.lean:232:0: 'SaturationMonoid.PhysicsCore.StageNineDiracDualFormNativeFixedP506CartanECConstraintCauchyFirstAssemblyP286ConnectionEvaluatorNormalForm.firstAssembly_connectionEvaluatorDefect_eq_refreshedEuler' depends on axioms: [propext,
 Classical.choice,
 Quot.sound]
info: H0mework/Versions/R2/Physics/ConstrainedCauchy/FixedFirstAssemblyP286ConnectionEvaluatorNormalForm.lean:233:0: 'SaturationMonoid.PhysicsCore.StageNineDiracDualFormNativeFixedP506CartanECConstraintCauchyFirstAssemblyP286ConnectionEvaluatorNormalForm.firstAssembly_connectionEvaluatorDefect_allPoint_zero_iff_yangMills' depends on axioms: [propext,
 Classical.choice,
 Quot.sound]
info: H0mework/Versions/R2/Physics/ConstrainedCauchy/FixedFirstAssemblyP286ConnectionEvaluatorNormalForm.lean:235:0: 'SaturationMonoid.PhysicsCore.StageNineDiracDualFormNativeFixedP506CartanECConstraintCauchyFirstAssemblyP286ConnectionEvaluatorNormalForm.firstAssembly_connectionEvaluatorDefect_allPoint_zero_iff_wholeField' depends on axioms: [propext,
 Classical.choice,
 Quot.sound]
info: H0mework/Versions/R2/Physics/ConstrainedCauchy/FixedFirstAssemblyP286ConnectionEvaluatorNormalForm.lean:237:0: 'SaturationMonoid.PhysicsCore.StageNineDiracDualFormNativeFixedP506CartanECConstraintCauchyFirstAssemblyP286ConnectionEvaluatorNormalForm.firstAssemblyGeneratedP286ConnectionActionDefect_nonnegative' depends on axioms: [propext,
 Classical.choice,
 Quot.sound]
info: H0mework/Versions/R2/Physics/ConstrainedCauchy/FixedFirstAssemblyP286ConnectionEvaluatorNormalForm.lean:239:0: 'SaturationMonoid.PhysicsCore.StageNineDiracDualFormNativeFixedP506CartanECConstraintCauchyFirstAssemblyP286ConnectionEvaluatorNormalForm.firstAssemblyGeneratedP286ConnectionActionDefect_eq_zero_iff_evaluator_zero' depends on axioms: [propext,
 Classical.choice,
 Quot.sound]
info: H0mework/Versions/R2/Physics/ConstrainedCauchy/FixedFirstAssemblyP286ConnectionEvaluatorNormalForm.lean:241:0: 'SaturationMonoid.PhysicsCore.StageNineDiracDualFormNativeFixedP506CartanECConstraintCauchyFirstAssemblyP286ConnectionEvaluatorNormalForm.firstAssemblyGeneratedP286ConnectionActionDefect_pos_iff_evaluator_nonzero' depends on axioms: [propext,
 Classical.choice,
 Quot.sound]
ℹ [10510/10686] Replayed H0mework.Physics.SafeCauchy.FixedDynamicScalarSourceContact
info: H0mework/Physics/SafeCauchy/FixedDynamicScalarSourceContact.lean:138:0: 'SaturationMonoid.PhysicsCore.StageNineDiracDualFormNativeFixedP506CartanECConstraintCauchySafeDynamicScalarSourceContact.fixedP506L0CartanECConstraintCauchySafeJointGlobalActual_scalar_origin_generatedVacuum' depends on axioms: [propext,
 Classical.choice,
 Quot.sound]
ℹ [10511/10686] Replayed H0mework.Physics.SafeCauchy.FixedClassicalCandidateFamily
info: H0mework/Physics/SafeCauchy/FixedClassicalCandidateFamily.lean:127:0: 'SaturationMonoid.PhysicsCore.StageNineDiracDualFormNativeFixedP506CartanECConstraintCauchySafeClassicalWorldCandidateFamily.safeFinalClassicalWorldCandidateActual_gravityConnectionLorentzAdmissible' depends on axioms: [propext,
 Classical.choice,
 Quot.sound]
info: H0mework/Physics/SafeCauchy/FixedClassicalCandidateFamily.lean:129:0: 'SaturationMonoid.PhysicsCore.StageNineDiracDualFormNativeFixedP506CartanECConstraintCauchySafeClassicalWorldCandidateFamily.safeFinalClassicalWorldCandidateActual_acceptance_iff' depends on axioms: [propext,
 Classical.choice,
 Quot.sound]
ℹ [10512/10686] Replayed H0mework.Physics.SafeCauchy.FixedJointGlobalFiveSectorClosure
info: H0mework/Physics/SafeCauchy/FixedJointGlobalFiveSectorClosure.lean:436:0: 'SaturationMonoid.PhysicsCore.StageNineDiracDualFormNativeFixedP506CartanECConstraintCauchySafeJointGlobalFiveSectorClosure.fixedP506L0CartanECConstraintCauchySafeJointGlobalActual_gaugeCurvature_origin_ne_zero' depends on axioms: [propext,
 Classical.choice,
 Quot.sound]
info: H0mework/Physics/SafeCauchy/FixedJointGlobalFiveSectorClosure.lean:438:0: 'SaturationMonoid.PhysicsCore.StageNineDiracDualFormNativeFixedP506CartanECConstraintCauchySafeJointGlobalFiveSectorClosure.fixedP506L0CartanECConstraintCauchySafeJointGlobalActual_matterCurrentNonzeroAt_origin' depends on axioms: [propext,
 Classical.choice,
 Quot.sound]
info: H0mework/Physics/SafeCauchy/FixedJointGlobalFiveSectorClosure.lean:440:0: 'SaturationMonoid.PhysicsCore.StageNineDiracDualFormNativeFixedP506CartanECConstraintCauchySafeJointGlobalFiveSectorClosure.fixedP506L0CartanECConstraintCauchySafeJointGlobalActual_nonGravityFiveSectorClosure' depends on axioms: [propext,
 Classical.choice,
 Quot.sound]
ℹ [10537/10686] Replayed H0mework.Versions.AB.Physics.LowEnergy.Quantum.GaussHistoryHilbert
info: H0mework/Versions/AB/Physics/LowEnergy/Quantum/GaussHistoryHilbert.lean:238:0: 'LowEnergy.GaussHistoryHilbert.source_jacobian_pos' depends on axioms: [propext, Classical.choice, Quot.sound]
info: H0mework/Versions/AB/Physics/LowEnergy/Quantum/GaussHistoryHilbert.lean:239:0: 'LowEnergy.GaussHistoryHilbert.relative_source' depends on axioms: [propext, Classical.choice, Quot.sound]
info: H0mework/Versions/AB/Physics/LowEnergy/Quantum/GaussHistoryHilbert.lean:240:0: 'LowEnergy.GaussHistoryHilbert.jacobian_source' depends on axioms: [propext, Classical.choice, Quot.sound]
info: H0mework/Versions/AB/Physics/LowEnergy/Quantum/GaussHistoryHilbert.lean:241:0: 'LowEnergy.GaussHistoryHilbert.relativeMatrix_smooth' depends on axioms: [propext, Classical.choice, Quot.sound]
info: H0mework/Versions/AB/Physics/LowEnergy/Quantum/GaussHistoryHilbert.lean:242:0: 'LowEnergy.GaussHistoryHilbert.coordinate_finrank' depends on axioms: [propext, Classical.choice, Quot.sound]
info: H0mework/Versions/AB/Physics/LowEnergy/Quantum/GaussHistoryHilbert.lean:243:0: 'LowEnergy.GaussHistoryHilbert.sourcePoint' depends on axioms: [propext, Classical.choice, Quot.sound]
info: H0mework/Versions/AB/Physics/LowEnergy/Quantum/GaussHistoryHilbert.lean:244:0: 'LowEnergy.GaussHistoryHilbert.numberWeight_pos' depends on axioms: [propext, Classical.choice, Quot.sound]
info: H0mework/Versions/AB/Physics/LowEnergy/Quantum/GaussHistoryHilbert.lean:245:0: 'LowEnergy.GaussHistoryHilbert.fockTestDomain_dense' depends on axioms: [propext, Classical.choice, Quot.sound]
ℹ [10538/10686] Replayed H0mework.Versions.AB.Physics.LowEnergy.Quantum.GaussLiveMomentum
info: H0mework/Versions/AB/Physics/LowEnergy/Quantum/GaussLiveMomentum.lean:281:0: 'LowEnergy.GaussLiveMomentum.splitMap_injective' depends on axioms: [propext, Classical.choice, Quot.sound]
info: H0mework/Versions/AB/Physics/LowEnergy/Quantum/GaussLiveMomentum.lean:282:0: 'LowEnergy.GaussLiveMomentum.splitEquiv' depends on axioms: [propext, Classical.choice, Quot.sound]
info: H0mework/Versions/AB/Physics/LowEnergy/Quantum/GaussLiveMomentum.lean:283:0: 'LowEnergy.GaussLiveMomentum.split_right_inverse' depends on axioms: [propext, Classical.choice, Quot.sound]
info: H0mework/Versions/AB/Physics/LowEnergy/Quantum/GaussLiveMomentum.lean:284:0: 'LowEnergy.GaussLiveMomentum.inverse_smooth' depends on axioms: [propext, Classical.choice, Quot.sound]
info: H0mework/Versions/AB/Physics/LowEnergy/Quantum/GaussLiveMomentum.lean:285:0: 'LowEnergy.GaussLiveMomentum.inverse_derivative' depends on axioms: [propext, Classical.choice, Quot.sound]
info: H0mework/Versions/AB/Physics/LowEnergy/Quantum/GaussLiveMomentum.lean:286:0: 'LowEnergy.GaussLiveMomentum.momentum_unique' depends on axioms: [propext, Classical.choice, Quot.sound]
info: H0mework/Versions/AB/Physics/LowEnergy/Quantum/GaussLiveMomentum.lean:287:0: 'LowEnergy.GaussLiveMomentum.momentum_orbit' depends on axioms: [propext, Classical.choice, Quot.sound]
info: H0mework/Versions/AB/Physics/LowEnergy/Quantum/GaussLiveMomentum.lean:288:0: 'LowEnergy.GaussLiveMomentum.momentum_slice' depends on axioms: [propext, Classical.choice, Quot.sound]
ℹ [10558/10686] Replayed H0mework.Physics.SynchronizedJoint.FixedDiracVectorCurrentTemporalRateZeroSlice
info: H0mework/Physics/SynchronizedJoint/FixedDiracVectorCurrentTemporalRateZeroSlice.lean:2215:6: Try this:
  [apply] ring_nf
  
  The `ring` tactic failed to close the goal. Use `ring_nf` to obtain a normal form.
    
  Note that `ring` works primarily in *commutative* rings. If you have a noncommutative ring, abelian group or module, consider using `noncomm_ring`, `abel` or `module` instead.
info: H0mework/Physics/SynchronizedJoint/FixedDiracVectorCurrentTemporalRateZeroSlice.lean:2215:6: Try this:
  [apply] ring_nf
  
  The `ring` tactic failed to close the goal. Use `ring_nf` to obtain a normal form.
    
  Note that `ring` works primarily in *commutative* rings. If you have a noncommutative ring, abelian group or module, consider using `noncomm_ring`, `abel` or `module` instead.
ℹ [10603/10686] Replayed H0mework.Versions.R2.Foundation.Source.SequentialAction
info: H0mework/Versions/R2/Foundation/Source/SequentialAction.lean:348:0: 'SaturationMonoid.ResponsibilityLifecycle.LivingLawEvolution.ConstructiveRoot.RootInquiryCompletion.SourceNativeSequentialActualActionTargetAt.initialOpenLedger_injective' does not depend on any axioms
info: H0mework/Versions/R2/Foundation/Source/SequentialAction.lean:349:0: 'SaturationMonoid.ResponsibilityLifecycle.LivingLawEvolution.ConstructiveRoot.RootInquiryCompletion.SourceNativeSequentialActualActionTargetAt.targetAnswerAndNext_next_eq' does not depend on any axioms
ℹ [10616/10686] Replayed H0mework.Physics.GaugeSource.CenteredReducedEntropyIteration
info: H0mework/Physics/GaugeSource/CenteredReducedEntropyIteration.lean:610:0: 'SaturationMonoid.PhysicsCore.StageNineP286SourceNativeCenteredReducedEntropyIteration.p286CenteredReducedNext_smooth' depends on axioms: [propext,
 Classical.choice,
 Quot.sound]
info: H0mework/Physics/GaugeSource/CenteredReducedEntropyIteration.lean:611:0: 'SaturationMonoid.PhysicsCore.StageNineP286SourceNativeCenteredReducedEntropyIteration.P286CenteredReducedEntropyStateAt.reducedBase_eq' depends on axioms: [propext,
 Classical.choice,
 Quot.sound]
info: H0mework/Physics/GaugeSource/CenteredReducedEntropyIteration.lean:612:0: 'SaturationMonoid.PhysicsCore.StageNineP286SourceNativeCenteredReducedEntropyIteration.p286CenteredReducedEntropyPaymentAt_eq_zero_iff_defectAt_eq_zero' depends on axioms: [propext,
 Classical.choice,
 Quot.sound]
info: H0mework/Physics/GaugeSource/CenteredReducedEntropyIteration.lean:614:0: 'SaturationMonoid.PhysicsCore.StageNineP286SourceNativeCenteredReducedEntropyIteration.p286CenteredReducedEntropy_defectZero_or_generatedProgress' depends on axioms: [propext,
 Classical.choice,
 Quot.sound]
info: H0mework/Physics/GaugeSource/CenteredReducedEntropyIteration.lean:616:0: 'SaturationMonoid.PhysicsCore.StageNineP286SourceNativeCenteredReducedEntropyIteration.p286CenteredReducedNormalizedEntropy_eq_neg_accumulatedPayment' depends on axioms: [propext,
 Classical.choice,
 Quot.sound]
info: H0mework/Physics/GaugeSource/CenteredReducedEntropyIteration.lean:618:0: 'SaturationMonoid.PhysicsCore.StageNineP286SourceNativeCenteredReducedEntropyIteration.p286CenteredReducedEntropyPayment_cofinalDisposition' depends on axioms: [propext,
 Classical.choice,
 Quot.sound]
info: H0mework/Physics/GaugeSource/CenteredReducedEntropyIteration.lean:619:0: 'SaturationMonoid.PhysicsCore.StageNineP286SourceNativeCenteredReducedEntropyIteration.p286CenteredReducedEntropyPayment_summable_of_floor' depends on axioms: [propext,
 Classical.choice,
 Quot.sound]
info: H0mework/Physics/GaugeSource/CenteredReducedEntropyIteration.lean:620:0: 'SaturationMonoid.PhysicsCore.StageNineP286SourceNativeCenteredReducedEntropyIteration.p286CenteredReducedEntropyDefect_tendsto_zero_of_cofinalMaterial' depends on axioms: [propext,
 Classical.choice,
 Quot.sound]
ℹ [10626/10686] Replayed H0mework.Foundation.Ledger.OriginOrBirth
info: H0mework/Foundation/Ledger/OriginOrBirth.lean:141:0: 'SaturationMonoid.ResponsibilityLifecycle.LivingLawEvolution.ConstructiveRoot.ExactTargetDebtOriginAt.excludesFresh' does not depend on any axioms
info: H0mework/Foundation/Ledger/OriginOrBirth.lean:142:0: 'SaturationMonoid.ResponsibilityLifecycle.LivingLawEvolution.ConstructiveRoot.LedgerWriteEvolutionAt.targetOldOrigin' does not depend on any axioms
info: H0mework/Foundation/Ledger/OriginOrBirth.lean:143:0: 'SaturationMonoid.ResponsibilityLifecycle.LivingLawEvolution.ConstructiveRoot.LedgerWriteEvolutionAt.excludesTargetFresh' does not depend on any axioms
info: H0mework/Foundation/Ledger/OriginOrBirth.lean:144:0: 'SaturationMonoid.ResponsibilityLifecycle.LivingLawEvolution.ConstructiveRoot.ExactTargetOldOriginProvenanceAt.excludesBirthFreshness' does not depend on any axioms
ℹ [10627/10686] Replayed H0mework.Realization.Audit.DebtFirstWrite
info: H0mework/Realization/Audit/DebtFirstWrite.lean:187:0: 'SaturationMonoid.ResponsibilityLifecycle.LivingLawEvolution.ConstructiveRoot.DebtAdmissionFirstWrite.SourceGeneratedDebtAdmissionFirstWriteAt.initialBudget_positive' depends on axioms: [propext]
info: H0mework/Realization/Audit/DebtFirstWrite.lean:188:0: 'SaturationMonoid.ResponsibilityLifecycle.LivingLawEvolution.ConstructiveRoot.DebtAdmissionFirstWrite.ordinaryEvolution_cannot_admit' depends on axioms: [propext]
ℹ [10630/10686] Replayed H0mework.Versions.R2.Foundation.Inquiry.SemanticRevision
info: H0mework/Versions/R2/Foundation/Inquiry/SemanticRevision.lean:842:0: 'SaturationMonoid.ResponsibilityLifecycle.LivingLawEvolution.ConstructiveRoot.TypedSemanticWorldNetworkU8.GeneratedTypedSemanticWorldNetworkRevisionAt.SourceGeneratedFirstWriteGenuineSplitAt.ofCompilerSelectedSplit' does not depend on any axioms
info: H0mework/Versions/R2/Foundation/Inquiry/SemanticRevision.lean:843:0: 'SaturationMonoid.ResponsibilityLifecycle.LivingLawEvolution.ConstructiveRoot.TypedSemanticWorldNetworkU8.FieldGroundedTypedSemanticWorldNetworkRevisionAt.ofSourceGeneratedRestructuring' does not depend on any axioms
info: H0mework/Versions/R2/Foundation/Inquiry/SemanticRevision.lean:844:0: 'SaturationMonoid.ResponsibilityLifecycle.LivingLawEvolution.ConstructiveRoot.TypedSemanticWorldNetworkU8.FieldGroundedTypedSemanticWorldNetworkRevisionAt.eq_of_generate_eq' does not depend on any axioms
ℹ [10633/10686] Replayed H0mework.Versions.R2.Foundation.Inquiry.Protocol
info: H0mework/Versions/R2/Foundation/Inquiry/Protocol.lean:1356:0: 'SaturationMonoid.ResponsibilityLifecycle.LivingLawEvolution.ConstructiveRoot.RootInquiryCompletion.SourceNativeInquiryCofaceRealizationAt.ofExactCofaceSource' does not depend on any axioms
info: H0mework/Versions/R2/Foundation/Inquiry/Protocol.lean:1357:0: 'SaturationMonoid.ResponsibilityLifecycle.LivingLawEvolution.ConstructiveRoot.RootInquiryCompletion.SourceNativeInquiryCofaceRealizationAt.ofGeneratedRevision' does not depend on any axioms
ℹ [10638/10686] Replayed H0mework.Versions.R2.Physics.RootHistory.PhysicalRootRuntime
info: H0mework/Versions/R2/Physics/RootHistory/PhysicalRootRuntime.lean:243:0: 'SaturationMonoid.PhysicsCore.StageTenPhysicalRoot.physicalRuntimeSeed_tick_eq_closure_initial' depends on axioms: [propext,
 Classical.choice,
 Quot.sound]
info: H0mework/Versions/R2/Physics/RootHistory/PhysicalRootRuntime.lean:244:0: 'SaturationMonoid.PhysicsCore.StageTenPhysicalRoot.physicalRuntimeAfterBoundary_tick_eq_closure_coface' depends on axioms: [propext,
 Classical.choice,
 Quot.sound]
info: H0mework/Versions/R2/Physics/RootHistory/PhysicalRootRuntime.lean:245:0: 'SaturationMonoid.PhysicsCore.StageTenPhysicalRoot.physicalRuntimeAfterCoface_tick_eq_closure_gravity' depends on axioms: [propext,
 Classical.choice,
 Quot.sound]
info: H0mework/Versions/R2/Physics/RootHistory/PhysicalRootRuntime.lean:246:0: 'SaturationMonoid.PhysicsCore.StageTenPhysicalRoot.physicalRuntimeAfterGravity_tick_eq_closure_assembly' depends on axioms: [propext,
 Classical.choice,
 Quot.sound]
info: H0mework/Versions/R2/Physics/RootHistory/PhysicalRootRuntime.lean:247:0: 'SaturationMonoid.PhysicsCore.StageTenPhysicalRoot.physicalRuntimeAfterAssembly_tick_eq_closure_postAssembly' depends on axioms: [propext,
 Classical.choice,
 Quot.sound]
info: H0mework/Versions/R2/Physics/RootHistory/PhysicalRootRuntime.lean:248:0: 'SaturationMonoid.PhysicsCore.StageTenPhysicalRoot.physicalRuntime_boundaryU7_resumes_at_firstGravity' depends on axioms: [propext,
 Classical.choice,
 Quot.sound]
info: H0mework/Versions/R2/Physics/RootHistory/PhysicalRootRuntime.lean:249:0: 'SaturationMonoid.PhysicsCore.StageTenPhysicalRoot.physicalRuntimeAfterPostAssembly_tick_eq_secondAssemblyEvent' depends on axioms: [propext,
 Classical.choice,
 Quot.sound]
ℹ [10646/10686] Replayed H0mework.Versions.R2.Foundation.Inquiry.Engine
info: H0mework/Versions/R2/Foundation/Inquiry/Engine.lean:1341:0: 'SaturationMonoid.ResponsibilityLifecycle.LivingLawEvolution.ConstructiveRoot.RootInquiryCompletion.RootInquiryProcessNode.active_directlyAnswered_successor_valid' depends on axioms: [propext]
info: H0mework/Versions/R2/Foundation/Inquiry/Engine.lean:1342:0: 'SaturationMonoid.ResponsibilityLifecycle.LivingLawEvolution.ConstructiveRoot.RootInquiryCompletion.RootInquiryProcessNode.active_directlyAnswered_terminalHandoff_successor_valid' depends on axioms: [propext]
info: H0mework/Versions/R2/Foundation/Inquiry/Engine.lean:1343:0: 'SaturationMonoid.ResponsibilityLifecycle.LivingLawEvolution.ConstructiveRoot.RootInquiryCompletion.RootInquiryProcessNode.active_actualAction_successor_valid' depends on axioms: [propext]
ℹ [10817/10871] Replayed H0mework.Versions.AB.Physics.LowEnergy.Quantum.GaussNativeMatter
info: H0mework/Versions/AB/Physics/LowEnergy/Quantum/GaussNativeMatter.lean:105:0: 'LowEnergy.GaussNativeMatter.nativeFull_stabilizer' depends on axioms: [propext, Classical.choice, Quot.sound]
info: H0mework/Versions/AB/Physics/LowEnergy/Quantum/GaussNativeMatter.lean:106:0: 'LowEnergy.GaussNativeMatter.nativeFock' depends on axioms: [propext, Classical.choice, Quot.sound]
info: H0mework/Versions/AB/Physics/LowEnergy/Quantum/GaussNativeMatter.lean:107:0: 'LowEnergy.GaussNativeMatter.nativeFock_skew' depends on axioms: [propext, Classical.choice, Quot.sound]
ℹ [10818/10871] Replayed H0mework.Versions.AB.Physics.LowEnergy.Quantum.GaussCoreDifferential
info: H0mework/Versions/AB/Physics/LowEnergy/Quantum/GaussCoreDifferential.lean:150:0: 'LowEnergy.GaussCoreDifferential.direction_smooth' depends on axioms: [propext, Classical.choice, Quot.sound]
info: H0mework/Versions/AB/Physics/LowEnergy/Quantum/GaussCoreDifferential.lean:151:0: 'LowEnergy.GaussCoreDifferential.directional' depends on axioms: [propext, Classical.choice, Quot.sound]
info: H0mework/Versions/AB/Physics/LowEnergy/Quantum/GaussCoreDifferential.lean:152:0: 'LowEnergy.GaussCoreDifferential.covariantMomentum' depends on axioms: [propext, Classical.choice, Quot.sound]
info: H0mework/Versions/AB/Physics/LowEnergy/Quantum/GaussCoreDifferential.lean:153:0: 'LowEnergy.GaussCoreDifferential.covariantMomentum_orbit' depends on axioms: [propext, Classical.choice, Quot.sound]
info: H0mework/Versions/AB/Physics/LowEnergy/Quantum/GaussCoreDifferential.lean:154:0: 'LowEnergy.GaussCoreDifferential.covariantMomentum_slice' depends on axioms: [propext, Classical.choice, Quot.sound]
ℹ [10819/10871] Replayed H0mework.Versions.AB.Physics.LowEnergy.Quantum.GaussCoreHilbert
info: H0mework/Versions/AB/Physics/LowEnergy/Quantum/GaussCoreHilbert.lean:170:0: 'LowEnergy.GaussCoreHilbert.embed_injective' depends on axioms: [propext, Classical.choice, Quot.sound]
info: H0mework/Versions/AB/Physics/LowEnergy/Quantum/GaussCoreHilbert.lean:171:0: 'LowEnergy.GaussCoreHilbert.coreEquiv' depends on axioms: [propext, Classical.choice, Quot.sound]
info: H0mework/Versions/AB/Physics/LowEnergy/Quantum/GaussCoreHilbert.lean:172:0: 'LowEnergy.GaussCoreHilbert.realize_preserves_core' depends on axioms: [propext, Classical.choice, Quot.sound]
info: H0mework/Versions/AB/Physics/LowEnergy/Quantum/GaussCoreHilbert.lean:173:0: 'LowEnergy.GaussCoreHilbert.momentum_on_test' depends on axioms: [propext, Classical.choice, Quot.sound]
ℹ [10820/10871] Replayed H0mework.Versions.AB.Physics.LowEnergy.Quantum.GaussDensityCore
info: H0mework/Versions/AB/Physics/LowEnergy/Quantum/GaussDensityCore.lean:257:0: 'LowEnergy.GaussDensityCore.density_smooth' depends on axioms: [propext, Classical.choice, Quot.sound]
info: H0mework/Versions/AB/Physics/LowEnergy/Quantum/GaussDensityCore.lean:258:0: 'LowEnergy.GaussDensityCore.weightedTranspose' depends on axioms: [propext, Classical.choice, Quot.sound]
info: H0mework/Versions/AB/Physics/LowEnergy/Quantum/GaussDensityCore.lean:259:0: 'LowEnergy.GaussDensityCore.weightedTranspose_apply' depends on axioms: [propext, Classical.choice, Quot.sound]
info: H0mework/Versions/AB/Physics/LowEnergy/Quantum/GaussDensityCore.lean:260:0: 'LowEnergy.GaussDensityCore.weighted_transpose_pair' depends on axioms: [propext, Classical.choice, Quot.sound]
info: H0mework/Versions/AB/Physics/LowEnergy/Quantum/GaussDensityCore.lean:261:0: 'LowEnergy.GaussDensityCore.weighted_transpose_hilbert' depends on axioms: [propext, Classical.choice, Quot.sound]
ℹ [10821/10871] Replayed H0mework.Versions.AB.Physics.LowEnergy.Quantum.GaussScalarTransport
info: H0mework/Versions/AB/Physics/LowEnergy/Quantum/GaussScalarTransport.lean:111:0: 'LowEnergy.GaussScalarTransport.fieldDerivative_apply' depends on axioms: [propext, Classical.choice, Quot.sound]
info: H0mework/Versions/AB/Physics/LowEnergy/Quantum/GaussScalarTransport.lean:112:0: 'LowEnergy.GaussScalarTransport.field_transpose_hilbert' depends on axioms: [propext, Classical.choice, Quot.sound]
ℹ [10822/10871] Replayed H0mework.Versions.AB.Physics.LowEnergy.Quantum.GaussFockWeights
info: H0mework/Versions/AB/Physics/LowEnergy/Quantum/GaussFockWeights.lean:103:0: 'LowEnergy.GaussFockWeights.native_number_commute' depends on axioms: [propext, Classical.choice, Quot.sound]
info: H0mework/Versions/AB/Physics/LowEnergy/Quantum/GaussFockWeights.lean:104:0: 'LowEnergy.GaussFockWeights.native_weight_commute' depends on axioms: [propext, Classical.choice, Quot.sound]
info: H0mework/Versions/AB/Physics/LowEnergy/Quantum/GaussFockWeights.lean:105:0: 'LowEnergy.GaussFockWeights.native_weighted_skew' depends on axioms: [propext, Classical.choice, Quot.sound]
ℹ [10823/10871] Replayed H0mework.Versions.AB.Physics.LowEnergy.Quantum.GaussFockPair
info: H0mework/Versions/AB/Physics/LowEnergy/Quantum/GaussFockPair.lean:77:0: 'LowEnergy.GaussFockPair.sourcePair_integral' depends on axioms: [propext, Classical.choice, Quot.sound]
info: H0mework/Versions/AB/Physics/LowEnergy/Quantum/GaussFockPair.lean:78:0: 'LowEnergy.GaussFockPair.connection_pair_skew' depends on axioms: [propext, Classical.choice, Quot.sound]
ℹ [10825/10871] Replayed H0mework.Versions.AB.Physics.LowEnergy.Quantum.GaussMomentumAdjoint
info: H0mework/Versions/AB/Physics/LowEnergy/Quantum/GaussMomentumAdjoint.lean:111:0: 'LowEnergy.GaussMomentumAdjoint.component_directional' depends on axioms: [propext, Classical.choice, Quot.sound]
info: H0mework/Versions/AB/Physics/LowEnergy/Quantum/GaussMomentumAdjoint.lean:112:0: 'LowEnergy.GaussMomentumAdjoint.derivative_pair' depends on axioms: [propext, Classical.choice, Quot.sound]
info: H0mework/Versions/AB/Physics/LowEnergy/Quantum/GaussMomentumAdjoint.lean:113:0: 'LowEnergy.GaussMomentumAdjoint.momentum_pair' depends on axioms: [propext, Classical.choice, Quot.sound]
info: H0mework/Versions/AB/Physics/LowEnergy/Quantum/GaussMomentumAdjoint.lean:114:0: 'LowEnergy.GaussMomentumAdjoint.original_formal_adjoint' depends on axioms: [propext, Classical.choice, Quot.sound]
ℹ [10826/10871] Replayed H0mework.Versions.AB.Physics.LowEnergy.Quantum.GaussNativeEnergy
info: H0mework/Versions/AB/Physics/LowEnergy/Quantum/GaussNativeEnergy.lean:278:0: 'LowEnergy.GaussNativeEnergy.source_time_generated' depends on axioms: [propext, Classical.choice, Quot.sound]
info: H0mework/Versions/AB/Physics/LowEnergy/Quantum/GaussNativeEnergy.lean:279:0: 'LowEnergy.GaussNativeEnergy.source_sigma_generated' depends on axioms: [propext, Classical.choice, Quot.sound]
info: H0mework/Versions/AB/Physics/LowEnergy/Quantum/GaussNativeEnergy.lean:280:0: 'LowEnergy.GaussNativeEnergy.triad_inverse_right' depends on axioms: [propext, Classical.choice, Quot.sound]
info: H0mework/Versions/AB/Physics/LowEnergy/Quantum/GaussNativeEnergy.lean:281:0: 'LowEnergy.GaussNativeEnergy.scalarWeight_smooth' depends on axioms: [propext, Classical.choice, Quot.sound]
info: H0mework/Versions/AB/Physics/LowEnergy/Quantum/GaussNativeEnergy.lean:282:0: 'LowEnergy.GaussNativeEnergy.gaugeWeight_smooth' depends on axioms: [propext, Classical.choice, Quot.sound]
info: H0mework/Versions/AB/Physics/LowEnergy/Quantum/GaussNativeEnergy.lean:283:0: 'LowEnergy.GaussNativeEnergy.source_electric_kernel' depends on axioms: [propext, Classical.choice, Quot.sound]
info: H0mework/Versions/AB/Physics/LowEnergy/Quantum/GaussNativeEnergy.lean:284:0: 'LowEnergy.GaussNativeEnergy.gaugeWeight_inverse' depends on axioms: [propext, Classical.choice, Quot.sound]
info: H0mework/Versions/AB/Physics/LowEnergy/Quantum/GaussNativeEnergy.lean:285:0: 'LowEnergy.GaussNativeEnergy.source_magnetic_kernel' depends on axioms: [propext, Classical.choice, Quot.sound]
info: H0mework/Versions/AB/Physics/LowEnergy/Quantum/GaussNativeEnergy.lean:286:0: 'LowEnergy.GaussNativeEnergy.source_scalar_weight' depends on axioms: [propext, Classical.choice, Quot.sound]
info: H0mework/Versions/AB/Physics/LowEnergy/Quantum/GaussNativeEnergy.lean:287:0: 'LowEnergy.GaussNativeEnergy.source_scalar_spatial' depends on axioms: [propext, Classical.choice, Quot.sound]
ℹ [10831/10871] Replayed H0mework.Versions.AB.Physics.LowEnergy.Quantum.SourceQuantumRadialCore
info: H0mework/Versions/AB/Physics/LowEnergy/Quantum/SourceQuantumRadialCore.lean:106:0: 'LowEnergy.SourceRadialCore.source_weight_preserves_test' depends on axioms: [propext, Classical.choice, Quot.sound]
info: H0mework/Versions/AB/Physics/LowEnergy/Quantum/SourceQuantumRadialCore.lean:107:0: 'LowEnergy.SourceRadialCore.source_inverse_preserves_test' depends on axioms: [propext, Classical.choice, Quot.sound]
info: H0mework/Versions/AB/Physics/LowEnergy/Quantum/SourceQuantumRadialCore.lean:108:0: 'LowEnergy.SourceRadialCore.original_full_core_preserved' depends on axioms: [propext, Classical.choice, Quot.sound]
info: H0mework/Versions/AB/Physics/LowEnergy/Quantum/SourceQuantumRadialCore.lean:109:0: 'LowEnergy.SourceRadialCore.pairing_return' depends on axioms: [propext, Classical.choice, Quot.sound]
ℹ [10832/10871] Replayed H0mework.Versions.AB.Physics.LowEnergy.Quantum.SourceCartanCubic
info: H0mework/Versions/AB/Physics/LowEnergy/Quantum/SourceCartanCubic.lean:136:0: 'LowEnergy.SourceCartanCubic.original_orbit_derivative' depends on axioms: [propext, Classical.choice, Quot.sound]
info: H0mework/Versions/AB/Physics/LowEnergy/Quantum/SourceCartanCubic.lean:137:0: 'LowEnergy.SourceCartanCubic.first_variation' depends on axioms: [propext, Classical.choice, Quot.sound]
info: H0mework/Versions/AB/Physics/LowEnergy/Quantum/SourceCartanCubic.lean:138:0: 'LowEnergy.SourceCartanCubic.cubic_curve_derivative' depends on axioms: [propext, Classical.choice, Quot.sound]
info: H0mework/Versions/AB/Physics/LowEnergy/Quantum/SourceCartanCubic.lean:139:0: 'LowEnergy.SourceCartanCubic.sourceWeight_preserves_test' depends on axioms: [propext, Classical.choice, Quot.sound]
info: H0mework/Versions/AB/Physics/LowEnergy/Quantum/SourceCartanCubic.lean:140:0: 'LowEnergy.SourceCartanCubic.sourceWeight_preserves_full_core' depends on axioms: [propext,
 Classical.choice,
 Quot.sound]
info: H0mework/Versions/AB/Physics/LowEnergy/Quantum/SourceCartanCubic.lean:141:0: 'LowEnergy.SourceCartanCubic.pairing_return' depends on axioms: [propext, Classical.choice, Quot.sound]
ℹ [10833/10871] Replayed H0mework.Versions.AB.Physics.LowEnergy.Quantum.GaussNativePotential
info: H0mework/Versions/AB/Physics/LowEnergy/Quantum/GaussNativePotential.lean:114:0: 'LowEnergy.GaussNativePotential.scalar_potential_source' depends on axioms: [propext, Classical.choice, Quot.sound]
info: H0mework/Versions/AB/Physics/LowEnergy/Quantum/GaussNativePotential.lean:115:0: 'LowEnergy.GaussNativePotential.magnetic_potential_source' depends on axioms: [propext, Classical.choice, Quot.sound]
info: H0mework/Versions/AB/Physics/LowEnergy/Quantum/GaussNativePotential.lean:116:0: 'LowEnergy.GaussNativePotential.potential_smooth' depends on axioms: [propext, Classical.choice, Quot.sound]
ℹ [10834/10871] Replayed H0mework.Versions.AB.Physics.LowEnergy.Quantum.GaussNativeForm
info: H0mework/Versions/AB/Physics/LowEnergy/Quantum/GaussNativeForm.lean:143:0: 'LowEnergy.GaussNativeForm.nativeAction' depends on axioms: [propext, Classical.choice, Quot.sound]
info: H0mework/Versions/AB/Physics/LowEnergy/Quantum/GaussNativeForm.lean:144:0: 'LowEnergy.GaussNativeForm.native_core_pair' depends on axioms: [propext, Classical.choice, Quot.sound]
ℹ [10835/10871] Replayed H0mework.Versions.AB.Physics.LowEnergy.Quantum.GaussCoframeCore
info: H0mework/Versions/AB/Physics/LowEnergy/Quantum/GaussCoframeCore.lean:93:0: 'LowEnergy.GaussCoframeCore.component_derivative' depends on axioms: [propext, Classical.choice, Quot.sound]
info: H0mework/Versions/AB/Physics/LowEnergy/Quantum/GaussCoframeCore.lean:94:0: 'LowEnergy.GaussCoframeCore.momentum_pair' depends on axioms: [propext, Classical.choice, Quot.sound]
ℹ [10836/10871] Replayed H0mework.Versions.AB.Physics.LowEnergy.Quantum.GaussCoframeKinetic
info: H0mework/Versions/AB/Physics/LowEnergy/Quantum/GaussCoframeKinetic.lean:145:0: 'LowEnergy.GaussCoframeKinetic.coefficient_smooth' depends on axioms: [propext, Classical.choice, Quot.sound]
info: H0mework/Versions/AB/Physics/LowEnergy/Quantum/GaussCoframeKinetic.lean:146:0: 'LowEnergy.GaussCoframeKinetic.kinetic_pair' depends on axioms: [propext, Classical.choice, Quot.sound]
ℹ [10837/10871] Replayed H0mework.Versions.AB.Physics.LowEnergy.Quantum.GaussQuantumMultiplier
info: H0mework/Versions/AB/Physics/LowEnergy/Quantum/GaussQuantumMultiplier.lean:112:0: 'LowEnergy.GaussQuantumMultiplier.action_pair' depends on axioms: [propext, Classical.choice, Quot.sound]
ℹ [10838/10871] Replayed H0mework.Versions.AB.Physics.LowEnergy.Quantum.GaussCoframeSpin
info: H0mework/Versions/AB/Physics/LowEnergy/Quantum/GaussCoframeSpin.lean:140:0: 'LowEnergy.GaussCoframeSpin.spinLift_source' depends on axioms: [propext, Classical.choice, Quot.sound]
info: H0mework/Versions/AB/Physics/LowEnergy/Quantum/GaussCoframeSpin.lean:141:0: 'LowEnergy.GaussCoframeSpin.full_hermitian' depends on axioms: [propext, Classical.choice, Quot.sound]
info: H0mework/Versions/AB/Physics/LowEnergy/Quantum/GaussCoframeSpin.lean:142:0: 'LowEnergy.GaussCoframeSpin.current_pair' depends on axioms: [propext, Classical.choice, Quot.sound]
ℹ [10839/10871] Replayed H0mework.Versions.AB.Physics.LowEnergy.Quantum.GaussCoframeForm
info: H0mework/Versions/AB/Physics/LowEnergy/Quantum/GaussCoframeForm.lean:147:0: 'LowEnergy.GaussCoframeForm.number_apply' depends on axioms: [propext, Classical.choice, Quot.sound]
info: H0mework/Versions/AB/Physics/LowEnergy/Quantum/GaussCoframeForm.lean:148:0: 'LowEnergy.GaussCoframeForm.coframeAction' depends on axioms: [propext, Classical.choice, Quot.sound]
info: H0mework/Versions/AB/Physics/LowEnergy/Quantum/GaussCoframeForm.lean:149:0: 'LowEnergy.GaussCoframeForm.coframeAction_pair' depends on axioms: [propext, Classical.choice, Quot.sound]
ℹ [10840/10871] Replayed H0mework.Versions.AB.Physics.LowEnergy.Quantum.GaussMatterCore
info: H0mework/Versions/AB/Physics/LowEnergy/Quantum/GaussMatterCore.lean:101:0: 'LowEnergy.GaussMatterCore.spin_native_commute' depends on axioms: [propext, Classical.choice, Quot.sound]
info: H0mework/Versions/AB/Physics/LowEnergy/Quantum/GaussMatterCore.lean:102:0: 'LowEnergy.GaussMatterCore.matrixTerm_hermitian' depends on axioms: [propext, Classical.choice, Quot.sound]
info: H0mework/Versions/AB/Physics/LowEnergy/Quantum/GaussMatterCore.lean:103:0: 'LowEnergy.GaussMatterCore.matter_pair' depends on axioms: [propext, Classical.choice, Quot.sound]
ℹ [10841/10871] Replayed H0mework.Physics.LowEnergy.Quantum.SourceRetardedGraph
info: H0mework/Physics/LowEnergy/Quantum/SourceRetardedGraph.lean:262:0: 'LowEnergy.SourceRetardedGraph.closed_graph_pairing_both' depends on axioms: [propext, Classical.choice, Quot.sound]
info: H0mework/Physics/LowEnergy/Quantum/SourceRetardedGraph.lean:263:0: 'LowEnergy.SourceRetardedGraph.cayley_equal_norm' depends on axioms: [propext, Classical.choice, Quot.sound]
info: H0mework/Physics/LowEnergy/Quantum/SourceRetardedGraph.lean:264:0: 'LowEnergy.SourceRetardedGraph.lower_graph_bound' depends on axioms: [propext, Classical.choice, Quot.sound]
info: H0mework/Physics/LowEnergy/Quantum/SourceRetardedGraph.lean:265:0: 'LowEnergy.SourceRetardedGraph.cayleyRange' depends on axioms: [propext, Classical.choice, Quot.sound]
info: H0mework/Physics/LowEnergy/Quantum/SourceRetardedGraph.lean:266:0: 'LowEnergy.SourceRetardedGraph.incoming_range_closed' depends on axioms: [propext, Classical.choice, Quot.sound]
info: H0mework/Physics/LowEnergy/Quantum/SourceRetardedGraph.lean:267:0: 'LowEnergy.SourceRetardedGraph.mem_defect_iff_core' depends on axioms: [propext, Classical.choice, Quot.sound]
info: H0mework/Physics/LowEnergy/Quantum/SourceRetardedGraph.lean:268:0: 'LowEnergy.SourceRetardedGraph.range_resolvent_graph' depends on axioms: [propext, Classical.choice, Quot.sound]
info: H0mework/Physics/LowEnergy/Quantum/SourceRetardedGraph.lean:269:0: 'LowEnergy.SourceRetardedGraph.range_resolvent_bound' depends on axioms: [propext, Classical.choice, Quot.sound]
info: H0mework/Physics/LowEnergy/Quantum/SourceRetardedGraph.lean:270:0: 'LowEnergy.SourceRetardedGraph.mem_range_iff_defect' depends on axioms: [propext, Classical.choice, Quot.sound]
info: H0mework/Physics/LowEnergy/Quantum/SourceRetardedGraph.lean:271:0: 'LowEnergy.SourceRetardedGraph.range_step_norm' depends on axioms: [propext, Classical.choice, Quot.sound]
info: H0mework/Physics/LowEnergy/Quantum/SourceRetardedGraph.lean:272:0: 'LowEnergy.SourceRetardedGraph.range_step_midpoint' depends on axioms: [propext, Classical.choice, Quot.sound]
info: H0mework/Physics/LowEnergy/Quantum/SourceRetardedGraph.lean:273:0: 'LowEnergy.SourceRetardedGraph.source_mu_large' depends on axioms: [propext, Classical.choice, Quot.sound]
ℹ [10842/10871] Replayed H0mework.Physics.LowEnergy.Quantum.FiniteCoreEvolution
info: H0mework/Physics/LowEnergy/Quantum/FiniteCoreEvolution.lean:198:0: 'LowEnergy.FiniteCoreEvolution.compression_selfAdjoint' depends on axioms: [propext, Classical.choice, Quot.sound]
info: H0mework/Physics/LowEnergy/Quantum/FiniteCoreEvolution.lean:199:0: 'LowEnergy.FiniteCoreEvolution.compression_core' depends on axioms: [propext, Classical.choice, Quot.sound]
info: H0mework/Physics/LowEnergy/Quantum/FiniteCoreEvolution.lean:200:0: 'LowEnergy.FiniteCoreEvolution.compression_core_bound' depends on axioms: [propext, Classical.choice, Quot.sound]
info: H0mework/Physics/LowEnergy/Quantum/FiniteCoreEvolution.lean:201:0: 'LowEnergy.FiniteCoreEvolution.evolution_norm' depends on axioms: [propext, Classical.choice, Quot.sound]
info: H0mework/Physics/LowEnergy/Quantum/FiniteCoreEvolution.lean:202:0: 'LowEnergy.FiniteCoreEvolution.evolution_core_uniform' depends on axioms: [propext, Classical.choice, Quot.sound]
info: H0mework/Physics/LowEnergy/Quantum/FiniteCoreEvolution.lean:203:0: 'LowEnergy.FiniteCoreEvolution.compression_tendsto' depends on axioms: [propext, Classical.choice, Quot.sound]
info: H0mework/Physics/LowEnergy/Quantum/FiniteCoreEvolution.lean:204:0: 'LowEnergy.FiniteCoreEvolution.evolution_core_remainder' depends on axioms: [propext, Classical.choice, Quot.sound]
ℹ [10843/10871] Replayed H0mework.Physics.LowEnergy.Quantum.WeakCoreEvolution
info: H0mework/Physics/LowEnergy/Quantum/WeakCoreEvolution.lean:303:0: 'LowEnergy.WeakCoreEvolution.coefficient_tendsto' depends on axioms: [propext, Classical.choice, Quot.sound]
info: H0mework/Physics/LowEnergy/Quantum/WeakCoreEvolution.lean:304:0: 'LowEnergy.WeakCoreEvolution.coefficient_bound' depends on axioms: [propext, Classical.choice, Quot.sound]
info: H0mework/Physics/LowEnergy/Quantum/WeakCoreEvolution.lean:305:0: 'LowEnergy.WeakCoreEvolution.coefficient_add_right' depends on axioms: [propext, Classical.choice, Quot.sound]
info: H0mework/Physics/LowEnergy/Quantum/WeakCoreEvolution.lean:306:0: 'LowEnergy.WeakCoreEvolution.weak_evolution_pair' depends on axioms: [propext, Classical.choice, Quot.sound]
info: H0mework/Physics/LowEnergy/Quantum/WeakCoreEvolution.lean:307:0: 'LowEnergy.WeakCoreEvolution.weak_evolution_contraction' depends on axioms: [propext, Classical.choice, Quot.sound]
info: H0mework/Physics/LowEnergy/Quantum/WeakCoreEvolution.lean:308:0: 'LowEnergy.WeakCoreEvolution.weak_evolution_zero' depends on axioms: [propext, Classical.choice, Quot.sound]
info: H0mework/Physics/LowEnergy/Quantum/WeakCoreEvolution.lean:309:0: 'LowEnergy.WeakCoreEvolution.weak_evolution_core_uniform' depends on axioms: [propext, Classical.choice, Quot.sound]
info: H0mework/Physics/LowEnergy/Quantum/WeakCoreEvolution.lean:310:0: 'LowEnergy.WeakCoreEvolution.weak_evolution_continuous' depends on axioms: [propext, Classical.choice, Quot.sound]
info: H0mework/Physics/LowEnergy/Quantum/WeakCoreEvolution.lean:311:0: 'LowEnergy.WeakCoreEvolution.weak_evolution_core_remainder' depends on axioms: [propext, Classical.choice, Quot.sound]
info: H0mework/Physics/LowEnergy/Quantum/WeakCoreEvolution.lean:312:0: 'LowEnergy.WeakCoreEvolution.weak_evolution_core_derivative' depends on axioms: [propext, Classical.choice, Quot.sound]
info: H0mework/Physics/LowEnergy/Quantum/WeakCoreEvolution.lean:313:0: 'LowEnergy.WeakCoreEvolution.weak_evolution_original_pairing' depends on axioms: [propext, Classical.choice, Quot.sound]
info: H0mework/Physics/LowEnergy/Quantum/WeakCoreEvolution.lean:314:0: 'LowEnergy.WeakCoreEvolution.weak_evolution_pair_derivative' depends on axioms: [propext, Classical.choice, Quot.sound]
info: H0mework/Physics/LowEnergy/Quantum/WeakCoreEvolution.lean:315:0: 'LowEnergy.WeakCoreEvolution.retarded_test_identity' depends on axioms: [propext, Classical.choice, Quot.sound]
ℹ [10844/10871] Replayed H0mework.Versions.AB.Physics.LowEnergy.Quantum.GaussDiagonalHistory
info: H0mework/Versions/AB/Physics/LowEnergy/Quantum/GaussDiagonalHistory.lean:68:0: 'LowEnergy.GaussDiagonalHistory.diagonal_pair' depends on axioms: [propext, Classical.choice, Quot.sound]
info: H0mework/Versions/AB/Physics/LowEnergy/Quantum/GaussDiagonalHistory.lean:69:0: 'LowEnergy.GaussDiagonalHistory.history' depends on axioms: [propext, Classical.choice, Quot.sound]
info: H0mework/Versions/AB/Physics/LowEnergy/Quantum/GaussDiagonalHistory.lean:70:0: 'LowEnergy.GaussDiagonalHistory.history_derivative' depends on axioms: [propext, Classical.choice, Quot.sound]
info: H0mework/Versions/AB/Physics/LowEnergy/Quantum/GaussDiagonalHistory.lean:71:0: 'LowEnergy.GaussDiagonalHistory.retarded_source' depends on axioms: [propext, Classical.choice, Quot.sound]
ℹ [10845/10871] Replayed H0mework.Versions.AB.Physics.LowEnergy.Quantum.SourceQuantumGradeTransport
info: H0mework/Versions/AB/Physics/LowEnergy/Quantum/SourceQuantumGradeTransport.lean:108:0: 'LowEnergy.SourceGradeTransport.original_yukawa_conjugate' depends on axioms: [propext, Classical.choice, Quot.sound]
info: H0mework/Versions/AB/Physics/LowEnergy/Quantum/SourceQuantumGradeTransport.lean:109:0: 'LowEnergy.SourceGradeTransport.pairing_return' depends on axioms: [propext, Classical.choice, Quot.sound]
ℹ [10846/10871] Replayed H0mework.Versions.AB.Physics.LowEnergy.Quantum.GaussHalfDensity
info: H0mework/Versions/AB/Physics/LowEnergy/Quantum/GaussHalfDensity.lean:147:0: 'LowEnergy.GaussHalfDensity.fockHalfDensityEquiv' depends on axioms: [propext, Classical.choice, Quot.sound]
info: H0mework/Versions/AB/Physics/LowEnergy/Quantum/GaussHalfDensity.lean:148:0: 'LowEnergy.GaussHalfDensity.source_halfDensity_native' depends on axioms: [propext, Classical.choice, Quot.sound]
ℹ [10847/10871] Replayed H0mework.Versions.AB.Physics.LowEnergy.Quantum.NativeHistoryGrade
info: H0mework/Versions/AB/Physics/LowEnergy/Quantum/NativeHistoryGrade.lean:281:0: 'LowEnergy.NativeHistoryGrade.projection_symmetric' depends on axioms: [propext, Classical.choice, Quot.sound]
info: H0mework/Versions/AB/Physics/LowEnergy/Quantum/NativeHistoryGrade.lean:282:0: 'LowEnergy.NativeHistoryGrade.projection_product' depends on axioms: [propext, Classical.choice, Quot.sound]
info: H0mework/Versions/AB/Physics/LowEnergy/Quantum/NativeHistoryGrade.lean:283:0: 'LowEnergy.NativeHistoryGrade.projection_resolution' depends on axioms: [propext, Classical.choice, Quot.sound]
info: H0mework/Versions/AB/Physics/LowEnergy/Quantum/NativeHistoryGrade.lean:284:0: 'LowEnergy.NativeHistoryGrade.projection_preserves_core' depends on axioms: [propext, Classical.choice, Quot.sound]
info: H0mework/Versions/AB/Physics/LowEnergy/Quantum/NativeHistoryGrade.lean:285:0: 'LowEnergy.NativeHistoryGrade.history_contraction' depends on axioms: [propext, Classical.choice, Quot.sound]
info: H0mework/Versions/AB/Physics/LowEnergy/Quantum/NativeHistoryGrade.lean:286:0: 'LowEnergy.NativeHistoryGrade.history_zero' depends on axioms: [propext, Classical.choice, Quot.sound]
info: H0mework/Versions/AB/Physics/LowEnergy/Quantum/NativeHistoryGrade.lean:287:0: 'LowEnergy.NativeHistoryGrade.history_left_block' depends on axioms: [propext, Classical.choice, Quot.sound]
info: H0mework/Versions/AB/Physics/LowEnergy/Quantum/NativeHistoryGrade.lean:288:0: 'LowEnergy.NativeHistoryGrade.history_right_block' depends on axioms: [propext, Classical.choice, Quot.sound]
info: H0mework/Versions/AB/Physics/LowEnergy/Quantum/NativeHistoryGrade.lean:289:0: 'LowEnergy.NativeHistoryGrade.history_continuous' depends on axioms: [propext, Classical.choice, Quot.sound]
info: H0mework/Versions/AB/Physics/LowEnergy/Quantum/NativeHistoryGrade.lean:290:0: 'LowEnergy.NativeHistoryGrade.history_core_derivative' depends on axioms: [propext, Classical.choice, Quot.sound]
info: H0mework/Versions/AB/Physics/LowEnergy/Quantum/NativeHistoryGrade.lean:291:0: 'LowEnergy.NativeHistoryGrade.history_original_pairing' depends on axioms: [propext, Classical.choice, Quot.sound]
info: H0mework/Versions/AB/Physics/LowEnergy/Quantum/NativeHistoryGrade.lean:292:0: 'LowEnergy.NativeHistoryGrade.history_retarded_identity' depends on axioms: [propext, Classical.choice, Quot.sound]
info: H0mework/Versions/AB/Physics/LowEnergy/Quantum/NativeHistoryGrade.lean:293:0: 'LowEnergy.NativeHistoryGrade.flatHistory_pairing' depends on axioms: [propext, Classical.choice, Quot.sound]
ℹ [10848/10871] Replayed H0mework.Versions.AB.Physics.LowEnergy.Quantum.GaussFockLabel
info: H0mework/Versions/AB/Physics/LowEnergy/Quantum/GaussFockLabel.lean:188:0: 'LowEnergy.GaussFockLabel.native_preserves' depends on axioms: [propext, Classical.choice, Quot.sound]
info: H0mework/Versions/AB/Physics/LowEnergy/Quantum/GaussFockLabel.lean:189:0: 'LowEnergy.GaussFockLabel.spin_preserves' depends on axioms: [propext, Classical.choice, Quot.sound]
info: H0mework/Versions/AB/Physics/LowEnergy/Quantum/GaussFockLabel.lean:190:0: 'LowEnergy.GaussFockLabel.matter_preserves' depends on axioms: [propext, Classical.choice, Quot.sound]
info: H0mework/Versions/AB/Physics/LowEnergy/Quantum/GaussFockLabel.lean:191:0: 'LowEnergy.GaussFockLabel.entry_label' depends on axioms: [propext, Classical.choice, Quot.sound]
info: H0mework/Versions/AB/Physics/LowEnergy/Quantum/GaussFockLabel.lean:192:0: 'LowEnergy.GaussFockLabel.blockWeight_quantized' depends on axioms: [propext, Classical.choice, Quot.sound]
ℹ [10849/10871] Replayed H0mework.Versions.AB.Physics.LowEnergy.Quantum.GaussCoreLabel
info: H0mework/Versions/AB/Physics/LowEnergy/Quantum/GaussCoreLabel.lean:117:0: 'LowEnergy.GaussCoreLabel.embed_project' depends on axioms: [propext, Classical.choice, Quot.sound]
info: H0mework/Versions/AB/Physics/LowEnergy/Quantum/GaussCoreLabel.lean:118:0: 'LowEnergy.GaussCoreLabel.commutes_adjoint' depends on axioms: [propext, Classical.choice, Quot.sound]
info: H0mework/Versions/AB/Physics/LowEnergy/Quantum/GaussCoreLabel.lean:119:0: 'LowEnergy.GaussCoreLabel.commutes_matrix' depends on axioms: [propext, Classical.choice, Quot.sound]
ℹ [10850/10871] Replayed H0mework.Versions.AB.Physics.LowEnergy.Quantum.GaussDiagonalGrade
info: H0mework/Versions/AB/Physics/LowEnergy/Quantum/GaussDiagonalGrade.lean:123:0: 'LowEnergy.GaussDiagonalGrade.diagonal_commutes' depends on axioms: [propext, Classical.choice, Quot.sound]
info: H0mework/Versions/AB/Physics/LowEnergy/Quantum/GaussDiagonalGrade.lean:124:0: 'LowEnergy.GaussDiagonalGrade.history_derivative' depends on axioms: [propext, Classical.choice, Quot.sound]
info: H0mework/Versions/AB/Physics/LowEnergy/Quantum/GaussDiagonalGrade.lean:125:0: 'LowEnergy.GaussDiagonalGrade.retarded_source' depends on axioms: [propext, Classical.choice, Quot.sound]
ℹ [10851/10871] Replayed H0mework.Versions.AB.Physics.LowEnergy.Quantum.GaussAdjointHistory
info: H0mework/Versions/AB/Physics/LowEnergy/Quantum/GaussAdjointHistory.lean:142:0: 'LowEnergy.GaussAdjointHistory.maximalAdjoint_graph' depends on axioms: [propext, Classical.choice, Quot.sound]
info: H0mework/Versions/AB/Physics/LowEnergy/Quantum/GaussAdjointHistory.lean:143:0: 'LowEnergy.GaussAdjointHistory.graph_closed' depends on axioms: [propext, Classical.choice, Quot.sound]
info: H0mework/Versions/AB/Physics/LowEnergy/Quantum/GaussAdjointHistory.lean:144:0: 'LowEnergy.GaussAdjointHistory.history_domain' depends on axioms: [propext, Classical.choice, Quot.sound]
info: H0mework/Versions/AB/Physics/LowEnergy/Quantum/GaussAdjointHistory.lean:145:0: 'LowEnergy.GaussAdjointHistory.adjoint_history' depends on axioms: [propext, Classical.choice, Quot.sound]
info: H0mework/Versions/AB/Physics/LowEnergy/Quantum/GaussAdjointHistory.lean:146:0: 'LowEnergy.GaussAdjointHistory.jet_graph' depends on axioms: [propext, Classical.choice, Quot.sound]
info: H0mework/Versions/AB/Physics/LowEnergy/Quantum/GaussAdjointHistory.lean:147:0: 'LowEnergy.GaussAdjointHistory.history_smooth' depends on axioms: [propext, Classical.choice, Quot.sound]
info: H0mework/Versions/AB/Physics/LowEnergy/Quantum/GaussAdjointHistory.lean:148:0: 'LowEnergy.GaussAdjointHistory.twoLeg_left' depends on axioms: [propext, Classical.choice, Quot.sound]
info: H0mework/Versions/AB/Physics/LowEnergy/Quantum/GaussAdjointHistory.lean:149:0: 'LowEnergy.GaussAdjointHistory.twoLeg_right' depends on axioms: [propext, Classical.choice, Quot.sound]
ℹ [10852/10871] Replayed H0mework.Versions.AB.Physics.LowEnergy.Quantum.SourceQuantumCARBound
info: H0mework/Versions/AB/Physics/LowEnergy/Quantum/SourceQuantumCARBound.lean:109:0: 'LowEnergy.SourceCARBound.matrix_unit_norm_le' depends on axioms: [propext, Classical.choice, Quot.sound]
info: H0mework/Versions/AB/Physics/LowEnergy/Quantum/SourceQuantumCARBound.lean:110:0: 'LowEnergy.SourceCARBound.quantized_norm_le_sum' depends on axioms: [propext, Classical.choice, Quot.sound]
info: H0mework/Versions/AB/Physics/LowEnergy/Quantum/SourceQuantumCARBound.lean:111:0: 'LowEnergy.SourceCARBound.quantized_norm_sq_le_support' depends on axioms: [propext, Classical.choice, Quot.sound]
ℹ [10853/10871] Replayed H0mework.Versions.AB.Physics.LowEnergy.Quantum.GaussFockLift
info: H0mework/Versions/AB/Physics/LowEnergy/Quantum/GaussFockLift.lean:148:0: 'LowEnergy.GaussFockLift.flatLift_identity' depends on axioms: [propext, Classical.choice, Quot.sound]
info: H0mework/Versions/AB/Physics/LowEnergy/Quantum/GaussFockLift.lean:149:0: 'LowEnergy.GaussFockLift.flatLift_mul' depends on axioms: [propext, Classical.choice, Quot.sound]
info: H0mework/Versions/AB/Physics/LowEnergy/Quantum/GaussFockLift.lean:150:0: 'LowEnergy.GaussFockLift.lift_pair' depends on axioms: [propext, Classical.choice, Quot.sound]
ℹ [10854/10871] Replayed H0mework.Versions.AB.Physics.LowEnergy.Quantum.GaussCARHistory
info: H0mework/Versions/AB/Physics/LowEnergy/Quantum/GaussCARHistory.lean:109:0: 'LowEnergy.GaussCARHistory.car' depends on axioms: [propext, Classical.choice, Quot.sound]
info: H0mework/Versions/AB/Physics/LowEnergy/Quantum/GaussCARHistory.lean:110:0: 'LowEnergy.GaussCARHistory.norm_partition' depends on axioms: [propext, Classical.choice, Quot.sound]
info: H0mework/Versions/AB/Physics/LowEnergy/Quantum/GaussCARHistory.lean:111:0: 'LowEnergy.GaussCARHistory.kernel_pair' depends on axioms: [propext, Classical.choice, Quot.sound]
info: H0mework/Versions/AB/Physics/LowEnergy/Quantum/GaussCARHistory.lean:112:0: 'LowEnergy.GaussCARHistory.response_left' depends on axioms: [propext, Classical.choice, Quot.sound]
info: H0mework/Versions/AB/Physics/LowEnergy/Quantum/GaussCARHistory.lean:113:0: 'LowEnergy.GaussCARHistory.response_right' depends on axioms: [propext, Classical.choice, Quot.sound]
info: H0mework/Versions/AB/Physics/LowEnergy/Quantum/GaussCARHistory.lean:114:0: 'LowEnergy.GaussCARHistory.annihilator_response_bound' depends on axioms: [propext, Classical.choice, Quot.sound]
ℹ [10868/10945] Replayed H0mework.Versions.AB.Physics.LowEnergy.Quantum.GaussUnitaryHistory
info: H0mework/Versions/AB/Physics/LowEnergy/Quantum/GaussUnitaryHistory.lean:138:0: 'LowEnergy.GaussUnitaryHistory.time_add' depends on axioms: [propext, Classical.choice, Quot.sound]
info: H0mework/Versions/AB/Physics/LowEnergy/Quantum/GaussUnitaryHistory.lean:139:0: 'LowEnergy.GaussUnitaryHistory.time_norm' depends on axioms: [propext, Classical.choice, Quot.sound]
info: H0mework/Versions/AB/Physics/LowEnergy/Quantum/GaussUnitaryHistory.lean:140:0: 'LowEnergy.GaussUnitaryHistory.weak_readback' depends on axioms: [propext, Classical.choice, Quot.sound]
info: H0mework/Versions/AB/Physics/LowEnergy/Quantum/GaussUnitaryHistory.lean:141:0: 'LowEnergy.GaussUnitaryHistory.car_all_time' depends on axioms: [propext, Classical.choice, Quot.sound]
ℹ [10869/10945] Replayed H0mework.Versions.AB.Physics.LowEnergy.Quantum.GaussUnitaryCore
info: H0mework/Versions/AB/Physics/LowEnergy/Quantum/GaussUnitaryCore.lean:132:0: 'LowEnergy.GaussUnitaryCore.core_remainder' depends on axioms: [propext, Classical.choice, Quot.sound]
info: H0mework/Versions/AB/Physics/LowEnergy/Quantum/GaussUnitaryCore.lean:133:0: 'LowEnergy.GaussUnitaryCore.core_derivative' depends on axioms: [propext, Classical.choice, Quot.sound]
info: H0mework/Versions/AB/Physics/LowEnergy/Quantum/GaussUnitaryCore.lean:134:0: 'LowEnergy.GaussUnitaryCore.core_smooth' depends on axioms: [propext, Classical.choice, Quot.sound]
info: H0mework/Versions/AB/Physics/LowEnergy/Quantum/GaussUnitaryCore.lean:135:0: 'LowEnergy.GaussUnitaryCore.source_continuous' depends on axioms: [propext, Classical.choice, Quot.sound]
info: H0mework/Versions/AB/Physics/LowEnergy/Quantum/GaussUnitaryCore.lean:136:0: 'LowEnergy.GaussUnitaryCore.response_left' depends on axioms: [propext, Classical.choice, Quot.sound]
info: H0mework/Versions/AB/Physics/LowEnergy/Quantum/GaussUnitaryCore.lean:137:0: 'LowEnergy.GaussUnitaryCore.response_right' depends on axioms: [propext, Classical.choice, Quot.sound]
ℹ [10870/10945] Replayed H0mework.Versions.AB.Physics.LowEnergy.Quantum.GaussGradedCompression
info: H0mework/Versions/AB/Physics/LowEnergy/Quantum/GaussGradedCompression.lean:109:0: 'LowEnergy.GaussGradedCompression.compression_selfAdjoint' depends on axioms: [propext, Classical.choice, Quot.sound]
info: H0mework/Versions/AB/Physics/LowEnergy/Quantum/GaussGradedCompression.lean:110:0: 'LowEnergy.GaussGradedCompression.compression_commutes' depends on axioms: [propext, Classical.choice, Quot.sound]
info: H0mework/Versions/AB/Physics/LowEnergy/Quantum/GaussGradedCompression.lean:111:0: 'LowEnergy.GaussGradedCompression.compression_core_bound' depends on axioms: [propext, Classical.choice, Quot.sound]
info: H0mework/Versions/AB/Physics/LowEnergy/Quantum/GaussGradedCompression.lean:112:0: 'LowEnergy.GaussGradedCompression.eventually_exact' depends on axioms: [propext, Classical.choice, Quot.sound]
ℹ [10871/10945] Replayed H0mework.Versions.AB.Physics.LowEnergy.Quantum.SourceFiniteUnitary
info: H0mework/Versions/AB/Physics/LowEnergy/Quantum/SourceFiniteUnitary.lean:74:0: 'LowEnergy.SourceFiniteUnitary.time_unitary' depends on axioms: [propext, Classical.choice, Quot.sound]
info: H0mework/Versions/AB/Physics/LowEnergy/Quantum/SourceFiniteUnitary.lean:75:0: 'LowEnergy.SourceFiniteUnitary.time_commutes' depends on axioms: [propext, Classical.choice, Quot.sound]
info: H0mework/Versions/AB/Physics/LowEnergy/Quantum/SourceFiniteUnitary.lean:76:0: 'LowEnergy.SourceFiniteUnitary.time_remainder' depends on axioms: [propext, Classical.choice, Quot.sound]
ℹ [10872/10945] Replayed H0mework.Versions.AB.Physics.LowEnergy.Quantum.GaussGradedUnitary
info: H0mework/Versions/AB/Physics/LowEnergy/Quantum/GaussGradedUnitary.lean:170:0: 'LowEnergy.GaussGradedUnitary.time_add' depends on axioms: [propext, Classical.choice, Quot.sound]
info: H0mework/Versions/AB/Physics/LowEnergy/Quantum/GaussGradedUnitary.lean:171:0: 'LowEnergy.GaussGradedUnitary.time_norm' depends on axioms: [propext, Classical.choice, Quot.sound]
info: H0mework/Versions/AB/Physics/LowEnergy/Quantum/GaussGradedUnitary.lean:172:0: 'LowEnergy.GaussGradedUnitary.time_blocks' depends on axioms: [propext, Classical.choice, Quot.sound]
info: H0mework/Versions/AB/Physics/LowEnergy/Quantum/GaussGradedUnitary.lean:173:0: 'LowEnergy.GaussGradedUnitary.core_derivative' depends on axioms: [propext, Classical.choice, Quot.sound]
info: H0mework/Versions/AB/Physics/LowEnergy/Quantum/GaussGradedUnitary.lean:174:0: 'LowEnergy.GaussGradedUnitary.core_smooth' depends on axioms: [propext, Classical.choice, Quot.sound]
info: H0mework/Versions/AB/Physics/LowEnergy/Quantum/GaussGradedUnitary.lean:175:0: 'LowEnergy.GaussGradedUnitary.source_continuous' depends on axioms: [propext, Classical.choice, Quot.sound]
info: H0mework/Versions/AB/Physics/LowEnergy/Quantum/GaussGradedUnitary.lean:176:0: 'LowEnergy.GaussGradedUnitary.response_left' depends on axioms: [propext, Classical.choice, Quot.sound]
info: H0mework/Versions/AB/Physics/LowEnergy/Quantum/GaussGradedUnitary.lean:177:0: 'LowEnergy.GaussGradedUnitary.response_right' depends on axioms: [propext, Classical.choice, Quot.sound]
ℹ [10873/10945] Replayed H0mework.Versions.AB.Physics.LowEnergy.Quantum.SourceGraphCompactFlux
info: H0mework/Versions/AB/Physics/LowEnergy/Quantum/SourceGraphCompactFlux.lean:217:0: 'LowEnergy.FullYSourceGraphCompactFlux.columns_eventually_exact' depends on axioms: [propext,
 Classical.choice,
 Quot.sound]
info: H0mework/Versions/AB/Physics/LowEnergy/Quantum/SourceGraphCompactFlux.lean:218:0: 'LowEnergy.FullYSourceGraphCompactFlux.original_flux_uniform' depends on axioms: [propext, Classical.choice, Quot.sound]
info: H0mework/Versions/AB/Physics/LowEnergy/Quantum/SourceGraphCompactFlux.lean:219:0: 'LowEnergy.FullYSourceGraphCompactFlux.source_graph_pair' depends on axioms: [propext, Classical.choice, Quot.sound]
info: H0mework/Versions/AB/Physics/LowEnergy/Quantum/SourceGraphCompactFlux.lean:220:0: 'LowEnergy.FullYSourceGraphCompactFlux.whole_carrier_graph_pair' depends on axioms: [propext,
 Classical.choice,
 Quot.sound]
info: H0mework/Versions/AB/Physics/LowEnergy/Quantum/SourceGraphCompactFlux.lean:221:0: 'LowEnergy.FullYSourceGraphCompactFlux.source_observable_derivative' depends on axioms: [propext,
 Classical.choice,
 Quot.sound]
ℹ [10874/10945] Replayed H0mework.Versions.AB.Physics.LowEnergy.Quantum.SourceResolventGraphSplice
info: H0mework/Versions/AB/Physics/LowEnergy/Quantum/SourceResolventGraphSplice.lean:249:0: 'LowEnergy.FullYSourceResolventGraphSplice.resolvent_norm' depends on axioms: [propext, Classical.choice, Quot.sound]
info: H0mework/Versions/AB/Physics/LowEnergy/Quantum/SourceResolventGraphSplice.lean:250:0: 'LowEnergy.FullYSourceResolventGraphSplice.graph_splice_uniform' depends on axioms: [propext,
 Classical.choice,
 Quot.sound]
info: H0mework/Versions/AB/Physics/LowEnergy/Quantum/SourceResolventGraphSplice.lean:251:0: 'LowEnergy.FullYSourceResolventGraphSplice.graph_splice_tendsto' depends on axioms: [propext,
 Classical.choice,
 Quot.sound]
info: H0mework/Versions/AB/Physics/LowEnergy/Quantum/SourceResolventGraphSplice.lean:252:0: 'LowEnergy.FullYSourceResolventGraphSplice.whole_carrier_graph_splice' depends on axioms: [propext,
 Classical.choice,
 Quot.sound]
info: H0mework/Versions/AB/Physics/LowEnergy/Quantum/SourceResolventGraphSplice.lean:253:0: 'LowEnergy.FullYSourceResolventGraphSplice.whole_carrier_remainder_splice' depends on axioms: [propext,
 Classical.choice,
 Quot.sound]
ℹ [10875/10945] Replayed H0mework.Versions.AB.Physics.LowEnergy.Quantum.SourceMinimalGraphParticular
info: H0mework/Versions/AB/Physics/LowEnergy/Quantum/SourceMinimalGraphParticular.lean:278:0: 'LowEnergy.SourceMinimalGraphParticular.source_particular_graph' depends on axioms: [propext,
 Classical.choice,
 Quot.sound]
info: H0mework/Versions/AB/Physics/LowEnergy/Quantum/SourceMinimalGraphParticular.lean:279:0: 'LowEnergy.SourceMinimalGraphParticular.source_particular_norm' depends on axioms: [propext,
 Classical.choice,
 Quot.sound]
info: H0mework/Versions/AB/Physics/LowEnergy/Quantum/SourceMinimalGraphParticular.lean:280:0: 'LowEnergy.SourceMinimalGraphParticular.source_original_adjoint_defect' depends on axioms: [propext,
 Classical.choice,
 Quot.sound]
info: H0mework/Versions/AB/Physics/LowEnergy/Quantum/SourceMinimalGraphParticular.lean:281:0: 'LowEnergy.SourceMinimalGraphParticular.source_adjoint_particular_equation' depends on axioms: [propext,
 Classical.choice,
 Quot.sound]
info: H0mework/Versions/AB/Physics/LowEnergy/Quantum/SourceMinimalGraphParticular.lean:282:0: 'LowEnergy.SourceMinimalGraphParticular.finite_resolvent_original_split' depends on axioms: [propext,
 Classical.choice,
 Quot.sound]
info: H0mework/Versions/AB/Physics/LowEnergy/Quantum/SourceMinimalGraphParticular.lean:283:0: 'LowEnergy.SourceMinimalGraphParticular.source_retained_remainder' depends on axioms: [propext,
 Classical.choice,
 Quot.sound]
ℹ [10876/10945] Replayed H0mework.Versions.AB.Physics.LowEnergy.Quantum.GaussGradedRetarded
info: H0mework/Versions/AB/Physics/LowEnergy/Quantum/GaussGradedRetarded.lean:128:0: 'LowEnergy.GaussGradedRetarded.shadow_blocks' depends on axioms: [propext, Classical.choice, Quot.sound]
info: H0mework/Versions/AB/Physics/LowEnergy/Quantum/GaussGradedRetarded.lean:129:0: 'LowEnergy.GaussGradedRetarded.shadow_derivative' depends on axioms: [propext, Classical.choice, Quot.sound]
info: H0mework/Versions/AB/Physics/LowEnergy/Quantum/GaussGradedRetarded.lean:130:0: 'LowEnergy.GaussGradedRetarded.shadow_left_equation' depends on axioms: [propext, Classical.choice, Quot.sound]
info: H0mework/Versions/AB/Physics/LowEnergy/Quantum/GaussGradedRetarded.lean:131:0: 'LowEnergy.GaussGradedRetarded.retarded_source' depends on axioms: [propext, Classical.choice, Quot.sound]
ℹ [10877/10945] Replayed H0mework.Versions.AB.Physics.LowEnergy.Quantum.GaussYukawaCoefficient
info: H0mework/Versions/AB/Physics/LowEnergy/Quantum/GaussYukawaCoefficient.lean:105:0: 'LowEnergy.GaussYukawaCoefficient.source_map_return' depends on axioms: [propext, Classical.choice, Quot.sound]
info: H0mework/Versions/AB/Physics/LowEnergy/Quantum/GaussYukawaCoefficient.lean:106:0: 'LowEnergy.GaussYukawaCoefficient.normalized_bound' depends on axioms: [propext, Classical.choice, Quot.sound]
info: H0mework/Versions/AB/Physics/LowEnergy/Quantum/GaussYukawaCoefficient.lean:107:0: 'LowEnergy.GaussYukawaCoefficient.radius_return' depends on axioms: [propext, Classical.choice, Quot.sound]
ℹ [10878/10945] Replayed H0mework.Versions.AB.Physics.LowEnergy.Quantum.GaussBoundedMultiplier
info: H0mework/Versions/AB/Physics/LowEnergy/Quantum/GaussBoundedMultiplier.lean:141:0: 'LowEnergy.GaussBoundedMultiplier.action_bound' depends on axioms: [propext, Classical.choice, Quot.sound]
info: H0mework/Versions/AB/Physics/LowEnergy/Quantum/GaussBoundedMultiplier.lean:142:0: 'LowEnergy.GaussBoundedMultiplier.extension_core' depends on axioms: [propext, Classical.choice, Quot.sound]
ℹ [10879/10945] Replayed H0mework.Versions.AB.Physics.LowEnergy.Quantum.GaussYukawaOperator
info: H0mework/Versions/AB/Physics/LowEnergy/Quantum/GaussYukawaOperator.lean:65:0: 'LowEnergy.GaussYukawaOperator.bounded_core' depends on axioms: [propext, Classical.choice, Quot.sound]
info: H0mework/Versions/AB/Physics/LowEnergy/Quantum/GaussYukawaOperator.lean:66:0: 'LowEnergy.GaussYukawaOperator.bounded_norm' depends on axioms: [propext, Classical.choice, Quot.sound]
info: H0mework/Versions/AB/Physics/LowEnergy/Quantum/GaussYukawaOperator.lean:67:0: 'LowEnergy.GaussYukawaOperator.originalY_factor' depends on axioms: [propext, Classical.choice, Quot.sound]
info: H0mework/Versions/AB/Physics/LowEnergy/Quantum/GaussYukawaOperator.lean:68:0: 'LowEnergy.GaussYukawaOperator.common_core' depends on axioms: [propext, Classical.choice, Quot.sound]
ℹ [10880/10945] Replayed H0mework.Versions.AB.Physics.LowEnergy.Quantum.GaussRadialDomain
info: H0mework/Versions/AB/Physics/LowEnergy/Quantum/GaussRadialDomain.lean:128:0: 'LowEnergy.GaussRadialDomain.inverse_dense' depends on axioms: [propext, Classical.choice, Quot.sound]
info: H0mework/Versions/AB/Physics/LowEnergy/Quantum/GaussRadialDomain.lean:129:0: 'LowEnergy.GaussRadialDomain.inverse_injective' depends on axioms: [propext, Classical.choice, Quot.sound]
info: H0mework/Versions/AB/Physics/LowEnergy/Quantum/GaussRadialDomain.lean:130:0: 'LowEnergy.GaussRadialDomain.graph_closed' depends on axioms: [propext, Classical.choice, Quot.sound]
info: H0mework/Versions/AB/Physics/LowEnergy/Quantum/GaussRadialDomain.lean:131:0: 'LowEnergy.GaussRadialDomain.closedY_dense' depends on axioms: [propext, Classical.choice, Quot.sound]
info: H0mework/Versions/AB/Physics/LowEnergy/Quantum/GaussRadialDomain.lean:132:0: 'LowEnergy.GaussRadialDomain.closedY_core' depends on axioms: [propext, Classical.choice, Quot.sound]
ℹ [10881/10945] Replayed H0mework.Versions.AB.Physics.LowEnergy.Quantum.GaussFullHamiltonian
info: H0mework/Versions/AB/Physics/LowEnergy/Quantum/GaussFullHamiltonian.lean:119:0: 'LowEnergy.GaussFullHamiltonian.yukawa_pair' depends on axioms: [propext, Classical.choice, Quot.sound]
info: H0mework/Versions/AB/Physics/LowEnergy/Quantum/GaussFullHamiltonian.lean:120:0: 'LowEnergy.GaussFullHamiltonian.formal_pair' depends on axioms: [propext, Classical.choice, Quot.sound]
info: H0mework/Versions/AB/Physics/LowEnergy/Quantum/GaussFullHamiltonian.lean:121:0: 'LowEnergy.GaussFullHamiltonian.native_dense' depends on axioms: [propext, Classical.choice, Quot.sound]
info: H0mework/Versions/AB/Physics/LowEnergy/Quantum/GaussFullHamiltonian.lean:122:0: 'LowEnergy.GaussFullHamiltonian.native_core' depends on axioms: [propext, Classical.choice, Quot.sound]
info: H0mework/Versions/AB/Physics/LowEnergy/Quantum/GaussFullHamiltonian.lean:123:0: 'LowEnergy.GaussFullHamiltonian.sharp_core' depends on axioms: [propext, Classical.choice, Quot.sound]
info: H0mework/Versions/AB/Physics/LowEnergy/Quantum/GaussFullHamiltonian.lean:124:0: 'LowEnergy.GaussFullHamiltonian.nativeClosed_graph' depends on axioms: [propext, Classical.choice, Quot.sound]
info: H0mework/Versions/AB/Physics/LowEnergy/Quantum/GaussFullHamiltonian.lean:125:0: 'LowEnergy.GaussFullHamiltonian.sharpClosed_graph' depends on axioms: [propext, Classical.choice, Quot.sound]
info: H0mework/Versions/AB/Physics/LowEnergy/Quantum/GaussFullHamiltonian.lean:126:0: 'LowEnergy.GaussFullHamiltonian.closed_pair' depends on axioms: [propext, Classical.choice, Quot.sound]
info: H0mework/Versions/AB/Physics/LowEnergy/Quantum/GaussFullHamiltonian.lean:127:0: 'LowEnergy.GaussFullHamiltonian.nativeClosed_minimal' depends on axioms: [propext, Classical.choice, Quot.sound]
info: H0mework/Versions/AB/Physics/LowEnergy/Quantum/GaussFullHamiltonian.lean:128:0: 'LowEnergy.GaussFullHamiltonian.closed_yukawa_consumed' depends on axioms: [propext, Classical.choice, Quot.sound]
ℹ [10882/10945] Replayed H0mework.Versions.AB.Physics.LowEnergy.Quantum.GaussYukawaGrade
info: H0mework/Versions/AB/Physics/LowEnergy/Quantum/GaussYukawaGrade.lean:140:0: 'LowEnergy.GaussYukawaGrade.matrix_raises' depends on axioms: [propext, Classical.choice, Quot.sound]
info: H0mework/Versions/AB/Physics/LowEnergy/Quantum/GaussYukawaGrade.lean:141:0: 'LowEnergy.GaussYukawaGrade.fiber_source_grade' depends on axioms: [propext, Classical.choice, Quot.sound]
info: H0mework/Versions/AB/Physics/LowEnergy/Quantum/GaussYukawaGrade.lean:142:0: 'LowEnergy.GaussYukawaGrade.grade_core' depends on axioms: [propext, Classical.choice, Quot.sound]
info: H0mework/Versions/AB/Physics/LowEnergy/Quantum/GaussYukawaGrade.lean:143:0: 'LowEnergy.GaussYukawaGrade.bounded_raises' depends on axioms: [propext, Classical.choice, Quot.sound]
info: H0mework/Versions/AB/Physics/LowEnergy/Quantum/GaussYukawaGrade.lean:144:0: 'LowEnergy.GaussYukawaGrade.inverse_blocks' depends on axioms: [propext, Classical.choice, Quot.sound]
info: H0mework/Versions/AB/Physics/LowEnergy/Quantum/GaussYukawaGrade.lean:145:0: 'LowEnergy.GaussYukawaGrade.closed_graph_grade' depends on axioms: [propext, Classical.choice, Quot.sound]
ℹ [10883/10945] Replayed H0mework.Versions.AB.Physics.LowEnergy.Quantum.FiniteGradeModule
info: H0mework/Versions/AB/Physics/LowEnergy/Quantum/FiniteGradeModule.lean:64:0: 'LowEnergy.FiniteGradeModule.word_zero' depends on axioms: [propext, Classical.choice, Quot.sound]
ℹ [10884/10945] Replayed H0mework.Versions.AB.Physics.LowEnergy.Quantum.FiniteGradeAlgebra
info: H0mework/Versions/AB/Physics/LowEnergy/Quantum/FiniteGradeAlgebra.lean:153:0: 'LowEnergy.FiniteGradeAlgebra.words_zero' depends on axioms: [propext, Classical.choice, Quot.sound]
info: H0mework/Versions/AB/Physics/LowEnergy/Quantum/FiniteGradeAlgebra.lean:154:0: 'LowEnergy.FiniteGradeAlgebra.commutator_words_zero' depends on axioms: [propext, Classical.choice, Quot.sound]
ℹ [10885/10945] Replayed H0mework.Versions.AB.Physics.LowEnergy.Quantum.GaussYukawaInteraction
info: H0mework/Versions/AB/Physics/LowEnergy/Quantum/GaussYukawaInteraction.lean:107:0: 'LowEnergy.GaussYukawaInteraction.block_resolution' depends on axioms: [propext, Classical.choice, Quot.sound]
info: H0mework/Versions/AB/Physics/LowEnergy/Quantum/GaussYukawaInteraction.lean:108:0: 'LowEnergy.GaussYukawaInteraction.block_grade_left' depends on axioms: [propext, Classical.choice, Quot.sound]
info: H0mework/Versions/AB/Physics/LowEnergy/Quantum/GaussYukawaInteraction.lean:109:0: 'LowEnergy.GaussYukawaInteraction.time_grade' depends on axioms: [propext, Classical.choice, Quot.sound]
info: H0mework/Versions/AB/Physics/LowEnergy/Quantum/GaussYukawaInteraction.lean:110:0: 'LowEnergy.GaussYukawaInteraction.interaction_raises' depends on axioms: [propext, Classical.choice, Quot.sound]
info: H0mework/Versions/AB/Physics/LowEnergy/Quantum/GaussYukawaInteraction.lean:111:0: 'LowEnergy.GaussYukawaInteraction.state_words_zero' depends on axioms: [propext, Classical.choice, Quot.sound]
info: H0mework/Versions/AB/Physics/LowEnergy/Quantum/GaussYukawaInteraction.lean:112:0: 'LowEnergy.GaussYukawaInteraction.response_words_zero' depends on axioms: [propext, Classical.choice, Quot.sound]
ℹ [10886/10945] Replayed H0mework.Versions.AB.Physics.LowEnergy.Quantum.SourceCutoffVolterra
info: H0mework/Versions/AB/Physics/LowEnergy/Quantum/SourceCutoffVolterra.lean:686:0: 'LowEnergy.FullYSourceCutoffVolterra.cutoff_graph_residual' depends on axioms: [propext, Classical.choice, Quot.sound]
info: H0mework/Versions/AB/Physics/LowEnergy/Quantum/SourceCutoffVolterra.lean:687:0: 'LowEnergy.FullYSourceCutoffVolterra.cutoff_raises' depends on axioms: [propext, Classical.choice, Quot.sound]
info: H0mework/Versions/AB/Physics/LowEnergy/Quantum/SourceCutoffVolterra.lean:688:0: 'LowEnergy.FullYSourceCutoffVolterra.cutoff_core_mem' depends on axioms: [propext, Classical.choice, Quot.sound]
info: H0mework/Versions/AB/Physics/LowEnergy/Quantum/SourceCutoffVolterra.lean:689:0: 'LowEnergy.FullYSourceCutoffVolterra.orderedIntegral_derivative' depends on axioms: [propext,
 Classical.choice,
 Quot.sound]
info: H0mework/Versions/AB/Physics/LowEnergy/Quantum/SourceCutoffVolterra.lean:690:0: 'LowEnergy.FullYSourceCutoffVolterra.orderedIntegral_homogeneous' depends on axioms: [propext,
 Classical.choice,
 Quot.sound]
info: H0mework/Versions/AB/Physics/LowEnergy/Quantum/SourceCutoffVolterra.lean:691:0: 'LowEnergy.FullYSourceCutoffVolterra.finitePrefix_right_derivative' depends on axioms: [propext,
 Classical.choice,
 Quot.sound]
info: H0mework/Versions/AB/Physics/LowEnergy/Quantum/SourceCutoffVolterra.lean:692:0: 'LowEnergy.FullYSourceCutoffVolterra.finitePrefix_initial' depends on axioms: [propext, Classical.choice, Quot.sound]
info: H0mework/Versions/AB/Physics/LowEnergy/Quantum/SourceCutoffVolterra.lean:693:0: 'LowEnergy.FullYSourceCutoffVolterra.finitePrefix_homogeneous' depends on axioms: [propext,
 Classical.choice,
 Quot.sound]
info: H0mework/Versions/AB/Physics/LowEnergy/Quantum/SourceCutoffVolterra.lean:694:0: 'LowEnergy.FullYSourceCutoffVolterra.finitePrefix_bound' depends on axioms: [propext, Classical.choice, Quot.sound]
info: H0mework/Versions/AB/Physics/LowEnergy/Quantum/SourceCutoffVolterra.lean:695:0: 'LowEnergy.FullYSourceCutoffVolterra.sourcePrefix_zero_order' depends on axioms: [propext, Classical.choice, Quot.sound]
info: H0mework/Versions/AB/Physics/LowEnergy/Quantum/SourceCutoffVolterra.lean:696:0: 'LowEnergy.FullYSourceCutoffVolterra.sourcePrefix_above56' depends on axioms: [propext, Classical.choice, Quot.sound]
info: H0mework/Versions/AB/Physics/LowEnergy/Quantum/SourceCutoffVolterra.lean:697:0: 'LowEnergy.FullYSourceCutoffVolterra.source_partialEvolution_derivative' depends on axioms: [propext,
 Classical.choice,
 Quot.sound]
info: H0mework/Versions/AB/Physics/LowEnergy/Quantum/SourceCutoffVolterra.lean:698:0: 'LowEnergy.FullYSourceCutoffVolterra.source_finite_evolution_return' depends on axioms: [propext,
 Classical.choice,
 Quot.sound]
info: H0mework/Versions/AB/Physics/LowEnergy/Quantum/SourceCutoffVolterra.lean:699:0: 'LowEnergy.FullYSourceCutoffVolterra.sourceEvolution_zero' depends on axioms: [propext, Classical.choice, Quot.sound]
info: H0mework/Versions/AB/Physics/LowEnergy/Quantum/SourceCutoffVolterra.lean:700:0: 'LowEnergy.FullYSourceCutoffVolterra.sourceEvolution_add' depends on axioms: [propext, Classical.choice, Quot.sound]
info: H0mework/Versions/AB/Physics/LowEnergy/Quantum/SourceCutoffVolterra.lean:701:0: 'LowEnergy.FullYSourceCutoffVolterra.source_evolution_sharp_pair' depends on axioms: [propext,
 Classical.choice,
 Quot.sound]
info: H0mework/Versions/AB/Physics/LowEnergy/Quantum/SourceCutoffVolterra.lean:702:0: 'LowEnergy.FullYSourceCutoffVolterra.source_finite_sharp_return' depends on axioms: [propext,
 Classical.choice,
 Quot.sound]
info: H0mework/Versions/AB/Physics/LowEnergy/Quantum/SourceCutoffVolterra.lean:703:0: 'LowEnergy.FullYSourceCutoffVolterra.source_cutoff_graph_limit' depends on axioms: [propext,
 Classical.choice,
 Quot.sound]
info: H0mework/Versions/AB/Physics/LowEnergy/Quantum/SourceCutoffVolterra.lean:704:0: 'LowEnergy.FullYSourceCutoffVolterra.source_core_derivative' depends on axioms: [propext, Classical.choice, Quot.sound]
info: H0mework/Versions/AB/Physics/LowEnergy/Quantum/SourceCutoffVolterra.lean:705:0: 'LowEnergy.FullYSourceCutoffVolterra.source_core_smooth' depends on axioms: [propext, Classical.choice, Quot.sound]
ℹ [10887/10945] Replayed H0mework.Versions.AB.Physics.LowEnergy.Quantum.SourceSupportLeakage
info: H0mework/Versions/AB/Physics/LowEnergy/Quantum/SourceSupportLeakage.lean:250:0: 'LowEnergy.SourceRetardedIncrement.compression_escape_zero' depends on axioms: [propext, Classical.choice, Quot.sound]
info: H0mework/Versions/AB/Physics/LowEnergy/Quantum/SourceSupportLeakage.lean:251:0: 'LowEnergy.SourceRetardedIncrement.source_resolvent_eventually_mem_support' depends on axioms: [propext,
 Classical.choice,
 Quot.sound]
info: H0mework/Versions/AB/Physics/LowEnergy/Quantum/SourceSupportLeakage.lean:252:0: 'LowEnergy.SourceRetardedIncrement.resolvent_escape' depends on axioms: [propext, Classical.choice, Quot.sound]
info: H0mework/Versions/AB/Physics/LowEnergy/Quantum/SourceSupportLeakage.lean:253:0: 'LowEnergy.SourceRetardedIncrement.source_increment_norm_square' depends on axioms: [propext,
 Classical.choice,
 Quot.sound]
info: H0mework/Versions/AB/Physics/LowEnergy/Quantum/SourceSupportLeakage.lean:254:0: 'LowEnergy.SourceRetardedIncrement.escape_eventually_core_pair_zero' depends on axioms: [propext,
 Classical.choice,
 Quot.sound]
info: H0mework/Versions/AB/Physics/LowEnergy/Quantum/SourceSupportLeakage.lean:255:0: 'LowEnergy.SourceRetardedIncrement.source_escape_seed_return' depends on axioms: [propext, Classical.choice, Quot.sound]
info: H0mework/Versions/AB/Physics/LowEnergy/Quantum/SourceSupportLeakage.lean:256:0: 'LowEnergy.SourceRetardedIncrement.escaped_source_pair_zero' depends on axioms: [propext, Classical.choice, Quot.sound]
info: H0mework/Versions/AB/Physics/LowEnergy/Quantum/SourceSupportLeakage.lean:257:0: 'LowEnergy.SourceRetardedIncrement.same_resolvent_escaped' depends on axioms: [propext, Classical.choice, Quot.sound]
ℹ [10888/10945] Replayed H0mework.Versions.AB.Physics.LowEnergy.Quantum.SourceCutoffSharpCore
info: H0mework/Versions/AB/Physics/LowEnergy/Quantum/SourceCutoffSharpCore.lean:157:0: 'LowEnergy.FullYSourceCutoffSharp.bounded_sharp_core' depends on axioms: [propext, Classical.choice, Quot.sound]
info: H0mework/Versions/AB/Physics/LowEnergy/Quantum/SourceCutoffSharpCore.lean:158:0: 'LowEnergy.FullYSourceCutoffSharp.cutoff_sharp_core_mem' depends on axioms: [propext, Classical.choice, Quot.sound]
info: H0mework/Versions/AB/Physics/LowEnergy/Quantum/SourceCutoffSharpCore.lean:159:0: 'LowEnergy.FullYSourceCutoffSharp.source_full_core_pair' depends on axioms: [propext, Classical.choice, Quot.sound]
info: H0mework/Versions/AB/Physics/LowEnergy/Quantum/SourceCutoffSharpCore.lean:160:0: 'LowEnergy.FullYSourceCutoffSharp.source_sharp_core_derivative' depends on axioms: [propext,
 Classical.choice,
 Quot.sound]
info: H0mework/Versions/AB/Physics/LowEnergy/Quantum/SourceCutoffSharpCore.lean:161:0: 'LowEnergy.FullYSourceCutoffSharp.source_sharp_core_smooth' depends on axioms: [propext, Classical.choice, Quot.sound]
ℹ [10889/10945] Replayed H0mework.Versions.AB.Physics.LowEnergy.Quantum.SourceEscapeSeedTail
info: H0mework/Versions/AB/Physics/LowEnergy/Quantum/SourceEscapeSeedTail.lean:206:0: 'LowEnergy.SourceEscapeSeedTail.source_power_return' depends on axioms: [propext, Classical.choice, Quot.sound]
info: H0mework/Versions/AB/Physics/LowEnergy/Quantum/SourceEscapeSeedTail.lean:207:0: 'LowEnergy.SourceEscapeSeedTail.source_escape_spectral_bound' depends on axioms: [propext, Classical.choice, Quot.sound]
info: H0mework/Versions/AB/Physics/LowEnergy/Quantum/SourceEscapeSeedTail.lean:208:0: 'LowEnergy.SourceEscapeSeedTail.source_escape_high_frequency' depends on axioms: [propext, Classical.choice, Quot.sound]
ℹ [10890/10945] Replayed H0mework.Versions.AB.Physics.LowEnergy.Quantum.SourceBoundaryGram
info: H0mework/Versions/AB/Physics/LowEnergy/Quantum/SourceBoundaryGram.lean:173:0: 'LowEnergy.SourceBoundaryGram.whole_carrier_source_pair' depends on axioms: [propext, Classical.choice, Quot.sound]
info: H0mework/Versions/AB/Physics/LowEnergy/Quantum/SourceBoundaryGram.lean:174:0: 'LowEnergy.SourceBoundaryGram.whole_carrier_boundary_gram' depends on axioms: [propext, Classical.choice, Quot.sound]
info: H0mework/Versions/AB/Physics/LowEnergy/Quantum/SourceBoundaryGram.lean:175:0: 'LowEnergy.SourceBoundaryGram.boundary_return_bound' depends on axioms: [propext, Classical.choice, Quot.sound]
info: H0mework/Versions/AB/Physics/LowEnergy/Quantum/SourceBoundaryGram.lean:176:0: 'LowEnergy.SourceBoundaryGram.weighted_boundary_gram' depends on axioms: [propext, Classical.choice, Quot.sound]
ℹ [10891/10945] Replayed H0mework.Versions.AB.Physics.LowEnergy.Quantum.SourceSignedRadiusBalance
info: H0mework/Versions/AB/Physics/LowEnergy/Quantum/SourceSignedRadiusBalance.lean:170:0: 'LowEnergy.SourceSignedRadiusBalance.cutoff_radius_factor' depends on axioms: [propext, Classical.choice, Quot.sound]
info: H0mework/Versions/AB/Physics/LowEnergy/Quantum/SourceSignedRadiusBalance.lean:171:0: 'LowEnergy.SourceSignedRadiusBalance.sharp_radius_factor' depends on axioms: [propext, Classical.choice, Quot.sound]
info: H0mework/Versions/AB/Physics/LowEnergy/Quantum/SourceSignedRadiusBalance.lean:172:0: 'LowEnergy.SourceSignedRadiusBalance.finite_resolvent_balance' depends on axioms: [propext,
 Classical.choice,
 Quot.sound]
info: H0mework/Versions/AB/Physics/LowEnergy/Quantum/SourceSignedRadiusBalance.lean:173:0: 'LowEnergy.SourceSignedRadiusBalance.finite_resolvent_signed_bound' depends on axioms: [propext,
 Classical.choice,
 Quot.sound]
info: H0mework/Versions/AB/Physics/LowEnergy/Quantum/SourceSignedRadiusBalance.lean:174:0: 'LowEnergy.SourceSignedRadiusBalance.original_projection_current' depends on axioms: [propext,
 Classical.choice,
 Quot.sound]
ℹ [10892/10945] Replayed H0mework.Versions.AB.Physics.LowEnergy.Quantum.SourceBoundaryRadiusAction
info: H0mework/Versions/AB/Physics/LowEnergy/Quantum/SourceBoundaryRadiusAction.lean:156:0: 'LowEnergy.SourceBoundaryRadiusAction.radius_mem_core' depends on axioms: [propext, Classical.choice, Quot.sound]
info: H0mework/Versions/AB/Physics/LowEnergy/Quantum/SourceBoundaryRadiusAction.lean:157:0: 'LowEnergy.SourceBoundaryRadiusAction.original_quadratic_boundary_action' depends on axioms: [propext,
 Classical.choice,
 Quot.sound]
info: H0mework/Versions/AB/Physics/LowEnergy/Quantum/SourceBoundaryRadiusAction.lean:158:0: 'LowEnergy.SourceBoundaryRadiusAction.original_quadratic_boundary_bound' depends on axioms: [propext,
 Classical.choice,
 Quot.sound]
info: H0mework/Versions/AB/Physics/LowEnergy/Quantum/SourceBoundaryRadiusAction.lean:159:0: 'LowEnergy.SourceBoundaryRadiusAction.original_quadratic_cross_leg' depends on axioms: [propext,
 Classical.choice,
 Quot.sound]
info: H0mework/Versions/AB/Physics/LowEnergy/Quantum/SourceBoundaryRadiusAction.lean:160:0: 'LowEnergy.SourceBoundaryRadiusAction.quadratic_compressed_weak_limit' depends on axioms: [propext,
 Classical.choice,
 Quot.sound]
info: H0mework/Versions/AB/Physics/LowEnergy/Quantum/SourceBoundaryRadiusAction.lean:161:0: 'LowEnergy.SourceBoundaryRadiusAction.body_preimage_original_graph' depends on axioms: [propext,
 Classical.choice,
 Quot.sound]
info: H0mework/Versions/AB/Physics/LowEnergy/Quantum/SourceBoundaryRadiusAction.lean:162:0: 'LowEnergy.SourceBoundaryRadiusAction.body_preimage_shift' depends on axioms: [propext, Classical.choice, Quot.sound]
ℹ [10893/10945] Replayed H0mework.Versions.AB.Physics.LowEnergy.Quantum.SourceEscapeCurrent
info: H0mework/Versions/AB/Physics/LowEnergy/Quantum/SourceEscapeCurrent.lean:106:0: 'LowEnergy.SourceEscapeCurrent.actual_source_mass' depends on axioms: [propext, Classical.choice, Quot.sound]
info: H0mework/Versions/AB/Physics/LowEnergy/Quantum/SourceEscapeCurrent.lean:107:0: 'LowEnergy.SourceEscapeCurrent.actual_escape_balance' depends on axioms: [propext, Classical.choice, Quot.sound]
ℹ [10895/10945] Replayed H0mework.Versions.AB.Physics.LowEnergy.Quantum.SourceNativeRadial
info: H0mework/Versions/AB/Physics/LowEnergy/Quantum/SourceNativeRadial.lean:64:0: 'LowEnergy.SourceNativeHistoryRadial.radial_orbit_zero' depends on axioms: [propext, Classical.choice, Quot.sound]
info: H0mework/Versions/AB/Physics/LowEnergy/Quantum/SourceNativeRadial.lean:65:0: 'LowEnergy.SourceNativeHistoryRadial.source_ray_regular' depends on axioms: [propext, Classical.choice, Quot.sound]
info: H0mework/Versions/AB/Physics/LowEnergy/Quantum/SourceNativeRadial.lean:66:0: 'LowEnergy.SourceNativeHistoryRadial.radial_square_bound' depends on axioms: [propext, Classical.choice, Quot.sound]
ℹ [10896/10945] Replayed H0mework.Versions.AB.Physics.LowEnergy.Quantum.GaussRadialMomentum
info: H0mework/Versions/AB/Physics/LowEnergy/Quantum/GaussRadialMomentum.lean:73:0: 'LowEnergy.GaussRadialMomentum.inverse_radial' depends on axioms: [propext, Classical.choice, Quot.sound]
info: H0mework/Versions/AB/Physics/LowEnergy/Quantum/GaussRadialMomentum.lean:74:0: 'LowEnergy.GaussRadialMomentum.direction_reciprocal' depends on axioms: [propext, Classical.choice, Quot.sound]
info: H0mework/Versions/AB/Physics/LowEnergy/Quantum/GaussRadialMomentum.lean:75:0: 'LowEnergy.GaussRadialMomentum.radialDerivative_bound' depends on axioms: [propext, Classical.choice, Quot.sound]
info: H0mework/Versions/AB/Physics/LowEnergy/Quantum/GaussRadialMomentum.lean:150:0: 'LowEnergy.GaussRadialMomentum.core_commutator' depends on axioms: [propext, Classical.choice, Quot.sound]
info: H0mework/Versions/AB/Physics/LowEnergy/Quantum/GaussRadialMomentum.lean:151:0: 'LowEnergy.GaussRadialMomentum.boundedCommutator_core' depends on axioms: [propext, Classical.choice, Quot.sound]
info: H0mework/Versions/AB/Physics/LowEnergy/Quantum/GaussRadialMomentum.lean:152:0: 'LowEnergy.GaussRadialMomentum.boundedCommutator_norm' depends on axioms: [propext, Classical.choice, Quot.sound]
ℹ [10897/10945] Replayed H0mework.Versions.AB.Physics.LowEnergy.Quantum.ClosedGraphMultiplier
info: H0mework/Versions/AB/Physics/LowEnergy/Quantum/ClosedGraphMultiplier.lean:54:0: 'LowEnergy.ClosedGraphMultiplier.closure_preserved' depends on axioms: [propext, Classical.choice, Quot.sound]
info: H0mework/Versions/AB/Physics/LowEnergy/Quantum/ClosedGraphMultiplier.lean:55:0: 'LowEnergy.ClosedGraphMultiplier.closed_preserved' depends on axioms: [propext, Classical.choice, Quot.sound]
ℹ [10898/10945] Replayed H0mework.Versions.AB.Physics.LowEnergy.Quantum.GaussRadialMomentumDomain
info: H0mework/Versions/AB/Physics/LowEnergy/Quantum/GaussRadialMomentumDomain.lean:158:0: 'LowEnergy.GaussRadialMomentumDomain.closed_graph' depends on axioms: [propext, Classical.choice, Quot.sound]
info: H0mework/Versions/AB/Physics/LowEnergy/Quantum/GaussRadialMomentumDomain.lean:159:0: 'LowEnergy.GaussRadialMomentumDomain.closed_commutator' depends on axioms: [propext, Classical.choice, Quot.sound]
info: H0mework/Versions/AB/Physics/LowEnergy/Quantum/GaussRadialMomentumDomain.lean:160:0: 'LowEnergy.GaussRadialMomentumDomain.closed_graph_bound' depends on axioms: [propext, Classical.choice, Quot.sound]
info: H0mework/Versions/AB/Physics/LowEnergy/Quantum/GaussRadialMomentumDomain.lean:161:0: 'LowEnergy.GaussRadialMomentumDomain.gauge_closed_commutes' depends on axioms: [propext, Classical.choice, Quot.sound]
info: H0mework/Versions/AB/Physics/LowEnergy/Quantum/GaussRadialMomentumDomain.lean:162:0: 'LowEnergy.GaussRadialMomentumDomain.adjoint_core_commutator' depends on axioms: [propext, Classical.choice, Quot.sound]
info: H0mework/Versions/AB/Physics/LowEnergy/Quantum/GaussRadialMomentumDomain.lean:163:0: 'LowEnergy.GaussRadialMomentumDomain.adjoint_closed_graph' depends on axioms: [propext, Classical.choice, Quot.sound]
ℹ [10899/10945] Replayed H0mework.Versions.AB.Physics.LowEnergy.Quantum.GaussRadialHamiltonian
info: H0mework/Versions/AB/Physics/LowEnergy/Quantum/GaussRadialHamiltonian.lean:243:0: 'LowEnergy.GaussRadialHamiltonian.coframe_commutes' depends on axioms: [propext, Classical.choice, Quot.sound]
info: H0mework/Versions/AB/Physics/LowEnergy/Quantum/GaussRadialHamiltonian.lean:244:0: 'LowEnergy.GaussRadialHamiltonian.matter_commutes' depends on axioms: [propext, Classical.choice, Quot.sound]
info: H0mework/Versions/AB/Physics/LowEnergy/Quantum/GaussRadialHamiltonian.lean:245:0: 'LowEnergy.GaussRadialHamiltonian.diagonal_commutator' depends on axioms: [propext, Classical.choice, Quot.sound]
info: H0mework/Versions/AB/Physics/LowEnergy/Quantum/GaussRadialHamiltonian.lean:246:0: 'LowEnergy.GaussRadialHamiltonian.full_commutator' depends on axioms: [propext, Classical.choice, Quot.sound]
info: H0mework/Versions/AB/Physics/LowEnergy/Quantum/GaussRadialHamiltonian.lean:247:0: 'LowEnergy.GaussRadialHamiltonian.sharp_commutator' depends on axioms: [propext, Classical.choice, Quot.sound]
info: H0mework/Versions/AB/Physics/LowEnergy/Quantum/GaussRadialHamiltonian.lean:248:0: 'LowEnergy.GaussRadialHamiltonian.radial_form' depends on axioms: [propext, Classical.choice, Quot.sound]
info: H0mework/Versions/AB/Physics/LowEnergy/Quantum/GaussRadialHamiltonian.lean:249:0: 'LowEnergy.GaussRadialHamiltonian.full_paired_radial' depends on axioms: [propext, Classical.choice, Quot.sound]
ℹ [10918/10945] Replayed H0mework.Versions.AB.Physics.LowEnergy.Quantum.SourceCutoffNormConvergence
info: H0mework/Versions/AB/Physics/LowEnergy/Quantum/SourceCutoffNormConvergence.lean:209:0: 'LowEnergy.FullYSourceCutoffNorm.partial_strong_limit' depends on axioms: [propext, Classical.choice, Quot.sound]
info: H0mework/Versions/AB/Physics/LowEnergy/Quantum/SourceCutoffNormConvergence.lean:210:0: 'LowEnergy.FullYSourceCutoffNorm.source_cutoff_distance' depends on axioms: [propext, Classical.choice, Quot.sound]
info: H0mework/Versions/AB/Physics/LowEnergy/Quantum/SourceCutoffNormConvergence.lean:211:0: 'LowEnergy.FullYSourceCutoffNorm.source_graph_of_bounded' depends on axioms: [propext, Classical.choice, Quot.sound]
ℹ [10919/10945] Replayed H0mework.Versions.AB.Physics.LowEnergy.Quantum.SourceCutoffTimeGraph
info: H0mework/Versions/AB/Physics/LowEnergy/Quantum/SourceCutoffTimeGraph.lean:121:0: 'LowEnergy.FullYSourceCutoffTimeGraph.time_strong_limit' depends on axioms: [propext, Classical.choice, Quot.sound]
info: H0mework/Versions/AB/Physics/LowEnergy/Quantum/SourceCutoffTimeGraph.lean:122:0: 'LowEnergy.FullYSourceCutoffTimeGraph.time_graph_of_bounded' depends on axioms: [propext, Classical.choice, Quot.sound]
ℹ [10920/10945] Replayed H0mework.Versions.AB.Physics.LowEnergy.Quantum.SourceFamilyLinearMap
info: H0mework/Versions/AB/Physics/LowEnergy/Quantum/SourceFamilyLinearMap.lean:60:0: 'LowEnergy.FullYSourceFamilyLinearMap.lift_coe' depends on axioms: [propext, Classical.choice, Quot.sound]
info: H0mework/Versions/AB/Physics/LowEnergy/Quantum/SourceFamilyLinearMap.lean:61:0: 'LowEnergy.FullYSourceFamilyLinearMap.lift_bound' depends on axioms: [propext, Classical.choice, Quot.sound]
ℹ [10921/10945] Replayed H0mework.Versions.AB.Physics.LowEnergy.Quantum.SourceFiniteTimeIntegral
info: H0mework/Versions/AB/Physics/LowEnergy/Quantum/SourceFiniteTimeIntegral.lean:145:0: 'LowEnergy.FullYSourceFiniteTimeIntegral.integral_pair' depends on axioms: [propext, Classical.choice, Quot.sound]
info: H0mework/Versions/AB/Physics/LowEnergy/Quantum/SourceFiniteTimeIntegral.lean:146:0: 'LowEnergy.FullYSourceFiniteTimeIntegral.integral_return' depends on axioms: [propext, Classical.choice, Quot.sound]
info: H0mework/Versions/AB/Physics/LowEnergy/Quantum/SourceFiniteTimeIntegral.lean:147:0: 'LowEnergy.FullYSourceFiniteTimeIntegral.source_integral_bound' depends on axioms: [propext,
 Classical.choice,
 Quot.sound]
ℹ [10922/10945] Replayed H0mework.Versions.AB.Physics.LowEnergy.Quantum.SourceTimeFamilyGraph
info: H0mework/Versions/AB/Physics/LowEnergy/Quantum/SourceTimeFamilyGraph.lean:109:0: 'LowEnergy.FullYSourceTimeFamilyGraph.family_cutoff_distance' depends on axioms: [propext, Classical.choice, Quot.sound]
info: H0mework/Versions/AB/Physics/LowEnergy/Quantum/SourceTimeFamilyGraph.lean:110:0: 'LowEnergy.FullYSourceTimeFamilyGraph.retarded_limit_of_bounded' depends on axioms: [propext,
 Classical.choice,
 Quot.sound]
ℹ [10923/10945] Replayed H0mework.Versions.AB.Physics.LowEnergy.Quantum.SourceRelativePowerTail
info: H0mework/Versions/AB/Physics/LowEnergy/Quantum/SourceRelativePowerTail.lean:268:0: 'LowEnergy.SourceRelativePowerTail.source_inverse_nonnegative' depends on axioms: [propext,
 Classical.choice,
 Quot.sound]
info: H0mework/Versions/AB/Physics/LowEnergy/Quantum/SourceRelativePowerTail.lean:269:0: 'LowEnergy.SourceRelativePowerTail.history_power_distance' depends on axioms: [propext, Classical.choice, Quot.sound]
info: H0mework/Versions/AB/Physics/LowEnergy/Quantum/SourceRelativePowerTail.lean:270:0: 'LowEnergy.SourceRelativePowerTail.whole_history_relative_tail' depends on axioms: [propext,
 Classical.choice,
 Quot.sound]
info: H0mework/Versions/AB/Physics/LowEnergy/Quantum/SourceRelativePowerTail.lean:271:0: 'LowEnergy.SourceRelativePowerTail.time_power_distance' depends on axioms: [propext, Classical.choice, Quot.sound]
info: H0mework/Versions/AB/Physics/LowEnergy/Quantum/SourceRelativePowerTail.lean:272:0: 'LowEnergy.SourceRelativePowerTail.time_space_relative_tail' depends on axioms: [propext, Classical.choice, Quot.sound]
ℹ [10939/11072] Replayed H0mework.Versions.AB.Physics.LowEnergy.Quantum.SourceResolventBandLimit
info: H0mework/Versions/AB/Physics/LowEnergy/Quantum/SourceResolventBandLimit.lean:252:0: 'LowEnergy.SourceResolventBandLimit.resolvent_difference' depends on axioms: [propext, Classical.choice, Quot.sound]
info: H0mework/Versions/AB/Physics/LowEnergy/Quantum/SourceResolventBandLimit.lean:253:0: 'LowEnergy.SourceResolventBandLimit.word_difference' depends on axioms: [propext, Classical.choice, Quot.sound]
info: H0mework/Versions/AB/Physics/LowEnergy/Quantum/SourceResolventBandLimit.lean:254:0: 'LowEnergy.SourceResolventBandLimit.whole_word_cons' depends on axioms: [propext, Classical.choice, Quot.sound]
info: H0mework/Versions/AB/Physics/LowEnergy/Quantum/SourceResolventBandLimit.lean:255:0: 'LowEnergy.SourceResolventBandLimit.original_mixed_band_limit' depends on axioms: [propext,
 Classical.choice,
 Quot.sound]
ℹ [10940/11072] Replayed H0mework.Versions.AB.Physics.LowEnergy.Quantum.SourceRelativeTailCurrent
info: H0mework/Versions/AB/Physics/LowEnergy/Quantum/SourceRelativeTailCurrent.lean:149:0: 'LowEnergy.SourceRelativeTailCurrent.adjoint_family_return' depends on axioms: [propext, Classical.choice, Quot.sound]
info: H0mework/Versions/AB/Physics/LowEnergy/Quantum/SourceRelativeTailCurrent.lean:150:0: 'LowEnergy.SourceRelativeTailCurrent.current_boundary_return' depends on axioms: [propext, Classical.choice, Quot.sound]
info: H0mework/Versions/AB/Physics/LowEnergy/Quantum/SourceRelativeTailCurrent.lean:151:0: 'LowEnergy.SourceRelativeTailCurrent.original_core_current_return' depends on axioms: [propext,
 Classical.choice,
 Quot.sound]
info: H0mework/Versions/AB/Physics/LowEnergy/Quantum/SourceRelativeTailCurrent.lean:152:0: 'LowEnergy.SourceRelativeTailCurrent.finite_current_bound' depends on axioms: [propext, Classical.choice, Quot.sound]
info: H0mework/Versions/AB/Physics/LowEnergy/Quantum/SourceRelativeTailCurrent.lean:153:0: 'LowEnergy.SourceRelativeTailCurrent.finite_current_lintegral_bound' depends on axioms: [propext,
 Classical.choice,
 Quot.sound]
info: H0mework/Versions/AB/Physics/LowEnergy/Quantum/SourceRelativeTailCurrent.lean:154:0: 'LowEnergy.SourceRelativeTailCurrent.original_tail_current_return' depends on axioms: [propext,
 Classical.choice,
 Quot.sound]
info: H0mework/Versions/AB/Physics/LowEnergy/Quantum/SourceRelativeTailCurrent.lean:155:0: 'LowEnergy.SourceRelativeTailCurrent.finite_tail_current_lintegral_bound' depends on axioms: [propext,
 Classical.choice,
 Quot.sound]
ℹ [10941/11072] Replayed H0mework.Versions.AB.Physics.LowEnergy.Quantum.SourceParticularFrequency
info: H0mework/Versions/AB/Physics/LowEnergy/Quantum/SourceParticularFrequency.lean:179:0: 'LowEnergy.SourceParticularFrequency.particular_two_frequency' depends on axioms: [propext,
 Classical.choice,
 Quot.sound]
info: H0mework/Versions/AB/Physics/LowEnergy/Quantum/SourceParticularFrequency.lean:180:0: 'LowEnergy.SourceParticularFrequency.defect_adjoint_particular_two_frequency' depends on axioms: [propext,
 Classical.choice,
 Quot.sound]
info: H0mework/Versions/AB/Physics/LowEnergy/Quantum/SourceParticularFrequency.lean:181:0: 'LowEnergy.SourceParticularFrequency.original_particular_frequency_lipschitz' depends on axioms: [propext,
 Classical.choice,
 Quot.sound]
info: H0mework/Versions/AB/Physics/LowEnergy/Quantum/SourceParticularFrequency.lean:182:0: 'LowEnergy.SourceParticularFrequency.whole_mixed_word_continuous' depends on axioms: [propext,
 Classical.choice,
 Quot.sound]
info: H0mework/Versions/AB/Physics/LowEnergy/Quantum/SourceParticularFrequency.lean:183:0: 'LowEnergy.SourceParticularFrequency.original_body_frequency_continuous' depends on axioms: [propext,
 Classical.choice,
 Quot.sound]
ℹ [10942/11072] Replayed H0mework.Versions.AB.Physics.LowEnergy.Quantum.SourceRetardedBandCurrent
info: H0mework/Versions/AB/Physics/LowEnergy/Quantum/SourceRetardedBandCurrent.lean:364:0: 'LowEnergy.SourceRetardedBandCurrent.finite_input_memLp' depends on axioms: [propext, Classical.choice, Quot.sound]
info: H0mework/Versions/AB/Physics/LowEnergy/Quantum/SourceRetardedBandCurrent.lean:365:0: 'LowEnergy.SourceRetardedBandCurrent.actual_retarded_relative_tail' depends on axioms: [propext,
 Classical.choice,
 Quot.sound]
info: H0mework/Versions/AB/Physics/LowEnergy/Quantum/SourceRetardedBandCurrent.lean:366:0: 'LowEnergy.SourceRetardedBandCurrent.actual_current_norm' depends on axioms: [propext, Classical.choice, Quot.sound]
info: H0mework/Versions/AB/Physics/LowEnergy/Quantum/SourceRetardedBandCurrent.lean:367:0: 'LowEnergy.SourceRetardedBandCurrent.actual_retarded_current_tail' depends on axioms: [propext,
 Classical.choice,
 Quot.sound]
info: H0mework/Versions/AB/Physics/LowEnergy/Quantum/SourceRetardedBandCurrent.lean:368:0: 'LowEnergy.SourceRetardedBandCurrent.actual_current_spectral_tail' depends on axioms: [propext,
 Classical.choice,
 Quot.sound]
info: H0mework/Versions/AB/Physics/LowEnergy/Quantum/SourceRetardedBandCurrent.lean:369:0: 'LowEnergy.SourceRetardedBandCurrent.actual_current_high_frequency' depends on axioms: [propext,
 Classical.choice,
 Quot.sound]
info: H0mework/Versions/AB/Physics/LowEnergy/Quantum/SourceRetardedBandCurrent.lean:370:0: 'LowEnergy.SourceRetardedBandCurrent.actual_current_full_frequency_tail' depends on axioms: [propext,
 Classical.choice,
 Quot.sound]
ℹ [10971/11072] Replayed H0mework.Versions.AB.Physics.LowEnergy.Quantum.SourceScalarDoubleCurrent
info: H0mework/Versions/AB/Physics/LowEnergy/Quantum/SourceScalarDoubleCurrent.lean:821:2: Try this:
  [apply] ring_nf
  
  The `ring` tactic failed to close the goal. Use `ring_nf` to obtain a normal form.
    
  Note that `ring` works primarily in *commutative* rings. If you have a noncommutative ring, abelian group or module, consider using `noncomm_ring`, `abel` or `module` instead.
ℹ [11038/11072] Replayed H0mework.Versions.R71e.ReleaseMaterials.Physics.LowEnergyPhenomenology.ExternalCompositeDecay.GaussInverseSecond
info: H0mework/Versions/R71e/ReleaseMaterials/Physics/LowEnergyPhenomenology/ExternalCompositeDecay/GaussInverseSecond.lean:138:0: 'LowEnergy.GaussInverseSecond.ambient_bracket' depends on axioms: [propext, Classical.choice, Quot.sound]
info: H0mework/Versions/R71e/ReleaseMaterials/Physics/LowEnergyPhenomenology/ExternalCompositeDecay/GaussInverseSecond.lean:139:0: 'LowEnergy.GaussInverseSecond.inverse_curvature_transport' depends on axioms: [propext, Classical.choice, Quot.sound]
info: H0mework/Versions/R71e/ReleaseMaterials/Physics/LowEnergyPhenomenology/ExternalCompositeDecay/GaussInverseSecond.lean:140:0: 'LowEnergy.GaussInverseSecond.orbit_curve_derivative' depends on axioms: [propext, Classical.choice, Quot.sound]
info: H0mework/Versions/R71e/ReleaseMaterials/Physics/LowEnergyPhenomenology/ExternalCompositeDecay/GaussInverseSecond.lean:141:0: 'LowEnergy.GaussInverseSecond.orbit_curve_second' depends on axioms: [propext, Classical.choice, Quot.sound]
ℹ [11182/11220] Replayed H0mework.Versions.AB.Physics.LowEnergy.Quantum.GaussYukawaRetarded
info: H0mework/Versions/AB/Physics/LowEnergy/Quantum/GaussYukawaRetarded.lean:64:0: 'LowEnergy.GaussYukawaRetarded.response_left' depends on axioms: [propext, Classical.choice, Quot.sound]
info: H0mework/Versions/AB/Physics/LowEnergy/Quantum/GaussYukawaRetarded.lean:65:0: 'LowEnergy.GaussYukawaRetarded.response_right' depends on axioms: [propext, Classical.choice, Quot.sound]
info: H0mework/Versions/AB/Physics/LowEnergy/Quantum/GaussYukawaRetarded.lean:66:0: 'LowEnergy.GaussYukawaRetarded.source_retarded' depends on axioms: [propext, Classical.choice, Quot.sound]
ℹ [11183/11220] Replayed H0mework.Versions.AB.Physics.LowEnergy.Quantum.GaussRadialRetarded
info: H0mework/Versions/AB/Physics/LowEnergy/Quantum/GaussRadialRetarded.lean:92:0: 'LowEnergy.GaussRadialRetarded.diagTest_action' depends on axioms: [propext, Classical.choice, Quot.sound]
info: H0mework/Versions/AB/Physics/LowEnergy/Quantum/GaussRadialRetarded.lean:93:0: 'LowEnergy.GaussRadialRetarded.diagonal_radial_core' depends on axioms: [propext, Classical.choice, Quot.sound]
info: H0mework/Versions/AB/Physics/LowEnergy/Quantum/GaussRadialRetarded.lean:94:0: 'LowEnergy.GaussRadialRetarded.radial_response_left' depends on axioms: [propext, Classical.choice, Quot.sound]
info: H0mework/Versions/AB/Physics/LowEnergy/Quantum/GaussRadialRetarded.lean:95:0: 'LowEnergy.GaussRadialRetarded.radial_retarded_source' depends on axioms: [propext, Classical.choice, Quot.sound]
ℹ [11184/11220] Replayed H0mework.Versions.AB.Physics.LowEnergy.Quantum.GaussOriginalYRetarded
info: H0mework/Versions/AB/Physics/LowEnergy/Quantum/GaussOriginalYRetarded.lean:114:0: 'LowEnergy.GaussOriginalYRetarded.response_left' depends on axioms: [propext, Classical.choice, Quot.sound]
info: H0mework/Versions/AB/Physics/LowEnergy/Quantum/GaussOriginalYRetarded.lean:115:0: 'LowEnergy.GaussOriginalYRetarded.dual_response_left' depends on axioms: [propext, Classical.choice, Quot.sound]
info: H0mework/Versions/AB/Physics/LowEnergy/Quantum/GaussOriginalYRetarded.lean:116:0: 'LowEnergy.GaussOriginalYRetarded.retarded_source' depends on axioms: [propext, Classical.choice, Quot.sound]
info: H0mework/Versions/AB/Physics/LowEnergy/Quantum/GaussOriginalYRetarded.lean:117:0: 'LowEnergy.GaussOriginalYRetarded.dual_retarded_source' depends on axioms: [propext, Classical.choice, Quot.sound]
ℹ [11185/11220] Replayed H0mework.Versions.AB.Physics.LowEnergy.Quantum.GaussFullRetarded
info: H0mework/Versions/AB/Physics/LowEnergy/Quantum/GaussFullRetarded.lean:80:0: 'LowEnergy.GaussFullRetarded.diagonal_time_split' depends on axioms: [propext, Classical.choice, Quot.sound]
info: H0mework/Versions/AB/Physics/LowEnergy/Quantum/GaussFullRetarded.lean:81:0: 'LowEnergy.GaussFullRetarded.response_left' depends on axioms: [propext, Classical.choice, Quot.sound]
info: H0mework/Versions/AB/Physics/LowEnergy/Quantum/GaussFullRetarded.lean:82:0: 'LowEnergy.GaussFullRetarded.retarded_source' depends on axioms: [propext, Classical.choice, Quot.sound]
ℹ [11186/11220] Replayed H0mework.Versions.AB.Physics.LowEnergy.AlphaSource.CanonicalGradedCurrent
info: H0mework/Versions/AB/Physics/LowEnergy/AlphaSource/CanonicalGradedCurrent.lean:189:0: 'LowEnergy.CanonicalGradedCurrent.cutoff_left_return' depends on axioms: [propext, Classical.choice, Quot.sound]
info: H0mework/Versions/AB/Physics/LowEnergy/AlphaSource/CanonicalGradedCurrent.lean:190:0: 'LowEnergy.CanonicalGradedCurrent.cutoff_sharp_on_source' depends on axioms: [propext, Classical.choice, Quot.sound]
info: H0mework/Versions/AB/Physics/LowEnergy/AlphaSource/CanonicalGradedCurrent.lean:191:0: 'LowEnergy.CanonicalGradedCurrent.gauge_word_return' depends on axioms: [propext, Classical.choice, Quot.sound]
info: H0mework/Versions/AB/Physics/LowEnergy/AlphaSource/CanonicalGradedCurrent.lean:192:0: 'LowEnergy.CanonicalGradedCurrent.observable_cutoff_limit' depends on axioms: [propext, Classical.choice, Quot.sound]
✔ [11200/11236] Built H0mework.Versions.R9c73a630.ReleaseMaterials.Scratch.LowEnergyRetardedCouncil.NamedColorQtNext.Charge.MixedSpectatorCAR (13s)
ℹ [11203/11236] Replayed H0mework.Versions.AB.Physics.LowEnergy.AlphaSource.CanonicalCompletedSector
info: H0mework/Versions/AB/Physics/LowEnergy/AlphaSource/CanonicalCompletedSector.lean:145:0: 'LowEnergy.CanonicalCompletedSector.projection_commutes' depends on axioms: [propext, Classical.choice, Quot.sound]
info: H0mework/Versions/AB/Physics/LowEnergy/AlphaSource/CanonicalCompletedSector.lean:146:0: 'LowEnergy.CanonicalCompletedSector.projection_core' depends on axioms: [propext, Classical.choice, Quot.sound]
info: H0mework/Versions/AB/Physics/LowEnergy/AlphaSource/CanonicalCompletedSector.lean:147:0: 'LowEnergy.CanonicalCompletedSector.projection_symmetric' depends on axioms: [propext, Classical.choice, Quot.sound]
ℹ [11204/11236] Replayed H0mework.Versions.AB.Physics.LowEnergy.AlphaSource.CanonicalGradedCurrentSeed
info: H0mework/Versions/AB/Physics/LowEnergy/AlphaSource/CanonicalGradedCurrentSeed.lean:55:0: 'LowEnergy.CanonicalGradedCurrent.canonical_seed_N1_G0' depends on axioms: [propext, Classical.choice, Quot.sound]
✔ [11207/11236] Built H0mework.Versions.R9c73a630.ReleaseMaterials.Scratch.LowEnergyRetardedCouncil.ActiveMatterSectorCharge.SourceActiveMatterSectorCharge (17s)
ℹ [11211/11379] Replayed H0mework.Versions.AB.Physics.LowEnergy.AlphaSource.CanonicalGradedCurrentSource
info: H0mework/Versions/AB/Physics/LowEnergy/AlphaSource/CanonicalGradedCurrentSource.lean:188:0: 'LowEnergy.CanonicalGradedCurrent.gaugeReader_blocks' depends on axioms: [propext, Classical.choice, Quot.sound]
info: H0mework/Versions/AB/Physics/LowEnergy/AlphaSource/CanonicalGradedCurrentSource.lean:189:0: 'LowEnergy.CanonicalGradedCurrent.source_gauge_cutoff_limit' depends on axioms: [propext, Classical.choice, Quot.sound]
info: H0mework/Versions/AB/Physics/LowEnergy/AlphaSource/CanonicalGradedCurrentSource.lean:190:0: 'LowEnergy.CanonicalGradedCurrent.twoCurrent_independent_dual' depends on axioms: [propext,
 Classical.choice,
 Quot.sound]
info: H0mework/Versions/AB/Physics/LowEnergy/AlphaSource/CanonicalGradedCurrentSource.lean:191:0: 'LowEnergy.CanonicalGradedCurrent.twoCurrent_cutoff_return' depends on axioms: [propext, Classical.choice, Quot.sound]
info: H0mework/Versions/AB/Physics/LowEnergy/AlphaSource/CanonicalGradedCurrentSource.lean:192:0: 'LowEnergy.CanonicalGradedCurrent.configurationForce_blocks' depends on axioms: [propext, Classical.choice, Quot.sound]
info: H0mework/Versions/AB/Physics/LowEnergy/AlphaSource/CanonicalGradedCurrentSource.lean:193:0: 'LowEnergy.CanonicalGradedCurrent.fullSpatialGaugeForce_blocks' depends on axioms: [propext,
 Classical.choice,
 Quot.sound]
ℹ [11213/11379] Replayed H0mework.Versions.AB.Physics.LowEnergy.AlphaSource.CanonicalGradedGaugeVariation
info: H0mework/Versions/AB/Physics/LowEnergy/AlphaSource/CanonicalGradedGaugeVariation.lean:114:0: 'LowEnergy.CanonicalGradedGaugeVariation.gaugeReader_selfAdjoint' depends on axioms: [propext,
 Classical.choice,
 Quot.sound]
info: H0mework/Versions/AB/Physics/LowEnergy/AlphaSource/CanonicalGradedGaugeVariation.lean:115:0: 'LowEnergy.CanonicalGradedGaugeVariation.gaugeTime_derivative' depends on axioms: [propext,
 Classical.choice,
 Quot.sound]
info: H0mework/Versions/AB/Physics/LowEnergy/AlphaSource/CanonicalGradedGaugeVariation.lean:116:0: 'LowEnergy.CanonicalGradedGaugeVariation.currentObservation_derivative' depends on axioms: [propext,
 Classical.choice,
 Quot.sound]
ℹ [11214/11379] Replayed H0mework.Versions.AB.Physics.LowEnergy.AlphaSource.CanonicalGradedGaugeReturn
info: H0mework/Versions/AB/Physics/LowEnergy/AlphaSource/CanonicalGradedGaugeReturn.lean:229:0: 'LowEnergy.CanonicalGradedGaugeReturn.fullObservation_derivative' depends on axioms: [propext,
 Classical.choice,
 Quot.sound]
info: H0mework/Versions/AB/Physics/LowEnergy/AlphaSource/CanonicalGradedGaugeReturn.lean:230:0: 'LowEnergy.CanonicalGradedGaugeReturn.fullObservation_cutoff_independent' depends on axioms: [propext,
 Classical.choice,
 Quot.sound]
info: H0mework/Versions/AB/Physics/LowEnergy/AlphaSource/CanonicalGradedGaugeReturn.lean:232:0: 'LowEnergy.CanonicalGradedGaugeReturn.finite_parameter_return' depends on axioms: [propext,
 Classical.choice,
 Quot.sound]
info: H0mework/Versions/AB/Physics/LowEnergy/AlphaSource/CanonicalGradedGaugeReturn.lean:233:0: 'LowEnergy.CanonicalGradedGaugeReturn.fullProjected_derivative' depends on axioms: [propext,
 Classical.choice,
 Quot.sound]
ℹ [11234/11379] Replayed H0mework.Versions.R3bbcbd59.ReleaseMaterials.Physics.LowEnergyPhenomenology.ExternalCompositeDecay.SourceMatterForceAbsorption
info: H0mework/Versions/R3bbcbd59/ReleaseMaterials/Physics/LowEnergyPhenomenology/ExternalCompositeDecay/SourceMatterForceAbsorption.lean:132:4: Try this:
  [apply] ring_nf
  
  The `ring` tactic failed to close the goal. Use `ring_nf` to obtain a normal form.
    
  Note that `ring` works primarily in *commutative* rings. If you have a noncommutative ring, abelian group or module, consider using `noncomm_ring`, `abel` or `module` instead.
✔ [11255/11379] Built H0mework.Versions.R9c73a630.ReleaseMaterials.Scratch.LowEnergyRetardedCouncil.ActualFourBlockElastic.SourceActualFourBlockRealTransferMeromorphic (3.8s)
✔ [11256/11379] Built H0mework.Versions.R9c73a630.ReleaseMaterials.Scratch.LowEnergyRetardedCouncil.NamedColorQtNext.Charge.MixedSpectatorGram (10s)
✔ [11262/11455] Built H0mework.Versions.R9c73a630.ReleaseMaterials.Scratch.LowEnergyRetardedCouncil.ActualFourBlockElastic.SourceActualFourBlockRealTransferRegular (4.4s)
✔ [11263/11455] Built H0mework.Versions.R9c73a630.ReleaseMaterials.Scratch.LowEnergyRetardedCouncil.NamedColorQtNext.Charge.MixedSpectatorCandidate (22s)
✔ [11264/11455] Built H0mework.Versions.R9c73a630.ReleaseMaterials.Scratch.LowEnergyRetardedCouncil.NamedColorQtNext.Charge.ActualMotherTripleGram (10s)
✔ [11265/11455] Built H0mework.Versions.R9c73a630.ReleaseMaterials.Scratch.LowEnergyRetardedCouncil.NamedColorQtNext.Charge.MixedSpectatorOccupation (9.9s)
✔ [11266/11455] Built H0mework.Versions.R9c73a630.ReleaseMaterials.Scratch.LowEnergyRetardedCouncil.ActualFourBlockResponse.SourceActualScalarCompressionJet (59s)
✔ [11267/11455] Built H0mework.Versions.R9c73a630.ReleaseMaterials.Scratch.LowEnergyRetardedCouncil.NamedColorQtNext.Charge.MixedSpectatorColorColumns (9.3s)
✔ [11268/11455] Built H0mework.Versions.R9c73a630.ReleaseMaterials.Scratch.LowEnergyRetardedCouncil.NamedColorQtNext.Charge.MixedSpectatorSpin (30s)
✔ [11269/11455] Built H0mework.Versions.R9c73a630.ReleaseMaterials.Scratch.LowEnergyRetardedCouncil.ActualFourBlockElastic.SourceActualCandidateQuarticGram (9.9s)
✔ [11270/11455] Built H0mework.Versions.R9c73a630.ReleaseMaterials.Scratch.LowEnergyRetardedCouncil.NamedColorQtNext.Charge.MixedSpectatorDynamicResponse (18s)
✔ [11271/11455] Built H0mework.Versions.R9c73a630.ReleaseMaterials.Scratch.LowEnergyRetardedCouncil.NamedColorQtNext.Charge.MixedSpectatorColorMatrix (14s)
✔ [11272/11459] Built H0mework.Versions.R9c73a630.ReleaseMaterials.Scratch.LowEnergyRetardedCouncil.ActualFourBlockElastic.SourceActualCandidateQuarticFinite (13s)
✔ [11273/11463] Built H0mework.Versions.R9c73a630.ReleaseMaterials.Scratch.LowEnergyRetardedCouncil.NamedColorQtNext.Charge.MixedSpectatorColorAction (11s)
✔ [11274/11464] Built H0mework.Versions.R9c73a630.ReleaseMaterials.Scratch.LowEnergyRetardedCouncil.NamedColorQtNext.Charge.MixedSpectatorPhaseCharge (11s)
✔ [11275/11464] Built H0mework.Versions.R9c73a630.Physics.LowEnergy.Quantum.SourceInverseVolumePositiveContractionRitt (13s)
✔ [11276/11464] Built H0mework.Versions.R9c73a630.Physics.LowEnergy.Quantum.SourceInverseVolumeNativeCoframeCompatibility (29s)
✖ [11277/11464] Building H0mework.Versions.R9c73a630.ReleaseMaterials.Scratch.LowEnergyRetardedCouncil.NamedColorQtNext.Charge.MixedSpectatorJointFacts (5.0s)
trace: .> LEAN_PATH=./Lean/.lake/packages/Cli/.lake/build/lib/lean:./Lean/.lake/packages/batteries/.lake/build/lib/lean:./Lean/.lake/packages/Qq/.lake/build/lib/lean:./Lean/.lake/packages/aesop/.lake/build/lib/lean:./Lean/.lake/packages/proofwidgets/.lake/build/lib/lean:./Lean/.lake/packages/importGraph/.lake/build/lib/lean:./Lean/.lake/packages/LeanSearchClient/.lake/build/lib/lean:./Lean/.lake/packages/plausible/.lake/build/lib/lean:./Lean/.lake/packages/mathlib/.lake/build/lib/lean:./Lean/.lake/build/lib/lean runtime/elan/manual/lean-4.33.0-darwin_aarch64/bin/lean -DmaxHeartbeats=2000000 -Dweak.linter.unusedSectionVars=false -Dweak.linter.unnecessarySeqFocus=false -Dweak.linter.unusedVariables=false -Dweak.linter.unreachableTactic=false -Dweak.linter.unusedTactic=false -Dweak.linter.defProp=false -Dweak.linter.deprecated=false -Dlinter.deprecated=false -Dweak.linter.tacticAnalysis.introMerge=false -Dweak.linter.constructorNameAsVariable=false --trust=0 -Dweak.linter.unnecessarySimpa=false -Dweak.linter.style.haveILetI=false -Dweak.linter.unusedSimpArgs=false -DwarningAsError=true ./Lean/H0mework/Versions/R9c73a630/ReleaseMaterials/Scratch/LowEnergyRetardedCouncil/NamedColorQtNext/Charge/MixedSpectatorJointFacts.lean -o ./Lean/.lake/build/lib/lean/H0mework/Versions/R9c73a630/ReleaseMaterials/Scratch/LowEnergyRetardedCouncil/NamedColorQtNext/Charge/MixedSpectatorJointFacts.olean -i ./Lean/.lake/build/lib/lean/H0mework/Versions/R9c73a630/ReleaseMaterials/Scratch/LowEnergyRetardedCouncil/NamedColorQtNext/Charge/MixedSpectatorJointFacts.ilean -c ./Lean/.lake/build/ir/H0mework/Versions/R9c73a630/ReleaseMaterials/Scratch/LowEnergyRetardedCouncil/NamedColorQtNext/Charge/MixedSpectatorJointFacts.c --setup ./Lean/.lake/build/ir/H0mework/Versions/R9c73a630/ReleaseMaterials/Scratch/LowEnergyRetardedCouncil/NamedColorQtNext/Charge/MixedSpectatorJointFacts.setup.json --json
error: H0mework/Versions/R9c73a630/ReleaseMaterials/Scratch/LowEnergyRetardedCouncil/NamedColorQtNext/Charge/MixedSpectatorJointFacts.lean:1:0: import H0mework.Versions.R9c73a630.ReleaseMaterials.Scratch.LowEnergyRetardedCouncil.NamedColorQtNext.Charge.MixedSpectatorSpin failed, environment already contains 'LowEnergy.MixedSpectatorCandidate.instDecidableEqIndex' from H0mework.Versions.R9c73a630.ReleaseMaterials.Scratch.LowEnergyRetardedCouncil.NamedColorQtNext.Charge.MixedSpectatorColorMatrix
error: Lean exited with code 1
✔ [11278/11464] Built H0mework.Versions.R9c73a630.Physics.LowEnergy.Quantum.SourceCoframeClockGram (11s)
✔ [11282/11464] Built H0mework.Versions.R9c73a630.Physics.LowEnergy.Quantum.SourceInverseVolumeGaugeCoframeMetricCurrent (25s)
✔ [11416/11471] Built H0mework.Versions.R9c73a630.Physics.LowEnergy.Quantum.SourceInverseVolumeScalarCoefficientTail (40s)
✔ [11439/11471] Built H0mework.Versions.R9c73a630.Physics.LowEnergy.Quantum.SourceCoframeQuarticCurrent (10s)
✔ [11440/11471] Built H0mework.Versions.R9c73a630.Physics.LowEnergy.Quantum.SourceInverseVolumeScalarSpatialCurrent (19s)
✔ [11450/11471] Built H0mework.Versions.R9c73a630.Physics.LowEnergy.Quantum.SourceCoreFormParseval (8.6s)
✔ [11451/11471] Built H0mework.Versions.R9c73a630.Physics.LowEnergy.Quantum.SourceCovariantGramFlux (21s)
✔ [11459/11471] Built H0mework.Versions.R9c73a630.Physics.LowEnergy.Quantum.SourceScalarVolumePressure (17s)
✔ [11460/11471] Built H0mework.Versions.R9c73a630.Physics.LowEnergy.Quantum.SourceCovariantGramRadial (11s)
✔ [11467/11477] Built H0mework.Versions.R9c73a630.Physics.LowEnergy.Quantum.SourceLowerStripRadiusPrice (14s)
✔ [11468/11483] Built H0mework.Versions.R9c73a630.Physics.LowEnergy.Quantum.SourceRadiusBandPolynomial (7.7s)
✔ [11469/11484] Built H0mework.Versions.R9c73a630.Physics.LowEnergy.Quantum.SourceCharacteristicRadiusCurrent (20s)
✔ [11470/11486] Built H0mework.Versions.R9c73a630.Physics.LowEnergy.Quantum.SourceRadiusResponseDecay (22s)
✔ [11471/11486] Built H0mework.Versions.R9c73a630.Physics.LowEnergy.Quantum.SourceRadiusBandGradient (21s)
✔ [11472/11487] Built H0mework.Versions.R9c73a630.Physics.LowEnergy.Quantum.SourceRadiusResponseChannels (10s)
✔ [11473/11487] Built H0mework.Versions.R9c73a630.Physics.LowEnergy.Quantum.SourceClockAcceleration (31s)
✔ [11474/11491] Built H0mework.Versions.R9c73a630.Physics.LowEnergy.Quantum.SourceSelfAdjointTimeBalance (13s)
✔ [11475/11491] Built H0mework.Versions.R9c73a630.Physics.LowEnergy.Quantum.SourceRadiusBandContact (8.2s)
✔ [11476/11491] Built H0mework.Versions.R9c73a630.Physics.LowEnergy.Quantum.SourceRadiusHalfWindow (17s)
✔ [11477/11491] Built H0mework.Versions.R9c73a630.Physics.LowEnergy.Quantum.SourceClockReflectedForm (27s)
✔ [11478/11491] Built H0mework.Versions.R9c73a630.Physics.LowEnergy.Quantum.SourceRadiusHalfContactTail (13s)
✔ [11479/11491] Built H0mework.Versions.R9c73a630.Physics.LowEnergy.Quantum.SourceRadiusHalfKinetic (23s)
✔ [11480/11491] Built H0mework.Versions.R9c73a630.Physics.LowEnergy.Quantum.SourceCoframeBlockHardy (26s)
✔ [11481/11495] Built H0mework.Versions.R9c73a630.Physics.LowEnergy.Quantum.SourceRadiusHalfKineticTime (13s)
✔ [11482/11495] Built H0mework.Versions.R9c73a630.Physics.LowEnergy.Quantum.SourceRadiusHalfHamiltonian (19s)
✔ [11483/11498] Built H0mework.Versions.R9c73a630.Physics.LowEnergy.Quantum.SourceClockYukawaNormalizedCurrent (20s)
✔ [11484/11498] Built H0mework.Versions.R9c73a630.Physics.LowEnergy.Quantum.SourceClockYukawaGradedRadial (16s)
✔ [11485/11498] Built H0mework.Versions.R9c73a630.Physics.LowEnergy.Quantum.SourceRadiusHalfResponse (25s)
✔ [11486/11501] Built H0mework.Versions.R9c73a630.Physics.LowEnergy.Quantum.SourceYukawaMixedCurvature (16s)
✔ [11487/11501] Built H0mework.Versions.R9c73a630.Physics.LowEnergy.Quantum.SourceClockYukawaGradedEuler (21s)
✔ [11488/11506] Built H0mework.Versions.R9c73a630.Physics.LowEnergy.Quantum.SourceRadiusHalfSeedTail (12s)
✔ [11489/11506] Built H0mework.Versions.R9c73a630.Physics.LowEnergy.Quantum.SourceClockYukawaGradedInverse (11s)
✔ [11490/11507] Built H0mework.Versions.R9c73a630.Physics.LowEnergy.Quantum.SourceClockYukawaRadialCoefficient (48s)
✔ [11491/11511] Built H0mework.Versions.R9c73a630.Physics.LowEnergy.Quantum.SourceRadiusHalfSourceBudget (42s)
✔ [11492/11511] Built H0mework.Versions.R9c73a630.Physics.LowEnergy.Quantum.SourceClockWindowTime (24s)
✔ [11493/11536] Built H0mework.Versions.R9c73a630.Physics.LowEnergy.Quantum.SourceClockYukawaGradedGamma (39s)
✔ [11494/11541] Built H0mework.Versions.R9c73a630.Physics.LowEnergy.Quantum.SourceClockFixedInputSeed (31s)
✔ [11495/11542] Built H0mework.Versions.R9c73a630.Physics.LowEnergy.Quantum.SourceClockRadiusBoundaryFamilyTail (24s)
✔ [11496/11552] Built H0mework.Versions.R9c73a630.ReleaseMaterials.Scratch.LowEnergyRetardedCouncil.ActualFourBlockResponse.SourceActualVectorJointCost (20s)
✔ [11497/11552] Built H0mework.Versions.R9c73a630.Physics.LowEnergy.Quantum.SourceClockSourceTail (30s)
✔ [11498/11552] Built H0mework.Versions.R9c73a630.ReleaseMaterials.Scratch.LowEnergyRetardedCouncil.ActualFourBlockResponse.SourceActualCutoffFrequencyBase (10s)
✔ [11499/11552] Built H0mework.Versions.R9c73a630.Physics.LowEnergy.Quantum.SourceYukawaMixedVacuumBound (21s)
✔ [11500/11552] Built H0mework.Versions.R9c73a630.Physics.LowEnergy.Quantum.SourceYukawaMixedCoframeBand (16s)
✔ [11501/11552] Built H0mework.Versions.R9c73a630.Physics.LowEnergy.Quantum.SourceClockYukawaRadialCross (16s)
✔ [11502/11552] Built H0mework.Versions.R9c73a630.Physics.LowEnergy.Quantum.SourceClockYukawaSpinRelativeForm (18s)
✔ [11503/11552] Built H0mework.Versions.R9c73a630.Physics.LowEnergy.Quantum.SourceClockYukawaRadialJoinedCross (21s)
✔ [11504/11552] Built H0mework.Versions.R9c73a630.Physics.LowEnergy.Quantum.SourceClockYukawaRadialMixedGamma (27s)
✔ [11505/11552] Built H0mework.Versions.R9c73a630.Physics.LowEnergy.Quantum.SourceClockYukawaRadialMixedBudget (43s)
✔ [11506/11553] Built H0mework.Versions.R9c73a630.Physics.LowEnergy.Quantum.SourceClockYukawaRadialMixedCore (10s)
✔ [11507/11555] Built H0mework.Versions.R9c73a630.Physics.LowEnergy.Quantum.SourceClockYukawaRadialNativeDivergence (25s)
✔ [11508/11555] Built H0mework.Versions.R9c73a630.Physics.LowEnergy.Quantum.SourceClockYukawaRadialNativeBudget (36s)
✔ [11509/11562] Built H0mework.Versions.R9c73a630.Physics.LowEnergy.Quantum.SourceClockYukawaRadialMixedClock (35s)
✔ [11510/11562] Built H0mework.Versions.R9c73a630.Physics.LowEnergy.Quantum.SourceClockYukawaSpinClosure (183s)
✔ [11511/11563] Built H0mework.Versions.R9c73a630.Physics.LowEnergy.Quantum.SourceClockYukawaRadialNativeHessian (31s)
✔ [11512/11563] Built H0mework.Versions.R9c73a630.Physics.LowEnergy.Quantum.SourceClockYukawaSpinNativeJet (19s)
✔ [11513/11563] Built H0mework.Versions.R9c73a630.Physics.LowEnergy.Quantum.SourceClockYukawaRadialNativeAbsorption (53s)
✔ [11514/11563] Built H0mework.Versions.R9c73a630.Physics.LowEnergy.Quantum.SourceClockYukawaCoframeRotationRows (26s)
✔ [11515/11563] Built H0mework.Versions.R9c73a630.Physics.LowEnergy.Quantum.SourceClockYukawaSpinJointForce (36s)
✔ [11516/11563] Built H0mework.Versions.R9c73a630.Physics.LowEnergy.Quantum.SourceClockYukawaRadialJoinedHessian (135s)
✔ [11517/11564] Built H0mework.Versions.R9c73a630.Physics.LowEnergy.Quantum.SourceClockYukawaRadialHessianBudget (49s)
✔ [11518/11564] Built H0mework.Versions.R9c73a630.Physics.LowEnergy.Quantum.SourceClockYukawaGammaPrincipal (40s)
✔ [11519/11564] Built H0mework.Versions.R9c73a630.ReleaseMaterials.Scratch.LowEnergyRetardedCouncil.ActualFourBlockResponse.SourceActualSylvesterChannels (53s)
✔ [11520/11564] Built H0mework.Versions.R9c73a630.Physics.LowEnergy.Quantum.SourceClockYukawaSpinNativeBudget (118s)
✔ [11521/11571] Built H0mework.Versions.R9c73a630.Physics.LowEnergy.Quantum.SourceClockYukawaSpinNativeDivergence (33s)
✔ [11522/11571] Built H0mework.Versions.R9c73a630.Physics.LowEnergy.Quantum.SourceClockYukawaRadialBoundaryBudget (75s)
✔ [11523/11571] Built H0mework.Versions.R9c73a630.Physics.LowEnergy.Quantum.SourceClockYukawaSpinNativeAbsorption (22s)
✔ [11524/11571] Built H0mework.Versions.R9c73a630.ReleaseMaterials.Scratch.LowEnergyRetardedCouncil.ActualFourBlockResponse.SourceActualSylvesterPoleIdentity (14s)
✔ [11525/11573] Built H0mework.Versions.R9c73a630.Physics.LowEnergy.Quantum.SourceClockYukawaJointRadialCrossBound (29s)
✔ [11526/11573] Built H0mework.Versions.R9c73a630.Physics.LowEnergy.Quantum.SourceClockYukawaJointCoframeForce (22s)
✔ [11527/11577] Built H0mework.Versions.R9c73a630.ReleaseMaterials.Scratch.LowEnergyRetardedCouncil.ActualFourBlockResponse.SourceActualSylvesterKernels (14s)
✔ [11528/11577] Built H0mework.Versions.R9c73a630.Physics.LowEnergy.Quantum.SourceClockYukawaQ8NonScalar (40s)
✔ [11529/11577] Built H0mework.Versions.R9c73a630.Physics.LowEnergy.Quantum.SourceClockYukawaJointRadialZero (18s)
✔ [11530/11577] Built H0mework.Versions.R9c73a630.Physics.LowEnergy.Quantum.SourceClockYukawaRadialGammaNativeBudget (122s)
✔ [11531/11577] Built H0mework.Versions.R9c73a630.ReleaseMaterials.Scratch.LowEnergyRetardedCouncil.ActualFourBlockResponse.SourceActualSylvesterGram (13s)
✔ [11532/11577] Built H0mework.Versions.R9c73a630.ReleaseMaterials.Scratch.LowEnergyRetardedCouncil.ActualFourBlockResponse.SourceActualCoframeVectorReturn (43s)
✔ [11533/11577] Built H0mework.Versions.R9c73a630.Physics.LowEnergy.Quantum.SourceClockYukawaGammaPrincipalForm (25s)
✔ [11534/11577] Built H0mework.Versions.R9c73a630.Physics.LowEnergy.Quantum.SourceClockYukawaJointDefectForce (29s)
✔ [11535/11577] Built H0mework.Versions.R9c73a630.Physics.LowEnergy.Quantum.SourceClockYukawaJointRadialZeroBudget (157s)
✔ [11536/11577] Built H0mework.Versions.R9c73a630.Physics.LowEnergy.Quantum.SourceClockYukawaJointSpinRemainingBudget (66s)
✔ [11537/11577] Built H0mework.Versions.R9c73a630.ReleaseMaterials.Scratch.LowEnergyRetardedCouncil.ActualFourBlockResponse.SourceActualTwoResolventSylvester (40s)
✔ [11538/11587] Built H0mework.Versions.R9c73a630.ReleaseMaterials.Scratch.LowEnergyRetardedCouncil.ActualFourBlockResponse.SourceActualSylvesterCore (31s)
✔ [11539/11588] Built H0mework.Versions.R9c73a630.Physics.LowEnergy.Quantum.SourceClockYukawaJointDualFieldBudget (69s)
✔ [11540/11597] Built H0mework.Versions.R9c73a630.ReleaseMaterials.Scratch.LowEnergyRetardedCouncil.ActualFourBlockResponse.SourceActualCascadeBlockAlgebra (5.5s)
✔ [11541/11632] Built H0mework.Versions.R9c73a630.ReleaseMaterials.Scratch.LowEnergyRetardedCouncil.ActualFourBlockResponse.SourceActualSylvesterMixedFrequency (18s)
✔ [11542/11635] Built H0mework.Versions.R9c73a630.Physics.LowEnergy.Quantum.SourceClockPhiRittJets (14s)
✔ [11543/11635] Built H0mework.Versions.R9c73a630.Physics.LowEnergy.Quantum.SourceClockYukawaJointGammaNativeBudget (55s)
✔ [11544/11635] Built H0mework.Versions.R9c73a630.Physics.LowEnergy.Quantum.SourceClockPhiZeroOrderCoefficient (34s)
ℹ [11545/11639] Built H0mework.Versions.R9c73a630.ReleaseMaterials.Verification.Physics.LowEnergyPhenomenology.ExternalCompositeDecay.SourceClockPhiCoframeForwardCore (40s)
info: H0mework/Versions/R9c73a630/ReleaseMaterials/Verification/Physics/LowEnergyPhenomenology/ExternalCompositeDecay/SourceClockPhiCoframeForwardCore.lean:492:2: Try this:
  [apply] ring_nf
  
  The `ring` tactic failed to close the goal. Use `ring_nf` to obtain a normal form.
    
  Note that `ring` works primarily in *commutative* rings. If you have a noncommutative ring, abelian group or module, consider using `noncomm_ring`, `abel` or `module` instead.
✔ [11546/11640] Built H0mework.Versions.R9c73a630.ReleaseMaterials.Verification.Physics.LowEnergyPhenomenology.ExternalCompositeDecay.SourceClockPhiCoframeForwardPair (15s)
✔ [11547/11640] Built H0mework.Versions.R9c73a630.ReleaseMaterials.Verification.Physics.LowEnergyPhenomenology.ExternalCompositeDecay.SourceClockPhiGaussianComplexIBP (4.0s)
✔ [11548/11645] Built H0mework.Versions.R9c73a630.ReleaseMaterials.Verification.Physics.LowEnergyPhenomenology.ExternalCompositeDecay.SourceClockPhiHeatClockPrice (4.1s)
✔ [11549/11655] Built H0mework.Versions.R9c73a630.ReleaseMaterials.Verification.Physics.LowEnergyPhenomenology.ExternalCompositeDecay.SourceClockPhiHeatCoefficientProduct (2.7s)
✔ [11550/11657] Built H0mework.Versions.R9c73a630.Physics.LowEnergy.Quantum.SourceClockPhiRittSecondGradient (10s)
✔ [11551/11659] Built H0mework.Versions.R9c73a630.Physics.LowEnergy.Quantum.SourceClockPhiRittHigherGradient (12s)
✔ [11552/11661] Built H0mework.Versions.R9c73a630.Physics.LowEnergy.Quantum.SourceClockYukawaQ8WholeCurrent (109s)
✔ [11553/11663] Built H0mework.Versions.R9c73a630.ReleaseMaterials.Verification.Physics.LowEnergyPhenomenology.ExternalCompositeDecay.SourceClockPhiHeatHamiltonianCoefficient (5.9s)
✔ [11554/11666] Built H0mework.Versions.R9c73a630.ReleaseMaterials.Verification.Physics.LowEnergyPhenomenology.ExternalCompositeDecay.SourceClockPhiHeatComparisonJet (4.7s)
✔ [11555/11666] Built H0mework.Versions.R9c73a630.ReleaseMaterials.Verification.Physics.LowEnergyPhenomenology.ExternalCompositeDecay.SourceClockPhiHeatComparisonPrice (6.6s)
✔ [11556/11671] Built H0mework.Versions.R9c73a630.ReleaseMaterials.Verification.Physics.LowEnergyPhenomenology.ExternalCompositeDecay.SourceClockPhiForwardDriftTransport (15s)
✔ [11557/11675] Built H0mework.Versions.R9c73a630.ReleaseMaterials.Verification.Physics.LowEnergyPhenomenology.ExternalCompositeDecay.SourceClockPhiHeatSpinConnectionReturn (15s)
✔ [11558/11676] Built H0mework.Versions.R9c73a630.ReleaseMaterials.Verification.Physics.LowEnergyPhenomenology.ExternalCompositeDecay.SourceClockPhiCorrectedCovarianceInfinitesimal (11s)
✔ [11559/11676] Built H0mework.Versions.R9c73a630.ReleaseMaterials.Verification.Physics.LowEnergyPhenomenology.ExternalCompositeDecay.SourceClockPhiHeatRadialCovariancePair (16s)
✔ [11560/11680] Built H0mework.Versions.R9c73a630.Physics.LowEnergy.Quantum.SourceClockYukawaQ8WholeCurrentBudget (75s)
✔ [11561/11687] Built H0mework.Versions.R9c73a630.ReleaseMaterials.Verification.Physics.LowEnergyPhenomenology.ExternalCompositeDecay.SourceClockPhiHeatCovariancePhase (5.0s)
✔ [11562/11709] Built H0mework.Versions.R9c73a630.ReleaseMaterials.Verification.Physics.LowEnergyPhenomenology.ExternalCompositeDecay.SourceClockPhiFiniteCausalSylvester (6.5s)
✔ [11563/11725] Built H0mework.Versions.R9c73a630.ReleaseMaterials.Verification.Physics.LowEnergyPhenomenology.ExternalCompositeDecay.SourceClockPhiGaussianSecondIBP (7.4s)
✔ [11564/11811] Built H0mework.Versions.R9c73a630.Physics.LowEnergy.Quantum.SourceClockYukawaQ8RadiusBudget (16s)
✔ [11565/11811] Built H0mework.Versions.R9c73a630.ReleaseMaterials.Verification.Physics.LowEnergyPhenomenology.ExternalCompositeDecay.SourceClockPhiScalarCausalFrequencyKernel (12s)
✔ [11566/11815] Built H0mework.Versions.R9c73a630.Physics.LowEnergy.Quantum.SourceClockRadiusSourceGeometry (36s)
✔ [11567/11815] Built H0mework.Versions.R9c73a630.ReleaseMaterials.Verification.Physics.LowEnergyPhenomenology.ExternalCompositeDecay.SourceClockPhiScalarCausalPositiveCurrent (17s)
✔ [11568/11815] Built H0mework.Versions.R9c73a630.Physics.LowEnergy.Quantum.SourceClockRadiusResponseAffine (51s)
✔ [11569/11820] Built H0mework.Versions.R9c73a630.Physics.LowEnergy.Quantum.SourceClockRadiusResponseForcing (46s)
✔ [11570/11820] Built H0mework.Versions.R9c73a630.Physics.LowEnergy.Quantum.SourceClockPhiRadiusSourceCurrent (40s)
✔ [11571/11859] Built H0mework.Versions.R9c73a630.Physics.LowEnergy.Quantum.SourceClockRadiusResponseNativeBudget (38s)
✔ [11572/11876] Built H0mework.Versions.R9c73a630.ReleaseMaterials.Scratch.LowEnergyRetardedCouncil.ActualFourBlockResponse.SourceActualCutoffBandMap (11s)
✔ [11573/11880] Built H0mework.Versions.R9c73a630.ReleaseMaterials.Scratch.LowEnergyRetardedCouncil.ActualFourBlockResponse.SourceActualSylvesterBoundaryPayment (12s)
✔ [11574/11880] Built H0mework.Versions.R9c73a630.Physics.LowEnergy.Quantum.SourceClockRadiusAffineCutoff (65s)
✔ [11575/11880] Built H0mework.Versions.R9c73a630.Physics.LowEnergy.Quantum.SourceClockPhiRadiusResponsePositiveSource (22s)
✔ [11576/11880] Built H0mework.Versions.R9c73a630.ReleaseMaterials.Scratch.LowEnergyRetardedCouncil.ActualFourBlockResponse.SourceActualThreeParticleCutoffGram (53s)
✔ [11577/11883] Built H0mework.Versions.R9c73a630.Physics.LowEnergy.Quantum.SourceClockPhiRadiusResponseNativeBudget (38s)
✔ [11578/11884] Built H0mework.Versions.R9c73a630.Physics.LowEnergy.Quantum.SourceClockPhiSecondBulk (14s)
✔ [11579/11884] Built H0mework.Versions.R9c73a630.ReleaseMaterials.Scratch.LowEnergyRetardedCouncil.ActualFourBlockResponse.SourceActualThreeParticleCutoffPrice (13s)
ℹ [11580/11884] Built H0mework.Versions.R9c73a630.Physics.LowEnergy.Quantum.SourceClockPhiResponseDampingSource (62s)
info: H0mework/Versions/R9c73a630/Physics/LowEnergy/Quantum/SourceClockPhiResponseDampingSource.lean:424:8: Try this:
  [apply] ring_nf
  
  The `ring` tactic failed to close the goal. Use `ring_nf` to obtain a normal form.
    
  Note that `ring` works primarily in *commutative* rings. If you have a noncommutative ring, abelian group or module, consider using `noncomm_ring`, `abel` or `module` instead.
✔ [11581/11884] Built H0mework.Versions.R9c73a630.Physics.LowEnergy.Quantum.SourceBoundedClockAbel (62s)
✔ [11582/11885] Built H0mework.Versions.R9c73a630.ReleaseMaterials.Scratch.LowEnergyRetardedCouncil.ActualFourBlockResponse.SourceActualVectorJointTail (20s)
✔ [11583/11885] Built H0mework.Versions.R9c73a630.ReleaseMaterials.Scratch.LowEnergyRetardedCouncil.ActualFourBlockResponse.SourceActualThreeParticleCutoffInsertion (9.9s)
✔ [11584/11885] Built H0mework.Versions.R9c73a630.ReleaseMaterials.Scratch.LowEnergyRetardedCouncil.ActualFourBlockResponse.SourceActualInverseCurrentCoframeReturn (18s)
✔ [11585/11885] Built H0mework.Versions.R9c73a630.Physics.LowEnergy.Quantum.SourceClockPhiRadiusAcceleration (23s)
✔ [11586/11885] Built H0mework.Versions.R9c73a630.Physics.LowEnergy.Quantum.SourceClockPhiSecondPressure (21s)
✔ [11587/11885] Built H0mework.Versions.R9c73a630.ReleaseMaterials.Scratch.LowEnergyRetardedCouncil.ActualFourBlockResponse.SourceActualThreeParticleCutoffFamily (26s)
✔ [11588/11885] Built H0mework.Versions.R9c73a630.ReleaseMaterials.Scratch.LowEnergyRetardedCouncil.ActualFourBlockResponse.SourceActualSylvesterHardy (15s)
✔ [11589/11885] Built H0mework.Versions.R9c73a630.Physics.LowEnergy.Quantum.SourceClockPhiRadiusSignedClockBudget (34s)
✔ [11590/11885] Built H0mework.Versions.R9c73a630.ReleaseMaterials.Scratch.LowEnergyRetardedCouncil.ActualFourBlockResponse.SourceActualVectorRadiusPrice (27s)
✔ [11591/11885] Built H0mework.Versions.R9c73a630.ReleaseMaterials.Scratch.LowEnergyRetardedCouncil.ActualFourBlockResponse.SourceActualAffineCutoffCausalTail (17s)
✔ [11592/11885] Built H0mework.Versions.R9c73a630.ReleaseMaterials.Scratch.LowEnergyRetardedCouncil.ActualFourBlockResponse.SourceActualVectorBulkSourcePrice (10s)
✔ [11593/11885] Built H0mework.Versions.R9c73a630.ReleaseMaterials.Scratch.LowEnergyRetardedCouncil.ActualFourBlockResponse.SourceActualCausalBulkTime (9.3s)
✔ [11594/11885] Built H0mework.Versions.R9c73a630.ReleaseMaterials.Scratch.LowEnergyRetardedCouncil.ActualFourBlockResponse.SourceActualThreeParticleCutoffSharp (16s)
✔ [11595/11885] Built H0mework.Versions.R9c73a630.ReleaseMaterials.Scratch.LowEnergyRetardedCouncil.ActualFourBlockResponse.SourceActualThreeParticleJointInsertion (19s)
✔ [11596/11885] Built H0mework.Versions.R9c73a630.Physics.LowEnergy.Quantum.SourceClockPhiRadiusNormalizedFlux (20s)
✔ [11597/11885] Built H0mework.Versions.R9c73a630.Physics.LowEnergy.Quantum.SourceClockPhiScalarEndpointAcceleration (19s)
✔ [11598/11885] Built H0mework.Versions.R9c73a630.ReleaseMaterials.Scratch.LowEnergyRetardedCouncil.ActualFourBlockResponse.SourceActualMixedCovarianceTail (11s)
✔ [11599/11885] Built H0mework.Versions.R9c73a630.Physics.LowEnergy.Quantum.SourceClockPhiRadiusResponseHessian (58s)
✔ [11600/11885] Built H0mework.Versions.R9c73a630.ReleaseMaterials.Scratch.LowEnergyRetardedCouncil.ActualFourBlockResponse.SourceActualThreeParticleCutoffHistory (18s)
✔ [11601/11885] Built H0mework.Versions.R9c73a630.ReleaseMaterials.Scratch.LowEnergyRetardedCouncil.ActualFourBlockResponse.SourceActualThreeParticleCutoffBand (15s)
✔ [11602/11885] Built H0mework.Versions.R9c73a630.ReleaseMaterials.Scratch.LowEnergyRetardedCouncil.ActualFourBlockResponse.SourceActualTwoResolventStorage (13s)
✔ [11603/11885] Built H0mework.Versions.R9c73a630.ReleaseMaterials.Scratch.LowEnergyRetardedCouncil.ActualFourBlockResponse.SourceActualCausalBulkBudget (17s)
✔ [11604/11885] Built H0mework.Versions.R9c73a630.ReleaseMaterials.Scratch.LowEnergyRetardedCouncil.ActualFourBlockResponse.SourceActualThreeParticleCutoffFamilyDifference (20s)
✔ [11605/11885] Built H0mework.Versions.R9c73a630.Physics.LowEnergy.Quantum.SourceClockPhiRadiusNormalizedFluxBudget (24s)
✔ [11606/11885] Built H0mework.Versions.R9c73a630.Physics.LowEnergy.Quantum.SourceClockPhiRadiusClockSturm (52s)
✔ [11607/11885] Built H0mework.Versions.R9c73a630.ReleaseMaterials.Scratch.LowEnergyRetardedCouncil.ActualFourBlockResponse.SourceActualTwoResolventCascade (24s)
✔ [11608/11885] Built H0mework.Versions.R9c73a630.ReleaseMaterials.Scratch.LowEnergyRetardedCouncil.ActualFourBlockResponse.SourceActualMixedResolventWard (16s)
✔ [11609/11885] Built H0mework.Versions.R9c73a630.Physics.LowEnergy.Quantum.SourceClockPhiEndpointNativeGradient (87s)
✔ [11610/11885] Built H0mework.Versions.R9c73a630.Physics.LowEnergy.Quantum.SourceClockPhiZeroSeedEndpointTail (38s)
✔ [11611/11885] Built H0mework.Versions.R9c73a630.Physics.LowEnergy.Quantum.SourceClockAbelNativeContact (18s)
✔ [11612/11885] Built H0mework.Versions.R9c73a630.ReleaseMaterials.Scratch.LowEnergyRetardedCouncil.ActualFourBlockResponse.SourceActualExactSylvesterRawStorage (13s)
✔ [11613/11885] Built H0mework.Versions.R9c73a630.Physics.LowEnergy.Quantum.SourceClockPhiNormalizedScalarBudget (69s)
✔ [11614/11885] Built H0mework.Versions.R9c73a630.ReleaseMaterials.Scratch.LowEnergyRetardedCouncil.ActualFourBlockResponse.SourceActualMixedCovarianceGram (14s)
✔ [11615/11894] Built H0mework.Versions.R9c73a630.ReleaseMaterials.Scratch.LowEnergyRetardedCouncil.ActualFourBlockResponse.SourceActualMixedCompressionShape (16s)
✔ [11616/11894] Built H0mework.Versions.R9c73a630.ReleaseMaterials.Scratch.LowEnergyRetardedCouncil.ActualFourBlockResponse.SourceActualExactSylvesterRawFrequencyBalance (28s)
✔ [11617/11896] Built H0mework.Versions.R9c73a630.ReleaseMaterials.Scratch.LowEnergyRetardedCouncil.ActualFourBlockResponse.SourceActualMixedCovarianceCore (12s)
✔ [11618/11896] Built H0mework.Versions.R9c73a630.Physics.LowEnergy.Quantum.SourceClockPhiWholeCFGreenSource (54s)
✔ [11620/11896] Built H0mework.Versions.R9c73a630.ReleaseMaterials.Scratch.LowEnergyRetardedCouncil.ActualFourBlockResponse.SourceActualMixedProjectionJet (22s)
✔ [11621/11898] Built H0mework.Versions.R9c73a630.ReleaseMaterials.Scratch.LowEnergyRetardedCouncil.ActualFourBlockResponse.SourceActualMixedWindowGram (14s)
✔ [11623/11898] Built H0mework.Versions.R9c73a630.ReleaseMaterials.Verification.Physics.Stage10.IndependentBell.Munich.ReadoutDomain.FirstReceiptQuantumFlux (3.1s)
✔ [11625/11900] Built H0mework.Versions.R9c73a630.ReleaseMaterials.Scratch.LowEnergyRetardedCouncil.ActualFourBlockResponse.SourceActualMixedContactReturn (11s)
✔ [11627/11900] Built H0mework.Versions.R9c73a630.ReleaseMaterials.Verification.Physics.Stage10.IndependentBell.Munich.ReadoutDomain.FirstReceiptZeroCount (6.4s)
✔ [11628/11900] Built H0mework.Versions.R9c73a630.ReleaseMaterials.Scratch.LowEnergyRetardedCouncil.ActualFourBlockResponse.SourceActualMixedContactTail (18s)
✔ [11630/11900] Built H0mework.Versions.R9c73a630.Physics.LowEnergy.Quantum.SourceClockPhiEndpointNativePressure (42s)
✔ [11632/11900] Built H0mework.Versions.R9c73a630.ReleaseMaterials.Verification.Physics.Stage10.IndependentBell.Munich.ReadoutDomain.NoCountQuantumGenerator (5.6s)
✔ [11633/11900] Built H0mework.Versions.R9c73a630.ReleaseMaterials.Scratch.LowEnergyRetardedCouncil.ActualFourBlockResponse.SourceActualMixedWardTail (20s)
✔ [11634/11900] Built H0mework.Versions.R9c73a630.Physics.LowEnergy.Quantum.SourceClockPhiNativeWeightedHardy (27s)
✔ [11635/11900] Built H0mework.Versions.R9c73a630.Physics.LowEnergy.Quantum.SourceClockPhiNativeRadialContraction (19s)
✔ [11636/11900] Built H0mework.Versions.R9c73a630.Physics.LowEnergy.Quantum.SourceClockPhiNativeJointPayment (83s)
✔ [11637/11900] Built H0mework.Papers.SecondEdition9c73RegisteredForcing (5.4s)
✔ [11640/11900] Built H0mework.Versions.R9c73a630.ReleaseMaterials.Scratch.LowEnergyRetardedCouncil.ActualFourBlockResponse.SourceActualMixedWardSource (14s)
✔ [11641/11900] Built H0mework.Versions.R9c73a630.Physics.LowEnergy.Quantum.SourceBoundedClockNativeCore (145s)
✔ [11644/11900] Built H0mework.Versions.R9c73a630.Physics.LowEnergy.Quantum.SourceClockPhiNativeSignedCurrent (57s)
✔ [11645/11900] Built H0mework.Versions.R9c73a630.ReleaseMaterials.Scratch.LowEnergyRetardedCouncil.ActualFourBlockResponse.SourceActualMixedWardPositivePrice (19s)
✔ [11646/11900] Built H0mework.Versions.R9c73a630.ReleaseMaterials.Scratch.LowEnergyRetardedCouncil.ActualFourBlockResponse.SourceActualMixedFrequencyJet (18s)
✔ [11647/11900] Built H0mework.Versions.R9c73a630.ReleaseMaterials.Scratch.LowEnergyRetardedCouncil.ActualFourBlockResponse.SourceActualMixedWardPolarization (15s)
✔ [11648/11900] Built H0mework.Versions.R9c73a630.Physics.LowEnergy.Quantum.SourceClockAbelNativeCurvature (45s)
✔ [11649/11900] Built H0mework.Versions.R9c73a630.ReleaseMaterials.Verification.Physics.LowEnergyPhenomenology.ExternalCompositeDecay.SourceClockPhiCombinedScalePressure (54s)
✔ [11650/11900] Built H0mework.Versions.R9c73a630.ReleaseMaterials.Scratch.LowEnergyRetardedCouncil.ActualFourBlockResponse.SourceActualRawResidualTailPayment (22s)
✔ [11651/11900] Built H0mework.Versions.R9c73a630.ReleaseMaterials.Scratch.LowEnergyRetardedCouncil.ActualFourBlockResponse.SourceActualWeightedWardFrequencyReturn (22s)
✔ [11652/11900] Built H0mework.Versions.R9c73a630.ReleaseMaterials.Scratch.LowEnergyRetardedCouncil.ActualFourBlockResponse.SourceActualMixedWardFrequencyReturn (22s)
✔ [11653/11900] Built H0mework.Versions.R9c73a630.Physics.LowEnergy.Quantum.SourceClockPhiFixedSourceJets (23s)
✔ [11654/11900] Built H0mework.Versions.R9c73a630.Physics.LowEnergy.Quantum.SourceClockAbelNativeRadialPayment (52s)
✔ [11655/11900] Built H0mework.Versions.R9c73a630.Physics.LowEnergy.Quantum.SourceClockPhiJointScaleNoether (37s)
✔ [11656/11900] Built H0mework.Versions.R9c73a630.ReleaseMaterials.Scratch.LowEnergyRetardedCouncil.ActualFourBlockResponse.SourceActualMixedWardMomentTail (20s)
✔ [11657/11900] Built H0mework.Versions.R9c73a630.Physics.LowEnergy.Quantum.SourceClockPhiZeroOrderProfile (30s)
✔ [11658/11900] Built H0mework.Versions.R9c73a630.Physics.LowEnergy.Quantum.SourceClockPhiNativeMatchedSource (39s)
✔ [11659/11900] Built H0mework.Versions.R9c73a630.ReleaseMaterials.Scratch.LowEnergyRetardedCouncil.ActualFourBlockResponse.SourceActualMixedCovariancePairTail (17s)
✔ [11660/11900] Built H0mework.Versions.R9c73a630.ReleaseMaterials.Scratch.LowEnergyRetardedCouncil.ActualFourBlockResponse.SourceActualWeightedWardInputSplit (18s)
✔ [11661/11900] Built H0mework.Versions.R9c73a630.Physics.LowEnergy.Quantum.SourceClockPhiZeroOrderBounded (22s)
✔ [11662/11900] Built H0mework.Versions.R9c73a630.Physics.LowEnergy.Quantum.SourceClockPhiCombinedProfileTail (82s)
✔ [11663/11900] Built H0mework.Versions.R9c73a630.Physics.LowEnergy.Quantum.SourceClockPhiMatchedElectricSource (58s)
✔ [11664/11900] Built H0mework.Versions.R9c73a630.ReleaseMaterials.Scratch.LowEnergyRetardedCouncil.ActualFourBlockResponse.SourceActualWeightedCovarianceTailReturn (11s)
✔ [11665/11900] Built H0mework.Versions.R9c73a630.Physics.LowEnergy.Quantum.SourceClockPhiZeroOrderTimeTail (14s)
✔ [11666/11900] Built H0mework.Versions.R9c73a630.ReleaseMaterials.Scratch.LowEnergyRetardedCouncil.ActualFourBlockResponse.SourceActualScalarPhaseJet (42s)
✔ [11667/11900] Built H0mework.Versions.R9c73a630.ReleaseMaterials.Scratch.LowEnergyRetardedCouncil.ActualFourBlockResponse.SourceActualMixedCoframeTailPayment (24s)
ℹ [11668/11900] Built H0mework.Versions.R9c73a630.Physics.LowEnergy.Quantum.SourceClockPhiRenormalizedSecondGreen (26s)
info: H0mework/Versions/R9c73a630/Physics/LowEnergy/Quantum/SourceClockPhiRenormalizedSecondGreen.lean:510:28: Try this:
  [apply] ring_nf
  
  The `ring` tactic failed to close the goal. Use `ring_nf` to obtain a normal form.
    
  Note that `ring` works primarily in *commutative* rings. If you have a noncommutative ring, abelian group or module, consider using `noncomm_ring`, `abel` or `module` instead.
✔ [11669/11900] Built H0mework.Versions.R9c73a630.ReleaseMaterials.Scratch.LowEnergyRetardedCouncil.ActualFourBlockResponse.SourceActualPhaseBulkSquare (42s)
ℹ [11670/11900] Built H0mework.Versions.R9c73a630.Physics.LowEnergy.Quantum.SourceClockPhiMatchedDiffusionSource (62s)
info: H0mework/Versions/R9c73a630/Physics/LowEnergy/Quantum/SourceClockPhiMatchedDiffusionSource.lean:576:28: Try this:
  [apply] ring_nf
  
  The `ring` tactic failed to close the goal. Use `ring_nf` to obtain a normal form.
    
  Note that `ring` works primarily in *commutative* rings. If you have a noncommutative ring, abelian group or module, consider using `noncomm_ring`, `abel` or `module` instead.
info: H0mework/Versions/R9c73a630/Physics/LowEnergy/Quantum/SourceClockPhiMatchedDiffusionSource.lean:781:32: Try this:
  [apply] ring_nf
  
  The `ring` tactic failed to close the goal. Use `ring_nf` to obtain a normal form.
    
  Note that `ring` works primarily in *commutative* rings. If you have a noncommutative ring, abelian group or module, consider using `noncomm_ring`, `abel` or `module` instead.
✔ [11671/11900] Built H0mework.Versions.R9c73a630.Physics.LowEnergy.Quantum.SourceClockPhiRenormalizedSecondGreenBudget (34s)
✔ [11672/11900] Built H0mework.Versions.R9c73a630.Physics.LowEnergy.Quantum.SourceClockPhiFixedSecondGreenTail (63s)
✔ [11673/11900] Built H0mework.Versions.R9c73a630.ReleaseMaterials.Scratch.LowEnergyRetardedCouncil.ActualFourBlockResponse.SourceActualScalarPhaseFrequencyReturn (41s)
✔ [11674/11900] Built H0mework.Versions.R9c73a630.ReleaseMaterials.Scratch.LowEnergyRetardedCouncil.ActualFourBlockResponse.SourceActualBulkCurrentSquareReturn (39s)
✔ [11675/11900] Built H0mework.Versions.R9c73a630.ReleaseMaterials.Scratch.LowEnergyRetardedCouncil.ActualFourBlockResponse.SourceActualPhaseWardIntertwiner (42s)
ℹ [11676/11900] Built H0mework.Versions.R9c73a630.ReleaseMaterials.Scratch.LowEnergyRetardedCouncil.ActualFourBlockResponse.SourceActualSecondPressurePositiveStorage (54s)
info: H0mework/Versions/R9c73a630/ReleaseMaterials/Scratch/LowEnergyRetardedCouncil/ActualFourBlockResponse/SourceActualSecondPressurePositiveStorage.lean:373:4: Try this:
  [apply] ring_nf
  
  The `ring` tactic failed to close the goal. Use `ring_nf` to obtain a normal form.
    
  Note that `ring` works primarily in *commutative* rings. If you have a noncommutative ring, abelian group or module, consider using `noncomm_ring`, `abel` or `module` instead.
✔ [11677/11900] Built H0mework.Versions.R9c73a630.ReleaseMaterials.Verification.Physics.LowEnergyPhenomenology.ExternalCompositeDecay.SourceClockPhiGaussianPlaneSource (27s)
✔ [11678/11900] Built H0mework.Versions.R9c73a630.Physics.LowEnergy.Quantum.SourceClockPhiRenormalizedSecondGreenTail (18s)
ℹ [11679/11900] Built H0mework.Versions.R9c73a630.ReleaseMaterials.Verification.Physics.LowEnergyPhenomenology.ExternalCompositeDecay.SourceClockPhiMatchedNoiseCore (90s)
info: H0mework/Versions/R9c73a630/ReleaseMaterials/Verification/Physics/LowEnergyPhenomenology/ExternalCompositeDecay/SourceClockPhiMatchedNoiseCore.lean:28:2: Try this:
  [apply] ring_nf
  
  The `ring` tactic failed to close the goal. Use `ring_nf` to obtain a normal form.
    
  Note that `ring` works primarily in *commutative* rings. If you have a noncommutative ring, abelian group or module, consider using `noncomm_ring`, `abel` or `module` instead.
✔ [11680/11900] Built H0mework.Versions.R9c73a630.ReleaseMaterials.Scratch.LowEnergyRetardedCouncil.ActualFourBlockResponse.SourceActualScalarPhaseQuadraticMoment (53s)
✔ [11681/11900] Built H0mework.Versions.R9c73a630.ReleaseMaterials.Verification.Physics.LowEnergyPhenomenology.ExternalCompositeDecay.SourceClockPhiTwoStepGaussianMoment (13s)
✔ [11682/11900] Built H0mework.Versions.R9c73a630.ReleaseMaterials.Scratch.LowEnergyRetardedCouncil.ActualFourBlockResponse.SourceActualUnweightedSquareCurrentPayment (23s)
✔ [11683/11900] Built H0mework.Versions.R9c73a630.ReleaseMaterials.Verification.Physics.LowEnergyPhenomenology.ExternalCompositeDecay.SourceClockPhiFourGaussianAffineSource (13s)
✔ [11684/11900] Built H0mework.Versions.R9c73a630.ReleaseMaterials.Verification.Physics.LowEnergyPhenomenology.ExternalCompositeDecay.SourceClockPhiZeroColumnFirstMoment (20s)
✔ [11685/11900] Built H0mework.Versions.R9c73a630.ReleaseMaterials.Verification.Physics.LowEnergyPhenomenology.ExternalCompositeDecay.SourceClockPhiHeatClosedGraphExtension (10s)
✔ [11686/11900] Built H0mework.Versions.R9c73a630.ReleaseMaterials.Verification.Physics.LowEnergyPhenomenology.ExternalCompositeDecay.SourceClockPhiForwardGeneratorTransport (7.7s)
✔ [11687/11900] Built H0mework.Versions.R9c73a630.ReleaseMaterials.Verification.Physics.LowEnergyPhenomenology.ExternalCompositeDecay.SourceClockPhiActualCovarianceStep (10s)
✔ [11688/11900] Built H0mework.Versions.R9c73a630.ReleaseMaterials.Verification.Physics.LowEnergyPhenomenology.ExternalCompositeDecay.SourceClockPhiMatchedNoiseHamiltonian (47s)
✔ [11689/11900] Built H0mework.Versions.R9c73a630.ReleaseMaterials.Scratch.LowEnergyRetardedCouncil.ActualFourBlockResponse.SourceActualCompensatedQuadraticWardMoment (9.4s)
✔ [11690/11900] Built H0mework.Versions.R9c73a630.ReleaseMaterials.Verification.Physics.LowEnergyPhenomenology.ExternalCompositeDecay.SourceClockPhiHeatNativeClosedGraph (15s)
✔ [11691/11900] Built H0mework.Versions.R9c73a630.ReleaseMaterials.Scratch.LowEnergyRetardedCouncil.ActualFourBlockResponse.SourceActualShiftedQuadraticWardPayment (20s)
✔ [11692/11900] Built H0mework.Versions.R9c73a630.ReleaseMaterials.Verification.Physics.LowEnergyPhenomenology.ExternalCompositeDecay.SourceClockPhiWholeSignedWorkIntegrable (20s)
✔ [11693/11900] Built H0mework.Versions.R9c73a630.ReleaseMaterials.Verification.Physics.LowEnergyPhenomenology.ExternalCompositeDecay.SourceClockPhiForwardNativeReturn (7.8s)
✔ [11694/11900] Built H0mework.Versions.R9c73a630.ReleaseMaterials.Verification.Physics.LowEnergyPhenomenology.ExternalCompositeDecay.SourceClockPhiCompleteHeatGainCoefficient (7.1s)
✔ [11695/11900] Built H0mework.Versions.R9c73a630.ReleaseMaterials.Verification.Physics.LowEnergyPhenomenology.ExternalCompositeDecay.SourceClockPhiComparisonNativeClosedGraph (13s)
✔ [11696/11900] Built H0mework.Versions.R9c73a630.ReleaseMaterials.Scratch.LowEnergyRetardedCouncil.ActualFourBlockResponse.SourceActualCompensatedWardOperatorReturn (10s)
ℹ [11697/11900] Built H0mework.Versions.R9c73a630.ReleaseMaterials.Verification.Physics.LowEnergyPhenomenology.ExternalCompositeDecay.SourceClockPhiConservativeHeatSource (32s)
info: H0mework/Versions/R9c73a630/ReleaseMaterials/Verification/Physics/LowEnergyPhenomenology/ExternalCompositeDecay/SourceClockPhiConservativeHeatSource.lean:38:2: Try this:
  [apply] ring_nf
  
  The `ring` tactic failed to close the goal. Use `ring_nf` to obtain a normal form.
    
  Note that `ring` works primarily in *commutative* rings. If you have a noncommutative ring, abelian group or module, consider using `noncomm_ring`, `abel` or `module` instead.
✔ [11698/11900] Built H0mework.Versions.R9c73a630.ReleaseMaterials.Verification.Physics.LowEnergyPhenomenology.ExternalCompositeDecay.SourceClockPhiCompleteHeatGainPayment (24s)
✔ [11699/11900] Built H0mework.Versions.R9c73a630.ReleaseMaterials.Verification.Physics.LowEnergyPhenomenology.ExternalCompositeDecay.SourceClockPhiHeatComparisonWork (44s)
✔ [11700/11900] Built H0mework.Versions.R9c73a630.ReleaseMaterials.Scratch.LowEnergyRetardedCouncil.ActualFourBlockResponse.SourceActualNativeOwnSquareWardPayment (118s)
✔ [11701/11900] Built H0mework.Versions.R9c73a630.ReleaseMaterials.Verification.Physics.LowEnergyPhenomenology.ExternalCompositeDecay.SourceClockPhiMatchedGainFrequencyPayment (26s)
✔ [11702/11900] Built H0mework.Versions.R9c73a630.ReleaseMaterials.Verification.Physics.LowEnergyPhenomenology.ExternalCompositeDecay.SourceClockPhiHeatCoframeRemainingWork (28s)
ℹ [11703/11900] Built H0mework.Versions.R9c73a630.ReleaseMaterials.Verification.Physics.LowEnergyPhenomenology.ExternalCompositeDecay.SourceClockPhiHeatLocalNativeWork (25s)
info: H0mework/Versions/R9c73a630/ReleaseMaterials/Verification/Physics/LowEnergyPhenomenology/ExternalCompositeDecay/SourceClockPhiHeatLocalNativeWork.lean:88:30: Try this:
  [apply] ring_nf
  
  The `ring` tactic failed to close the goal. Use `ring_nf` to obtain a normal form.
    
  Note that `ring` works primarily in *commutative* rings. If you have a noncommutative ring, abelian group or module, consider using `noncomm_ring`, `abel` or `module` instead.
info: H0mework/Versions/R9c73a630/ReleaseMaterials/Verification/Physics/LowEnergyPhenomenology/ExternalCompositeDecay/SourceClockPhiHeatLocalNativeWork.lean:279:4: Try this:
  [apply] ring_nf
  
  The `ring` tactic failed to close the goal. Use `ring_nf` to obtain a normal form.
    
  Note that `ring` works primarily in *commutative* rings. If you have a noncommutative ring, abelian group or module, consider using `noncomm_ring`, `abel` or `module` instead.
✔ [11704/11900] Built H0mework.Versions.R9c73a630.ReleaseMaterials.Verification.Physics.LowEnergyPhenomenology.ExternalCompositeDecay.SourceClockPhiHeatCorrectedCovarianceSource (60s)
✔ [11705/11900] Built H0mework.Versions.R9c73a630.ReleaseMaterials.Verification.Physics.LowEnergyPhenomenology.ExternalCompositeDecay.SourceClockPhiHeatHamiltonianWork (64s)
✔ [11706/11900] Built H0mework.Versions.R9c73a630.ReleaseMaterials.Scratch.LowEnergyRetardedCouncil.ActualFourBlockResponse.SourceActualNativeMixedMomentPayment (22s)
✔ [11707/11900] Built H0mework.Versions.R9c73a630.ReleaseMaterials.Verification.Physics.LowEnergyPhenomenology.ExternalCompositeDecay.SourceClockPhiHeatSecondNativeSource (27s)
✔ [11708/11900] Built H0mework.Versions.R9c73a630.ReleaseMaterials.Verification.Physics.LowEnergyPhenomenology.ExternalCompositeDecay.SourceClockPhiHeatLocalNativeGaussian (10s)
ℹ [11709/11900] Built H0mework.Versions.R9c73a630.ReleaseMaterials.Verification.Physics.LowEnergyPhenomenology.ExternalCompositeDecay.SourceClockPhiCorrectedWorkComposition (13s)
info: H0mework/Versions/R9c73a630/ReleaseMaterials/Verification/Physics/LowEnergyPhenomenology/ExternalCompositeDecay/SourceClockPhiCorrectedWorkComposition.lean:28:2: Try this:
  [apply] ring_nf
  
  The `ring` tactic failed to close the goal. Use `ring_nf` to obtain a normal form.
    
  Note that `ring` works primarily in *commutative* rings. If you have a noncommutative ring, abelian group or module, consider using `noncomm_ring`, `abel` or `module` instead.
info: H0mework/Versions/R9c73a630/ReleaseMaterials/Verification/Physics/LowEnergyPhenomenology/ExternalCompositeDecay/SourceClockPhiCorrectedWorkComposition.lean:43:2: Try this:
  [apply] ring_nf
  
  The `ring` tactic failed to close the goal. Use `ring_nf` to obtain a normal form.
    
  Note that `ring` works primarily in *commutative* rings. If you have a noncommutative ring, abelian group or module, consider using `noncomm_ring`, `abel` or `module` instead.
✔ [11710/11900] Built H0mework.Versions.R9c73a630.ReleaseMaterials.Verification.Physics.LowEnergyPhenomenology.ExternalCompositeDecay.SourceClockPhiProfileCoframeReturn (38s)
✔ [11711/11900] Built H0mework.Versions.R9c73a630.ReleaseMaterials.Verification.Physics.LowEnergyPhenomenology.ExternalCompositeDecay.SourceClockPhiHeatNativeHamiltonianWork (83s)
✔ [11712/11900] Built H0mework.Versions.R9c73a630.ReleaseMaterials.Verification.Physics.LowEnergyPhenomenology.ExternalCompositeDecay.SourceClockPhiHeatCoframeHamiltonianWork (9.5s)
✔ [11713/11900] Built H0mework.Versions.R9c73a630.ReleaseMaterials.Scratch.LowEnergyRetardedCouncil.ActualFourBlockResponse.SourceActualSecondPressureMagneticPayment (11s)
ℹ [11714/11900] Built H0mework.Versions.R9c73a630.ReleaseMaterials.Verification.Physics.LowEnergyPhenomenology.ExternalCompositeDecay.SourceClockPhiProfileLocalNativeReturn (25s)
info: H0mework/Versions/R9c73a630/ReleaseMaterials/Verification/Physics/LowEnergyPhenomenology/ExternalCompositeDecay/SourceClockPhiProfileLocalNativeReturn.lean:94:30: Try this:
  [apply] ring_nf
  
  The `ring` tactic failed to close the goal. Use `ring_nf` to obtain a normal form.
    
  Note that `ring` works primarily in *commutative* rings. If you have a noncommutative ring, abelian group or module, consider using `noncomm_ring`, `abel` or `module` instead.
info: H0mework/Versions/R9c73a630/ReleaseMaterials/Verification/Physics/LowEnergyPhenomenology/ExternalCompositeDecay/SourceClockPhiProfileLocalNativeReturn.lean:286:4: Try this:
  [apply] ring_nf
  
  The `ring` tactic failed to close the goal. Use `ring_nf` to obtain a normal form.
    
  Note that `ring` works primarily in *commutative* rings. If you have a noncommutative ring, abelian group or module, consider using `noncomm_ring`, `abel` or `module` instead.
✔ [11715/11900] Built H0mework.Versions.R9c73a630.ReleaseMaterials.Verification.Physics.LowEnergyPhenomenology.ExternalCompositeDecay.SourceClockPhiProfileCoframeRemainingWork (30s)
✔ [11716/11900] Built H0mework.Versions.R9c73a630.ReleaseMaterials.Verification.Physics.LowEnergyPhenomenology.ExternalCompositeDecay.SourceClockPhiOriginalGaussianH0KineticPrimitives (18s)
✔ [11717/11900] Built H0mework.Versions.R9c73a630.ReleaseMaterials.Verification.Physics.LowEnergyPhenomenology.ExternalCompositeDecay.SourceClockPhiHeatNativeGaussianWork (12s)
✔ [11718/11900] Built H0mework.Versions.R9c73a630.ReleaseMaterials.Verification.Physics.LowEnergyPhenomenology.ExternalCompositeDecay.SourceClockPhiNativeForwardVariance (18s)
✔ [11719/11900] Built H0mework.Versions.R9c73a630.ReleaseMaterials.Verification.Physics.LowEnergyPhenomenology.ExternalCompositeDecay.SourceClockPhiProfileNativeReturn (171s)
✔ [11720/11900] Built H0mework.Versions.R9c73a630.ReleaseMaterials.Verification.Physics.LowEnergyPhenomenology.ExternalCompositeDecay.SourceClockPhiCorrectedGaussianPair (10s)
ℹ [11721/11900] Built H0mework.Versions.R9c73a630.ReleaseMaterials.Scratch.LowEnergyRetardedCouncil.ActualFourBlockResponse.SourceActualNonmagneticPressureStorage (216s)
info: H0mework/Versions/R9c73a630/ReleaseMaterials/Scratch/LowEnergyRetardedCouncil/ActualFourBlockResponse/SourceActualNonmagneticPressureStorage.lean:211:4: Try this:
  [apply] ring_nf
  
  The `ring` tactic failed to close the goal. Use `ring_nf` to obtain a normal form.
    
  Note that `ring` works primarily in *commutative* rings. If you have a noncommutative ring, abelian group or module, consider using `noncomm_ring`, `abel` or `module` instead.
✔ [11722/11900] Built H0mework.Versions.R9c73a630.ReleaseMaterials.Verification.Physics.LowEnergyPhenomenology.ExternalCompositeDecay.SourceClockPhiCompleteHeatHamiltonianSource (8.8s)
✔ [11723/11900] Built H0mework.Versions.R9c73a630.ReleaseMaterials.Verification.Physics.LowEnergyPhenomenology.ExternalCompositeDecay.SourceClockPhiHeatCorrectedCoframeWork (44s)
✔ [11724/11900] Built H0mework.Versions.R9c73a630.ReleaseMaterials.Verification.Physics.LowEnergyPhenomenology.ExternalCompositeDecay.SourceClockPhiCorrectedNativeGaussianWork (9.6s)
✔ [11725/11900] Built H0mework.Versions.R9c73a630.ReleaseMaterials.Verification.Physics.LowEnergyPhenomenology.ExternalCompositeDecay.SourceClockPhiProfileNativeAdjoint (15s)
ℹ [11726/11900] Built H0mework.Versions.R9c73a630.ReleaseMaterials.Verification.Physics.LowEnergyPhenomenology.ExternalCompositeDecay.SourceClockPhiOriginalGaussianH0FirstJet (18s)
info: H0mework/Versions/R9c73a630/ReleaseMaterials/Verification/Physics/LowEnergyPhenomenology/ExternalCompositeDecay/SourceClockPhiOriginalGaussianH0FirstJet.lean:596:2: Try this:
  [apply] ring_nf
  
  The `ring` tactic failed to close the goal. Use `ring_nf` to obtain a normal form.
    
  Note that `ring` works primarily in *commutative* rings. If you have a noncommutative ring, abelian group or module, consider using `noncomm_ring`, `abel` or `module` instead.
info: H0mework/Versions/R9c73a630/ReleaseMaterials/Verification/Physics/LowEnergyPhenomenology/ExternalCompositeDecay/SourceClockPhiOriginalGaussianH0FirstJet.lean:783:4: Try this:
  [apply] ring_nf
  
  The `ring` tactic failed to close the goal. Use `ring_nf` to obtain a normal form.
    
  Note that `ring` works primarily in *commutative* rings. If you have a noncommutative ring, abelian group or module, consider using `noncomm_ring`, `abel` or `module` instead.
info: H0mework/Versions/R9c73a630/ReleaseMaterials/Verification/Physics/LowEnergyPhenomenology/ExternalCompositeDecay/SourceClockPhiOriginalGaussianH0FirstJet.lean:905:4: Try this:
  [apply] ring_nf
  
  The `ring` tactic failed to close the goal. Use `ring_nf` to obtain a normal form.
    
  Note that `ring` works primarily in *commutative* rings. If you have a noncommutative ring, abelian group or module, consider using `noncomm_ring`, `abel` or `module` instead.
info: H0mework/Versions/R9c73a630/ReleaseMaterials/Verification/Physics/LowEnergyPhenomenology/ExternalCompositeDecay/SourceClockPhiOriginalGaussianH0FirstJet.lean:962:4: Try this:
  [apply] ring_nf
  
  The `ring` tactic failed to close the goal. Use `ring_nf` to obtain a normal form.
    
  Note that `ring` works primarily in *commutative* rings. If you have a noncommutative ring, abelian group or module, consider using `noncomm_ring`, `abel` or `module` instead.
✔ [11727/11900] Built H0mework.Versions.R9c73a630.ReleaseMaterials.Verification.Physics.LowEnergyPhenomenology.ExternalCompositeDecay.SourceClockPhiHeatCorrectedHamiltonianSource (7.5s)
✔ [11728/11900] Built H0mework.Versions.R9c73a630.ReleaseMaterials.Verification.Physics.LowEnergyPhenomenology.ExternalCompositeDecay.SourceClockPhiOriginalGaussianH0Recognition (22s)
✔ [11729/11900] Built H0mework.Versions.R9c73a630.ReleaseMaterials.Verification.Physics.LowEnergyPhenomenology.ExternalCompositeDecay.SourceClockPhiComposedCoframeGaussianWork (52s)
✔ [11730/11900] Built H0mework.Versions.R9c73a630.ReleaseMaterials.Verification.Physics.LowEnergyPhenomenology.ExternalCompositeDecay.SourceClockPhiCorrectedCovarianceWeakJet (10s)
ℹ [11731/11900] Built H0mework.Versions.R9c73a630.ReleaseMaterials.Verification.Physics.LowEnergyPhenomenology.ExternalCompositeDecay.SourceClockPhiCoframeDriftMomentumPrimitive (15s)
info: H0mework/Versions/R9c73a630/ReleaseMaterials/Verification/Physics/LowEnergyPhenomenology/ExternalCompositeDecay/SourceClockPhiCoframeDriftMomentumPrimitive.lean:131:4: Try this:
  [apply] ring_nf
  
  The `ring` tactic failed to close the goal. Use `ring_nf` to obtain a normal form.
    
  Note that `ring` works primarily in *commutative* rings. If you have a noncommutative ring, abelian group or module, consider using `noncomm_ring`, `abel` or `module` instead.
ℹ [11732/11900] Built H0mework.Versions.R9c73a630.ReleaseMaterials.Verification.Physics.LowEnergyPhenomenology.ExternalCompositeDecay.SourceClockPhiOriginalGaussianH0RealPrimitives (19s)
info: H0mework/Versions/R9c73a630/ReleaseMaterials/Verification/Physics/LowEnergyPhenomenology/ExternalCompositeDecay/SourceClockPhiOriginalGaussianH0RealPrimitives.lean:232:4: Try this:
  [apply] ring_nf
  
  The `ring` tactic failed to close the goal. Use `ring_nf` to obtain a normal form.
    
  Note that `ring` works primarily in *commutative* rings. If you have a noncommutative ring, abelian group or module, consider using `noncomm_ring`, `abel` or `module` instead.
✔ [11733/11900] Built H0mework.Versions.R9c73a630.ReleaseMaterials.Verification.Physics.LowEnergyPhenomenology.ExternalCompositeDecay.SourceClockPhiCorrectedHamiltonianWorkEvolution (16s)
✔ [11734/11900] Built H0mework.Versions.R9c73a630.ReleaseMaterials.Verification.Physics.LowEnergyPhenomenology.ExternalCompositeDecay.SourceClockPhiCorrectedWeightTransport (17s)
✔ [11735/11900] Built H0mework.Versions.R9c73a630.ReleaseMaterials.Verification.Physics.LowEnergyPhenomenology.ExternalCompositeDecay.SourceClockPhiOriginalGaussianH0CoframeRecognition (38s)
✔ [11736/11900] Built H0mework.Versions.R9c73a630.ReleaseMaterials.Verification.Physics.LowEnergyPhenomenology.ExternalCompositeDecay.SourceClockPhiOriginalGaussianH0LocalSpinNumber (13s)
✔ [11737/11900] Built H0mework.Versions.R9c73a630.ReleaseMaterials.Verification.Physics.LowEnergyPhenomenology.ExternalCompositeDecay.SourceClockPhiOriginalGaussianH0NativeJoin (10s)
✔ [11738/11900] Built H0mework.Versions.R9c73a630.ReleaseMaterials.Verification.Physics.LowEnergyPhenomenology.ExternalCompositeDecay.SourceClockPhiCorrectedPhysicalWorkAbel (17s)
ℹ [11739/11900] Built H0mework.Versions.R9c73a630.ReleaseMaterials.Verification.Physics.LowEnergyPhenomenology.ExternalCompositeDecay.SourceClockPhiCorrectedGaussianMeanSource (28s)
info: H0mework/Versions/R9c73a630/ReleaseMaterials/Verification/Physics/LowEnergyPhenomenology/ExternalCompositeDecay/SourceClockPhiCorrectedGaussianMeanSource.lean:231:2: Try this:
  [apply] ring_nf
  
  The `ring` tactic failed to close the goal. Use `ring_nf` to obtain a normal form.
    
  Note that `ring` works primarily in *commutative* rings. If you have a noncommutative ring, abelian group or module, consider using `noncomm_ring`, `abel` or `module` instead.
✔ [11740/11900] Built H0mework.Versions.R9c73a630.ReleaseMaterials.Verification.Physics.LowEnergyPhenomenology.ExternalCompositeDecay.SourceClockPhiCorrectedHamiltonianWorkGenerator (11s)
✔ [11741/11900] Built H0mework.Versions.R9c73a630.ReleaseMaterials.Verification.Physics.LowEnergyPhenomenology.ExternalCompositeDecay.SourceClockPhiPositiveCoframeWork (10s)
✔ [11742/11900] Built H0mework.Versions.R9c73a630.ReleaseMaterials.Verification.Physics.LowEnergyPhenomenology.ExternalCompositeDecay.SourceClockPhiOriginalGaussianH0FinalJoin (8.5s)
✔ [11743/11900] Built H0mework.Versions.R9c73a630.ReleaseMaterials.Verification.Physics.LowEnergyPhenomenology.ExternalCompositeDecay.SourceClockPhiNativeSecondOrder (17s)
✔ [11744/11900] Built H0mework.Versions.R9c73a630.ReleaseMaterials.Verification.Physics.LowEnergyPhenomenology.ExternalCompositeDecay.SourceClockPhiOriginalGaussianH0Closed (7.3s)
✔ [11745/11900] Built H0mework.Versions.R9c73a630.ReleaseMaterials.Verification.Physics.LowEnergyPhenomenology.ExternalCompositeDecay.SourceClockPhiCorrectedNoetherWorkSource (15s)
✔ [11746/11900] Built H0mework.Versions.R9c73a630.ReleaseMaterials.Verification.Physics.LowEnergyPhenomenology.ExternalCompositeDecay.SourceClockPhiCorrectedFluctuationPhysicalWork (10s)
✔ [11747/11900] Built H0mework.Versions.R9c73a630.ReleaseMaterials.Verification.Physics.LowEnergyPhenomenology.ExternalCompositeDecay.SourceClockPhiPositiveTimeWorkGenerator (17s)
✔ [11748/11900] Built H0mework.Versions.R9c73a630.ReleaseMaterials.Verification.Physics.LowEnergyPhenomenology.ExternalCompositeDecay.SourceClockPhiNativeComplementJointSource (11s)
✔ [11749/11900] Built H0mework.Versions.R9c73a630.ReleaseMaterials.Verification.Physics.LowEnergyPhenomenology.ExternalCompositeDecay.SourceClockPhiFirstCurrentJointPayment (24s)
✔ [11750/11900] Built H0mework.Versions.R9c73a630.ReleaseMaterials.Verification.Physics.LowEnergyPhenomenology.ExternalCompositeDecay.SourceClockPhiNativeComplementGaussian (6.0s)
✔ [11751/11900] Built H0mework.Versions.R9c73a630.ReleaseMaterials.Verification.Physics.LowEnergyPhenomenology.ExternalCompositeDecay.SourceClockPhiMatchedConstantReturn (9.6s)
✔ [11752/11900] Built H0mework.Versions.R9c73a630.ReleaseMaterials.Verification.Physics.LowEnergyPhenomenology.ExternalCompositeDecay.SourceClockPhiJointElectricSource (17s)
✔ [11753/11900] Built H0mework.Versions.R9c73a630.ReleaseMaterials.Verification.Physics.LowEnergyPhenomenology.ExternalCompositeDecay.SourceClockPhiMatchedFieldGaussian (8.3s)
✔ [11754/11900] Built H0mework.Versions.R9c73a630.ReleaseMaterials.Verification.Physics.LowEnergyPhenomenology.ExternalCompositeDecay.SourceClockPhiUDClockSource (11s)
✔ [11755/11900] Built H0mework.Versions.R9c73a630.ReleaseMaterials.Verification.Physics.LowEnergyPhenomenology.ExternalCompositeDecay.SourceClockPhiUDClockPayment (9.6s)
✔ [11756/11900] Built H0mework.Versions.R9c73a630.ReleaseMaterials.Verification.Physics.LowEnergyPhenomenology.ExternalCompositeDecay.SourceClockPhiUDFirstCurrentPayment (7.8s)
✔ [11757/11900] Built H0mework.Versions.R9c73a630.ReleaseMaterials.Verification.Physics.LowEnergyPhenomenology.ExternalCompositeDecay.SourceClockPhiWholeUDClockSource (6.5s)
✔ [11758/11900] Built H0mework.Versions.R9c73a630.ReleaseMaterials.Verification.Physics.LowEnergyPhenomenology.ExternalCompositeDecay.SourceClockPhiUDPhysicalNoetherWork (10s)
✔ [11759/11900] Built H0mework.Versions.R9c73a630.ReleaseMaterials.Verification.Physics.LowEnergyPhenomenology.ExternalCompositeDecay.SourceClockPhiCoframeSecondActionSource (12s)
✔ [11760/11900] Built H0mework.Versions.R9c73a630.ReleaseMaterials.Verification.Physics.LowEnergyPhenomenology.ExternalCompositeDecay.SourceClockPhiQuadraticGaussianSource (8.3s)
✔ [11761/11900] Built H0mework.Versions.R9c73a630.ReleaseMaterials.Verification.Physics.LowEnergyPhenomenology.ExternalCompositeDecay.SourceClockPhiLocalClockReturn (9.9s)
✔ [11762/11900] Built H0mework.Versions.R9c73a630.ReleaseMaterials.Verification.Physics.LowEnergyPhenomenology.ExternalCompositeDecay.SourceClockPhiCorrectedQuadraticCarrier (8.4s)
✔ [11763/11900] Built H0mework.Versions.R9c73a630.ReleaseMaterials.Verification.Physics.LowEnergyPhenomenology.ExternalCompositeDecay.SourceClockPhiWholeHamiltonianReturn (10s)
✔ [11764/11900] Built H0mework.Versions.R9c73a630.ReleaseMaterials.Verification.Physics.LowEnergyPhenomenology.ExternalCompositeDecay.SourceClockPhiCoframeGaussianVariance (25s)
✔ [11765/11900] Built H0mework.Versions.R9c73a630.ReleaseMaterials.Verification.Physics.LowEnergyPhenomenology.ExternalCompositeDecay.SourceClockPhiJointForcingSource (11s)
✔ [11766/11900] Built H0mework.Versions.R9c73a630.ReleaseMaterials.Verification.Physics.LowEnergyPhenomenology.ExternalCompositeDecay.SourceClockPhiWholeHamiltonianPower (11s)
✔ [11767/11900] Built H0mework.Versions.R9c73a630.ReleaseMaterials.Verification.Physics.LowEnergyPhenomenology.ExternalCompositeDecay.SourceClockPhiCoframeJointGaussianSource (9.2s)
✔ [11768/11900] Built H0mework.Versions.R9c73a630.ReleaseMaterials.Verification.Physics.LowEnergyPhenomenology.ExternalCompositeDecay.SourceClockPhiNativeCoframeRSource (10s)
✔ [11769/11900] Built H0mework.Versions.R9c73a630.ReleaseMaterials.Verification.Physics.LowEnergyPhenomenology.ExternalCompositeDecay.SourceClockPhiWeightedVarianceGaussian (8.6s)
✔ [11770/11900] Built H0mework.Versions.R9c73a630.ReleaseMaterials.Verification.Physics.LowEnergyPhenomenology.ExternalCompositeDecay.SourceClockPhiGaussianCubicContraction (8.0s)
✔ [11771/11900] Built H0mework.Versions.R9c73a630.ReleaseMaterials.Verification.Physics.LowEnergyPhenomenology.ExternalCompositeDecay.SourceClockPhiGaussianLinearMoment (5.8s)
✔ [11772/11900] Built H0mework.Versions.R9c73a630.ReleaseMaterials.Verification.Physics.LowEnergyPhenomenology.ExternalCompositeDecay.SourceClockPhiWholeRGaussianSource (7.8s)
✔ [11773/11900] Built H0mework.Versions.R9c73a630.ReleaseMaterials.Verification.Physics.LowEnergyPhenomenology.ExternalCompositeDecay.SourceClockPhiWholeVarianceGaussian (7.6s)
✔ [11774/11900] Built H0mework.Versions.R9c73a630.ReleaseMaterials.Verification.Physics.LowEnergyPhenomenology.ExternalCompositeDecay.SourceClockPhiProfileFirstMoment (8.1s)
✔ [11775/11900] Built H0mework.Versions.R9c73a630.ReleaseMaterials.Verification.Physics.LowEnergyPhenomenology.ExternalCompositeDecay.SourceClockPhiGainedMixedMoment (6.8s)
✔ [11776/11900] Built H0mework.Versions.R9c73a630.ReleaseMaterials.Verification.Physics.LowEnergyPhenomenology.ExternalCompositeDecay.SourceClockPhiScalarNoetherPayment (8.5s)
✔ [11777/11900] Built H0mework.Versions.R9c73a630.ReleaseMaterials.Verification.Physics.LowEnergyPhenomenology.ExternalCompositeDecay.SourceClockPhiScalarNoetherCommon (9.0s)
✔ [11778/11900] Built H0mework.Versions.R9c73a630.ReleaseMaterials.Verification.Physics.LowEnergyPhenomenology.ExternalCompositeDecay.SourceClockPhiRScalarAbsorption (10s)
✔ [11779/11900] Built H0mework.Versions.R9c73a630.ReleaseMaterials.Verification.Physics.LowEnergyPhenomenology.ExternalCompositeDecay.SourceClockPhiScalarUncertaintyPayment (10s)
✔ [11780/11900] Built H0mework.Versions.R9c73a630.ReleaseMaterials.Scratch.LowEnergyRetardedCouncil.ActualFourBlockResponse.SourceActualVectorBulkTimePrice (20s)
✔ [11781/11900] Built H0mework.Versions.R9c73a630.ReleaseMaterials.Verification.Physics.LowEnergyPhenomenology.ExternalCompositeDecay.SourceClockPhiScalarClockGainPayment (9.7s)
✔ [11782/11900] Built H0mework.Versions.R9c73a630.ReleaseMaterials.Verification.Physics.LowEnergyPhenomenology.ExternalCompositeDecay.SourceClockPhiCorrectedScalarNoetherPayment (16s)
✔ [11783/11900] Built H0mework.Versions.R9c73a630.ReleaseMaterials.Verification.Physics.LowEnergyPhenomenology.ExternalCompositeDecay.SourceClockPhiCoframeDensitySource (15s)
✔ [11784/11900] Built H0mework.Versions.R9c73a630.ReleaseMaterials.Verification.Physics.LowEnergyPhenomenology.ExternalCompositeDecay.SourceClockPhiRemainingFieldSource (15s)
✔ [11785/11900] Built H0mework.Versions.R9c73a630.ReleaseMaterials.Verification.Physics.LowEnergyPhenomenology.ExternalCompositeDecay.SourceClockPhiRemainingClockPayment (9.6s)
✔ [11786/11900] Built H0mework.Versions.R9c73a630.ReleaseMaterials.Verification.Physics.LowEnergyPhenomenology.ExternalCompositeDecay.SourceClockPhiNativeLieWedgeSource (7.9s)
✔ [11787/11900] Built H0mework.Versions.R9c73a630.ReleaseMaterials.Verification.Physics.LowEnergyPhenomenology.ExternalCompositeDecay.SourceClockPhiWeightedElectricSource (12s)
✔ [11788/11900] Built H0mework.Versions.R9c73a630.ReleaseMaterials.Verification.Physics.LowEnergyPhenomenology.ExternalCompositeDecay.SourceClockPhiMagneticElectricPayment (23s)
✔ [11789/11900] Built H0mework.Versions.R9c73a630.ReleaseMaterials.Verification.Physics.LowEnergyPhenomenology.ExternalCompositeDecay.SourceClockPhiMatchedElectricTransport (22s)
✔ [11790/11900] Built H0mework.Versions.R9c73a630.ReleaseMaterials.Verification.Physics.LowEnergyPhenomenology.ExternalCompositeDecay.SourceClockPhiJointSourceDescent (11s)
ℹ [11791/11900] Built H0mework.Versions.R9c73a630.ReleaseMaterials.Verification.Physics.LowEnergyPhenomenology.ExternalCompositeDecay.SourceClockPhiAdmissibleElectricSource (10s)
info: H0mework/Versions/R9c73a630/ReleaseMaterials/Verification/Physics/LowEnergyPhenomenology/ExternalCompositeDecay/SourceClockPhiAdmissibleElectricSource.lean:71:4: Try this:
  [apply] ring_nf
  
  The `ring` tactic failed to close the goal. Use `ring_nf` to obtain a normal form.
    
  Note that `ring` works primarily in *commutative* rings. If you have a noncommutative ring, abelian group or module, consider using `noncomm_ring`, `abel` or `module` instead.
✔ [11792/11900] Built H0mework.Versions.R9c73a630.ReleaseMaterials.Verification.Physics.LowEnergyPhenomenology.ExternalCompositeDecay.SourceClockPhiAdmissibleElectricWard (13s)
ℹ [11793/11900] Built H0mework.Versions.R9c73a630.ReleaseMaterials.Verification.Physics.LowEnergyPhenomenology.ExternalCompositeDecay.SourceClockPhiScalarNoetherGaussian (18s)
info: H0mework/Versions/R9c73a630/ReleaseMaterials/Verification/Physics/LowEnergyPhenomenology/ExternalCompositeDecay/SourceClockPhiScalarNoetherGaussian.lean:94:30: Try this:
  [apply] ring_nf
  
  The `ring` tactic failed to close the goal. Use `ring_nf` to obtain a normal form.
    
  Note that `ring` works primarily in *commutative* rings. If you have a noncommutative ring, abelian group or module, consider using `noncomm_ring`, `abel` or `module` instead.
✔ [11794/11900] Built H0mework.Versions.R9c73a630.ReleaseMaterials.Verification.Physics.LowEnergyPhenomenology.ExternalCompositeDecay.SourceClockPhiPhysicalJointGaussian (22s)
ℹ [11795/11900] Built H0mework.Versions.R9c73a630.ReleaseMaterials.Verification.Physics.LowEnergyPhenomenology.ExternalCompositeDecay.SourceClockPhiOriginalEcSource (15s)
info: H0mework/Versions/R9c73a630/ReleaseMaterials/Verification/Physics/LowEnergyPhenomenology/ExternalCompositeDecay/SourceClockPhiOriginalEcSource.lean:62:4: Try this:
  [apply] ring_nf
  
  The `ring` tactic failed to close the goal. Use `ring_nf` to obtain a normal form.
    
  Note that `ring` works primarily in *commutative* rings. If you have a noncommutative ring, abelian group or module, consider using `noncomm_ring`, `abel` or `module` instead.
✔ [11796/11900] Built H0mework.Versions.R9c73a630.ReleaseMaterials.Verification.Physics.LowEnergyPhenomenology.ExternalCompositeDecay.SourceClockPhiOriginalEcWard (14s)
✔ [11797/11900] Built H0mework.Versions.R9c73a630.ReleaseMaterials.Verification.Physics.LowEnergyPhenomenology.ExternalCompositeDecay.SourceClockPhiFrequencyPhysicalMean (12s)
ℹ [11798/11900] Built H0mework.Versions.R9c73a630.ReleaseMaterials.Verification.Physics.LowEnergyPhenomenology.ExternalCompositeDecay.SourceClockPhiWholeCarrierElectric (12s)
info: H0mework/Versions/R9c73a630/ReleaseMaterials/Verification/Physics/LowEnergyPhenomenology/ExternalCompositeDecay/SourceClockPhiWholeCarrierElectric.lean:215:4: Try this:
  [apply] ring_nf
  
  The `ring` tactic failed to close the goal. Use `ring_nf` to obtain a normal form.
    
  Note that `ring` works primarily in *commutative* rings. If you have a noncommutative ring, abelian group or module, consider using `noncomm_ring`, `abel` or `module` instead.
✔ [11799/11900] Built H0mework.Versions.R9c73a630.ReleaseMaterials.Verification.Physics.LowEnergyPhenomenology.ExternalCompositeDecay.SourceClockPhiWholeCarrierWard (25s)
✔ [11800/11900] Built H0mework.Versions.R9c73a630.ReleaseMaterials.Verification.Physics.LowEnergyPhenomenology.ExternalCompositeDecay.SourceClockPhiWholeRSourceReturn (10s)
✔ [11801/11900] Built H0mework.Versions.R9c73a630.ReleaseMaterials.Verification.Physics.LowEnergyPhenomenology.ExternalCompositeDecay.SourceClockPhiPrimitiveNoether (25s)
✔ [11802/11900] Built H0mework.Versions.R9c73a630.ReleaseMaterials.Verification.Physics.LowEnergyPhenomenology.ExternalCompositeDecay.SourceClockPhiPrimitiveJointPayment (10s)
✔ [11803/11900] Built H0mework.Versions.R9c73a630.ReleaseMaterials.Verification.Physics.LowEnergyPhenomenology.ExternalCompositeDecay.SourceClockPhiClockPrimitiveJoint (12s)
✔ [11804/11900] Built H0mework.Versions.R9c73a630.ReleaseMaterials.Verification.Physics.LowEnergyPhenomenology.ExternalCompositeDecay.SourceClockPhiPrimitiveSquare (11s)
✔ [11805/11900] Built H0mework.Versions.R9c73a630.ReleaseMaterials.Verification.Physics.LowEnergyPhenomenology.ExternalCompositeDecay.SourceClockPhiDilationPrimitive (10s)
✔ [11806/11900] Built H0mework.Versions.R9c73a630.ReleaseMaterials.Verification.Physics.LowEnergyPhenomenology.ExternalCompositeDecay.SourceClockPhiWholeForcingVariance (7.1s)
✔ [11807/11900] Built H0mework.Versions.R9c73a630.ReleaseMaterials.Verification.Physics.LowEnergyPhenomenology.ExternalCompositeDecay.SourceClockPhiFullSourceVarianceNormalizer (10s)
✔ [11808/11900] Built H0mework.Versions.R9c73a630.ReleaseMaterials.Verification.Physics.LowEnergyPhenomenology.ExternalCompositeDecay.SourceClockPhiCompletedSourceNormalizer (12s)
✔ [11809/11900] Built H0mework.Versions.R9c73a630.ReleaseMaterials.Verification.Physics.LowEnergyPhenomenology.ExternalCompositeDecay.SourceClockPhiCompletedNormalizerGaussian (11s)
✔ [11810/11900] Built H0mework.Versions.R9c73a630.ReleaseMaterials.Verification.Physics.LowEnergyPhenomenology.ExternalCompositeDecay.SourceClockPhiMatchedVariancePower (10s)
✔ [11811/11900] Built H0mework.Versions.R9c73a630.ReleaseMaterials.Verification.Physics.LowEnergyPhenomenology.ExternalCompositeDecay.SourceClockPhiOriginalNormalizerRadialDebit (11s)
✔ [11812/11900] Built H0mework.Versions.R9c73a630.ReleaseMaterials.Verification.Physics.LowEnergyPhenomenology.ExternalCompositeDecay.SourceClockPhiTwoPolePrimitiveWord (9.7s)
✔ [11813/11900] Built H0mework.Versions.R9c73a630.ReleaseMaterials.Verification.Physics.LowEnergyPhenomenology.ExternalCompositeDecay.SourceClockPhiShiftedSourceGainPrice (12s)
✔ [11814/11900] Built H0mework.Versions.R9c73a630.ReleaseMaterials.Verification.Physics.LowEnergyPhenomenology.ExternalCompositeDecay.SourceClockPhiPhysicalPrimitiveClockReturn (9.7s)
✔ [11815/11900] Built H0mework.Versions.R9c73a630.ReleaseMaterials.Verification.Physics.LowEnergyPhenomenology.ExternalCompositeDecay.SourceClockPhiMatchedCommonClockPayment (9.5s)
✔ [11816/11900] Built H0mework.Versions.R9c73a630.ReleaseMaterials.Verification.Physics.LowEnergyPhenomenology.ExternalCompositeDecay.SourceClockPhiPrimitiveCurrentCancellation (14s)
✔ [11817/11900] Built H0mework.Versions.R9c73a630.ReleaseMaterials.Verification.Physics.LowEnergyPhenomenology.ExternalCompositeDecay.SourceClockPhiReverseNativeClock (20s)
✔ [11818/11900] Built H0mework.Versions.R9c73a630.ReleaseMaterials.Verification.Physics.LowEnergyPhenomenology.ExternalCompositeDecay.SourceClockPhiReverseScalarNoetherPayment (14s)
✔ [11819/11900] Built H0mework.Versions.R9c73a630.ReleaseMaterials.Verification.Physics.LowEnergyPhenomenology.ExternalCompositeDecay.SourceClockPhiReverseScalarSourceWork (18s)
✔ [11820/11900] Built H0mework.Versions.R9c73a630.ReleaseMaterials.Verification.Physics.LowEnergyPhenomenology.ExternalCompositeDecay.SourceClockPhiFullReverseScale (15s)
✔ [11821/11900] Built H0mework.Versions.R9c73a630.ReleaseMaterials.Verification.Physics.LowEnergyPhenomenology.ExternalCompositeDecay.SourceClockPhiCompleteClockHomogeneity (11s)
✔ [11822/11900] Built H0mework.Versions.R9c73a630.ReleaseMaterials.Verification.Physics.LowEnergyPhenomenology.ExternalCompositeDecay.SourceClockPhiReverseCompressionWard (18s)
✔ [11823/11900] Built H0mework.Versions.R9c73a630.ReleaseMaterials.Verification.Physics.LowEnergyPhenomenology.ExternalCompositeDecay.SourceClockPhiFullReverseScaleNoetherCurrent (20s)
✔ [11824/11900] Built H0mework.Versions.R9c73a630.ReleaseMaterials.Verification.Physics.LowEnergyPhenomenology.ExternalCompositeDecay.SourceClockPhiCompleteClockReverseReturn (16s)
✔ [11825/11900] Built H0mework.Versions.R9c73a630.ReleaseMaterials.Verification.Physics.LowEnergyPhenomenology.ExternalCompositeDecay.SourceClockPhiReverseFrequencyDerivative (10s)
✔ [11826/11900] Built H0mework.Versions.R9c73a630.ReleaseMaterials.Verification.Physics.LowEnergyPhenomenology.ExternalCompositeDecay.SourceClockPhiForceNoetherCurrent (12s)
✔ [11827/11900] Built H0mework.Versions.R9c73a630.ReleaseMaterials.Verification.Physics.LowEnergyPhenomenology.ExternalCompositeDecay.SourceClockPhiBalancedNativeForceCurrent (14s)
✔ [11828/11900] Built H0mework.Versions.R9c73a630.ReleaseMaterials.Verification.Physics.LowEnergyPhenomenology.ExternalCompositeDecay.SourceClockPhiReverseClockProfilePayment (10s)
✔ [11829/11900] Built H0mework.Versions.R9c73a630.ReleaseMaterials.Verification.Physics.LowEnergyPhenomenology.ExternalCompositeDecay.SourceClockPhiReverseClockScalarPayment (15s)
✔ [11830/11900] Built H0mework.Versions.R9c73a630.ReleaseMaterials.Verification.Physics.LowEnergyPhenomenology.ExternalCompositeDecay.SourceClockPhiWholeReverseFrequencyWork (23s)
✔ [11831/11900] Built H0mework.Versions.R9c73a630.ReleaseMaterials.Verification.Physics.LowEnergyPhenomenology.ExternalCompositeDecay.SourceClockPhiWholeCausalScalarPayment (10s)
✔ [11832/11900] Built H0mework.Versions.R9c73a630.ReleaseMaterials.Verification.Physics.LowEnergyPhenomenology.ExternalCompositeDecay.SourceClockPhiReverseClockPolynomialPayment (22s)
✔ [11833/11900] Built H0mework.Versions.R9c73a630.ReleaseMaterials.Verification.Physics.LowEnergyPhenomenology.ExternalCompositeDecay.SourceClockPhiReversePhaseSource (11s)
✔ [11834/11900] Built H0mework.Versions.R9c73a630.ReleaseMaterials.Verification.Physics.LowEnergyPhenomenology.ExternalCompositeDecay.SourceClockPhiNoetherCausalPrice (10s)
✔ [11835/11900] Built H0mework.Versions.R9c73a630.ReleaseMaterials.Verification.Physics.LowEnergyPhenomenology.ExternalCompositeDecay.SourceClockPhiReverseWholeClockPayment (19s)
✔ [11836/11900] Built H0mework.Versions.R9c73a630.ReleaseMaterials.Verification.Physics.LowEnergyPhenomenology.ExternalCompositeDecay.SourceClockPhiReverseInputCommonPayment (16s)
✔ [11837/11900] Built H0mework.Versions.R9c73a630.ReleaseMaterials.Verification.Physics.LowEnergyPhenomenology.ExternalCompositeDecay.SourceClockPhiReverseWholeClockFubini (13s)
✔ [11838/11900] Built H0mework.Versions.R9c73a630.ReleaseMaterials.Verification.Physics.LowEnergyPhenomenology.ExternalCompositeDecay.SourceClockPhiWholeReverseSourceSplit (35s)
✔ [11839/11900] Built H0mework.Versions.R9c73a630.ReleaseMaterials.Verification.Physics.LowEnergyPhenomenology.ExternalCompositeDecay.SourceClockPhiGaugeScalarSource (15s)
✔ [11840/11900] Built H0mework.Versions.R9c73a630.ReleaseMaterials.Verification.Physics.LowEnergyPhenomenology.ExternalCompositeDecay.SourceClockPhiWholeForceNoetherDebit (15s)
✔ [11841/11900] Built H0mework.Versions.R9c73a630.ReleaseMaterials.Verification.Physics.LowEnergyPhenomenology.ExternalCompositeDecay.SourceClockPhiWholeForceScalarPayment (10s)
✔ [11842/11900] Built H0mework.Versions.R9c73a630.ReleaseMaterials.Verification.Physics.LowEnergyPhenomenology.ExternalCompositeDecay.SourceClockPhiGaugeClockReturnSource (12s)
✔ [11843/11900] Built H0mework.Versions.R9c73a630.ReleaseMaterials.Verification.Physics.LowEnergyPhenomenology.ExternalCompositeDecay.SourceClockPhiWholePhysicalForcePayment (15s)
✔ [11844/11900] Built H0mework.Versions.R9c73a630.ReleaseMaterials.Verification.Physics.LowEnergyPhenomenology.ExternalCompositeDecay.SourceClockPhiGaugeOuterQuadraticSource (14s)
✔ [11845/11900] Built H0mework.Versions.R9c73a630.ReleaseMaterials.Verification.Physics.LowEnergyPhenomenology.ExternalCompositeDecay.SourceClockPhiGaugeElectricWardSource (16s)
✔ [11846/11900] Built H0mework.Versions.R9c73a630.ReleaseMaterials.Verification.Physics.LowEnergyPhenomenology.ExternalCompositeDecay.SourceClockPhiWholeGaugeScalarReductionSource (13s)
✔ [11847/11900] Built H0mework.Versions.R9c73a630.ReleaseMaterials.Verification.Physics.LowEnergyPhenomenology.ExternalCompositeDecay.SourceClockPhiBalancedWholeForceDebit (17s)
✔ [11848/11900] Built H0mework.Versions.R9c73a630.ReleaseMaterials.Verification.Physics.LowEnergyPhenomenology.ExternalCompositeDecay.SourceClockPhiBalancedPrimitiveCurrentSource (24s)
✔ [11849/11900] Built H0mework.Versions.R9c73a630.ReleaseMaterials.Verification.Physics.LowEnergyPhenomenology.ExternalCompositeDecay.SourceClockPhiBalancedInputCommonPayment (16s)
✔ [11850/11900] Built H0mework.Versions.R9c73a630.ReleaseMaterials.Verification.Physics.LowEnergyPhenomenology.ExternalCompositeDecay.SourceClockPhiBalancedPhysicalForcePayment (10s)
✔ [11851/11900] Built H0mework.Versions.R9c73a630.ReleaseMaterials.Verification.Physics.LowEnergyPhenomenology.ExternalCompositeDecay.SourceClockPhiAffineInputHardyWard (8.5s)
✔ [11852/11900] Built H0mework.Versions.R9c73a630.ReleaseMaterials.Verification.Physics.LowEnergyPhenomenology.ExternalCompositeDecay.SourceClockPhiBalancedPrimitiveAccelerationSource (17s)
✔ [11853/11900] Built H0mework.Versions.R9c73a630.ReleaseMaterials.Verification.Physics.LowEnergyPhenomenology.ExternalCompositeDecay.SourceClockPhiBalancedInputFullSource (20s)
✔ [11854/11900] Built H0mework.Versions.R9c73a630.ReleaseMaterials.Verification.Physics.LowEnergyPhenomenology.ExternalCompositeDecay.SourceClockPhiBalancedNativeScalarCompletion (14s)
✔ [11855/11900] Built H0mework.Versions.R9c73a630.ReleaseMaterials.Verification.Physics.LowEnergyPhenomenology.ExternalCompositeDecay.SourceClockPhiBalancedPrimitiveDefectPayment (10s)
✔ [11856/11900] Built H0mework.Versions.R9c73a630.ReleaseMaterials.Verification.Physics.LowEnergyPhenomenology.ExternalCompositeDecay.SourceClockPhiBalancedScalarInputAbsorption (15s)
✔ [11857/11900] Built H0mework.Versions.R9c73a630.ReleaseMaterials.Verification.Physics.LowEnergyPhenomenology.ExternalCompositeDecay.SourceClockPhiPhaseNativeCancellation (17s)
✔ [11858/11900] Built H0mework.Versions.R9c73a630.ReleaseMaterials.Verification.Physics.LowEnergyPhenomenology.ExternalCompositeDecay.SourceClockPhiCoercivePrimitiveJointPayment (13s)
✔ [11859/11900] Built H0mework.Versions.R9c73a630.ReleaseMaterials.Verification.Physics.LowEnergyPhenomenology.ExternalCompositeDecay.SourceClockPhiWholeRadialInputPayment (13s)
✔ [11860/11900] Built H0mework.Versions.R9c73a630.ReleaseMaterials.Verification.Physics.LowEnergyPhenomenology.ExternalCompositeDecay.SourceClockPhiPhasePhysicalForcingCancellation (13s)
✔ [11861/11900] Built H0mework.Versions.R9c73a630.ReleaseMaterials.Verification.Physics.LowEnergyPhenomenology.ExternalCompositeDecay.SourceClockPhiJointInputScalarPayment (13s)
✔ [11862/11900] Built H0mework.Versions.R9c73a630.ReleaseMaterials.Verification.Physics.LowEnergyPhenomenology.ExternalCompositeDecay.SourceClockPhiInputForceJointCancellation (13s)
✔ [11863/11900] Built H0mework.Versions.R9c73a630.ReleaseMaterials.Verification.Physics.LowEnergyPhenomenology.ExternalCompositeDecay.SourceClockPhiJointPrimitiveInputLoss (14s)
✔ [11864/11900] Built H0mework.Versions.R9c73a630.ReleaseMaterials.Verification.Physics.LowEnergyPhenomenology.ExternalCompositeDecay.SourceClockPhiPairedFrequencyKernel (8.8s)
✔ [11865/11900] Built H0mework.Versions.R9c73a630.ReleaseMaterials.Verification.Physics.LowEnergyPhenomenology.ExternalCompositeDecay.SourceClockPhiWeightedDifferenceMatchedSource (11s)
✔ [11866/11900] Built H0mework.Versions.R9c73a630.ReleaseMaterials.Verification.Physics.LowEnergyPhenomenology.ExternalCompositeDecay.SourceClockPhiWholeJointForceInputPayment (7.7s)
✔ [11867/11900] Built H0mework.Versions.R9c73a630.ReleaseMaterials.Verification.Physics.LowEnergyPhenomenology.ExternalCompositeDecay.SourceClockPhiFixedSourceFrequencyPair (11s)
✔ [11868/11900] Built H0mework.Versions.R9c73a630.ReleaseMaterials.Verification.Physics.LowEnergyPhenomenology.ExternalCompositeDecay.SourceClockPhiJointDifferenceSource (15s)
✔ [11869/11900] Built H0mework.Versions.R9c73a630.ReleaseMaterials.Verification.Physics.LowEnergyPhenomenology.ExternalCompositeDecay.SourceClockPhiRadialCausalFrequency (12s)
✔ [11870/11900] Built H0mework.Versions.R9c73a630.ReleaseMaterials.Verification.Physics.LowEnergyPhenomenology.ExternalCompositeDecay.SourceClockPhiActualInputFrequencyPayment (16s)
✔ [11871/11900] Built H0mework.Versions.R9c73a630.ReleaseMaterials.Verification.Physics.LowEnergyPhenomenology.ExternalCompositeDecay.SourceClockPhiWholeJointDifferencePayment (14s)
✔ [11872/11900] Built H0mework.Versions.R9c73a630.ReleaseMaterials.Verification.Physics.LowEnergyPhenomenology.ExternalCompositeDecay.SourceClockPhiDifferenceWardFrequencyPayment (14s)
✔ [11873/11900] Built H0mework.Versions.R9c73a630.ReleaseMaterials.Verification.Physics.LowEnergyPhenomenology.ExternalCompositeDecay.SourceClockPhiJointMatchedPressureSource (16s)
✔ [11874/11900] Built H0mework.Versions.R9c73a630.ReleaseMaterials.Verification.Physics.LowEnergyPhenomenology.ExternalCompositeDecay.SourceClockPhiWholeMatchedPressurePayment (11s)
✔ [11875/11900] Built H0mework.Versions.R9c73a630.ReleaseMaterials.Verification.Physics.LowEnergyPhenomenology.ExternalCompositeDecay.SourceClockPhiPressureForcingSource (11s)
✔ [11876/11900] Built H0mework.Versions.R9c73a630.ReleaseMaterials.Verification.Physics.LowEnergyPhenomenology.ExternalCompositeDecay.SourceClockPhiPressureNativeCurrent (9.8s)
✔ [11877/11900] Built H0mework.Versions.R9c73a630.ReleaseMaterials.Verification.Physics.LowEnergyPhenomenology.ExternalCompositeDecay.SourceClockPhiWholeForcingPressurePayment (8.8s)
✔ [11878/11900] Built H0mework.Versions.R9c73a630.ReleaseMaterials.Verification.Physics.LowEnergyPhenomenology.ExternalCompositeDecay.SourceClockPhiExactPressureReserve (13s)
✔ [11879/11900] Built H0mework.Versions.R9c73a630.ReleaseMaterials.Verification.Physics.LowEnergyPhenomenology.ExternalCompositeDecay.SourceClockPhiWholePressureReservePayment (8.5s)
✔ [11880/11900] Built H0mework.Versions.R9c73a630.ReleaseMaterials.Verification.Physics.LowEnergyPhenomenology.ExternalCompositeDecay.SourceClockPhiReservedNativeCommonPayment (10s)
✔ [11881/11900] Built H0mework.Versions.R9c73a630.ReleaseMaterials.Verification.Physics.LowEnergyPhenomenology.ExternalCompositeDecay.SourceClockPhiScalarForceSource (10s)
✔ [11882/11900] Built H0mework.Versions.R9c73a630.ReleaseMaterials.Scratch.LowEnergyRetardedCouncil.ActualFourBlockResponse.SourceActualWholeGammaPressureReturn (15s)
✔ [11883/11900] Built H0mework.Versions.R9c73a630.ReleaseMaterials.Verification.Physics.LowEnergyPhenomenology.ExternalCompositeDecay.SourceClockPhiScalarJointAbsorption (23s)
✔ [11884/11900] Built H0mework.Versions.R9c73a630.ReleaseMaterials.Scratch.LowEnergyRetardedCouncil.ActualFourBlockResponse.SourceActualNonmagneticRadialCrossPayment (17s)
✔ [11885/11900] Built H0mework.Versions.R9c73a630.ReleaseMaterials.Scratch.LowEnergyRetardedCouncil.ActualFourBlockResponse.SourceActualBalancedForceRetardedPayment (43s)
✔ [11886/11900] Built H0mework.Versions.R9c73a630.ReleaseMaterials.Scratch.LowEnergyRetardedCouncil.ActualFourBlockResponse.SourceActualBalancedLocalizationContactReturn (23s)
✔ [11887/11900] Built H0mework.Versions.R9c73a630.ReleaseMaterials.Scratch.LowEnergyRetardedCouncil.ActualFourBlockResponse.SourceActualLocalizedJointFrequencyPayment (27s)
✔ [11888/11900] Built H0mework.Versions.R9c73a630.ReleaseMaterials.Scratch.LowEnergyRetardedCouncil.ActualFourBlockResponse.SourceActualLocalizedNativeWorkReturn (51s)
✔ [11889/11900] Built H0mework.Versions.R9c73a630.ReleaseMaterials.Scratch.LowEnergyRetardedCouncil.ActualFourBlockResponse.SourceActualRestReaderFrequencyPayment (25s)
✔ [11890/11900] Built H0mework.Versions.R9c73a630.ReleaseMaterials.Scratch.LowEnergyRetardedCouncil.ActualFourBlockResponse.SourceActualBalancedFixedContactPayment (25s)
✔ [11891/11900] Built H0mework.Versions.R9c73a630.ReleaseMaterials.Scratch.LowEnergyRetardedCouncil.ActualFourBlockResponse.SourceActualBalancedPressureWardPayment (123s)
✔ [11892/11900] Built H0mework.Versions.R9c73a630.ReleaseMaterials.Scratch.LowEnergyRetardedCouncil.ActualFourBlockResponse.SourceActualBalancedPressureFrequencyPayment (86s)
✔ [11893/11900] Built H0mework.Versions.R9c73a630.ReleaseMaterials.Scratch.LowEnergyRetardedCouncil.ActualFourBlockResponse.SourceActualBalancedPressureMomentPayment (101s)
✔ [11894/11900] Built H0mework.Versions.R9c73a630.ReleaseMaterials.Scratch.LowEnergyRetardedCouncil.ActualFourBlockResponse.SourceActualNativeInvoiceSourceReturn (104s)
✔ [11895/11900] Built H0mework.Versions.R9c73a630.ReleaseMaterials.Scratch.LowEnergyRetardedCouncil.ActualFourBlockResponse.SourceActualPressureFixedReturnPayment (13s)
✔ [11896/11900] Built H0mework.Versions.R9c73a630.ReleaseMaterials.Scratch.LowEnergyRetardedCouncil.ActualFourBlockResponse.SourceActualPressureContactReturnPayment (18s)
✔ [11897/11900] Built H0mework.Versions.R9c73a630.ReleaseMaterials.Scratch.LowEnergyRetardedCouncil.ActualFourBlockResponse.SourceActualPressureProductCrossPayment (22s)
✔ [11898/11900] Built H0mework.Versions.R9c73a630.ReleaseMaterials.Scratch.LowEnergyRetardedCouncil.ActualFourBlockResponse.SourceActualBalancedPressureRadialPayment (37s)
✔ [11899/11900] Built H0mework.Versions.R9c73a630.ReleaseMaterials.Scratch.LowEnergyRetardedCouncil.ActualFourBlockResponse.SourceActualScalarFieldDebitPayment (20s)
Some required targets logged failures:
- H0mework.Versions.R9c73a630.ReleaseMaterials.Scratch.LowEnergyRetardedCouncil.NamedColorQtNext.Charge.MixedSpectatorJointFacts
error: build failed
