warning: mathlib: repository './Lean/.lake/packages/mathlib' has local changes
warning: batteries: repository './Lean/.lake/packages/batteries' has local changes
ℹ [357/429] Replayed H0mework.Foundation.Source.Root
info: H0mework/Foundation/Source/Root.lean:544:0: 'SaturationMonoid.ResponsibilityLifecycle.LivingLawEvolution.ConstructiveRoot.LedgerEntryEvolutionAt.toDebtLineage' does not depend on any axioms
ℹ [545/651] Replayed H0mework.Foundation.Semantics.TheoryState
info: H0mework/Foundation/Semantics/TheoryState.lean:137:0: 'SaturationMonoid.ResponsibilityLifecycle.LivingLawEvolution.TheoryState.rootSemantic_actualExpressibilityFailure_isEmpty' does not depend on any axioms
ℹ [559/651] Replayed H0mework.Versions.R2.Foundation.Source.SequentialAction
info: H0mework/Versions/R2/Foundation/Source/SequentialAction.lean:348:0: 'SaturationMonoid.ResponsibilityLifecycle.LivingLawEvolution.ConstructiveRoot.RootInquiryCompletion.SourceNativeSequentialActualActionTargetAt.initialOpenLedger_injective' does not depend on any axioms
info: H0mework/Versions/R2/Foundation/Source/SequentialAction.lean:349:0: 'SaturationMonoid.ResponsibilityLifecycle.LivingLawEvolution.ConstructiveRoot.RootInquiryCompletion.SourceNativeSequentialActualActionTargetAt.targetAnswerAndNext_next_eq' does not depend on any axioms
ℹ [564/651] Replayed H0mework.Foundation.Ledger.OriginOrBirth
info: H0mework/Foundation/Ledger/OriginOrBirth.lean:141:0: 'SaturationMonoid.ResponsibilityLifecycle.LivingLawEvolution.ConstructiveRoot.ExactTargetDebtOriginAt.excludesFresh' does not depend on any axioms
info: H0mework/Foundation/Ledger/OriginOrBirth.lean:142:0: 'SaturationMonoid.ResponsibilityLifecycle.LivingLawEvolution.ConstructiveRoot.LedgerWriteEvolutionAt.targetOldOrigin' does not depend on any axioms
info: H0mework/Foundation/Ledger/OriginOrBirth.lean:143:0: 'SaturationMonoid.ResponsibilityLifecycle.LivingLawEvolution.ConstructiveRoot.LedgerWriteEvolutionAt.excludesTargetFresh' does not depend on any axioms
info: H0mework/Foundation/Ledger/OriginOrBirth.lean:144:0: 'SaturationMonoid.ResponsibilityLifecycle.LivingLawEvolution.ConstructiveRoot.ExactTargetOldOriginProvenanceAt.excludesBirthFreshness' does not depend on any axioms
ℹ [565/651] Replayed H0mework.Realization.Audit.DebtFirstWrite
info: H0mework/Realization/Audit/DebtFirstWrite.lean:187:0: 'SaturationMonoid.ResponsibilityLifecycle.LivingLawEvolution.ConstructiveRoot.DebtAdmissionFirstWrite.SourceGeneratedDebtAdmissionFirstWriteAt.initialBudget_positive' depends on axioms: [propext]
info: H0mework/Realization/Audit/DebtFirstWrite.lean:188:0: 'SaturationMonoid.ResponsibilityLifecycle.LivingLawEvolution.ConstructiveRoot.DebtAdmissionFirstWrite.ordinaryEvolution_cannot_admit' depends on axioms: [propext]
ℹ [568/651] Replayed H0mework.Versions.R2.Foundation.Inquiry.SemanticRevision
info: H0mework/Versions/R2/Foundation/Inquiry/SemanticRevision.lean:842:0: 'SaturationMonoid.ResponsibilityLifecycle.LivingLawEvolution.ConstructiveRoot.TypedSemanticWorldNetworkU8.GeneratedTypedSemanticWorldNetworkRevisionAt.SourceGeneratedFirstWriteGenuineSplitAt.ofCompilerSelectedSplit' does not depend on any axioms
info: H0mework/Versions/R2/Foundation/Inquiry/SemanticRevision.lean:843:0: 'SaturationMonoid.ResponsibilityLifecycle.LivingLawEvolution.ConstructiveRoot.TypedSemanticWorldNetworkU8.FieldGroundedTypedSemanticWorldNetworkRevisionAt.ofSourceGeneratedRestructuring' does not depend on any axioms
info: H0mework/Versions/R2/Foundation/Inquiry/SemanticRevision.lean:844:0: 'SaturationMonoid.ResponsibilityLifecycle.LivingLawEvolution.ConstructiveRoot.TypedSemanticWorldNetworkU8.FieldGroundedTypedSemanticWorldNetworkRevisionAt.eq_of_generate_eq' does not depend on any axioms
ℹ [571/651] Replayed H0mework.Versions.R2.Foundation.Inquiry.Protocol
info: H0mework/Versions/R2/Foundation/Inquiry/Protocol.lean:1356:0: 'SaturationMonoid.ResponsibilityLifecycle.LivingLawEvolution.ConstructiveRoot.RootInquiryCompletion.SourceNativeInquiryCofaceRealizationAt.ofExactCofaceSource' does not depend on any axioms
info: H0mework/Versions/R2/Foundation/Inquiry/Protocol.lean:1357:0: 'SaturationMonoid.ResponsibilityLifecycle.LivingLawEvolution.ConstructiveRoot.RootInquiryCompletion.SourceNativeInquiryCofaceRealizationAt.ofGeneratedRevision' does not depend on any axioms
ℹ [573/651] Replayed H0mework.Versions.R2.Foundation.Inquiry.Engine
info: H0mework/Versions/R2/Foundation/Inquiry/Engine.lean:1341:0: 'SaturationMonoid.ResponsibilityLifecycle.LivingLawEvolution.ConstructiveRoot.RootInquiryCompletion.RootInquiryProcessNode.active_directlyAnswered_successor_valid' depends on axioms: [propext]
info: H0mework/Versions/R2/Foundation/Inquiry/Engine.lean:1342:0: 'SaturationMonoid.ResponsibilityLifecycle.LivingLawEvolution.ConstructiveRoot.RootInquiryCompletion.RootInquiryProcessNode.active_directlyAnswered_terminalHandoff_successor_valid' depends on axioms: [propext]
info: H0mework/Versions/R2/Foundation/Inquiry/Engine.lean:1343:0: 'SaturationMonoid.ResponsibilityLifecycle.LivingLawEvolution.ConstructiveRoot.RootInquiryCompletion.RootInquiryProcessNode.active_actualAction_successor_valid' depends on axioms: [propext]
ℹ [3233/3342] Replayed H0mework.Versions.R2.Foundation.Responsibility.NoetherianClosure
info: H0mework/Versions/R2/Foundation/Responsibility/NoetherianClosure.lean:586:0: 'SaturationMonoid.ResponsibilityLifecycle.LivingLawEvolution.ConstructiveRoot.no_noetherianDebtClosureLaw_of_budget_eq_zero_of_noLocalTerminal' does not depend on any axioms
info: H0mework/Versions/R2/Foundation/Responsibility/NoetherianClosure.lean:587:0: 'SaturationMonoid.ResponsibilityLifecycle.LivingLawEvolution.ConstructiveRoot.sourceNativePaidRootDebtContinuationRel_wellFounded' does not depend on any axioms
info: H0mework/Versions/R2/Foundation/Responsibility/NoetherianClosure.lean:588:0: 'SaturationMonoid.ResponsibilityLifecycle.LivingLawEvolution.ConstructiveRoot.no_paidRootDebtMacro_self_return' does not depend on any axioms
✔ [3504/3901] Built H0mework.Realization.Perfectification.LivingLawRootGeneratedUnifiedFourFaceEvaluationCore (4.7s)
✔ [3505/3902] Built H0mework.Versions.PR.Realization.Operations.Tree.Fold.Dependent.Branch.JointQuery.Actor.Operation.Query.Inventory.Observer.CurrentChild.Dynamic.JointLow.Source (4.9s)
✔ [3506/3906] Built H0mework.Versions.PR.SecondEdition.SaturationMonoid.GenericFoundation.Operations.Native.Substitution.Source (5.5s)
✔ [3507/3906] Built H0mework.Realization.ObservationActions.Algebraic (5.6s)
✔ [3508/3920] Built H0mework.Versions.PR.Realization.Perfectification.LivingLawRootGeneratedUnifiedFourFaceAxiomFreeCore (2.4s)
✔ [3511/3930] Built H0mework.Versions.PR.Realization.Operations.Inquiry.Context.Syntax.Source (7.6s)
✔ [3512/3940] Built H0mework.Versions.PR.Realization.Operations.Inquiry.Context.Faces.Execution.Activation.Programme (8.1s)
✔ [3513/3940] Built H0mework.Versions.PR.Realization.Operations.Tree.Fold.Dependent.Branch.JointQuery.Actor.Operation.Query.Inventory.Observer.CurrentChild.Dynamic.Live.Native.Action.Coupled.Registry.Read.Query.Difference (8.1s)
✔ [3514/3940] Built H0mework.Realization.Perfectification.LivingLawRootGeneratedUnifiedFourFaceEvaluationKernel (2.0s)
✔ [3515/3940] Built H0mework.Versions.PR.Realization.JointState.StateExposure (7.0s)
✔ [3516/3940] Built H0mework.Versions.PR.Realization.Operations.Tree.Fold.Dependent.Branch.JointQuery.Actor.Operation.Query.Inventory.Observer.CurrentChild.Dynamic.JointLow.Consumer (2.7s)
✔ [3517/3948] Built H0mework.Versions.PR.Realization.Operations.Relations.Source (3.0s)
✔ [3518/4024] Built H0mework.Realization.Operations.Tree.Fold.Dependent.Branch.JointQuery.Actor.Operation.Query.Inventory.Observer.CurrentChild.Dynamic.Live.Native.Action.Coupled.Registry.Calculation.Common.Feedback.Continuation.SourceFamily.Foresight.Contextual.Forecast.Charge (2.3s)
✔ [3531/4191] Built H0mework.Versions.PR.Realization.Perfectification.LivingLawRootGeneratedUnifiedFourFaceKernel (4.3s)
✔ [3532/4204] Built H0mework.Versions.PR.Realization.Operations.Tree.Fold.Dependent.Branch.JointQuery.Actor.Operation.Query.Inventory.Observer.CurrentChild.Dynamic.Live.Native.Action.Coupled.Registry.Calculation.Action.Laws (4.5s)
✔ [3533/4204] Built H0mework.Versions.PR.Foundation.Responsibility.JointSource.Successor.Inquiry.Continuation.Clock (4.5s)
✔ [3538/4238] Built H0mework.Versions.PR.Realization.Operations.Inquiry.Context.Faces.Execution.Activation.Source (5.0s)
✔ [3539/4238] Built H0mework.Versions.PR.Realization.JointState.StateController (4.6s)
✔ [3540/4238] Built H0mework.Versions.PR.Realization.Operations.Inquiry.Context.Syntax.Consumer (4.2s)
✔ [3541/4244] Built H0mework.Versions.PR.Realization.Operations.Inquiry.Context.Faces.Execution.Activation.Target.Coface (5.2s)
✔ [3542/4415] Built H0mework.Realization.Operations.InventoryLift.Substitution (2.3s)
✔ [3628/4488] Built H0mework.Versions.MF.Realization.Operations.Tree.Fold.Dependent.Branch.JointQuery.Actor.Operation.Query.Inventory.Observer.CurrentChild.Dynamic.Live.Native.Action.Coupled.Registry.Calculation.Common.Feedback.Continuation.SourceFamily.Foresight.Contextual.Calculation.Callee (5.1s)
✔ [4083/4998] Built H0mework.Versions.PR.Foundation.Responsibility.JointSource.Successor.Inquiry.Continuation.Completion (4.2s)
ℹ [4171/5024] Replayed H0mework.Arithmetic.Mellin.QuarterTransform
info: H0mework/Arithmetic/Mellin/QuarterTransform.lean:95:2: Try this:
  [apply] ring_nf
  
  The `ring` tactic failed to close the goal. Use `ring_nf` to obtain a normal form.
    
  Note that `ring` works primarily in *commutative* rings. If you have a noncommutative ring, abelian group or module, consider using `noncomm_ring`, `abel` or `module` instead.
info: H0mework/Arithmetic/Mellin/QuarterTransform.lean:145:2: Try this:
  [apply] ring_nf
  
  The `ring` tactic failed to close the goal. Use `ring_nf` to obtain a normal form.
    
  Note that `ring` works primarily in *commutative* rings. If you have a noncommutative ring, abelian group or module, consider using `noncomm_ring`, `abel` or `module` instead.
info: H0mework/Arithmetic/Mellin/QuarterTransform.lean:162:2: Try this:
  [apply] ring_nf
  
  The `ring` tactic failed to close the goal. Use `ring_nf` to obtain a normal form.
    
  Note that `ring` works primarily in *commutative* rings. If you have a noncommutative ring, abelian group or module, consider using `noncomm_ring`, `abel` or `module` instead.
ℹ [4172/5024] Replayed H0mework.Arithmetic.Mellin.QuarterL2
info: H0mework/Arithmetic/Mellin/QuarterL2.lean:84:6: Try this:
  [apply] ring_nf
  
  The `ring` tactic failed to close the goal. Use `ring_nf` to obtain a normal form.
    
  Note that `ring` works primarily in *commutative* rings. If you have a noncommutative ring, abelian group or module, consider using `noncomm_ring`, `abel` or `module` instead.
info: H0mework/Arithmetic/Mellin/QuarterL2.lean:165:4: Try this:
  [apply] ring_nf
  
  The `ring` tactic failed to close the goal. Use `ring_nf` to obtain a normal form.
    
  Note that `ring` works primarily in *commutative* rings. If you have a noncommutative ring, abelian group or module, consider using `noncomm_ring`, `abel` or `module` instead.
✔ [4200/5089] Built H0mework.Realization.Operations.CompleteWordDual (3.6s)
ℹ [4218/5089] Replayed H0mework.Realization.Integral.IndistinguishablePair
info: H0mework/Realization/Integral/IndistinguishablePair.lean:108:0: 'SaturationMonoid.ResponsibilityLifecycle.LivingLawEvolution.ConstructiveRoot.SourceGeneratedIntegralIndistinguishableParticlePair.projection_tmul_swap' depends on axioms: [propext,
 Classical.choice,
 Quot.sound]
info: H0mework/Realization/Integral/IndistinguishablePair.lean:109:0: 'SaturationMonoid.ResponsibilityLifecycle.LivingLawEvolution.ConstructiveRoot.SourceGeneratedIntegralIndistinguishableParticlePair.descend_projection' depends on axioms: [propext,
 Classical.choice,
 Quot.sound]
ℹ [4219/5089] Replayed H0mework.Versions.R2.Arithmetic.FockState.IndistinguishablePairs
info: H0mework/Versions/R2/Arithmetic/FockState/IndistinguishablePairs.lean:178:0: 'SaturationMonoid.ResponsibilityLifecycle.LivingLawEvolution.ConstructiveRoot.NoIslandNoMagic.CanonicalArithmeticState.ParticleWaveFock.physicalPairState_swap' depends on axioms: [propext,
 Classical.choice,
 Quot.sound]
info: H0mework/Versions/R2/Arithmetic/FockState/IndistinguishablePairs.lean:179:0: 'SaturationMonoid.ResponsibilityLifecycle.LivingLawEvolution.ConstructiveRoot.NoIslandNoMagic.CanonicalArithmeticState.ParticleWaveFock.physicalJointMeasurement_unique' depends on axioms: [propext,
 Classical.choice,
 Quot.sound]
ℹ [4248/5105] Replayed H0mework.Versions.R2.Arithmetic.EulerLocal.UnitDeterminantAction
info: H0mework/Versions/R2/Arithmetic/EulerLocal/UnitDeterminantAction.lean:561:8: Try this:
  [apply] abel_nf
ℹ [4414/5284] Replayed H0mework.Versions.R2.Arithmetic.FockUnitAction.FourierSibling
info: H0mework/Versions/R2/Arithmetic/FockUnitAction/FourierSibling.lean:275:0: 'SaturationMonoid.ResponsibilityLifecycle.LivingLawEvolution.ConstructiveRoot.NoIslandNoMagic.CanonicalArithmeticState.ParticleWaveFockRuntimeExactPrimeFourierSibling.runtimePrimeOnlyWeightedNaturalCorrelation_eq_fourierCoefficient' depends on axioms: [propext,
 Classical.choice,
 Quot.sound]
info: H0mework/Versions/R2/Arithmetic/FockUnitAction/FourierSibling.lean:276:0: 'SaturationMonoid.ResponsibilityLifecycle.LivingLawEvolution.ConstructiveRoot.NoIslandNoMagic.CanonicalArithmeticState.ParticleWaveFockRuntimeExactPrimeFourierSibling.ownerPrimeOnlyComplexWeight_eq_exact' depends on axioms: [propext,
 Classical.choice,
 Quot.sound]
info: H0mework/Versions/R2/Arithmetic/FockUnitAction/FourierSibling.lean:277:0: 'SaturationMonoid.ResponsibilityLifecycle.LivingLawEvolution.ConstructiveRoot.NoIslandNoMagic.CanonicalArithmeticState.ParticleWaveFockRuntimeExactPrimeFourierSibling.runtimePrimeOnlyWeightedNaturalCorrelation_eq_exact' depends on axioms: [propext,
 Classical.choice,
 Quot.sound]
info: H0mework/Versions/R2/Arithmetic/FockUnitAction/FourierSibling.lean:278:0: 'SaturationMonoid.ResponsibilityLifecycle.LivingLawEvolution.ConstructiveRoot.NoIslandNoMagic.CanonicalArithmeticState.ParticleWaveFockRuntimeExactPrimeFourierSibling.effectiveFibre_nonempty_iff_exactPrimePairFiber' depends on axioms: [propext,
 Classical.choice,
 Quot.sound]
info: H0mework/Versions/R2/Arithmetic/FockUnitAction/FourierSibling.lean:279:0: 'SaturationMonoid.ResponsibilityLifecycle.LivingLawEvolution.ConstructiveRoot.NoIslandNoMagic.CanonicalArithmeticState.ParticleWaveFockRuntimeExactPrimeFourierSibling.runtimeAtomicOccupation_ne_zero_iff_primeOnlyWeightedNaturalCorrelation' depends on axioms: [propext,
 Classical.choice,
 Quot.sound]
info: H0mework/Versions/R2/Arithmetic/FockUnitAction/FourierSibling.lean:280:0: 'SaturationMonoid.ResponsibilityLifecycle.LivingLawEvolution.ConstructiveRoot.NoIslandNoMagic.CanonicalArithmeticState.ParticleWaveFockRuntimeExactPrimeFourierSibling.runtimeAtomicOccupation_ne_zero_iff_primeOnlyFourierCoefficient' depends on axioms: [propext,
 Classical.choice,
 Quot.sound]
info: H0mework/Versions/R2/Arithmetic/FockUnitAction/FourierSibling.lean:281:0: 'SaturationMonoid.ResponsibilityLifecycle.LivingLawEvolution.ConstructiveRoot.NoIslandNoMagic.CanonicalArithmeticState.ParticleWaveFockRuntimeExactPrimeFourierSibling.runtimeExactOwnerPrimeOnlyFourierSibling' depends on axioms: [propext,
 Classical.choice,
 Quot.sound]
✔ [4427/5294] Built H0mework.Versions.MF.Realization.Perfectification.Cofinal.LivingLawRootGeneratedCofinalRelationComplexKernel (6.8s)
✔ [4430/5295] Built H0mework.Versions.PR.Realization.JointState.TransitionController (6.9s)
✔ [4433/5295] Built H0mework.Versions.V2.Realization.Operations.Fibre.Source (3.4s)
✔ [4437/5381] Built H0mework.Versions.PR.Foundation.Responsibility.JointSource.Successor.Inquiry.Continuation.Boundary (5.1s)
✔ [4438/5381] Built H0mework.Versions.MF.Foundation.Responsibility.JointSource.Successor.Inquiry.Continuation.Completion.CommonRaw (5.1s)
ℹ [4604/5525] Replayed H0mework.Versions.R2.Arithmetic.MellinBoundary.PositiveMellinQuarterMaterial
info: H0mework/Versions/R2/Arithmetic/MellinBoundary/PositiveMellinQuarterMaterial.lean:197:6: Try this:
  [apply] ring_nf
  
  The `ring` tactic failed to close the goal. Use `ring_nf` to obtain a normal form.
    
  Note that `ring` works primarily in *commutative* rings. If you have a noncommutative ring, abelian group or module, consider using `noncomm_ring`, `abel` or `module` instead.
info: H0mework/Versions/R2/Arithmetic/MellinBoundary/PositiveMellinQuarterMaterial.lean:238:6: Try this:
  [apply] ring_nf
  
  The `ring` tactic failed to close the goal. Use `ring_nf` to obtain a normal form.
    
  Note that `ring` works primarily in *commutative* rings. If you have a noncommutative ring, abelian group or module, consider using `noncomm_ring`, `abel` or `module` instead.
✔ [4619/5535] Built H0mework.Versions.MF.Realization.Operations.Tree.Fold.Dependent.Branch.JointQuery.Actor.Operation.Query.Inventory.Observer.CurrentChild.Dynamic.Live.Native.Action.Coupled.Registry.Calculation.Common.Feedback.Continuation.SourceFamily.Foresight.Contextual.Profile.Finite.Reader.Difference.Inquiry.Input (9.1s)
✔ [4632/5542] Built H0mework.Versions.V2.Foundation.Responsibility.JointSource.OwnerFree.Native.Inverse (3.8s)
✔ [4634/5542] Built H0mework.Versions.PR.Realization.JointEffect.Alignment (4.4s)
✔ [4635/5544] Built H0mework.Versions.V2.Realization.Operations.Fibre.Recovery (3.5s)
✔ [4656/5567] Built H0mework.Versions.PR.Realization.Operations.Inquiry.Context.Faces.Execution.Activation.Inquiry (12s)
✔ [4657/5567] Built H0mework.Versions.V2.Arithmetic.FockUnitAction.Inventory.SourceSelected.Actor (8.5s)
✔ [4658/5567] Built H0mework.Versions.V2.Arithmetic.RiemannCharacter.ZeroMultiplicativeCharacterReadouts (5.5s)
✔ [4659/5567] Built H0mework.Versions.V2.Arithmetic.MuntzAction.ZeroMuntzRieszRelationTrace (5.5s)
✔ [4660/5567] Built H0mework.Versions.V2.Arithmetic.MuntzAction.CoPoissonMuntzGraphCokernelDilationNaturality (7.6s)
✔ [4661/5567] Built H0mework.Versions.V2.Arithmetic.RiemannGraph.ZeroRieszGraphOrthogonalState (7.4s)
✔ [4662/5567] Built H0mework.Versions.V2.Arithmetic.RiemannLineage.SeparatorFixednessConsumer (6.6s)
✔ [4663/5567] Built H0mework.Versions.PR.Realization.JointEffect.Fold (9.3s)
✔ [4664/5567] Built H0mework.Versions.V2.Arithmetic.FockUnitAction.Inventory.SourceSelected.TerminalRead (6.6s)
✔ [4665/5567] Built H0mework.Versions.V2.Arithmetic.FockUnitAction.Inventory.SourceSelected.Calculation.State (6.8s)
✔ [4666/5577] Built H0mework.Versions.PR.Realization.Operations.Inquiry.Context.Native.Orbit.Installation.Activation.Observation.Source (11s)
ℹ [4668/5577] Replayed H0mework.Arithmetic.BurnolCarrier.ConstantGapFace
info: H0mework/Arithmetic/BurnolCarrier/ConstantGapFace.lean:246:0: 'SaturationMonoid.ResponsibilityLifecycle.LivingLawEvolution.ConstructiveRoot.NoIslandNoMagic.CanonicalRiemann.ClozelGeneralizedDual.BurnolPhysicalState.intervalConstantLine_finrank' depends on axioms: [propext,
 Classical.choice,
 Quot.sound]
info: H0mework/Arithmetic/BurnolCarrier/ConstantGapFace.lean:247:0: 'SaturationMonoid.ResponsibilityLifecycle.LivingLawEvolution.ConstructiveRoot.NoIslandNoMagic.CanonicalRiemann.ClozelGeneralizedDual.BurnolPhysicalState.burnolFace_isClosed' depends on axioms: [propext,
 Classical.choice,
 Quot.sound]
ℹ [4673/5577] Replayed H0mework.Arithmetic.BurnolCarrier.ConstantGapFourier
info: H0mework/Arithmetic/BurnolCarrier/ConstantGapFourier.lean:220:0: 'SaturationMonoid.ResponsibilityLifecycle.LivingLawEvolution.ConstructiveRoot.NoIslandNoMagic.CanonicalRiemann.ClozelGeneralizedDual.BurnolPhysicalState.fourierL2_fourierL2' depends on axioms: [propext,
 Classical.choice,
 Quot.sound]
info: H0mework/Arithmetic/BurnolCarrier/ConstantGapFourier.lean:221:0: 'SaturationMonoid.ResponsibilityLifecycle.LivingLawEvolution.ConstructiveRoot.NoIslandNoMagic.CanonicalRiemann.ClozelGeneralizedDual.BurnolPhysicalState.faceFourier_bijective' depends on axioms: [propext,
 Classical.choice,
 Quot.sound]
info: H0mework/Arithmetic/BurnolCarrier/ConstantGapFourier.lean:222:0: 'SaturationMonoid.ResponsibilityLifecycle.LivingLawEvolution.ConstructiveRoot.NoIslandNoMagic.CanonicalRiemann.ClozelGeneralizedDual.BurnolPhysicalState.faceFourier_preserves_energy' depends on axioms: [propext,
 Classical.choice,
 Quot.sound]
✔ [4705/5614] Built H0mework.Versions.V2.Arithmetic.RiemannCharacter.ZeroIntegralCharacterGroupRing (8.1s)
✔ [4706/5614] Built H0mework.Versions.V2.Arithmetic.RiemannGraph.GraphTargetOwnerFreeDilation (7.7s)
✔ [4707/5614] Built H0mework.Versions.PR.Realization.JointEffect.FoldResidual (4.8s)
✔ [4708/5622] Built H0mework.Versions.V2.Arithmetic.FockUnitAction.Inventory.SourceSelected.Calculation.Programme (5.0s)
✔ [4709/5622] Built H0mework.Versions.V2.Arithmetic.FockUnitAction.Inventory.SourceSelected.FibreRead (5.1s)
✔ [4712/5649] Built H0mework.Versions.V2.Arithmetic.RiemannGraph.ZeroRieszGraphTargetState (8.2s)
ℹ [4727/5671] Replayed H0mework.Arithmetic.BurnolMellin.GaussianSuperpositionKernel
info: H0mework/Arithmetic/BurnolMellin/GaussianSuperpositionKernel.lean:57:4: Try this:
  [apply] ring_nf
  
  The `ring` tactic failed to close the goal. Use `ring_nf` to obtain a normal form.
    
  Note that `ring` works primarily in *commutative* rings. If you have a noncommutative ring, abelian group or module, consider using `noncomm_ring`, `abel` or `module` instead.
✔ [4743/5700] Built H0mework.Versions.V2.Arithmetic.FockUnitAction.Inventory.SourceSelected.Root (10s)
✔ [4745/5700] Built H0mework.Versions.V2.Arithmetic.RiemannCharacter.ZeroIntegralCharacterFullRowCycle (11s)
✔ [4746/5700] Built H0mework.Versions.V2.Arithmetic.SonineGap.ZeroBalancedSonineAnnihilation (10s)
✔ [4747/5700] Built H0mework.Versions.V2.Arithmetic.SonineSource.ModifiedWeakFEUnitDetector (12s)
✔ [4748/5702] Built H0mework.Versions.V2.Arithmetic.BurnolMellin.CompletedMellinPrimaryGenerator (14s)
ℹ [4750/5702] Built H0mework.Versions.V2.Arithmetic.BurnolPhysical.GraphGramBoundary (11s)
info: H0mework/Versions/V2/Arithmetic/BurnolPhysical/GraphGramBoundary.lean:140:0: 'SaturationMonoid.ResponsibilityLifecycle.LivingLawEvolution.ConstructiveRoot.NoIslandNoMagic.CanonicalRiemann.ClozelGeneralizedDual.BurnolPhysicalState.quarterMellinGraphDenseSourceMap_denseRange' depends on axioms: [propext,
 Classical.choice,
 Quot.sound]
info: H0mework/Versions/V2/Arithmetic/BurnolPhysical/GraphGramBoundary.lean:141:0: 'SaturationMonoid.ResponsibilityLifecycle.LivingLawEvolution.ConstructiveRoot.NoIslandNoMagic.CanonicalRiemann.ClozelGeneralizedDual.BurnolPhysicalState.graphSourceMap_finTwo_gram' depends on axioms: [propext,
 Classical.choice,
 Quot.sound]
info: H0mework/Versions/V2/Arithmetic/BurnolPhysical/GraphGramBoundary.lean:142:0: 'SaturationMonoid.ResponsibilityLifecycle.LivingLawEvolution.ConstructiveRoot.NoIslandNoMagic.CanonicalRiemann.ClozelGeneralizedDual.BurnolPhysicalState.coPoissonRelationGraphSource_finTwo_gram_at_zero' depends on axioms: [propext,
 Classical.choice,
 Quot.sound]
✔ [4751/5702] Built H0mework.Versions.PR.Realization.JointEffect.PassiveController (14s)
✔ [4752/5702] Built H0mework.Versions.V2.Arithmetic.FockUnitAction.Inventory.SourceSelected.Projection (7.8s)
✔ [4753/5702] Built H0mework.Versions.V2.Arithmetic.SonineSource.ModifiedWeakFEQuarterCarrier (7.4s)
✔ [4755/5702] Built H0mework.Versions.V2.Arithmetic.BurnolMellin.CompletedMellinOrthogonalityBoundary (7.2s)
✔ [4756/5702] Built H0mework.Versions.V2.Arithmetic.RiemannCharacter.ZeroGlobalCoPoissonCurrent (8.3s)
✔ [4757/5712] Built H0mework.Versions.V2.Arithmetic.SonineSource.BalancedSonineEnergyFace (8.5s)
✔ [4758/5712] Built H0mework.Versions.V2.Arithmetic.BurnolMellin.FourierSiblingComplementZero (6.6s)
✔ [4766/5713] Built H0mework.Versions.V2.Arithmetic.BurnolMellin.SourceStripMellinConvergence (6.0s)
ℹ [4767/5713] Built H0mework.Versions.V2.Arithmetic.RiemannSpectral.SourceRechart (6.4s)
info: H0mework/Versions/V2/Arithmetic/RiemannSpectral/SourceRechart.lean:39:2: Try this:
  [apply] ring_nf
  
  The `ring` tactic failed to close the goal. Use `ring_nf` to obtain a normal form.
    
  Note that `ring` works primarily in *commutative* rings. If you have a noncommutative ring, abelian group or module, consider using `noncomm_ring`, `abel` or `module` instead.
info: H0mework/Versions/V2/Arithmetic/RiemannSpectral/SourceRechart.lean:75:2: Try this:
  [apply] ring_nf
  
  The `ring` tactic failed to close the goal. Use `ring_nf` to obtain a normal form.
    
  Note that `ring` works primarily in *commutative* rings. If you have a noncommutative ring, abelian group or module, consider using `noncomm_ring`, `abel` or `module` instead.
info: H0mework/Versions/V2/Arithmetic/RiemannSpectral/SourceRechart.lean:141:2: Try this:
  [apply] ring_nf
  
  The `ring` tactic failed to close the goal. Use `ring_nf` to obtain a normal form.
    
  Note that `ring` works primarily in *commutative* rings. If you have a noncommutative ring, abelian group or module, consider using `noncomm_ring`, `abel` or `module` instead.
✔ [4768/5720] Built H0mework.Versions.PR.Realization.Operations.Tree.Fold.Dependent.Source (6.0s)
✔ [4773/5726] Built H0mework.Versions.V2.Arithmetic.FockResponsibility.OccurrenceRuntime (6.9s)
✔ [4774/5726] Built H0mework.Versions.V2.Arithmetic.RiemannCharacter.ZeroRieszCurrentCoupling (6.8s)
✔ [4775/5726] Built H0mework.Versions.V2.Arithmetic.BurnolMellin.GenericPhysicalMellinRead (7.6s)
✔ [4778/5726] Built H0mework.Versions.V2.Arithmetic.BurnolCarrier.CompactAnnulusZeroConsumer (6.8s)
ℹ [4779/5728] Built H0mework.Versions.V2.Arithmetic.BurnolMellin.SourceStripGaussianFubini (7.1s)
info: H0mework/Versions/V2/Arithmetic/BurnolMellin/SourceStripGaussianFubini.lean:195:6: Try this:
  [apply] ring_nf
  
  The `ring` tactic failed to close the goal. Use `ring_nf` to obtain a normal form.
    
  Note that `ring` works primarily in *commutative* rings. If you have a noncommutative ring, abelian group or module, consider using `noncomm_ring`, `abel` or `module` instead.
info: H0mework/Versions/V2/Arithmetic/BurnolMellin/SourceStripGaussianFubini.lean:263:4: Try this:
  [apply] ring_nf
  
  The `ring` tactic failed to close the goal. Use `ring_nf` to obtain a normal form.
    
  Note that `ring` works primarily in *commutative* rings. If you have a noncommutative ring, abelian group or module, consider using `noncomm_ring`, `abel` or `module` instead.
✔ [4780/5731] Built H0mework.Versions.V2.Arithmetic.FockResponsibility.DirectActuality (6.3s)
✔ [4781/5731] Built H0mework.Versions.V2.Arithmetic.MellinProjection.AmbientMellinProjection (6.1s)
✔ [4782/5731] Built H0mework.Versions.V2.Arithmetic.RiemannCharacter.ZeroRieszPrimeCurrentCoupling (6.5s)
✔ [4783/5731] Built H0mework.Versions.V2.Arithmetic.BurnolPhysical.QuarterMellinAdditiveEvenRechart (6.9s)
✔ [4784/5731] Built H0mework.Versions.V2.Arithmetic.RiemannDivision.GeneratedRiemannXiZeroLocalization (6.9s)
✔ [4785/5738] Built H0mework.Versions.V2.Arithmetic.SonineCoupling.ModifiedWeakFEPoleTrace (6.3s)
ℹ [4786/5738] Built H0mework.Versions.V2.Arithmetic.BurnolMellin.GenericGaussianFubini (7.2s)
info: H0mework/Versions/V2/Arithmetic/BurnolMellin/GenericGaussianFubini.lean:163:2: Try this:
  [apply] ring_nf
  
  The `ring` tactic failed to close the goal. Use `ring_nf` to obtain a normal form.
    
  Note that `ring` works primarily in *commutative* rings. If you have a noncommutative ring, abelian group or module, consider using `noncomm_ring`, `abel` or `module` instead.
info: H0mework/Versions/V2/Arithmetic/BurnolMellin/GenericGaussianFubini.lean:259:6: Try this:
  [apply] ring_nf
  
  The `ring` tactic failed to close the goal. Use `ring_nf` to obtain a normal form.
    
  Note that `ring` works primarily in *commutative* rings. If you have a noncommutative ring, abelian group or module, consider using `noncomm_ring`, `abel` or `module` instead.
✔ [4787/5739] Built H0mework.Versions.PR.Realization.Operations.Inquiry.Context.Faces.Execution.Activation.Target (46s)
✔ [4788/5744] Built H0mework.Versions.V2.Arithmetic.RiemannCharacter.ZeroRieszFullCharacter (10s)
✔ [4789/5744] Built H0mework.Versions.V2.Arithmetic.BurnolMellin.HomogeneousFourierMellin (10s)
✔ [4791/5753] Built H0mework.Versions.V2.Arithmetic.FockUnitAction.Direct.LivingLawCanonicalParticleWaveFockExactFourierMidpointProducer (10s)
✔ [4792/5755] Built H0mework.Versions.V2.Arithmetic.RiemannDivision.ModifiedWeakFEZeroLocalizedAction (10s)
✔ [4793/5755] Built H0mework.Versions.V2.Arithmetic.BurnolPhysical.QuarterMellinAdditiveRechartNorm (11s)
✔ [4794/5755] Built H0mework.Versions.V2.Arithmetic.RiemannDivision.QuarterEnergyRightResolventSource (13s)
✔ [4795/5755] Built H0mework.Versions.V2.Arithmetic.SonineProjection.EvenCorrection (13s)
✔ [4796/5755] Built H0mework.Versions.V2.Arithmetic.BurnolMellin.FourierSiblingOrthogonalityConsumer (6.7s)
✔ [4797/5755] Built H0mework.Versions.V2.Arithmetic.RiemannCharacter.ZeroRieszJConservation (7.0s)
✔ [4798/5755] Built H0mework.Versions.V2.Arithmetic.FockUnitAction.Inventory.SourceSelected.Consumer (6.0s)
✔ [4799/5761] Built H0mework.Versions.V2.Arithmetic.RiemannGraph.IntegralGraphOrbit (7.1s)
✔ [4800/5761] Built H0mework.Versions.V2.Arithmetic.RiemannDivision.BareRiemannZeroLocalizedAction (5.9s)
ℹ [4801/5761] Built H0mework.Versions.V2.Arithmetic.BurnolMellin.PhysicalHeatMellinStrip (6.9s)
info: H0mework/Versions/V2/Arithmetic/BurnolMellin/PhysicalHeatMellinStrip.lean:426:0: 'SaturationMonoid.ResponsibilityLifecycle.LivingLawEvolution.ConstructiveRoot.NoIslandNoMagic.CanonicalRiemann.ClozelGeneralizedDual.BurnolPhysicalState.burnolGenericGaussianHeatPair_mellin_differentiableOn' depends on axioms: [propext,
 Classical.choice,
 Quot.sound]
info: H0mework/Versions/V2/Arithmetic/BurnolMellin/PhysicalHeatMellinStrip.lean:427:0: 'SaturationMonoid.ResponsibilityLifecycle.LivingLawEvolution.ConstructiveRoot.NoIslandNoMagic.CanonicalRiemann.ClozelGeneralizedDual.BurnolPhysicalState.burnolPhysicalHeatMellinStrip_isConnected' depends on axioms: [propext,
 Classical.choice,
 Quot.sound]
✔ [4802/5761] Built H0mework.Versions.V2.Arithmetic.BurnolPhysical.QuarterMellinAdditiveRechartAlgebra (7.2s)
✔ [4803/5761] Built H0mework.Versions.PR.Realization.Operations.Inquiry.Context.Faces.Execution.Activation.Compiler (23s)
✔ [4804/5761] Built H0mework.Versions.V2.Arithmetic.RiemannAnnulus.CoreAnnulusDilationSource (6.6s)
✔ [4805/5765] Built H0mework.Versions.V2.Arithmetic.FockUnitAction.Inventory.SourceSelected.Calculation.Registered (6.0s)
✔ [4806/5765] Built H0mework.Versions.V2.Arithmetic.BurnolPhysical.L2DirectDilation (7.2s)
✔ [4807/5765] Built H0mework.Versions.V2.Arithmetic.SonineProjection.ProjectionFormula (7.5s)
✔ [4808/5765] Built H0mework.Versions.V2.Arithmetic.RiemannSpectral.PaOrthogonalCompression (7.9s)
✔ [4809/5765] Built H0mework.Versions.V2.Arithmetic.RiemannGraph.IntegralGraphKernelCompatibility (7.8s)
✔ [4810/5768] Built H0mework.Versions.V2.Arithmetic.RiemannGraph.IntegralGraphCouplingResidual (6.0s)
✔ [4811/5768] Built H0mework.Versions.V2.Arithmetic.RiemannGraph.IntegralGraphCharacterReadback (6.2s)
✔ [4812/5768] Built H0mework.Versions.V2.Arithmetic.BurnolMellin.PhysicalHeatMellinConvergence (6.0s)
✔ [4813/5768] Built H0mework.Versions.V2.Arithmetic.RiemannDivision.RiemannXiComplementLocalization (6.2s)
✔ [4814/5768] Built H0mework.Versions.V2.Arithmetic.RiemannGraph.ZeroJointStateModuleOccurrence (6.0s)
✔ [4815/5768] Built H0mework.Versions.V2.Arithmetic.RiemannAnnulus.CoordinateMatchedAnnulusDilationSource (5.5s)
✔ [4816/5768] Built H0mework.Versions.V2.Arithmetic.BurnolPhysical.QuarterMellinAdditiveRechartAction (5.3s)
✔ [4817/5768] Built H0mework.Versions.V2.Arithmetic.FockUnitAction.Inventory.SourceSelected.Calculation.Cursor (6.5s)
✔ [4818/5768] Built H0mework.Versions.PR.Realization.Operations.Inquiry.Context.Faces.Execution.Activation.Runtime (9.9s)
✔ [4819/5776] Built H0mework.Versions.V2.Arithmetic.SonineCoupling.ModifiedWeakFEPoleSourceEnergy (5.1s)
✔ [4820/5776] Built H0mework.Versions.V2.Arithmetic.TruncatedFourier.DilationAction (6.7s)
✔ [4821/5776] Built H0mework.Versions.V2.Arithmetic.RiemannGraph.JointStateModuleQRichReadback (5.4s)
✔ [4822/5776] Built H0mework.Versions.V2.Arithmetic.RieszCanonicalRaw.RieszSingleFourierSource (6.0s)
✔ [4823/5776] Built H0mework.Versions.V2.Arithmetic.RiemannSpectral.PaDiagonalBoundary (6.9s)
✔ [4824/5776] Built H0mework.Versions.V2.Arithmetic.RiemannGraph.StageZeroCenteredGramDisposition (5.4s)
✔ [4825/5776] Built H0mework.Versions.V2.Arithmetic.MobiusSource.WindowOperator (8.1s)
✔ [4826/5776] Built H0mework.Versions.V2.Arithmetic.RiemannAnnulus.CoordinateNormalizedAnnulusSource (6.8s)
✔ [4827/5776] Built H0mework.Versions.V2.Realization.Operations.Inquiry.Context.Native.Frame.Source (4.5s)
✔ [4828/5776] Built H0mework.Versions.V2.Realization.Operations.Inquiry.Context.Faces.Execution.Activation.Environment (4.7s)
✔ [4829/5776] Built H0mework.Versions.V2.Arithmetic.FockUnitAction.Inventory.SourceSelected.Calculation.Cursor.Source (5.9s)
✔ [4830/5776] Built H0mework.Versions.PR.Realization.Operations.Inquiry.Context.Faces.Execution.Activation.Relation.Source (4.4s)
✔ [4831/5776] Built H0mework.Versions.PR.Realization.Operations.Inquiry.Context.Outgoing.Source (4.3s)
✔ [4832/5779] Built H0mework.Versions.V2.Realization.Operations.Inquiry.Context.Faces.Execution.Activation.Completion (5.7s)
✔ [4833/5779] Built H0mework.Versions.PR.Realization.Operations.Inquiry.Context.Faces.Execution.Activation.Receipt.Source (4.0s)
✔ [4834/5779] Built H0mework.Versions.PR.Realization.Operations.Inquiry.Context.Faces.Execution.Activation.Inventory.Source (4.7s)
✔ [4835/5779] Built H0mework.Versions.V2.Arithmetic.TruncatedFourier.Overlap (7.0s)
✔ [4836/5779] Built H0mework.Versions.V2.Arithmetic.RiemannResolvent.QuarterEnergyRightResolventFaithful (8.7s)
✔ [4837/5779] Built H0mework.Versions.PR.Foundation.Responsibility.JointSource.OwnerFree.Installation.Math.Frame.Source (11s)
ℹ [4838/5779] Built H0mework.Versions.V2.Arithmetic.RiemannGraph.IntegralGraphJointAction (6.1s)
info: H0mework/Versions/V2/Arithmetic/RiemannGraph/IntegralGraphJointAction.lean:299:0: 'SaturationMonoid.ResponsibilityLifecycle.LivingLawEvolution.ConstructiveRoot.NoIslandNoMagic.CanonicalRiemann.ClozelGeneralizedDual.CenteredGram.IntegralGraphJointAction.selected_jointOmega_faces' depends on axioms: [propext,
 Classical.choice,
 Quot.sound]
info: H0mework/Versions/V2/Arithmetic/RiemannGraph/IntegralGraphJointAction.lean:300:0: 'SaturationMonoid.ResponsibilityLifecycle.LivingLawEvolution.ConstructiveRoot.NoIslandNoMagic.CanonicalRiemann.ClozelGeneralizedDual.CenteredGram.IntegralGraphJointAction.selected_incidence_coherent_readback' depends on axioms: [propext,
 Classical.choice,
 Quot.sound]
info: H0mework/Versions/V2/Arithmetic/RiemannGraph/IntegralGraphJointAction.lean:301:0: 'SaturationMonoid.ResponsibilityLifecycle.LivingLawEvolution.ConstructiveRoot.NoIslandNoMagic.CanonicalRiemann.ClozelGeneralizedDual.CenteredGram.IntegralGraphJointAction.selected_incidence_measurement_readback' depends on axioms: [propext,
 Classical.choice,
 Quot.sound]
info: H0mework/Versions/V2/Arithmetic/RiemannGraph/IntegralGraphJointAction.lean:302:0: 'SaturationMonoid.ResponsibilityLifecycle.LivingLawEvolution.ConstructiveRoot.NoIslandNoMagic.CanonicalRiemann.ClozelGeneralizedDual.CenteredGram.IntegralGraphJointAction.selected_incidence_measurement_delta' depends on axioms: [propext,
 Classical.choice,
 Quot.sound]
info: H0mework/Versions/V2/Arithmetic/RiemannGraph/IntegralGraphJointAction.lean:303:0: 'SaturationMonoid.ResponsibilityLifecycle.LivingLawEvolution.ConstructiveRoot.NoIslandNoMagic.CanonicalRiemann.ClozelGeneralizedDual.CenteredGram.IntegralGraphJointAction.selected_normalized_measurement_reads_existing_character' depends on axioms: [propext,
 Classical.choice,
 Quot.sound]
info: H0mework/Versions/V2/Arithmetic/RiemannGraph/IntegralGraphJointAction.lean:304:0: 'SaturationMonoid.ResponsibilityLifecycle.LivingLawEvolution.ConstructiveRoot.NoIslandNoMagic.CanonicalRiemann.ClozelGeneralizedDual.CenteredGram.IntegralGraphJointAction.paired_jointOmega_faces' depends on axioms: [propext,
 Classical.choice,
 Quot.sound]
info: H0mework/Versions/V2/Arithmetic/RiemannGraph/IntegralGraphJointAction.lean:305:0: 'SaturationMonoid.ResponsibilityLifecycle.LivingLawEvolution.ConstructiveRoot.NoIslandNoMagic.CanonicalRiemann.ClozelGeneralizedDual.CenteredGram.IntegralGraphJointAction.paired_incidence_coherent_readback' depends on axioms: [propext,
 Classical.choice,
 Quot.sound]
info: H0mework/Versions/V2/Arithmetic/RiemannGraph/IntegralGraphJointAction.lean:306:0: 'SaturationMonoid.ResponsibilityLifecycle.LivingLawEvolution.ConstructiveRoot.NoIslandNoMagic.CanonicalRiemann.ClozelGeneralizedDual.CenteredGram.IntegralGraphJointAction.paired_incidence_measurement_readback' depends on axioms: [propext,
 Classical.choice,
 Quot.sound]
info: H0mework/Versions/V2/Arithmetic/RiemannGraph/IntegralGraphJointAction.lean:307:0: 'SaturationMonoid.ResponsibilityLifecycle.LivingLawEvolution.ConstructiveRoot.NoIslandNoMagic.CanonicalRiemann.ClozelGeneralizedDual.CenteredGram.IntegralGraphJointAction.paired_incidence_zmodTwo_zero' depends on axioms: [propext,
 Classical.choice,
 Quot.sound]
info: H0mework/Versions/V2/Arithmetic/RiemannGraph/IntegralGraphJointAction.lean:308:0: 'SaturationMonoid.ResponsibilityLifecycle.LivingLawEvolution.ConstructiveRoot.NoIslandNoMagic.CanonicalRiemann.ClozelGeneralizedDual.CenteredGram.IntegralGraphJointAction.paired_incidence_zmodTwo_one' depends on axioms: [propext,
 Classical.choice,
 Quot.sound]
info: H0mework/Versions/V2/Arithmetic/RiemannGraph/IntegralGraphJointAction.lean:309:0: 'SaturationMonoid.ResponsibilityLifecycle.LivingLawEvolution.ConstructiveRoot.NoIslandNoMagic.CanonicalRiemann.ClozelGeneralizedDual.CenteredGram.IntegralGraphJointAction.paired_normalized_measurement_reads_jointStateModulePair' depends on axioms: [propext,
 Classical.choice,
 Quot.sound]
✔ [4839/5779] Built H0mework.Versions.V2.Arithmetic.RieszCanonicalRaw.RieszCanonicalRaw (6.7s)
✔ [4840/5779] Built H0mework.Versions.PR.Realization.Operations.Inquiry.Context.Faces.Execution.Activation.Observation.Source (11s)
✔ [4841/5779] Built H0mework.Versions.PR.Realization.Operations.Inquiry.Context.Native.Orbit.Installation.Activation.Observation.Runtime (17s)
✔ [4842/5779] Built H0mework.Versions.V2.Arithmetic.RiemannSpectral.ClozelBurnolPaZeroObservation (6.3s)
✔ [4843/5779] Built H0mework.Versions.V2.Arithmetic.MellinProjection.PaBoundaryCommutator (9.3s)
✔ [4844/5779] Built H0mework.Versions.V2.Arithmetic.SonineGap.StageZeroResidualPrism (8.1s)
✔ [4845/5779] Built H0mework.Versions.V2.Arithmetic.FockUnitAction.Inventory.SourceSelected.Calculation.Cursor.Consumer (7.9s)
✔ [4846/5779] Built H0mework.Versions.V2.Arithmetic.MobiusSource.SourceRead (8.6s)
✔ [4847/5779] Built H0mework.Versions.PR.Realization.Operations.Inquiry.Context.Faces.Execution.Activation.Relation.Consumer (8.0s)
✔ [4848/5779] Built H0mework.Versions.V2.Realization.Operations.Inquiry.Context.Faces.Execution.Activation.Completion.Prefix (5.4s)
✔ [4849/5779] Built H0mework.Versions.PR.Realization.Operations.Inquiry.Context.Faces.Execution.Activation.Receipt.Execution (4.5s)
✔ [4850/5779] Built H0mework.Versions.V2.Foundation.Responsibility.JointSource.OwnerFree.Installation.Math.Frame.Environment (4.6s)
✔ [4851/5779] Built H0mework.Versions.PR.Realization.Perfectification.Occurrence.Temporal.Installation (4.7s)
✔ [4852/5779] Built H0mework.Versions.V2.Realization.Operations.Inquiry.Context.Faces.Execution.Activation.Completion.Births (6.3s)
✔ [4853/5779] Built H0mework.Versions.PR.Realization.Operations.Inquiry.Context.Faces.Execution.Activation.Payment.Source (26s)
✔ [4854/5779] Built H0mework.Versions.V2.Arithmetic.RiemannRuntime.PairedIntegralGraphJointActionOccurrence (5.5s)
✔ [4855/5779] Built H0mework.Versions.PR.Realization.Operations.Inquiry.Context.Outgoing.Consumer (16s)
✔ [4856/5779] Built H0mework.Versions.PR.Realization.Operations.Inquiry.Context.Faces.Execution.Activation.Inventory.Consumer (11s)
✔ [4857/5779] Built H0mework.Versions.V2.Arithmetic.RieszCanonicalRaw.EvenProjectionCanonicalRaw (6.5s)
✔ [4858/5779] Built H0mework.Versions.V2.Arithmetic.MellinProjection.GapTailDilation (6.5s)
✔ [4859/5779] Built H0mework.Versions.V2.Arithmetic.RieszGreen.RawDerivative (7.8s)
✔ [4860/5779] Built H0mework.Versions.V2.Realization.Operations.Inquiry.Context.Faces.Execution.Activation.Environment.Increment (6.1s)
✔ [4861/5779] Built H0mework.Versions.PR.Realization.Operations.Inquiry.Context.Native.Orbit.Installation.Source (7.3s)
✔ [4862/5779] Built H0mework.Versions.PR.Realization.Operations.Inquiry.Context.Native.Orbit.Installation.Activation.Observation.Consumer (5.8s)
✔ [4863/5779] Built H0mework.Versions.V2.Arithmetic.RieszCanonicalRaw.RieszDilationRaw (8.7s)
✔ [4864/5779] Built H0mework.Versions.V2.Arithmetic.BurnolPhysical.ModifiedWeakFEUnitPhysicalMellinRead (6.7s)
✔ [4865/5779] Built H0mework.Versions.V2.Arithmetic.RieszSynthesis.GapMean (6.7s)
✔ [4866/5779] Built H0mework.Versions.PR.Realization.Perfectification.Occurrence.Temporal.Consumer (5.6s)
✔ [4867/5779] Built H0mework.Versions.PR.Realization.Operations.Inquiry.Context.Faces.Execution.Activation.Relation.Runtime (5.9s)
✔ [4868/5779] Built H0mework.Versions.V2.Arithmetic.FockUnitAction.Inventory.SourceSelected.Calculation.Cursor.Native.Source (7.4s)
✔ [4869/5779] Built H0mework.Versions.V2.Arithmetic.MobiusSource.Replay (7.9s)
✔ [4870/5779] Built H0mework.Versions.PR.Realization.Operations.Inquiry.Context.Faces.Execution.Activation.Receipt.Compiler (7.5s)
✔ [4871/5779] Built H0mework.Versions.PR.Realization.Operations.Inquiry.Context.Faces.Execution.Activation.Payment.Consumer (6.1s)
ℹ [4872/5779] Built H0mework.Checks.SecondEdition.V2.Framework.SourcePolicy.Births (4.9s)
info: H0mework/Checks/SecondEdition/V2/Framework/SourcePolicy/Births.lean:81:0: 'SaturationMonoid.ResponsibilityLifecycle.LivingLawEvolution.ConstructiveRoot.SourceOperationInquiry.Context.Faces.Execution.Activation.Shared.Completion.Births.birthIndex_strictMono' depends on axioms: [propext,
 Classical.choice,
 Quot.sound]
info: H0mework/Checks/SecondEdition/V2/Framework/SourcePolicy/Births.lean:82:0: 'SaturationMonoid.ResponsibilityLifecycle.LivingLawEvolution.ConstructiveRoot.SourcePolicyBirthControls.cover_after' depends on axioms: [propext,
 Classical.choice,
 Quot.sound]
info: H0mework/Checks/SecondEdition/V2/Framework/SourcePolicy/Births.lean:83:0: 'SaturationMonoid.ResponsibilityLifecycle.LivingLawEvolution.ConstructiveRoot.SourceOperationInquiry.Context.Faces.Execution.Activation.Shared.Completion.Births.actual_action' depends on axioms: [propext,
 Classical.choice,
 Quot.sound]
info: H0mework/Checks/SecondEdition/V2/Framework/SourcePolicy/Births.lean:84:0: 'SaturationMonoid.ResponsibilityLifecycle.LivingLawEvolution.ConstructiveRoot.SourceOperationInquiry.Context.Faces.Execution.Activation.Shared.Completion.Births.actual_next' depends on axioms: [propext,
 Classical.choice,
 Quot.sound]
info: H0mework/Checks/SecondEdition/V2/Framework/SourcePolicy/Births.lean:85:0: 'SaturationMonoid.ResponsibilityLifecycle.LivingLawEvolution.ConstructiveRoot.SourceOperationInquiry.Context.Faces.Execution.Activation.Shared.Completion.Births.actual_compiles' depends on axioms: [propext,
 Classical.choice,
 Quot.sound]
info: H0mework/Checks/SecondEdition/V2/Framework/SourcePolicy/Births.lean:86:0: 'SaturationMonoid.ResponsibilityLifecycle.LivingLawEvolution.ConstructiveRoot.SourcePolicyBirthControls.covered_tick_read' depends on axioms: [propext,
 Classical.choice,
 Quot.sound]
info: H0mework/Checks/SecondEdition/V2/Framework/SourcePolicy/Births.lean:87:0: 'SaturationMonoid.ResponsibilityLifecycle.LivingLawEvolution.ConstructiveRoot.SourcePolicyBirthControls.actual_birth_receipt' depends on axioms: [propext,
 Classical.choice,
 Quot.sound]
info: H0mework/Checks/SecondEdition/V2/Framework/SourcePolicy/Births.lean:88:0: 'SaturationMonoid.ResponsibilityLifecycle.LivingLawEvolution.ConstructiveRoot.SourcePolicyBirthControls.born_raw_environment' depends on axioms: [propext,
 Classical.choice,
 Quot.sound]
info: H0mework/Checks/SecondEdition/V2/Framework/SourcePolicy/Births.lean:89:0: 'SaturationMonoid.ResponsibilityLifecycle.LivingLawEvolution.ConstructiveRoot.SourcePolicyBirthControls.observed_after_birth' depends on axioms: [propext,
 Classical.choice,
 Quot.sound]
info: H0mework/Checks/SecondEdition/V2/Framework/SourcePolicy/Births.lean:90:0: 'SaturationMonoid.ResponsibilityLifecycle.LivingLawEvolution.ConstructiveRoot.SourcePolicyBirthControls.birth_stage_delta' depends on axioms: [propext,
 Classical.choice,
 Quot.sound]
✔ [4873/5779] Built H0mework.Versions.PR.Realization.Operations.Inquiry.Context.Native.Orbit.Installation.Activation.Observation.Lineage.Source (4.8s)
✔ [4874/5779] Built H0mework.Versions.V2.Arithmetic.MellinProjection.SchwartzIBP (6.8s)
✔ [4875/5779] Built H0mework.Versions.PR.Realization.Operations.Inquiry.Context.Native.Orbit.Installation.Relations (7.0s)
✔ [4876/5779] Built H0mework.Versions.V2.Arithmetic.RiemannRuntime.PairedOmegaRootEffect (7.9s)
✔ [4877/5779] Built H0mework.Versions.V2.Arithmetic.RieszCanonicalRaw.PairedBoundaryCanonicalRaw (6.8s)
✔ [4878/5779] Built H0mework.Versions.PR.Realization.Operations.Inquiry.Context.Faces.Execution.Activation.Inventory.Transport (9.7s)
✔ [4879/5779] Built H0mework.Versions.PR.Realization.Perfectification.Occurrence.Temporal.Action.Installation (5.8s)
✔ [4880/5779] Built H0mework.Versions.PR.Realization.Perfectification.Occurrence.Temporal.History.Common.RootSource (6.0s)
✔ [4881/5779] Built H0mework.Versions.V2.Arithmetic.RiemannAnnulus.CompactCoPoissonQuarterProjection (8.4s)
✔ [4882/5779] Built H0mework.Versions.V2.Arithmetic.MobiusSource.WindowClosedRange (7.7s)
✔ [4883/5779] Built H0mework.Versions.PR.Realization.Operations.Inquiry.Context.Faces.Execution.Activation.Receipt.Consumer (7.0s)
✔ [4884/5779] Built H0mework.Versions.PR.Realization.Operations.Inquiry.Context.Native.Orbit.Installation.Activation.Observation.Lineage.Laws (6.6s)
✔ [4885/5779] Built H0mework.Versions.V2.Arithmetic.FockUnitAction.Inventory.SourceSelected.Calculation.Cursor.Native.Action (9.2s)
✔ [4886/5779] Built H0mework.Versions.V2.Arithmetic.MellinProjection.Distribution (7.8s)
✔ [4887/5779] Built H0mework.Versions.PR.Realization.Operations.Inquiry.Context.Native.Orbit.Installation.Material (6.1s)
✔ [4888/5779] Built H0mework.Versions.PR.Realization.Operations.Inquiry.Context.Faces.Execution.Activation.Inventory.Kernel.Source (4.4s)
✔ [4889/5779] Built H0mework.Versions.V2.Arithmetic.RieszCanonicalRaw.BoundaryTracePosition (7.0s)
✔ [4890/5779] Built H0mework.Versions.PR.Realization.Perfectification.Occurrence.Temporal.Action.Consumer (5.3s)
✔ [4891/5779] Built H0mework.Versions.PR.Realization.Perfectification.Occurrence.Temporal.History.Common.Evaluator.Source (5.4s)
ℹ [4892/5779] Built H0mework.Versions.V2.Arithmetic.RiemannResolvent.CoordinateMatchedExactOrderClosedRange (6.0s)
info: H0mework/Versions/V2/Arithmetic/RiemannResolvent/CoordinateMatchedExactOrderClosedRange.lean:46:4: Try this:
  [apply] ring_nf
  
  The `ring` tactic failed to close the goal. Use `ring_nf` to obtain a normal form.
    
  Note that `ring` works primarily in *commutative* rings. If you have a noncommutative ring, abelian group or module, consider using `noncomm_ring`, `abel` or `module` instead.
✔ [4893/5779] Built H0mework.Versions.PR.Realization.Perfectification.Occurrence.Temporal.History.Common.Action.Source (6.9s)
✔ [4894/5779] Built H0mework.Versions.PR.Realization.Operations.Inquiry.Context.Faces.Execution.Activation.Receipt.Runtime (4.6s)
✔ [4895/5781] Built H0mework.Versions.V2.Arithmetic.MellinTateSource.L2Raw (6.5s)
✔ [4896/5781] Built H0mework.Versions.V2.Arithmetic.BurnolPhysical.QuarterMellinAdditiveRechartCompletion (8.5s)
✔ [4897/5781] Built H0mework.Versions.V2.Arithmetic.MellinProjection.FourierSource (7.8s)
✔ [4898/5781] Built H0mework.Versions.V2.Arithmetic.FockUnitAction.Inventory.SourceSelected.Calculation.Cursor.Native.Consumer (8.7s)
✔ [4899/5781] Built H0mework.Versions.V2.Arithmetic.RieszEuler.GapEulerSource (8.4s)
✔ [4900/5781] Built H0mework.Versions.PR.Realization.Operations.Inquiry.Context.Native.Orbit.Installation.Activation.Source (7.2s)
✔ [4902/5781] Built H0mework.Versions.PR.Realization.Operations.Tree.Fold.Dependent.Branch.Side (5.4s)
✔ [4903/5781] Built H0mework.Versions.PR.Realization.Operations.Inquiry.Context.Native.Orbit.Installation.Inquiry (8.6s)
✔ [4904/5781] Built H0mework.Versions.PR.Realization.Operations.Inquiry.Context.Faces.Execution.Activation.Inventory.Kernel.Consumer (9.0s)
✔ [4905/5781] Built H0mework.Versions.V2.Arithmetic.RiemannAnnulus.AnalyticComplementNormalizedSource (7.5s)
✔ [4906/5781] Built H0mework.Versions.PR.Realization.Operations.Tree.Fold.Dependent.Branch.JointQuery.Actor.Operation.Catalogue (5.6s)
✔ [4907/5781] Built H0mework.Versions.PR.Realization.Operations.Tree.Fold.Dependent.Joint.Source (6.1s)
✔ [4908/5786] Built H0mework.Versions.V2.Arithmetic.MellinTateSource.Isometry (6.8s)
✔ [4909/5786] Built H0mework.Versions.PR.Realization.Operations.Inquiry.Context.Native.Orbit.Installation.Activation.Runtime (5.4s)
✔ [4911/5791] Built H0mework.Versions.PR.Realization.Operations.Tree.Fold.Dependent.Branch.Source (5.4s)
✔ [4912/5791] Built H0mework.Versions.V2.Arithmetic.RieszEuler.Scalar (6.4s)
✔ [4914/5791] Built H0mework.Versions.V2.Arithmetic.RiemannDivision.QuarterFeatureCompletionTranslation (8.0s)
✔ [4915/5791] Built H0mework.Versions.V2.Arithmetic.MellinProjection.FourierPairing (7.0s)
✔ [4916/5792] Built H0mework.Versions.PR.Realization.Operations.Inquiry.Context.Faces.Execution.Activation.Inventory.Runtime (6.1s)
✔ [4918/5792] Built H0mework.Versions.V2.Arithmetic.RiemannAnnulus.AnalyticComplementSignedAnnulusSource (6.1s)
✔ [4919/5792] Built H0mework.Versions.PR.Realization.Operations.Inquiry.Context.Native.Orbit.Installation.Activation.Payment.Source (4.4s)
✔ [4920/5797] Built H0mework.Versions.PR.Realization.Operations.Inquiry.Context.Native.Orbit.Installation.Activation.Consumer (4.8s)
✔ [4922/5797] Built H0mework.Versions.PR.Realization.Operations.Tree.Fold.Dependent.Branch.Installation (4.6s)
✔ [4924/5808] Built H0mework.Versions.PR.Realization.Operations.Tree.Fold.Dependent.Joint.Laws (7.2s)
✔ [4925/5808] Built H0mework.Versions.V2.Arithmetic.RemainderSource.RemainderKernel (6.1s)
✔ [4926/5808] Built H0mework.Versions.V2.Arithmetic.MobiusSource.Tate (6.5s)
✔ [4927/5808] Built H0mework.Versions.V2.Arithmetic.MellinProjection.Canonical (5.3s)
✔ [4928/5808] Built H0mework.Versions.PR.Realization.Operations.Inquiry.Context.Native.Orbit.Installation.Activation.Payment.Consumer (5.2s)
✔ [4931/5810] Built H0mework.Versions.PR.Realization.Operations.Inquiry.Context.Faces.Execution.Activation.Inventory.Physical.Source (5.0s)
✔ [4932/5810] Built H0mework.Versions.V2.Arithmetic.RiemannResolvent.QuarterFeatureCompletionRightResolvent (8.6s)
✔ [4933/5810] Built H0mework.Versions.PR.Realization.Perfectification.Occurrence.Temporal.History.Common.Evaluator.Installation (5.4s)
✔ [4934/5810] Built H0mework.Versions.PR.Realization.Perfectification.Occurrence.Temporal.History.Common.Installation (5.5s)
✔ [4935/5810] Built H0mework.Versions.PR.Realization.Perfectification.Occurrence.Temporal.History.Common.Action.Installation (6.3s)
✔ [4936/5810] Built H0mework.Versions.PR.Realization.Operations.Tree.Fold.Dependent.Joint.Installation (4.6s)
✔ [4938/5810] Built H0mework.Versions.PR.Realization.Operations.Tree.Fold.Dependent.Branch.Consumer (6.0s)
✔ [4939/5810] Built H0mework.Versions.V2.Arithmetic.RemainderSource.RemainderAction (5.4s)
✔ [4940/5810] Built H0mework.Versions.V2.Arithmetic.RemainderSource.RemainderCompact (5.8s)
✔ [4941/5810] Built H0mework.Versions.V2.Arithmetic.RieszCanonicalRaw.Forcing (5.6s)
✔ [4942/5810] Built H0mework.Versions.V2.Arithmetic.RieszSynthesis.MobiusAdjoint (6.8s)
✔ [4943/5810] Built H0mework.Versions.V2.Arithmetic.RemainderSource.RemainderMean (6.4s)
✔ [4944/5817] Built H0mework.Versions.PR.Realization.Operations.Inquiry.Context.Faces.Execution.Activation.Inventory.Physical.Consumer (6.1s)
✔ [4945/5817] Built H0mework.Versions.PR.Realization.Perfectification.Occurrence.Temporal.History.Common.Evaluator.Consumer (6.3s)
✔ [4946/5817] Built H0mework.Versions.V2.Arithmetic.RiemannDivision.DirectRightResolvent (8.7s)
✔ [4947/5817] Built H0mework.Versions.PR.Realization.Operations.Tree.Fold.Dependent.Branch.SideConsumer (6.1s)
✔ [4948/5817] Built H0mework.Versions.PR.Realization.Perfectification.Occurrence.Temporal.History.Common.Consumer (7.4s)
✔ [4949/5817] Built H0mework.Versions.PR.Realization.Operations.Inquiry.Context.Native.Orbit.Installation.Activation.Execution.Source (20s)
✔ [4950/5817] Built H0mework.Versions.V2.Arithmetic.RiemannResolvent.StableAnnulusResolventLanding (9.7s)
✔ [4951/5817] Built H0mework.Versions.PR.Realization.Perfectification.Occurrence.Temporal.History.Common.Action.Consumer (10s)
✔ [4952/5817] Built H0mework.Versions.V2.Arithmetic.RemainderSource.FaithfulForward (7.7s)
✔ [4953/5817] Built H0mework.Versions.PR.Realization.Operations.Inquiry.Context.Faces.Execution.Activation.Inventory.Pair.Action.Source (4.5s)
✔ [4954/5817] Built H0mework.Versions.V2.Arithmetic.RieszCanonicalRaw.FourierKernel (6.1s)
✔ [4955/5823] Built H0mework.Versions.V2.Arithmetic.RemainderSource.RemainderClosedRange (6.8s)
✔ [4956/5823] Built H0mework.Versions.V2.Arithmetic.RieszForcing.SourceParity (5.8s)
✔ [4957/5823] Built H0mework.Versions.V2.Arithmetic.MobiusSource.FirstCell (6.5s)
✔ [4958/5823] Built H0mework.Versions.V2.Arithmetic.RiemannDivision.RightDivisionTail (6.2s)
✔ [4959/5823] Built H0mework.Versions.PR.Realization.Operations.Tree.Fold.Dependent.Branch.SideOutput (5.6s)
✔ [4960/5823] Built H0mework.Versions.PR.Realization.Operations.Inquiry.Context.Native.Orbit.Installation.Activation.Execution.Inquiry (6.4s)
✔ [4961/5823] Built H0mework.Versions.V2.Arithmetic.RemainderSource.Continuity (8.5s)
✔ [4962/5823] Built H0mework.Versions.PR.Realization.Operations.Inquiry.Context.Faces.Execution.Activation.Inventory.Pair.Source (5.8s)
✔ [4963/5823] Built H0mework.Versions.V2.Arithmetic.RiemannResolvent.CoordinateMatchedResolventProjectionLanding (7.2s)
✔ [4964/5824] Built H0mework.Versions.V2.Arithmetic.RieszSourceKernel.Trace (6.6s)
✔ [4965/5824] Built H0mework.Versions.V2.Arithmetic.RiemannResolvent.PaResidualBoundary (10s)
✔ [4966/5824] Built H0mework.Versions.PR.Realization.Operations.Tree.Fold.Dependent.Joint.Consumer (10s)
✔ [4967/5824] Built H0mework.Versions.PR.Realization.Operations.Tree.Fold.Dependent.Branch.Complete (7.0s)
✔ [4968/5824] Built H0mework.Versions.V2.Arithmetic.RiemannDivision.RightDivisionRepresentative (11s)
✔ [4969/5824] Built H0mework.Versions.V2.Arithmetic.RemainderSource.ResolventBoundary (8.4s)
✔ [4970/5824] Built H0mework.Versions.V2.Arithmetic.MobiusSource.ActionProjection (10s)
✔ [4971/5824] Built H0mework.Versions.V2.Arithmetic.RieszFinitePairing.PairingRaw (7.5s)
✔ [4972/5824] Built H0mework.Versions.V2.Arithmetic.RiemannResolvent.CoordinateMatchedExactOrderResolvent (7.7s)
✔ [4973/5824] Built H0mework.Versions.V2.Arithmetic.RiemannResolvent.SignedSourceOrbit (9.2s)
✔ [4974/5824] Built H0mework.Versions.PR.Realization.Operations.Tree.Fold.Dependent.Branch.Words (6.6s)
✔ [4975/5824] Built H0mework.Versions.V2.Arithmetic.RemainderSource.BochnerPairing (6.3s)
✔ [4976/5829] Built H0mework.Versions.PR.Realization.Operations.Tree.Fold.Dependent.Joint.Common (8.4s)
✔ [4977/5831] Built H0mework.Versions.V2.Arithmetic.RemainderSource.Recovery (6.8s)
✔ [4978/5831] Built H0mework.Versions.PR.Realization.Operations.Inquiry.Context.Native.Orbit.Installation.Activation.Execution.Consumer (17s)
✔ [4979/5831] Built H0mework.Versions.PR.Realization.Operations.Inquiry.Context.Faces.Execution.Activation.Inventory.Pair.Consumer (19s)
✔ [4980/5832] Built H0mework.Versions.V2.Arithmetic.RiemannFirstSource.GeneratorResolvent (5.2s)
✔ [4981/5832] Built H0mework.Versions.PR.Realization.Operations.Tree.Fold.Dependent.Branch.Maps (4.4s)
✔ [4982/5832] Built H0mework.Versions.V2.Arithmetic.RiemannDivision.RightDivisionFubini (6.3s)
✔ [4983/5832] Built H0mework.Versions.V2.Arithmetic.RiemannResolvent.QuarterCompletionSignedBoundary (13s)
✔ [4984/5832] Built H0mework.Versions.PR.Realization.Operations.Tree.Fold.Dependent.Branch.Inverse (4.4s)
✔ [4985/5832] Built H0mework.Versions.V2.Arithmetic.RiemannResolvent.AnalyticComplementExactOrderResolvent (5.3s)
✔ [4986/5832] Built H0mework.Versions.V2.Arithmetic.MobiusSource.TateForcing (5.5s)
✔ [4987/5836] Built H0mework.Versions.PR.Realization.Operations.Tree.Fold.Dependent.Joint.Evaluator (5.2s)
✔ [4988/5836] Built H0mework.Versions.PR.Realization.Operations.Inquiry.Context.Native.Orbit.Installation.Activation.Execution.Noetherian (5.1s)
✔ [4989/5836] Built H0mework.Versions.V2.Arithmetic.RemainderSource.Window (6.3s)
✔ [4990/5836] Built H0mework.Versions.PR.Realization.Operations.Inquiry.Context.Native.Orbit.Installation.Activation.Execution.Residual.Family (7.3s)
✔ [4991/5836] Built H0mework.Versions.PR.Realization.Operations.Inquiry.Context.Native.Orbit.Installation.Activation.Execution.Residual.Source (7.4s)
✔ [4992/5836] Built H0mework.Versions.V2.Arithmetic.RiemannUnitShell.Algebra (7.3s)
✔ [4993/5836] Built H0mework.Versions.PR.Realization.Operations.Inquiry.Context.Faces.Execution.Activation.Inventory.Pair.Transport (7.9s)
✔ [4994/5836] Built H0mework.Versions.PR.Realization.Operations.Tree.Fold.Dependent.Branch.Rich (6.3s)
✔ [4995/5836] Built H0mework.Versions.V2.Arithmetic.RiemannDivision.RightDivisionClosedFace (8.9s)
✔ [4996/5839] Built H0mework.Versions.V2.Arithmetic.RiemannAnnulus.AnalyticComplementFinitePartRead (7.5s)
✔ [4997/5839] Built H0mework.Versions.V2.Arithmetic.RiemannFirstSource.GeneratorResolventOperator (5.0s)
✔ [4998/5859] Built H0mework.Versions.V2.Arithmetic.MobiusSource.OneSource (7.0s)
✔ [5000/5870] Built H0mework.Versions.PR.Realization.Operations.Tree.Fold.Dependent.Branch.Readback (4.9s)
✔ [5001/5875] Built H0mework.Versions.PR.Realization.Operations.Inquiry.Context.Native.Orbit.Installation.Activation.Execution.Residual.Mother (9.6s)
✔ [5002/5890] Built H0mework.Versions.PR.Realization.Operations.Inquiry.Context.Native.Orbit.Installation.Activation.Execution.Faces (17s)
✔ [5003/5901] Built H0mework.Versions.V2.Arithmetic.RiemannAnnulus.AnalyticComplementPhysicalPairing (6.0s)
✔ [5004/5921] Built H0mework.Versions.PR.Realization.Operations.Tree.Fold.Dependent.Joint.Action (11s)
✔ [5005/5921] Built H0mework.Versions.V2.Arithmetic.RiemannDivision.AnalyticComplementDivisionJet (5.3s)
✔ [5006/5921] Built H0mework.Versions.V2.Arithmetic.RiemannBandKernel.Sampling (5.2s)
✔ [5007/5926] Built H0mework.Versions.PR.Realization.Operations.Tree.Fold.Dependent.Branch.RichConsumer (4.7s)
✔ [5009/5926] Built H0mework.Versions.PR.Realization.Operations.Inquiry.Context.Faces.Execution.Activation.Inventory.Pair.Runtime (11s)
✔ [5010/5929] Built H0mework.Versions.V2.Arithmetic.RiemannSourceGreen.Linearity (4.9s)
✔ [5011/5929] Built H0mework.Versions.V2.Arithmetic.RiemannUnitRegularity.Euler (7.7s)
✔ [5012/5929] Built H0mework.Versions.V2.Arithmetic.RieszEuler.GapEulerFourier (6.1s)
✔ [5013/5929] Built H0mework.Versions.PR.Realization.Operations.Tree.Fold.Dependent.Joint.Transport (6.1s)
✔ [5014/5929] Built H0mework.Versions.V2.Arithmetic.RiemannDivision.AnalyticComplementDivisionState (6.6s)
✔ [5015/5929] Built H0mework.Versions.PR.Realization.Operations.Tree.Fold.Dependent.Joint.ActionWords.Source (7.8s)
✔ [5016/5929] Built H0mework.Versions.PR.Realization.Operations.Tree.Fold.Dependent.Branch.Relation.Source (6.0s)
✔ [5017/5929] Built H0mework.Versions.PR.Realization.Operations.Tree.Fold.Dependent.Branch.Fresh (7.8s)
✔ [5018/5929] Built H0mework.Versions.V2.Arithmetic.MellinProjection.FiniteWindow (5.8s)
✔ [5019/5929] Built H0mework.Versions.V2.Arithmetic.RiemannUnitRegularity.Gap (6.3s)
✔ [5020/5929] Built H0mework.Versions.V2.Arithmetic.RiemannSourceGreen.FixedClosure (6.8s)
✔ [5021/5929] Built H0mework.Versions.V2.Arithmetic.RieszEuler.Weak (5.7s)
✔ [5022/5934] Built H0mework.Versions.PR.Realization.Operations.Tree.Fold.Dependent.Joint.Programme (5.0s)
✔ [5023/5934] Built H0mework.Versions.V2.Arithmetic.RieszEuler.Even (6.7s)
ℹ [5024/5934] Built H0mework.Versions.V2.Arithmetic.RiemannDivision.AnalyticComplementAmbientMellinEvaluator (5.6s)
info: H0mework/Versions/V2/Arithmetic/RiemannDivision/AnalyticComplementAmbientMellinEvaluator.lean:146:2: Try this:
  [apply] ring_nf
  
  The `ring` tactic failed to close the goal. Use `ring_nf` to obtain a normal form.
    
  Note that `ring` works primarily in *commutative* rings. If you have a noncommutative ring, abelian group or module, consider using `noncomm_ring`, `abel` or `module` instead.
✔ [5025/5938] Built H0mework.Versions.PR.Realization.Operations.Tree.Fold.Dependent.Branch.Relation.Installation (4.2s)
✔ [5026/5938] Built H0mework.Versions.PR.Realization.Operations.Inquiry.Context.Faces.Execution.Activation.Inventory.Pair.Renewal.Source (13s)
✔ [5027/5938] Built H0mework.Versions.PR.Realization.Operations.Tree.Fold.Dependent.Branch.Relation.Action.Source (4.2s)
✔ [5028/5938] Built H0mework.Versions.PR.Realization.Operations.Tree.Fold.Dependent.Joint.Calculation (4.6s)
✔ [5029/5938] Built H0mework.Versions.PR.Realization.Operations.Tree.Fold.Dependent.Joint.ActionWords.Inventory.Source (6.5s)
✔ [5030/5938] Built H0mework.Versions.PR.Realization.Operations.Tree.Fold.Dependent.Joint.ActionWords.Programme (7.3s)
✔ [5031/5938] Built H0mework.Versions.V2.Arithmetic.RieszResponse.ResponseRead (5.3s)
✔ [5032/5938] Built H0mework.Versions.V2.Arithmetic.SonineProjection.Ward (5.5s)
✔ [5033/5938] Built H0mework.Versions.PR.Realization.Operations.Tree.Fold.Dependent.Branch.Relation.Consumer (5.2s)
✔ [5034/5939] Built H0mework.Versions.PR.Realization.Operations.Tree.Fold.Dependent.Branch.JointQuery.Source (4.5s)
✔ [5035/5939] Built H0mework.Versions.V2.Arithmetic.RiemannDivision.AnalyticComplementAmbientMellinRead (6.4s)
✔ [5036/5939] Built H0mework.Versions.PR.Realization.Operations.Tree.Fold.Dependent.Joint.CalculationConsumer (4.0s)
✔ [5037/5941] Built H0mework.Versions.PR.Realization.Operations.Tree.Fold.Dependent.Joint.ActionWords.Inventory.Programme (8.5s)
✔ [5038/5941] Built H0mework.Versions.PR.Realization.Operations.Tree.Fold.Dependent.Joint.ActionWords.Inventory.Restriction (9.7s)
✔ [5039/5941] Built H0mework.Versions.PR.Realization.Operations.Tree.Fold.Dependent.Branch.Relation.History (5.4s)
✔ [5040/5941] Built H0mework.Versions.PR.Realization.Operations.Tree.Fold.Dependent.Joint.ActionWords.Acted (9.2s)
✔ [5041/5941] Built H0mework.Versions.PR.Realization.Operations.Inquiry.Context.Faces.Execution.Activation.Inventory.Pair.Renewal.Consumer (13s)
✔ [5042/5941] Built H0mework.Versions.PR.Realization.Operations.Tree.Fold.Dependent.Branch.JointQuery.Actor.Source (4.1s)
✔ [5043/5941] Built H0mework.Versions.V2.Arithmetic.RieszFiniteSource.Bochner (9.7s)
✔ [5044/5941] Built H0mework.Versions.PR.Realization.Operations.Tree.Fold.Dependent.Branch.JointQuery.Installation (3.9s)
✔ [5045/5941] Built H0mework.Versions.V2.Arithmetic.RieszFiniteSource.Edge (10s)
✔ [5046/5941] Built H0mework.Versions.V2.Arithmetic.RieszSourceKernel.KernelSource (5.8s)
✔ [5047/5941] Built H0mework.Versions.V2.Arithmetic.SonineProjection.ConstructorCompact (10s)
✔ [5048/5941] Built H0mework.Versions.PR.Realization.Operations.Tree.Fold.Dependent.Branch.JointQuery.Action.Source (4.7s)
✔ [5049/5941] Built H0mework.Versions.PR.Realization.Operations.Tree.Fold.Dependent.Branch.JointQuery.Consumer (4.5s)
✔ [5050/5941] Built H0mework.Versions.PR.Realization.Operations.Tree.Fold.Dependent.Joint.Effect (5.1s)
✔ [5051/5941] Built H0mework.Versions.PR.Realization.Operations.Tree.Fold.Dependent.Joint.Fibre (5.4s)
✔ [5052/5941] Built H0mework.Versions.PR.Realization.Operations.Tree.Fold.Dependent.Branch.Relation.Incoming.Source (4.2s)
✔ [5053/5941] Built H0mework.Versions.V2.Arithmetic.RiemannDivision.AnalyticComplementHeatJetContinuation (5.9s)
✔ [5054/5941] Built H0mework.Versions.V2.Arithmetic.RieszEuler.Forcing (5.7s)
✔ [5055/5941] Built H0mework.Versions.PR.Realization.Operations.Inquiry.Context.Faces.Execution.Activation.Inventory.Pair.Renewal.Runtime (4.8s)
✔ [5056/5941] Built H0mework.Versions.PR.Realization.Operations.Tree.Fold.Dependent.Joint.ActionWords.Inventory.Acted (7.7s)
✔ [5057/5941] Built H0mework.Versions.PR.Realization.Operations.Tree.Fold.Dependent.Branch.JointQuery.Actor.Operation.Source (5.7s)
✔ [5058/5941] Built H0mework.Versions.PR.Realization.Operations.Tree.Fold.Dependent.Branch.JointQuery.Action.History.Source (3.6s)
✔ [5059/5941] Built H0mework.Versions.PR.Realization.Operations.Tree.Fold.Dependent.Branch.JointQuery.Action.Consumer (3.5s)
✔ [5060/5941] Built H0mework.Versions.V2.Arithmetic.SonineProjection.Return (5.3s)
✔ [5061/5941] Built H0mework.Versions.V2.Arithmetic.RieszColumns.EdgeSupport (5.6s)
✔ [5062/5941] Built H0mework.Versions.V2.Arithmetic.RieszFiniteSource.FourierPrimitive (5.7s)
✔ [5063/5941] Built H0mework.Versions.PR.Realization.Operations.Tree.Fold.Dependent.Branch.JointQuery.Actor.Consumer (3.9s)
✔ [5064/5941] Built H0mework.Versions.PR.Realization.Operations.Tree.Fold.Dependent.Branch.JointQuery.Readback (4.8s)
✔ [5065/5941] Built H0mework.Versions.PR.Realization.Operations.Tree.Fold.Dependent.Branch.Relation.Incoming.Laws (4.0s)
✔ [5066/5947] Built H0mework.Versions.PR.Realization.Operations.Tree.Fold.Dependent.Joint.Fibres (4.2s)
✔ [5067/5947] Built H0mework.Versions.PR.Realization.Operations.Tree.Fold.Dependent.Joint.TargetDifference (5.0s)
✔ [5068/5948] Built H0mework.Versions.PR.Realization.Operations.Inquiry.Context.Faces.Execution.Activation.Inventory.Pair.Residual.Source (4.3s)
✔ [5070/5948] Built H0mework.Versions.PR.Realization.Operations.Tree.Fold.Dependent.Branch.JointQuery.Actor.Operation.Query.Source (4.4s)
✔ [5071/5951] Built H0mework.Versions.PR.Realization.Operations.Tree.Fold.Dependent.Branch.JointQuery.Action.History.Consumer (3.9s)
ℹ [5072/5951] Replayed H0mework.Arithmetic.RieszForcing.WeakIntervalPairing
info: H0mework/Arithmetic/RieszForcing/WeakIntervalPairing.lean:104:2: Try this:
  [apply] ring_nf
  
  The `ring` tactic failed to close the goal. Use `ring_nf` to obtain a normal form.
    
  Note that `ring` works primarily in *commutative* rings. If you have a noncommutative ring, abelian group or module, consider using `noncomm_ring`, `abel` or `module` instead.
✔ [5073/5962] Built H0mework.Versions.V2.Arithmetic.RiemannDivision.AnalyticComplementDivisionPhysicality (5.6s)
✔ [5075/5972] Built H0mework.Versions.PR.Realization.Operations.Tree.Fold.Dependent.Branch.Relation.Incoming.Consumer (3.7s)
✔ [5076/5972] Built H0mework.Versions.V2.Arithmetic.RieszFiniteSource.FourierEdge (5.5s)
✔ [5077/5979] Built H0mework.Versions.PR.Realization.Operations.Tree.Fold.Dependent.Branch.JointQuery.Actor.Operation.Consumer (5.8s)
✔ [5078/5979] Built H0mework.Versions.PR.Realization.Operations.Tree.Fold.Dependent.Joint.TargetProgramme (4.3s)
✔ [5079/5979] Built H0mework.Versions.V2.Arithmetic.SonineProjection.MeanZero (6.9s)
✔ [5080/5979] Built H0mework.Versions.V2.Arithmetic.RiemannDivision.AnalyticComplementExactOrderPhysicalRead (4.5s)
✔ [5081/5980] Built H0mework.Versions.PR.Realization.Operations.Inquiry.Context.Faces.Execution.Activation.Inventory.Pair.Residual.Consumer (5.5s)
✔ [5082/5980] Built H0mework.Versions.PR.Realization.Operations.Tree.Fold.Dependent.Branch.Relation.Incoming.Transport (3.8s)
✔ [5083/5982] Built H0mework.Versions.V2.Arithmetic.RiemannSpectral.PaFixedShiftBoundaryRead (4.3s)
✔ [5084/5998] Built H0mework.Versions.PR.Realization.Operations.Tree.Fold.Dependent.Branch.JointQuery.Actor.Operation.Query.Consumer (4.5s)
✔ [5086/6001] Built H0mework.Versions.PR.Realization.Operations.Tree.Fold.Dependent.Joint.TargetCalculation (4.6s)
✔ [5087/6003] Built H0mework.Versions.V2.Arithmetic.RieszEuler.EdgeRaw (5.5s)
✔ [5089/6018] Built H0mework.Versions.PR.Realization.Operations.Tree.Fold.Dependent.Branch.JointQuery.Actor.Operation.Query.Inventory.Language (9.5s)
✔ [5090/6018] Built H0mework.Versions.V2.Arithmetic.RieszSourceKernel.Core (5.3s)
✔ [5091/6018] Built H0mework.Versions.V2.Arithmetic.RiemannDivision.AnalyticComplementExactOrderPaResidualState (5.4s)
✔ [5092/6018] Built H0mework.Versions.PR.Realization.Operations.Inquiry.Context.Faces.Execution.Activation.Inventory.Pair.Residual.Transport (4.1s)
✔ [5093/6018] Built H0mework.Versions.PR.Realization.Operations.Tree.Fold.Dependent.Joint.TargetConsumer (4.2s)
✔ [5094/6018] Built H0mework.Versions.PR.Realization.Operations.Tree.Fold.Dependent.Branch.Relation.Incoming.Continuation (5.0s)
✔ [5095/6018] Built H0mework.Versions.V2.Arithmetic.RieszFinitePairing.ColumnIntegral (4.0s)
✔ [5096/6018] Built H0mework.Versions.V2.Arithmetic.RieszEuler.EdgeFourier (4.9s)
✔ [5097/6018] Built H0mework.Versions.V2.Arithmetic.RiemannBandResponse.Source.Jet (4.9s)
✔ [5098/6018] Built H0mework.Versions.V2.Arithmetic.RiemannFirstSource.AnalyticComplementPaSourceRealization (4.1s)
✔ [5099/6018] Built H0mework.Versions.PR.Realization.Operations.Tree.Fold.Dependent.Joint.TargetFaces (3.4s)
✔ [5100/6018] Built H0mework.Versions.PR.Realization.Operations.Tree.Fold.Dependent.Branch.Relation.Incoming.Request.Source (2.0s)
✔ [5101/6018] Built H0mework.Versions.PR.Realization.Operations.Inquiry.Context.Faces.Execution.Activation.Inventory.Pair.Residual.Runtime (9.0s)
✔ [5102/6018] Built H0mework.Versions.V2.Arithmetic.RieszForcing.ForcingWhole (5.5s)
✔ [5103/6018] Built H0mework.Versions.V2.Arithmetic.RieszSourceKernel.ResponseProfile (5.6s)
✔ [5104/6018] Built H0mework.Versions.V2.Arithmetic.RiemannBandResponse.Source.Division (5.5s)
✔ [5105/6018] Built H0mework.Versions.PR.Realization.Operations.Tree.Fold.Dependent.Joint.Targets (4.5s)
✔ [5106/6018] Built H0mework.Versions.PR.Realization.Operations.Tree.Fold.Dependent.Branch.Relation.Incoming.Request.Installation (4.3s)
✔ [5107/6018] Built H0mework.Versions.V2.Arithmetic.RiemannFirstSource.SignedOrbit (5.5s)
✔ [5108/6018] Built H0mework.Versions.V2.Arithmetic.RiemannFirstSource.ThetaPairing (7.9s)
✔ [5109/6018] Built H0mework.Versions.PR.Realization.Operations.Inquiry.Context.Faces.Execution.Activation.Inventory.Pair.Residual.Joint.History (4.0s)
✔ [5110/6018] Built H0mework.Versions.PR.Realization.Operations.Tree.Fold.Dependent.Branch.Relation.Incoming.Request.Runtime (4.7s)
✔ [5111/6018] Built H0mework.Versions.PR.Realization.Operations.Tree.Fold.Dependent.Next.Material (4.0s)
✔ [5112/6018] Built H0mework.Versions.V2.Arithmetic.RieszForcing.ForcingMeanZero (6.2s)
✔ [5113/6018] Built H0mework.Versions.V2.Arithmetic.RieszFiniteSource.SourceProfile (6.3s)
✔ [5114/6018] Built H0mework.Versions.V2.Arithmetic.RieszSourceKernel.KernelEquation (7.5s)
✔ [5115/6018] Built H0mework.Versions.V2.Arithmetic.RiemannFirstSource.FirstCell (6.1s)
✔ [5116/6018] Built H0mework.Versions.PR.Realization.Operations.Tree.Fold.Dependent.Branch.Relation.Incoming.Request.Action.Source (3.9s)
✔ [5117/6018] Built H0mework.Versions.PR.Realization.Operations.Inquiry.Context.Faces.Execution.Activation.Inventory.Pair.Residual.Joint.Generated (4.4s)
✔ [5118/6018] Built H0mework.Versions.PR.Realization.Operations.Tree.Fold.Dependent.Branch.Relation.Incoming.Request.Consumer (5.5s)
✔ [5119/6018] Built H0mework.Versions.V2.Arithmetic.RieszEuler.WindowTest (4.4s)
✔ [5120/6018] Built H0mework.Versions.V2.Arithmetic.RieszForcing.Interval (5.1s)
✔ [5121/6018] Built H0mework.Versions.V2.Arithmetic.RieszForcing.ForcingCutoffPairing (5.3s)
✔ [5122/6018] Built H0mework.Versions.PR.Realization.Operations.Inquiry.Context.Faces.Execution.Activation.Inventory.Pair.Residual.Joint.Source (4.2s)
✔ [5123/6018] Built H0mework.Versions.PR.Realization.Operations.Tree.Fold.Dependent.Branch.Relation.Incoming.Request.Action.Consumer (4.9s)
✔ [5124/6018] Built H0mework.Versions.PR.Realization.Operations.Tree.Fold.Dependent.Branch.JointQuery.Actor.Operation.Query.Inventory.Observer.CurrentChild.Dynamic.Live.Native.Action.Coupled.Registry.Calculation.Common.Feedback.Continuation.SourceFamily.Foresight.Contextual.Forecast.Dispatch (4.9s)
✔ [5125/6018] Built H0mework.Versions.V2.Arithmetic.RiemannFirstSource.OneSource (5.9s)
✔ [5126/6018] Built H0mework.Versions.PR.Realization.Operations.Tree.Fold.Dependent.Branch.Relation.Incoming.Request.WriteBack.Source (5.2s)
✔ [5127/6018] Built H0mework.Versions.V2.Arithmetic.RieszSourceKernel.Controls (5.5s)
✔ [5128/6018] Built H0mework.Versions.V2.Arithmetic.RieszForcing.ForcingCutoff (5.6s)
✔ [5129/6018] Built H0mework.Versions.PR.Realization.Operations.Inquiry.Context.Faces.Execution.Activation.Inventory.Pair.Residual.Joint.Past.Source (4.8s)
✔ [5130/6018] Built H0mework.Versions.V2.Arithmetic.RieszEuler.Extension (7.7s)
✔ [5131/6018] Built H0mework.Versions.PR.Realization.Operations.Inquiry.Context.Faces.Execution.Activation.Inventory.Pair.Residual.Joint.Consumer (8.5s)
✔ [5132/6018] Built H0mework.Versions.V2.Arithmetic.RiemannFirstSource.Remainder (7.3s)
✔ [5133/6018] Built H0mework.Versions.PR.Realization.Operations.Inquiry.Context.Faces.Execution.Activation.Inventory.Pair.Residual.Joint.Past.NextObservation.Source (4.2s)
✔ [5134/6018] Built H0mework.Versions.PR.Realization.Operations.Tree.Fold.Dependent.Branch.Relation.Incoming.Request.WriteBack.Laws (7.8s)
✔ [5135/6018] Built H0mework.Versions.V2.Arithmetic.RieszEuler.SourceKernel (6.5s)
✔ [5136/6018] Built H0mework.Versions.V2.Arithmetic.RieszEuler.Return (4.8s)
✔ [5137/6018] Built H0mework.Versions.PR.Realization.Operations.Inquiry.Context.Faces.Execution.Activation.Receipt.Inventory.Source (4.6s)
✔ [5138/6018] Built H0mework.Versions.PR.Realization.Operations.Inquiry.Context.Faces.Execution.Activation.Inventory.Pair.Residual.Joint.Transport (4.0s)
✔ [5139/6018] Built H0mework.Versions.PR.Realization.Operations.Inquiry.Context.Faces.Execution.Activation.Inventory.Pair.Residual.Joint.Past.NextObservation.Consumer (4.4s)
✔ [5140/6018] Built H0mework.Versions.PR.Realization.Operations.Tree.Fold.Dependent.Branch.Relation.Incoming.Request.WriteBack.Consumer (5.4s)
✔ [5141/6018] Built H0mework.Versions.V2.Arithmetic.RiemannResolvent.CompleteRemainder (8.6s)
✔ [5142/6018] Built H0mework.Versions.V2.Arithmetic.RieszEuler.EulerSource (7.2s)
✔ [5143/6018] Built H0mework.Versions.PR.Realization.Operations.Inquiry.Context.Faces.Execution.Activation.Inventory.Pair.Residual.Joint.Past.NextObservation.Request.Source (4.9s)
✔ [5144/6018] Built H0mework.Versions.PR.Realization.Operations.Inquiry.Context.Faces.Execution.Activation.Receipt.Inventory.Laws (7.5s)
✔ [5145/6018] Built H0mework.Versions.V2.Arithmetic.RiemannResolvent.CompleteTate (6.4s)
✔ [5146/6018] Built H0mework.Versions.V2.Arithmetic.RieszEuler.SourceWard (7.1s)
✔ [5147/6018] Built H0mework.Versions.V2.Arithmetic.RiemannResolvent.CompleteGap (7.6s)
✔ [5148/6018] Built H0mework.Versions.PR.Realization.Operations.Inquiry.Context.Faces.Execution.Activation.Inventory.Pair.Residual.Joint.Runtime (11s)
✔ [5149/6018] Built H0mework.Versions.V2.Arithmetic.RemainderSource.InnerPower (8.2s)
✔ [5150/6018] Built H0mework.Versions.PR.Realization.Operations.Inquiry.Context.Faces.Execution.Activation.Receipt.Inventory.Installation (8.1s)
✔ [5151/6018] Built H0mework.Versions.PR.Realization.Operations.Inquiry.Context.Faces.Execution.Activation.Inventory.Pair.Residual.Joint.Past.Consumer (5.4s)
✔ [5152/6018] Built H0mework.Versions.PR.Realization.Operations.Inquiry.Context.Faces.Execution.Activation.Inventory.Pair.Residual.Joint.Past.NextObservation.Request.Execution (12s)
✔ [5153/6018] Built H0mework.Versions.V2.Arithmetic.RiemannNativeCurrent.FirstRawPairing (11s)
✔ [5154/6018] Built H0mework.Versions.PR.Realization.Operations.Inquiry.Context.Faces.Execution.Activation.Inventory.Pair.Residual.Joint.Past.NextObservation.Request.Occurrence (3.7s)
✔ [5155/6018] Built H0mework.Versions.V2.Arithmetic.RieszEuler.Solve (10s)
✖ [5156/6018] Building H0mework.Versions.PR.Realization.Operations.Inquiry.Context.Faces.Execution.Activation.Inventory.Pair.Residual.Joint.Past.InventoryTransport (4.9s)
trace: .> LEAN_PATH=./Lean/.lake/packages/Cli/.lake/build/lib/lean:./Lean/.lake/packages/batteries/.lake/build/lib/lean:./Lean/.lake/packages/Qq/.lake/build/lib/lean:./Lean/.lake/packages/aesop/.lake/build/lib/lean:./Lean/.lake/packages/proofwidgets/.lake/build/lib/lean:./Lean/.lake/packages/importGraph/.lake/build/lib/lean:./Lean/.lake/packages/LeanSearchClient/.lake/build/lib/lean:./Lean/.lake/packages/plausible/.lake/build/lib/lean:./Lean/.lake/packages/mathlib/.lake/build/lib/lean:./Lean/.lake/build/lib/lean runtime/elan/manual/lean-4.33.0-darwin_aarch64/bin/lean -DmaxHeartbeats=2000000 -Dweak.linter.unusedSectionVars=false -Dweak.linter.unnecessarySeqFocus=false -Dweak.linter.unusedVariables=false -Dweak.linter.unreachableTactic=false -Dweak.linter.unusedTactic=false -Dweak.linter.defProp=false -Dweak.linter.deprecated=false -Dlinter.deprecated=false -Dweak.linter.tacticAnalysis.introMerge=false -Dweak.linter.constructorNameAsVariable=false --trust=0 -Dweak.linter.unnecessarySimpa=false -Dweak.linter.style.haveILetI=false -Dweak.linter.unusedSimpArgs=false -DwarningAsError=true ./Lean/H0mework/Versions/PR/Realization/Operations/Inquiry/Context/Faces/Execution/Activation/Inventory/Pair/Residual/Joint/Past/InventoryTransport.lean -o ./Lean/.lake/build/lib/lean/H0mework/Versions/PR/Realization/Operations/Inquiry/Context/Faces/Execution/Activation/Inventory/Pair/Residual/Joint/Past/InventoryTransport.olean -i ./Lean/.lake/build/lib/lean/H0mework/Versions/PR/Realization/Operations/Inquiry/Context/Faces/Execution/Activation/Inventory/Pair/Residual/Joint/Past/InventoryTransport.ilean -c ./Lean/.lake/build/ir/H0mework/Versions/PR/Realization/Operations/Inquiry/Context/Faces/Execution/Activation/Inventory/Pair/Residual/Joint/Past/InventoryTransport.c --setup ./Lean/.lake/build/ir/H0mework/Versions/PR/Realization/Operations/Inquiry/Context/Faces/Execution/Activation/Inventory/Pair/Residual/Joint/Past/InventoryTransport.setup.json --json
error: H0mework/Versions/PR/Realization/Operations/Inquiry/Context/Faces/Execution/Activation/Inventory/Pair/Residual/Joint/Past/InventoryTransport.lean:56:6: Tactic `rewrite` failed: Did not find an occurrence of the pattern
  disposition seed (epoch frame) (Shared.actualOccurrence frame)
in the target expression
  PresentedRelationEventAt.relation ↑(kernelWord seed (epoch frame) (Shared.actualOccurrence frame) sound coordinate) ∈
    (Generated.writtenInventory seed (epoch frame) (Shared.actualOccurrence frame)
        ((fun {current} => raw seed (epoch frame)) (Shared.actualOccurrence frame))
        (Generated.disposition seed (epoch frame) (Shared.actualOccurrence frame)
          ((fun {current} => raw seed (epoch frame)) (Shared.actualOccurrence frame)))).trace

Sorts : Type u
PhysicalValue PhysicalVar : Sorts → Type u
inst✝ : (target : Sorts) → AddCommGroup (PhysicalValue target)
sort : Sorts
seed : RootedAccountedUnfolding (PresentedRelationEventAt (Expr PhysicalValue PhysicalVar sort))
frame target : RootGeneratedDebtActivationJointSource.Successor.Inquiry.Continuation.Frame
preserved :
  ∀ event ∈ (written seed frame).trace,
    event ∈ (pairInventory seed (epoch target) (Shared.actualOccurrence target)).trace
sound : (face seed (epoch frame) (Shared.actualOccurrence frame)).GeneratedRelationSoundnessAt
obstruction : (face seed (epoch frame) (Shared.actualOccurrence frame)).GeneratedCoverageResidualObstructionAt sound
coordinate : (face seed (epoch frame) (Shared.actualOccurrence frame)).GeneratedKernelResidualCoordinateAt sound
selected :
  disposition seed (epoch frame) (Shared.actualOccurrence frame) =
    ResidualDispositionOutcome.kernelResidual sound obstruction coordinate
⊢ PresentedRelationEventAt.relation ↑(kernelWord seed (epoch frame) (Shared.actualOccurrence frame) sound coordinate) ∈
    (Generated.writtenInventory seed (epoch frame) (Shared.actualOccurrence frame)
        ((fun {current} => raw seed (epoch frame)) (Shared.actualOccurrence frame))
        (Generated.disposition seed (epoch frame) (Shared.actualOccurrence frame)
          ((fun {current} => raw seed (epoch frame)) (Shared.actualOccurrence frame)))).trace

Note: The target expression is not type-correct under the `implicit` transparency level, which may have triggered the failure. This is usually caused by unfolding of semireducible definitions in prior tactic steps. Use `set_option linter.tacticCheckInstances true` to investigate the source of the issue.
Full error:
  Application type mismatch: The argument
    (Shared.actualVisit frame).current
  has type
    (RootGeneratedDebtActivationJointSource.Successor.CompilerFromPacketSourceLaw.JointV frame.registered
        frame.packetAt).Current
  but is expected to have type
    RootGeneratedDebtActivationJointSource.Successor.CompilerFromPacketSourceLaw.Current (epoch frame).registered
  in the application
    @Generated.writtenInventory Sorts PhysicalValue PhysicalVar inst✝ sort seed (epoch frame)
      (Shared.actualVisit frame).current
error: Lean exited with code 1
✔ [5157/6018] Built H0mework.Versions.V2.Realization.Operations.Inquiry.Context.Faces.Execution.Activation.Inventory.Pair.Residual.Joint.Past.InventoryTransport (5.0s)
✔ [5158/6018] Built H0mework.Versions.V2.Arithmetic.RiemannNativeCurrent.FirstUnitPairing (5.5s)
✔ [5159/6018] Built H0mework.Versions.V2.Arithmetic.RieszSourceKernel.Generated (5.0s)
✔ [5160/6018] Built H0mework.Versions.V2.Arithmetic.RieszResponse.ResponseEquation (6.1s)
✔ [5161/6018] Built H0mework.Versions.V2.Arithmetic.RieszGreen.ReturnGreen (6.1s)
✔ [5162/6018] Built H0mework.Versions.V2.Arithmetic.RieszSourceKernel.Consumer (6.3s)
✔ [5163/6018] Built H0mework.Versions.V2.Arithmetic.RiemannUnitShell.UnitTail (7.3s)
✔ [5164/6018] Built H0mework.Versions.V2.Arithmetic.RieszGreen.GapGram (6.5s)
✔ [5165/6018] Built H0mework.Versions.V2.Arithmetic.RieszGreen.SourcePairing (6.6s)
✔ [5166/6018] Built H0mework.Versions.V2.Arithmetic.RieszGreen.Eta (6.7s)
✔ [5167/6018] Built H0mework.Versions.PR.Realization.Operations.Inquiry.Context.Faces.Execution.Activation.Inventory.Pair.Residual.Joint.Past.NextObservation.Request.OccurrenceConsumer (13s)
✔ [5168/6018] Built H0mework.Versions.V2.Arithmetic.RieszGreen.SourceNormalization (6.5s)
✔ [5169/6018] Built H0mework.Versions.V2.Arithmetic.RieszResponse.Finite (7.2s)
✔ [5170/6018] Built H0mework.Versions.PR.Realization.Operations.Inquiry.Context.Faces.Execution.Activation.Inventory.Pair.Residual.Joint.Past.NextObservation.Request.InverseSource (6.0s)
✔ [5684/6018] Built H0mework.Versions.V2.Arithmetic.RiemannFirstSource.FirstPhysical (7.2s)
✔ [5685/6018] Built H0mework.Versions.V2.Arithmetic.RieszGreen.SourceOriginEstimate (7.6s)
✔ [5686/6018] Built H0mework.Versions.V2.Arithmetic.RieszGreen.Assemble (7.9s)
✔ [5687/6018] Built H0mework.Versions.V2.Arithmetic.RieszGreen.SourceDerivative (6.1s)
✔ [5688/6018] Built H0mework.Versions.V2.Arithmetic.RieszGreen.SourceOrigin (5.4s)
✔ [5689/6018] Built H0mework.Versions.V2.Arithmetic.RiemannNativeCurrent.FirstSourceSplit (5.6s)
✔ [5690/6018] Built H0mework.Versions.V2.Arithmetic.RieszResponse.Material (6.1s)
✔ [5691/6018] Built H0mework.Versions.V2.Realization.Operations.Inquiry.Context.Faces.Execution.Activation.Inventory.Pair.Residual.Joint.Past.NextObservation.Request.Installation (8.4s)
✔ [5692/6018] Built H0mework.Versions.V2.Arithmetic.RieszFiniteSource.SourceKernel (7.3s)
✔ [5693/6018] Built H0mework.Versions.V2.Arithmetic.RieszGreen.SourceIntegral (7.4s)
✔ [5694/6018] Built H0mework.Versions.V2.Arithmetic.RieszFinitePairing.ExteriorRaw (7.7s)
✔ [5695/6018] Built H0mework.Versions.V2.Arithmetic.RieszResponse.ResponseBoundary (7.9s)
✔ [5696/6018] Built H0mework.Versions.V2.Arithmetic.RiemannFirstSource.FirstCurrent (8.2s)
✔ [5697/6018] Built H0mework.Versions.V2.Arithmetic.RiemannFirstSource.FirstFeedback (8.2s)
✔ [5698/6018] Built H0mework.Versions.V2.Realization.Operations.Inquiry.Context.Faces.Execution.Activation.Inventory.Pair.Residual.Joint.Past.NextObservation.Request.InverseConsumer (6.1s)
✔ [5699/6018] Built H0mework.Versions.V2.Realization.Operations.Inquiry.Context.Faces.Execution.Activation.Inventory.Pair.Residual.Joint.Past.NextObservation.Request.Runtime (9.3s)
✔ [5700/6018] Built H0mework.Versions.V2.Arithmetic.RieszGreen.Source (7.2s)
✔ [5701/6018] Built H0mework.Versions.V2.Arithmetic.RieszFiniteSource.SourceBoundary (6.9s)
✔ [5702/6018] Built H0mework.Versions.V2.Arithmetic.RiemannUnitShell.Count (7.6s)
✔ [5703/6018] Built H0mework.Versions.V2.Arithmetic.RiemannUnitShell.L2 (7.6s)
✔ [5704/6018] Built H0mework.Versions.V2.Arithmetic.RiemannUnitShell.HarmonicCount (7.9s)
✔ [5705/6018] Built H0mework.Versions.V2.Realization.Operations.Inquiry.Context.Faces.Execution.Activation.Inventory.Pair.Residual.Joint.Past.NextObservation.Request.UpdatedFaces.Source (11s)
✔ [5706/6018] Built H0mework.Versions.V2.Arithmetic.RieszGreen.KernelGram (10s)
✔ [5707/6018] Built H0mework.Versions.V2.Realization.Operations.Inquiry.Context.Faces.Execution.Activation.Inventory.Pair.Residual.Joint.Past.NextObservation.Request.UpdatedFaces.Consumer (10s)
✔ [5708/6018] Built H0mework.Versions.V2.Arithmetic.RieszFinitePairing.SelfPair (10s)
✔ [5709/6018] Built H0mework.Versions.V2.Arithmetic.RiemannUnitShell.StepRealization (12s)
✔ [5710/6018] Built H0mework.Versions.V2.Arithmetic.RieszFinitePairing.ColumnGapMass (10s)
✔ [5711/6018] Built H0mework.Versions.V2.Arithmetic.RiemannUnitShell.LogSmoothing (4.7s)
✔ [5712/6018] Built H0mework.Versions.V2.Realization.Operations.Inquiry.Context.Faces.Execution.Activation.Inventory.Pair.Residual.Joint.Past.NextObservation.Request.UpdatedFaces.InverseRead (5.0s)
✔ [5713/6018] Built H0mework.Versions.V2.Arithmetic.RiemannUnitShell.OrbitSmoothing (6.3s)
✔ [5714/6018] Built H0mework.Versions.V2.Realization.Operations.Tree.Fold.Dependent.Joint.ActionWords.Inventory.Installation (6.0s)
✔ [5715/6018] Built H0mework.Versions.V2.Arithmetic.RiemannUnitShell.StepClosedRange (5.8s)
✔ [5716/6018] Built H0mework.Versions.V2.Realization.Operations.Tree.Fold.Dependent.Joint.ActionWords.Inventory.Consumer (13s)
✔ [5717/6018] Built H0mework.Versions.V2.Arithmetic.RiemannUnitShell.UnitShellPrimitive (10s)
✔ [5718/6018] Built H0mework.Versions.V2.Realization.Operations.Tree.Fold.Dependent.Joint.ActionWords.Inventory.NextInput (8.2s)
✔ [5719/6018] Built H0mework.Versions.V2.Arithmetic.RiemannUnitShell.StepCount (6.0s)
✔ [5720/6018] Built H0mework.Versions.V2.Arithmetic.RiemannUnitShell.HarmonicRealization (6.4s)
✔ [5721/6018] Built H0mework.Versions.V2.Arithmetic.RiemannUnitShell.Weighted (6.8s)
✔ [5722/6018] Built H0mework.Versions.V2.Realization.Operations.Tree.Fold.Dependent.Joint.ActionWords.Inventory.Covariance.Source (10s)
✔ [5723/6018] Built H0mework.Versions.V2.Arithmetic.RiemannFirstSource.Coefficient (13s)
✔ [5724/6018] Built H0mework.Versions.V2.Arithmetic.RiemannUnitShell.PowerSource (13s)
✔ [5725/6018] Built H0mework.Versions.V2.Arithmetic.RiemannBandKernel.Band (14s)
✔ [5726/6018] Built H0mework.Versions.V2.Realization.Operations.Tree.Fold.Dependent.Joint.ActionWords.Inventory.Covariance.Programme (13s)
✔ [5727/6018] Built H0mework.Versions.V2.Arithmetic.RiemannFirstSource.CutoffSource (4.4s)
✔ [5728/6018] Built H0mework.Versions.V2.Realization.Operations.Tree.Fold.Dependent.Joint.ActionWords.Inventory.Covariance.PairMaterial (5.2s)
✔ [5729/6018] Built H0mework.Versions.V2.Arithmetic.RiemannUnitShell.PowerLanding (6.7s)
✔ [5730/6018] Built H0mework.Versions.V2.Arithmetic.RiemannFirstSource.CutoffComplete (6.2s)
✔ [5731/6018] Built H0mework.Versions.V2.Arithmetic.RiemannUnitRegularity.UnitResponsePrimitive (4.6s)
✔ [5732/6018] Built H0mework.Versions.V2.Realization.Operations.Tree.Fold.Dependent.Joint.ActionWords.Inventory.Covariance.Installation (5.8s)
✔ [5733/6018] Built H0mework.Versions.V2.Arithmetic.RiemannUnitRegularity.UnitResponseIntegral (5.7s)
✔ [5734/6018] Built H0mework.Versions.V2.Realization.Operations.Tree.Fold.Dependent.Joint.ActionWords.Inventory.Covariance.Consumer (5.3s)
✔ [5735/6018] Built H0mework.Versions.V2.Arithmetic.RiemannUnitShell.UnitResponseSource (5.9s)
✔ [5736/6018] Built H0mework.Versions.V2.Arithmetic.RiemannUnitShell.ResolventSource (10s)
✔ [5737/6018] Built H0mework.Versions.V2.Arithmetic.RiemannUnitRegularity.UnitResponsePhysical (10s)
✔ [5738/6018] Built H0mework.Versions.V2.Arithmetic.RiemannUnitFourier.Count (10s)
✔ [5739/6018] Built H0mework.Versions.V2.Arithmetic.RiemannSourceGreen.ProjectedSourceCompact (10s)
✔ [5740/6018] Built H0mework.Versions.V2.Realization.Operations.Tree.Fold.Dependent.Joint.ActionWords.Inventory.Covariance.Evolution (20s)
✔ [5741/6018] Built H0mework.Versions.V2.Arithmetic.RiemannUnitFourier.Realization (5.4s)
✔ [5742/6018] Built H0mework.Versions.V2.Arithmetic.RiemannUnitRegularity.UnitResponseOccupation (5.5s)
✔ [5743/6018] Built H0mework.Versions.V2.Arithmetic.RiemannSourceGreen.Euler (5.0s)
✔ [5744/6018] Built H0mework.Versions.V2.Arithmetic.RiemannSourceGreen.ProjectedSourceClosedRange (5.3s)
✔ [5745/6018] Built H0mework.Versions.V2.Arithmetic.RiemannUnitRegularity.FourierSource (4.5s)
✔ [5746/6018] Built H0mework.Versions.V2.Arithmetic.RiemannRationalSource.SecondPrimitive (4.9s)
✔ [5747/6018] Built H0mework.Versions.V2.Arithmetic.RiemannNativeCurrent.UnitResponseAction (5.1s)
✔ [5748/6018] Built H0mework.Versions.V2.Realization.Operations.Tree.Fold.Dependent.Joint.ActionWords.Inventory.EffectHistory.Source (6.8s)
✔ [5749/6018] Built H0mework.Versions.V2.Arithmetic.RiemannSourceGreen.Correction (5.7s)
✔ [5750/6018] Built H0mework.Versions.V2.Arithmetic.RiemannNativeCurrent.UnitResponseRadius (5.4s)
✔ [5751/6018] Built H0mework.Versions.V2.Arithmetic.RiemannUnitShell.Difference (5.7s)
✔ [5752/6018] Built H0mework.Versions.V2.Arithmetic.RiemannUnitRegularity.FourierPhysical (6.3s)
✔ [5753/6018] Built H0mework.Versions.V2.Arithmetic.RiemannFirstSource.CutoffPhysical (5.8s)
✔ [5754/6018] Built H0mework.Versions.V2.Arithmetic.RiemannSourceGreen.CompactEnergy (5.4s)
✔ [5755/6018] Built H0mework.Versions.V2.Realization.Operations.Tree.Fold.Dependent.Joint.ActionWords.Inventory.EffectHistory.Programme (6.5s)
✔ [5756/6018] Built H0mework.Versions.V2.Arithmetic.RiemannUnitShell.ResolventPhysical (5.1s)
✔ [5757/6018] Built H0mework.Versions.V2.Arithmetic.RiemannUnitFourier.ActionCurrent (5.6s)
✔ [5758/6018] Built H0mework.Versions.V2.Arithmetic.RiemannSourceGreen.GreenClosedRange (5.1s)
✔ [5759/6018] Built H0mework.Versions.V2.Realization.Operations.Tree.Fold.Dependent.Joint.ActionWords.Inventory.EffectHistory.History (4.3s)
✔ [5760/6018] Built H0mework.Versions.V2.Arithmetic.RiemannUnitRegularity.GeneratorSource (6.8s)
✔ [5761/6018] Built H0mework.Versions.V2.Arithmetic.RiemannWholeWard.FirstContact (6.5s)
✔ [5762/6018] Built H0mework.Versions.V2.Arithmetic.RiemannNativeCurrent.ProjectedSourcePhysical (7.5s)
✔ [5763/6018] Built H0mework.Versions.V2.Arithmetic.RiemannUnitFourier.ActionPhysical (7.9s)
✔ [5764/6018] Built H0mework.Versions.V2.Realization.Operations.Tree.Fold.Dependent.Joint.ActionWords.Inventory.EffectHistory.Installation (7.3s)
✔ [5765/6018] Built H0mework.Versions.V2.Arithmetic.RiemannSourceGreen.Dissipation (7.8s)
✔ [5766/6018] Built H0mework.Versions.V2.Arithmetic.RiemannWholeWard.SecondContact (5.4s)
✔ [5767/6018] Built H0mework.Versions.V2.Arithmetic.RiemannNativeCurrent.WeylPairing (5.0s)
✔ [5768/6018] Built H0mework.Versions.V2.Arithmetic.RiemannUnitRegularity.GeneratorCounting (6.4s)
✔ [5769/6018] Built H0mework.Versions.V2.Arithmetic.RiemannWholeWard.FirstProfile (6.4s)
✔ [5770/6018] Built H0mework.Versions.V2.Arithmetic.RiemannUnitFourier.DyadicSource (7.4s)
✔ [5771/6018] Built H0mework.Versions.V2.Realization.Operations.Tree.Fold.Dependent.Joint.ActionWords.Inventory.EffectHistory.Consumer (8.3s)
✔ [5772/6018] Built H0mework.Versions.V2.Arithmetic.RiemannUnitFourier.Band (5.2s)
✔ [5773/6018] Built H0mework.Versions.V2.Arithmetic.RiemannBandResponse.Algebra (5.4s)
✔ [5774/6018] Built H0mework.Versions.V2.Arithmetic.RiemannWholeWard.CompactReciprocity (6.0s)
✔ [5775/6018] Built H0mework.Versions.V2.Arithmetic.RiemannUnitRegularity.GeneratorStrong (6.7s)
✔ [5776/6018] Built H0mework.Versions.V2.Arithmetic.RiemannUnitFourier.DyadicForward (5.7s)
✔ [5777/6018] Built H0mework.Versions.V2.Realization.Operations.Tree.Fold.Dependent.Joint.ActionWords.Inventory.Complete.Source (7.4s)
✔ [5778/6018] Built H0mework.Versions.V2.Arithmetic.RiemannWholeWard.Flux (5.5s)
✔ [5779/6018] Built H0mework.Versions.V2.Arithmetic.RiemannBandResponse.Approximation (6.7s)
✔ [5780/6018] Built H0mework.Versions.V2.Arithmetic.RiemannUnitRegularity.RegularityPhysical (5.8s)
✔ [5781/6018] Built H0mework.Versions.V2.Arithmetic.RiemannUnitFourier.Difference (6.3s)
✔ [5782/6018] Built H0mework.Versions.V2.Arithmetic.RiemannBandKernel.Orbit (5.6s)
✔ [5783/6018] Built H0mework.Versions.V2.Arithmetic.RiemannBandResponse.PhysicalBand (6.2s)
✔ [5784/6018] Built H0mework.Versions.V2.Arithmetic.RiemannUnitFourier.Gap (7.4s)
✔ [5785/6018] Built H0mework.Versions.V2.Realization.Operations.Tree.Fold.Dependent.Joint.ActionWords.Inventory.Complete.Programme (11s)
✔ [5786/6018] Built H0mework.Versions.V2.Arithmetic.RiemannBandResponse.ActionBand (9.1s)
✔ [5787/6018] Built H0mework.Versions.V2.Arithmetic.RiemannBandResponse.PhysicalLanding (10s)
✔ [5788/6018] Built H0mework.Versions.V2.Arithmetic.RiemannUnitFourier.FourierPhysical (7.3s)
✔ [5789/6018] Built H0mework.Versions.V2.Realization.Operations.Tree.Fold.Dependent.Joint.ActionWords.Inventory.Complete.Acted (9.4s)
✔ [5790/6018] Built H0mework.Versions.V2.Arithmetic.RiemannBandResponse.Class (6.1s)
✔ [5791/6018] Built H0mework.Versions.V2.Realization.Operations.Tree.Fold.Dependent.Joint.ActionWords.Inventory.Complete.Installation (12s)
✔ [5792/6018] Built H0mework.Versions.V2.Arithmetic.RiemannNativeCurrent.OriginalHead (10s)
✔ [5793/6018] Built H0mework.Versions.V2.Arithmetic.RiemannBandKernel.Head (10s)
✔ [5794/6018] Built H0mework.Versions.V2.Arithmetic.RiemannUnitRegularity.RegularitySource (10s)
✔ [5795/6018] Built H0mework.Versions.V2.Arithmetic.RiemannBandResponse.Correction (11s)
✔ [5796/6018] Built H0mework.Versions.V2.Arithmetic.RiemannBandResponse.Source.Lift (12s)
✔ [5797/6018] Built H0mework.Versions.V2.Arithmetic.RiemannBandKernel.DirichletResponse (4.3s)
✔ [5798/6018] Built H0mework.Versions.V2.Arithmetic.RiemannBandResponse.ActionProjection (5.2s)
✔ [5799/6018] Built H0mework.Versions.V2.Arithmetic.RiemannBandResponse.Source.Division.Whole (4.4s)
✔ [5800/6018] Built H0mework.Versions.V2.Arithmetic.RiemannBandKernel.DirichletProjection (5.8s)
✔ [5801/6018] Built H0mework.Versions.V2.Arithmetic.RiemannBandResponse.Spectral (5.3s)
✔ [5802/6018] Built H0mework.Versions.V2.Realization.Operations.Tree.Fold.Dependent.Joint.ActionWords.Inventory.Complete.Consumer (15s)
✔ [5803/6018] Built H0mework.Versions.V2.Arithmetic.RiemannBandKernel.PairedFourier (5.6s)
✔ [5804/6018] Built H0mework.Versions.V2.Arithmetic.RiemannNativeCurrent.Laplace (5.6s)
✔ [5805/6018] Built H0mework.Versions.V2.Arithmetic.RiemannBandKernel.PairedProfile (9.0s)
✔ [5806/6018] Built H0mework.Versions.V2.Arithmetic.RiemannSourceGreen.OriginalHead (8.2s)
✔ [5807/6018] Built H0mework.Versions.V2.Arithmetic.RiemannRationalSource.IntegerCells (6.2s)
✔ [5808/6018] Built H0mework.Versions.V2.Arithmetic.RiemannBandKernel.PairedSource (6.5s)
✔ [5809/6018] Built H0mework.Versions.V2.Arithmetic.RiemannShiftedSource.SourceActionResolvent (7.1s)
✔ [5810/6018] Built H0mework.Versions.V2.Arithmetic.RiemannRationalSource.ReciprocalCells (11s)
✔ [5811/6018] Built H0mework.Versions.V2.Arithmetic.RiemannUnitRegularity.Mass (11s)
✔ [5812/6018] Built H0mework.Versions.V2.Arithmetic.RiemannShiftedSource.SourceActionSecondStrong (11s)
✔ [5813/6018] Built H0mework.Versions.V2.Arithmetic.RiemannRationalSource.SourceCurrent (5.9s)
✔ [5814/6018] Built H0mework.Versions.V2.Arithmetic.RiemannRationalSource.ActualSampling (6.1s)
✔ [5815/6018] Built H0mework.Versions.V2.Arithmetic.RiemannBandKernel.TransposeCompact (6.3s)
✔ [5816/6018] Built H0mework.Versions.V2.Arithmetic.RiemannRationalSource.Grid (6.4s)
✔ [5817/6018] Built H0mework.Versions.V2.Arithmetic.RiemannWholeWard.SecondWindow (6.0s)
✔ [5818/6018] Built H0mework.Versions.V2.Arithmetic.RiemannRationalSource.FiniteWard (5.8s)
✔ [5819/6018] Built H0mework.Versions.V2.Arithmetic.RiemannShiftedSource.Cells (6.6s)
✔ [5820/6018] Built H0mework.Versions.V2.Arithmetic.RiemannBandKernel.TransposeKernel (6.7s)
✔ [5821/6018] Built H0mework.Versions.V2.Realization.Operations.Tree.Fold.Dependent.Joint.ActionWords.Inventory.Covariance.Execution.Source (44s)
✔ [5822/6018] Built H0mework.Versions.V2.Arithmetic.RiemannRationalSource.Ward (6.3s)
✔ [5823/6018] Built H0mework.Versions.V2.Arithmetic.RieszColumns.Transpose (5.5s)
✔ [5824/6018] Built H0mework.Versions.V2.Arithmetic.RiemannShiftedSource.ActualSampling (6.2s)
✔ [5825/6018] Built H0mework.Versions.V2.Realization.Operations.Tree.Fold.Dependent.Joint.ActionWords.Inventory.Covariance.Execution.Installation (5.5s)
✔ [5826/6018] Built H0mework.Versions.V2.Arithmetic.RiemannShiftedSource.PhysicalMean (5.3s)
✔ [5827/6018] Built H0mework.Versions.V2.Arithmetic.RiemannRationalSource.CompleteMean (5.8s)
✔ [5828/6018] Built H0mework.Versions.V2.Arithmetic.RiemannShiftedSource.FirstMoment (4.3s)
✔ [5829/6018] Built H0mework.Versions.V2.Arithmetic.RiemannWholeWard.WholePairing (5.3s)
✔ [5830/6018] Built H0mework.Versions.V2.Realization.Operations.Tree.Fold.Dependent.Joint.ActionWords.Inventory.Covariance.Execution.Consumer (12s)
✔ [5831/6018] Built H0mework.Versions.V2.Arithmetic.RiemannWholeWard.WindowReadback (4.9s)
✔ [5832/6018] Built H0mework.Versions.V2.Arithmetic.RiemannWholeWard.WardFunctionals (9.7s)
✔ [5833/6018] Built H0mework.Versions.V2.Realization.Operations.Tree.Fold.Dependent.Joint.ActionWords.Inventory.NodeHilbert.Source (13s)
✔ [5834/6018] Built H0mework.Versions.V2.Arithmetic.RiemannWholeWard.WholeClosedRange (5.8s)
✔ [5835/6018] Built H0mework.Versions.V2.Arithmetic.RiemannRationalSource.CofinalKernel (4.8s)
✔ [5836/6018] Built H0mework.Versions.V2.Realization.Operations.Tree.Fold.Dependent.Joint.ActionWords.Inventory.NodeHilbert.Gram (9.0s)
✔ [5837/6018] Built H0mework.Versions.V2.Arithmetic.RiemannShiftedSource.CofinalKernel (15s)
✔ [5838/6018] Built H0mework.Versions.V2.Arithmetic.RiemannRationalSource.EvenWindow (15s)
✔ [5839/6018] Built H0mework.Versions.V2.Realization.Operations.Tree.Fold.Dependent.Joint.ActionWords.Inventory.NodeHilbert.Programme (13s)
✔ [5840/6018] Built H0mework.Versions.V2.Realization.Operations.Tree.Fold.Dependent.Joint.ActionWords.Inventory.NodeHilbert.Installation (12s)
✔ [5841/6018] Built H0mework.Versions.V2.Arithmetic.RiemannRationalSource.SamplingEven (13s)
✔ [5842/6018] Built H0mework.Versions.V2.Realization.Operations.Tree.Fold.Dependent.Joint.ActionWords.Inventory.NodeHilbert.Consumer (11s)
✔ [5843/6018] Built H0mework.Versions.V2.Arithmetic.RiemannRationalSource.PhysicalPairing (10s)
✔ [5844/6018] Built H0mework.Versions.V2.Arithmetic.RiemannShiftedSource.PhysicalPairing (6.3s)
✔ [5845/6018] Built H0mework.Versions.V2.Realization.Operations.Tree.Fold.Dependent.Joint.ActionWords.Inventory.NodeHilbert.Words.Source (7.4s)
✔ [5846/6018] Built H0mework.Versions.V2.Arithmetic.RiemannSourceGreen.ProbeCutoffValue (6.3s)
✔ [5847/6018] Built H0mework.Versions.V2.Realization.Operations.Tree.Fold.Dependent.Joint.ActionWords.Inventory.NodeHilbert.Words.Programme (9.5s)
✔ [5848/6018] Built H0mework.Versions.V2.Arithmetic.RieszColumns.FirstSample (5.3s)
✔ [5849/6018] Built H0mework.Versions.V2.Arithmetic.RieszColumns.Support (5.4s)
✔ [5850/6018] Built H0mework.Versions.V2.Arithmetic.RieszSynthesis.WholeTranspose (5.6s)
✔ [5851/6018] Built H0mework.Versions.V2.Arithmetic.RieszColumns.Window (4.6s)
✔ [5852/6018] Built H0mework.Versions.V2.Arithmetic.RieszColumns.ReverseEdge (5.7s)
✔ [5853/6018] Built H0mework.Versions.V2.Realization.Operations.Tree.Fold.Dependent.Joint.ActionWords.Inventory.NodeHilbert.Words.Installation (7.3s)
✔ [5854/6018] Built H0mework.Versions.V2.Arithmetic.RieszColumns.Columns (9.7s)
✔ [5855/6018] Built H0mework.Versions.V2.Arithmetic.RieszColumns.Half (4.7s)
✔ [5856/6018] Built H0mework.Versions.V2.Realization.Operations.Tree.Fold.Dependent.Joint.ActionWords.Inventory.NodeHilbert.Words.Consumer (14s)
✔ [5857/6018] Built H0mework.Versions.V2.Arithmetic.RieszFinitePairing.ColumnAction (8.1s)
✔ [5858/6018] Built H0mework.Versions.V2.Realization.Operations.Tree.Fold.Dependent.Joint.ActionWords.Inventory.NodeHilbert.Future.Source (4.3s)
✔ [5859/6018] Built H0mework.Versions.V2.Arithmetic.RieszColumns.ColumnsRead (5.3s)
✔ [5860/6018] Built H0mework.Versions.V2.Arithmetic.RieszSynthesis.WholeRead (5.2s)
✔ [5861/6018] Built H0mework.Versions.V2.Arithmetic.RieszFinitePairing.ColumnMass (7.2s)
✔ [5862/6018] Built H0mework.Versions.V2.Arithmetic.RieszSynthesis.SynthesisSource (5.5s)
✔ [5863/6018] Built H0mework.Versions.V2.Arithmetic.RieszColumns.ColumnsBoundary (5.5s)
✔ [5864/6018] Built H0mework.Versions.V2.Realization.Operations.Tree.Fold.Dependent.Joint.ActionWords.Inventory.NodeHilbert.Future.Observation (7.9s)
✔ [5865/6018] Built H0mework.Versions.V2.Arithmetic.RieszSynthesis.Defect (6.1s)
✔ [5866/6018] Built H0mework.Versions.V2.Arithmetic.RieszSynthesis.PaComponent (6.3s)
✔ [5867/6018] Built H0mework.Versions.V2.Realization.Operations.Tree.Fold.Dependent.Joint.ActionWords.Inventory.NodeHilbert.Future.Kernel (11s)
✔ [5868/6018] Built H0mework.Versions.V2.Arithmetic.RieszSynthesis.WholeSource (8.4s)
✔ [5869/6018] Built H0mework.Versions.V2.Arithmetic.RieszSynthesis.Evaluator (5.1s)
✔ [5870/6018] Built H0mework.Versions.V2.Arithmetic.RieszFinitePairing.Annular (4.0s)
✔ [5871/6018] Built H0mework.Versions.V2.Realization.Operations.Tree.Fold.Dependent.Joint.ActionWords.Inventory.NodeHilbert.Future.Action (13s)
✔ [5872/6018] Built H0mework.Versions.V2.Arithmetic.RieszFinitePairing.Band (5.2s)
✔ [5873/6018] Built H0mework.Versions.V2.Arithmetic.RieszFinitePairing.AnnulusChange (5.8s)
✔ [5874/6018] Built H0mework.Versions.V2.Arithmetic.RieszFinitePairing.NegativeRaw (4.4s)
✔ [5875/6018] Built H0mework.Versions.V2.Arithmetic.RieszFinitePairing.Positive (4.5s)
✔ [5876/6018] Built H0mework.Versions.V2.Realization.Operations.Tree.Fold.Dependent.Joint.ActionWords.Inventory.NodeHilbert.Future.Programme (9.1s)
✔ [5877/6018] Built H0mework.Versions.V2.Arithmetic.RieszFinitePairing.Negative (3.6s)
✔ [5878/6018] Built H0mework.Versions.V2.Realization.Operations.Tree.Fold.Dependent.Joint.ActionWords.Inventory.NodeHilbert.Future.Installation (4.2s)
✔ [5879/6018] Built H0mework.Versions.V2.Arithmetic.RieszFinitePairing.Phi (4.8s)
✔ [5880/6018] Built H0mework.Versions.V2.Arithmetic.RieszFiniteSource.Finite.Receipt (3.0s)
✔ [5881/6018] Built H0mework.Versions.V2.Realization.Operations.Tree.Fold.Dependent.Joint.ActionWords.Inventory.NodeHilbert.Future.Consumer (11s)
✔ [5882/6018] Built H0mework.Versions.V2.Arithmetic.RiemannRuntime.ClozelOriginalKSourceFace (6.6s)
✔ [5883/6018] Built H0mework.Versions.V2.Arithmetic.RiemannRuntime.PairedOmegaEffectRowMaterial (14s)
✔ [5884/6018] Built H0mework.Versions.V2.Arithmetic.RiemannRuntime.Calculation.ClozelOriginalKCombSourceCalculation (10s)
✔ [5885/6018] Built H0mework.Versions.V2.Realization.Operations.Tree.Fold.Dependent.Joint.ActionWords.Inventory.NodeHilbert.Future.Recovery.Source (31s)
✔ [5886/6018] Built H0mework.Versions.V2.Arithmetic.RiemannRuntime.PairedOmegaEffectRowRoot (10s)
✔ [5887/6018] Built H0mework.Versions.V2.Arithmetic.RiemannRuntime.PairedOmegaFiniteEffectHistory (5.6s)
✔ [5888/6018] Built H0mework.Versions.V2.Arithmetic.RiemannRuntime.PairedOmegaEffectRuntimeFacade (5.2s)
ℹ [5889/6018] Built H0mework.Checks.SecondEdition.V2.NoIsland.RiemannCombSource.Runtimecalculation (8.3s)
info: H0mework/Checks/SecondEdition/V2/NoIsland/RiemannCombSource/Runtimecalculation.lean:130:0: 'SaturationMonoid.ResponsibilityLifecycle.LivingLawEvolution.ConstructiveRoot.NoIslandNoMagic.CanonicalRiemann.ClozelGeneralizedDual.CenteredGram.IntegralGraphJointAction.OriginalKCombCalculation.reader' depends on axioms: [propext,
 Classical.choice,
 Quot.sound]
info: H0mework/Checks/SecondEdition/V2/NoIsland/RiemannCombSource/Runtimecalculation.lean:131:0: 'SaturationMonoid.ResponsibilityLifecycle.LivingLawEvolution.ConstructiveRoot.NoIslandNoMagic.CanonicalRiemann.ClozelGeneralizedDual.CenteredGram.IntegralGraphJointAction.OriginalKCombCalculation.result_value' depends on axioms: [propext,
 Classical.choice,
 Quot.sound]
info: H0mework/Checks/SecondEdition/V2/NoIsland/RiemannCombSource/Runtimecalculation.lean:132:0: 'SaturationMonoid.ResponsibilityLifecycle.LivingLawEvolution.ConstructiveRoot.NoIslandNoMagic.CanonicalRiemann.ClozelGeneralizedDual.CenteredGram.IntegralGraphJointAction.OriginalKCombCalculation.result_trace' depends on axioms: [propext,
 Classical.choice,
 Quot.sound]
info: H0mework/Checks/SecondEdition/V2/NoIsland/RiemannCombSource/Runtimecalculation.lean:133:0: 'SaturationMonoid.ResponsibilityLifecycle.LivingLawEvolution.ConstructiveRoot.NoIslandNoMagic.CanonicalRiemann.ClozelGeneralizedDual.CenteredGram.IntegralGraphJointAction.runtimeCombCalculationReadoutAt_factorizes' depends on axioms: [propext,
 Classical.choice,
 Quot.sound]
info: H0mework/Checks/SecondEdition/V2/NoIsland/RiemannCombSource/Runtimecalculation.lean:134:0: 'SaturationMonoid.ResponsibilityLifecycle.LivingLawEvolution.ConstructiveRoot.RuntimeCombCalculationGate.installed_value' depends on axioms: [propext,
 Classical.choice,
 Quot.sound]
info: H0mework/Checks/SecondEdition/V2/NoIsland/RiemannCombSource/Runtimecalculation.lean:135:0: 'SaturationMonoid.ResponsibilityLifecycle.LivingLawEvolution.ConstructiveRoot.RuntimeCombCalculationGate.installed_trace' depends on axioms: [propext,
 Classical.choice,
 Quot.sound]
info: H0mework/Checks/SecondEdition/V2/NoIsland/RiemannCombSource/Runtimecalculation.lean:136:0: 'SaturationMonoid.ResponsibilityLifecycle.LivingLawEvolution.ConstructiveRoot.RuntimeCombCalculationGate.installed_targetState' depends on axioms: [propext,
 Classical.choice,
 Quot.sound]
info: H0mework/Checks/SecondEdition/V2/NoIsland/RiemannCombSource/Runtimecalculation.lean:137:0: 'SaturationMonoid.ResponsibilityLifecycle.LivingLawEvolution.ConstructiveRoot.RuntimeCombCalculationGate.installed_relation' depends on axioms: [propext,
 Classical.choice,
 Quot.sound]
info: H0mework/Checks/SecondEdition/V2/NoIsland/RiemannCombSource/Runtimecalculation.lean:138:0: 'SaturationMonoid.ResponsibilityLifecycle.LivingLawEvolution.ConstructiveRoot.RuntimeCombCalculationGate.installed_inverse' depends on axioms: [propext,
 Classical.choice,
 Quot.sound]
info: H0mework/Checks/SecondEdition/V2/NoIsland/RiemannCombSource/Runtimecalculation.lean:139:0: 'SaturationMonoid.ResponsibilityLifecycle.LivingLawEvolution.ConstructiveRoot.RuntimeCombCalculationGate.installed_cochain' depends on axioms: [propext,
 Classical.choice,
 Quot.sound]
info: H0mework/Checks/SecondEdition/V2/NoIsland/RiemannCombSource/Runtimecalculation.lean:140:0: 'SaturationMonoid.ResponsibilityLifecycle.LivingLawEvolution.ConstructiveRoot.RuntimeCombCalculationGate.installed_physical' depends on axioms: [propext,
 Classical.choice,
 Quot.sound]
info: H0mework/Checks/SecondEdition/V2/NoIsland/RiemannCombSource/Runtimecalculation.lean:141:0: 'SaturationMonoid.ResponsibilityLifecycle.LivingLawEvolution.ConstructiveRoot.RuntimeCombCalculationGate.math_trace_not_one' depends on axioms: [propext,
 Classical.choice,
 Quot.sound]
✔ [5890/6018] Built H0mework.Versions.V2.Realization.Operations.Tree.Fold.Dependent.Joint.ActionWords.Inventory.NodeHilbert.Future.Recovery.Action (29s)
✔ [5891/6018] Built H0mework.Papers.V2CoreRuntimeCalculation (9.5s)
✔ [5892/6018] Built H0mework.Versions.V2.Realization.Operations.Tree.Fold.Dependent.Joint.ActionWords.Inventory.NodeHilbert.Future.Recovery.Programme (14s)
✔ [5893/6018] Built H0mework.Versions.V2.Realization.Operations.Tree.Fold.Dependent.Joint.ActionWords.Inventory.NodeHilbert.Future.Recovery.Acted (30s)
✔ [5894/6018] Built H0mework.Versions.V2.Realization.Operations.Tree.Fold.Dependent.Joint.ActionWords.Inventory.NodeHilbert.Future.Recovery.Installation (21s)
✔ [5895/6018] Built H0mework.Versions.V2.Realization.Operations.Tree.Fold.Dependent.Joint.ActionWords.Inventory.NodeHilbert.Future.Recovery.Consumer (52s)
✔ [5896/6018] Built H0mework.Versions.V2.Realization.Operations.Tree.Fold.Dependent.Joint.ActionWords.Inventory.NodeHilbert.Future.Wave.Source (27s)
✔ [5897/6018] Built H0mework.Versions.V2.Realization.Operations.Tree.Fold.Dependent.Joint.ActionWords.Inventory.NodeHilbert.Future.Wave.Programme (9.4s)
✔ [5898/6018] Built H0mework.Versions.V2.Realization.Operations.Tree.Fold.Dependent.Joint.ActionWords.Inventory.NodeHilbert.Future.Wave.Installation (6.7s)
✔ [5899/6018] Built H0mework.Versions.V2.Realization.Operations.Tree.Fold.Dependent.Joint.ActionWords.Inventory.NodeHilbert.Future.Wave.Consumer (25s)
✔ [5900/6018] Built H0mework.Versions.V2.Realization.Operations.Tree.Fold.Dependent.Joint.ActionWords.Inventory.NodeHilbert.Future.Wave.Orbit.Source (8.2s)
✔ [5901/6018] Built H0mework.Versions.V2.Realization.Operations.Tree.Fold.Dependent.Joint.ActionWords.Inventory.NodeHilbert.Future.Wave.Orbit.Programme (16s)
✔ [5902/6018] Built H0mework.Versions.V2.Realization.Operations.Tree.Fold.Dependent.Joint.ActionWords.Inventory.NodeHilbert.Future.Wave.Orbit.Installation (11s)
✔ [5903/6018] Built H0mework.Versions.V2.Realization.Operations.Tree.Fold.Dependent.Joint.ActionWords.Inventory.NodeHilbert.Future.Wave.Orbit.Output (4.9s)
✔ [5904/6018] Built H0mework.Versions.V2.Realization.Operations.Tree.Fold.Dependent.Joint.ActionWords.Inventory.NodeHilbert.Future.Wave.Orbit.Pair (6.6s)
✔ [5905/6018] Built H0mework.Versions.V2.Realization.Operations.Tree.Fold.Dependent.Joint.ActionWords.Inventory.NodeHilbert.Future.Wave.Orbit.Consumer (8.7s)
✔ [5906/6018] Built H0mework.Versions.V2.Realization.Operations.Tree.Fold.Dependent.Joint.ActionWords.Inventory.NodeHilbert.Future.Wave.Words.Kernel (5.7s)
✔ [5907/6018] Built H0mework.Versions.V2.Realization.Operations.Tree.Fold.Dependent.Joint.ActionWords.Inventory.NodeHilbert.Future.Wave.Words.Source (5.4s)
✔ [5908/6018] Built H0mework.Versions.V2.Realization.Operations.Tree.Fold.Dependent.Joint.ActionWords.Inventory.NodeHilbert.Future.Wave.Words.Programme (20s)
✔ [5909/6018] Built H0mework.Versions.V2.Realization.Operations.Tree.Fold.Dependent.Joint.ActionWords.Inventory.NodeHilbert.Future.Wave.Words.Installation (11s)
✔ [5910/6018] Built H0mework.Versions.V2.Realization.Operations.Tree.Fold.Dependent.Joint.ActionWords.Inventory.NodeHilbert.Future.Wave.Words.Output (5.8s)
✔ [5911/6018] Built H0mework.Versions.V2.Realization.Operations.Tree.Fold.Dependent.Joint.ActionWords.Inventory.NodeHilbert.Future.Wave.Words.Pair (22s)
✔ [5912/6018] Built H0mework.Versions.V2.Realization.Operations.Tree.Fold.Dependent.Joint.ActionWords.Inventory.NodeHilbert.Future.Wave.Words.Consumer (6.3s)
✔ [5913/6018] Built H0mework.Versions.V2.Realization.Operations.Tree.Fold.Dependent.Joint.ActionWords.Inventory.NodeHilbert.Future.Wave.Full.Map (28s)
✔ [5914/6018] Built H0mework.Versions.V2.Realization.Operations.Tree.Fold.Dependent.Joint.ActionWords.Inventory.NodeHilbert.Future.Wave.Full.Source (23s)
✔ [5915/6018] Built H0mework.Versions.V2.Realization.Operations.Tree.Fold.Dependent.Joint.ActionWords.Inventory.NodeHilbert.Future.Wave.Full.Kernel (8.2s)
✔ [5916/6018] Built H0mework.Versions.V2.Realization.Operations.Tree.Fold.Dependent.Joint.ActionWords.Inventory.NodeHilbert.Future.Wave.Full.Programme (5.1s)
✔ [5917/6018] Built H0mework.Versions.V2.Realization.Operations.Tree.Fold.Dependent.Joint.ActionWords.Inventory.NodeHilbert.Future.Wave.Full.Installation (10s)
✔ [5918/6018] Built H0mework.Versions.V2.Realization.Operations.Tree.Fold.Dependent.Joint.ActionWords.Inventory.NodeHilbert.Future.Wave.Full.Output (4.0s)
✔ [5919/6018] Built H0mework.Versions.V2.Realization.Operations.Tree.Fold.Dependent.Joint.ActionWords.Inventory.NodeHilbert.Future.Wave.Full.Pair (4.9s)
✔ [5920/6018] Built H0mework.Versions.V2.Realization.Operations.Tree.Fold.Dependent.Joint.ActionWords.Inventory.NodeHilbert.Future.Wave.Full.Consumer (5.6s)
✔ [5921/6018] Built H0mework.Versions.V2.Realization.Operations.Tree.Fold.Dependent.Joint.ActionWords.Inventory.NodeHilbert.Future.Wave.Recovery.Range (4.3s)
✔ [5922/6018] Built H0mework.Versions.V2.Realization.Operations.Tree.Fold.Dependent.Joint.ActionWords.Inventory.NodeHilbert.Future.Wave.Recovery.Source (8.8s)
✔ [5923/6018] Built H0mework.Versions.V2.Realization.Operations.Tree.Fold.Dependent.Joint.ActionWords.Inventory.NodeHilbert.Future.Wave.Recovery.Action (7.2s)
✔ [5924/6018] Built H0mework.Versions.V2.Realization.Operations.Tree.Fold.Dependent.Joint.ActionWords.Inventory.NodeHilbert.Future.Wave.Recovery.Programme (15s)
✔ [5925/6018] Built H0mework.Versions.V2.Realization.Operations.Tree.Fold.Dependent.Joint.ActionWords.Inventory.NodeHilbert.Future.Wave.Recovery.Acted (5.1s)
✔ [5926/6018] Built H0mework.Versions.V2.Realization.Operations.Tree.Fold.Dependent.Joint.ActionWords.Inventory.NodeHilbert.Future.Wave.Recovery.Installation (8.2s)
✔ [5927/6018] Built H0mework.Versions.V2.Realization.Operations.Tree.Fold.Dependent.Joint.ActionWords.Inventory.NodeHilbert.Future.Wave.Recovery.Consumer (6.7s)
✔ [5928/6018] Built H0mework.Versions.V2.Realization.Operations.Tree.Fold.Dependent.Joint.ActionWords.Inventory.NodeHilbert.Future.Wave.Incidence.Programme (5.2s)
✔ [5929/6018] Built H0mework.Versions.V2.Realization.Operations.Tree.Fold.Dependent.Joint.ActionWords.Inventory.NodeHilbert.Future.Wave.Incidence.Installation (24s)
✔ [5930/6018] Built H0mework.Versions.V2.Realization.Operations.Tree.Fold.Dependent.Joint.ActionWords.Inventory.NodeHilbert.Future.Wave.Incidence.Output (5.2s)
✔ [5931/6018] Built H0mework.Versions.V2.Realization.Operations.Tree.Fold.Dependent.Joint.ActionWords.Inventory.NodeHilbert.Future.Wave.Incidence.Pair (7.8s)
✔ [5932/6018] Built H0mework.Versions.V2.Realization.Operations.Tree.Fold.Dependent.Joint.ActionWords.Inventory.NodeHilbert.Future.Wave.Incidence.Consumer (4.7s)
✔ [5933/6018] Built H0mework.Versions.V2.Realization.Operations.Tree.Fold.Dependent.Joint.ActionWords.Inventory.NodeHilbert.Future.Wave.Incidence.Mouth (3.5s)
✔ [5934/6018] Built H0mework.Versions.V2.Realization.Operations.Tree.Fold.Dependent.Joint.ActionWords.Inventory.NodeHilbert.Future.Wave.Incidence.Branch.Source (3.6s)
✔ [5935/6018] Built H0mework.Versions.V2.Realization.Operations.Tree.Fold.Dependent.Joint.ActionWords.Inventory.NodeHilbert.Future.Wave.Incidence.Branch.Installation (9.7s)
✔ [5936/6018] Built H0mework.Versions.V2.Realization.Operations.Tree.Fold.Dependent.Joint.ActionWords.Inventory.NodeHilbert.Future.Wave.Incidence.Branch.Pair (6.8s)
✔ [5937/6018] Built H0mework.Versions.V2.Realization.Operations.Tree.Fold.Dependent.Joint.ActionWords.Inventory.NodeHilbert.Future.Wave.Incidence.Branch.Consumer (6.9s)
✔ [5938/6018] Built H0mework.Versions.V2.Realization.Operations.Tree.Fold.Dependent.Joint.ActionWords.Inventory.NodeHilbert.Future.Wave.Incidence.Branch.Recovery (13s)
✔ [5939/6018] Built H0mework.Versions.V2.Realization.Operations.Tree.Fold.Dependent.Joint.ActionWords.Inventory.NodeHilbert.Future.Wave.Incidence.Relations.Generic (9.5s)
✔ [5940/6018] Built H0mework.Versions.V2.Realization.Operations.Tree.Fold.Dependent.Joint.ActionWords.Inventory.NodeHilbert.Future.Wave.Incidence.Relations.Source (40s)
✔ [5941/6018] Built H0mework.Versions.V2.Realization.Operations.Tree.Fold.Dependent.Joint.ActionWords.Inventory.NodeHilbert.Future.Wave.Incidence.Relations.Query (17s)
✔ [5942/6018] Built H0mework.Versions.V2.Realization.Operations.Tree.Fold.Dependent.Joint.ActionWords.Inventory.NodeHilbert.Future.Wave.Incidence.Relations.Complex (18s)
✔ [5943/6018] Built H0mework.Versions.V2.Realization.Operations.Tree.Fold.Dependent.Joint.ActionWords.Inventory.NodeHilbert.Future.Wave.Incidence.Relations.Installation (23s)
✔ [5944/6018] Built H0mework.Versions.V2.Realization.Operations.Tree.Fold.Dependent.Joint.ActionWords.Inventory.NodeHilbert.Future.Wave.Incidence.Relations.Consumer (7.0s)
✔ [5945/6018] Built H0mework.Versions.V2.Realization.Operations.Tree.Fold.Dependent.Joint.ActionWords.Inventory.NodeHilbert.Future.Wave.Incidence.Relations.Inventory (6.9s)
✔ [5946/6018] Built H0mework.Versions.V2.Realization.Operations.Tree.Fold.Dependent.Joint.ActionWords.Inventory.NodeHilbert.Future.Wave.Incidence.Relations.Faces (8.8s)
✔ [5947/6018] Built H0mework.Versions.V2.Realization.Operations.Tree.Fold.Dependent.Joint.ActionWords.Inventory.NodeHilbert.Future.Wave.Incidence.Cursor.Source (7.7s)
✔ [5948/6018] Built H0mework.Versions.V2.Realization.Operations.Tree.Fold.Dependent.Joint.ActionWords.Inventory.NodeHilbert.Future.Wave.Incidence.Cursor.Consumer (5.0s)
✔ [5949/6018] Built H0mework.Versions.V2.Realization.Operations.Tree.Fold.Dependent.Joint.ActionWords.Inventory.NodeHilbert.Future.Wave.Incidence.NextInventory.Source (6.1s)
✔ [5950/6018] Built H0mework.Versions.V2.Realization.Operations.Tree.Fold.Dependent.Joint.ActionWords.Inventory.NodeHilbert.Future.Wave.Incidence.NextInventory.Consumer (39s)
✔ [5951/6018] Built H0mework.Versions.V2.Realization.Operations.Tree.Fold.Dependent.Joint.ActionWords.Inventory.NodeHilbert.Future.Wave.Incidence.Lineage.Programme (17s)
✔ [5952/6018] Built H0mework.Versions.V2.Realization.Operations.Tree.Fold.Dependent.Joint.ActionWords.Inventory.NodeHilbert.Future.Wave.Incidence.Lineage.Installation (5.9s)
✔ [5953/6018] Built H0mework.Versions.V2.Realization.Operations.Tree.Fold.Dependent.Joint.ActionWords.Inventory.NodeHilbert.Future.Wave.Incidence.Lineage.Consumer (27s)
✔ [5954/6018] Built H0mework.Versions.V2.Realization.Operations.Tree.Fold.Dependent.Joint.ActionWords.Inventory.NodeHilbert.Future.Wave.Incidence.Gram.Kernel (7.3s)
✔ [5955/6018] Built H0mework.Versions.V2.Realization.Operations.Tree.Fold.Dependent.Joint.ActionWords.Inventory.NodeHilbert.Future.Wave.Incidence.Gram.Observation (17s)
✔ [5956/6018] Built H0mework.Versions.V2.Realization.Operations.Tree.Fold.Dependent.Joint.ActionWords.Inventory.NodeHilbert.Future.Wave.Incidence.Gram.Programme (4.9s)
✔ [5957/6018] Built H0mework.Versions.V2.Realization.Operations.Tree.Fold.Dependent.Joint.ActionWords.Inventory.NodeHilbert.Future.Wave.Incidence.Gram.Installation (18s)
✔ [5958/6018] Built H0mework.Versions.V2.Realization.Operations.Tree.Fold.Dependent.Joint.ActionWords.Inventory.NodeHilbert.Future.Wave.Incidence.Gram.Consumer (11s)
✔ [5959/6018] Built H0mework.Versions.V2.Realization.Operations.Tree.Fold.Dependent.Joint.ActionWords.Inventory.NodeHilbert.Future.Wave.Incidence.Gram.Energy (4.0s)
✔ [5960/6018] Built H0mework.Versions.V2.Realization.Operations.Tree.Fold.Dependent.Joint.ActionWords.Inventory.NodeHilbert.Future.Wave.Incidence.Response.Source (4.2s)
✔ [5961/6018] Built H0mework.Versions.V2.Realization.Operations.Tree.Fold.Dependent.Joint.ActionWords.Inventory.NodeHilbert.Future.Wave.Incidence.Response.Laws (3.5s)
✔ [5962/6018] Built H0mework.Versions.V2.Realization.Operations.Tree.Fold.Dependent.Joint.ActionWords.Inventory.NodeHilbert.Future.Wave.Incidence.Response.Programme (9.6s)
✔ [5963/6018] Built H0mework.Versions.V2.Realization.Operations.Tree.Fold.Dependent.Joint.ActionWords.Inventory.NodeHilbert.Future.Wave.Incidence.Response.Installation (16s)
✔ [5964/6018] Built H0mework.Versions.V2.Realization.Operations.Tree.Fold.Dependent.Joint.ActionWords.Inventory.NodeHilbert.Future.Wave.Incidence.Response.Consumer (11s)
✔ [5965/6018] Built H0mework.Versions.V2.Realization.Operations.Tree.Fold.Dependent.Joint.ActionWords.Inventory.NodeHilbert.Future.Wave.Incidence.History.Kernel (20s)
✔ [5966/6018] Built H0mework.Versions.V2.Realization.Operations.Tree.Fold.Dependent.Joint.ActionWords.Inventory.NodeHilbert.Future.Wave.Incidence.History.Source (4.6s)
✔ [5967/6018] Built H0mework.Versions.V2.Realization.Operations.Tree.Fold.Dependent.Joint.ActionWords.Inventory.NodeHilbert.Future.Wave.Incidence.History.Laws (16s)
✔ [5968/6018] Built H0mework.Versions.V2.Realization.Operations.Tree.Fold.Dependent.Joint.ActionWords.Inventory.NodeHilbert.Future.Wave.Incidence.History.Installation (6.0s)
✔ [5969/6018] Built H0mework.Versions.V2.Realization.Operations.Tree.Fold.Dependent.Joint.ActionWords.Inventory.NodeHilbert.Future.Wave.Incidence.History.Consumer (5.1s)
✔ [5970/6018] Built H0mework.Versions.V2.Realization.Operations.Tree.Fold.Dependent.Joint.ActionWords.Inventory.NodeHilbert.Future.Wave.Incidence.Environment.Source (4.2s)
✔ [5971/6018] Built H0mework.Versions.V2.Realization.Operations.Tree.Fold.Dependent.Joint.ActionWords.Inventory.NodeHilbert.Future.Wave.Incidence.Environment.Consumer (19s)
✔ [5972/6018] Built H0mework.Versions.V2.Realization.Operations.Tree.Fold.Dependent.Joint.ActionWords.Inventory.NodeHilbert.Future.Wave.Incidence.Environment.Faces (14s)
✔ [5973/6018] Built H0mework.Versions.V2.Realization.Operations.Tree.Fold.Dependent.Joint.ActionWords.Inventory.NodeHilbert.Future.Wave.Incidence.Environment.WriteBack (5.2s)
✔ [5974/6018] Built H0mework.Versions.V2.Realization.Operations.Tree.Fold.Dependent.Joint.ActionWords.Inventory.NodeHilbert.Future.Wave.Incidence.Environment.Perfect.Kernel (3.8s)
✔ [5975/6018] Built H0mework.Versions.V2.Realization.Operations.Inquiry.Context.Faces.Execution.Activation.Receipt.Faces.Source (21s)
✔ [5976/6018] Built H0mework.Versions.V2.Realization.Operations.Inquiry.Context.Faces.Execution.Activation.Receipt.Faces.Action (3.8s)
✔ [5977/6018] Built H0mework.Versions.V2.Realization.Operations.Inquiry.Context.Faces.Execution.Activation.Receipt.Faces.Consumer (7.0s)
✔ [5978/6018] Built H0mework.Versions.V2.Realization.Operations.Inquiry.Context.Faces.Execution.Activation.Receipt.Faces.Native.Source (3.6s)
✔ [5979/6018] Built H0mework.Versions.V2.Realization.Operations.Inquiry.Context.Faces.Execution.Activation.Receipt.Faces.Native.Consumer (3.7s)
✔ [5980/6018] Built H0mework.Versions.V2.Realization.Operations.Inquiry.Context.Faces.Execution.Activation.Receipt.Inventory.Consumer (17s)
✔ [5981/6018] Built H0mework.Versions.V2.Realization.Operations.Inquiry.Context.Faces.Execution.Activation.Receipt.Inventory.Born.Source (4.3s)
✔ [5982/6018] Built H0mework.Versions.V2.Realization.Operations.Inquiry.Context.Faces.Execution.Activation.Receipt.Inventory.Born.Consumer (4.8s)
✔ [5983/6018] Built H0mework.Versions.V2.Realization.Operations.Inquiry.Context.Native.Frame.Stock (10s)
✔ [5984/6018] Built H0mework.Versions.V2.Realization.Operations.Inquiry.Context.Faces.Execution.Activation.Receipt.Inventory.Carried (4.1s)
✔ [5985/6018] Built H0mework.Versions.V2.Realization.Operations.Inquiry.Context.Faces.Execution.Activation.Receipt.Inventory.Born.Vector.Source (4.4s)
✔ [5986/6018] Built H0mework.Versions.V2.Realization.Operations.Inquiry.Context.Faces.Execution.Activation.Receipt.Inventory.Born.Vector.Consumer (4.7s)
✔ [5987/6018] Built H0mework.Versions.V2.Arithmetic.FockUnitAction.Inventory.SourceSelected.Calculation.Cursor.Native.Feed.Source (10s)
✔ [5988/6018] Built H0mework.Versions.V2.Realization.Operations.Inquiry.Context.Faces.Execution.Activation.Receipt.Inventory.Born.Vector.Fibre.Source (7.1s)
✔ [5989/6018] Built H0mework.Versions.V2.Realization.Operations.Inquiry.Context.Faces.Execution.Activation.Receipt.Inventory.Born.Vector.Fibre.Consumer (5.2s)
✔ [5990/6018] Built H0mework.Versions.V2.Realization.Operations.Inquiry.Context.Faces.Execution.Activation.Receipt.Inventory.Born.Vector.Action.Source (4.4s)
✔ [5991/6018] Built H0mework.Versions.V2.Realization.Operations.Inquiry.Context.Faces.Execution.Activation.Receipt.Inventory.Born.Vector.Action.Consumer (6.3s)
✔ [5992/6018] Built H0mework.Versions.V2.Realization.Operations.Inquiry.Context.Faces.Execution.Activation.Receipt.Inventory.Born.Coordinates.Source (4.3s)
✔ [5993/6018] Built H0mework.Versions.V2.Arithmetic.FockUnitAction.Inventory.SourceSelected.Calculation.Cursor.Native.Feed.Consumer (26s)
✔ [5994/6018] Built H0mework.Versions.V2.Realization.Operations.Inquiry.Context.Native.Frame.Stock.Return (41s)
✔ [5995/6018] Built H0mework.Versions.V2.Realization.Operations.Inquiry.Context.Faces.Execution.Activation.Receipt.Inventory.Born.Coordinates.Next (7.1s)
✔ [5996/6018] Built H0mework.Versions.V2.Realization.Operations.Inquiry.Context.Native.Frame.Stock.Coordinates (6.5s)
✔ [5997/6018] Built H0mework.Versions.V2.Realization.Operations.Inquiry.Context.Faces.Execution.Activation.Receipt.Inventory.Born.Coordinates.Query (8.2s)
✔ [5998/6018] Built H0mework.Versions.V2.Arithmetic.FockUnitAction.Inventory.SourceSelected.Calculation.Cursor.Native.Feed.Continuation.Source (11s)
✔ [5999/6018] Built H0mework.Versions.V2.Realization.Operations.Inquiry.Context.Native.Frame.Stock.Birth (56s)
✔ [6000/6018] Built H0mework.Versions.V2.Realization.Operations.Inquiry.Context.Faces.Execution.Activation.Receipt.Inventory.Born.Coordinates.Consumer (6.3s)
✔ [6001/6018] Built H0mework.Versions.V2.Realization.Operations.Inquiry.Context.Faces.Execution.Activation.Receipt.Inventory.Born.Coordinates.Actual.Source (4.6s)
✔ [6002/6018] Built H0mework.Versions.V2.Arithmetic.FockUnitAction.Inventory.SourceSelected.Calculation.Cursor.Native.Feed.Continuation.Consumer (15s)
✔ [6003/6018] Built H0mework.Versions.V2.Realization.Operations.Inquiry.Context.Faces.Execution.Activation.Receipt.Inventory.Born.Coordinates.Actual.Query (7.7s)
ℹ [6004/6018] Built H0mework.Checks.SecondEdition.V2.Framework.SourcePolicy.Querytracereturn (32s)
info: H0mework/Checks/SecondEdition/V2/Framework/SourcePolicy/Querytracereturn.lean:64:88: Type mismatch
  event
has type
  PresentedRelationEventAt (Expr (PairValue Value) Var sort)
but is expected to have type
  PresentedRelationEventAt (Expr (PairValue Value) configuration.LowVar sort)
info: H0mework/Checks/SecondEdition/V2/Framework/SourcePolicy/Querytracereturn.lean:63:0: fun event =>
  have this := sorry;
  this : PresentedRelationEventAt (Expr (PairValue Value) Var sort) →
  PresentedRelationEventAt (Expr (PairValue Value) configuration.LowVar sort)
info: H0mework/Checks/SecondEdition/V2/Framework/SourcePolicy/Querytracereturn.lean:66:0: 'SaturationMonoid.ResponsibilityLifecycle.LivingLawEvolution.ConstructiveRoot.SourcePolicyQueryTraceReturnControls.source_event_exists' depends on axioms: [propext,
 Classical.choice,
 Quot.sound]
info: H0mework/Checks/SecondEdition/V2/Framework/SourcePolicy/Querytracereturn.lean:67:0: 'SaturationMonoid.ResponsibilityLifecycle.LivingLawEvolution.ConstructiveRoot.SourcePolicyQueryTraceReturnControls.born_field_is_real' depends on axioms: [propext,
 Classical.choice,
 Quot.sound]
info: H0mework/Checks/SecondEdition/V2/Framework/SourcePolicy/Querytracereturn.lean:68:0: 'SaturationMonoid.ResponsibilityLifecycle.LivingLawEvolution.ConstructiveRoot.SourcePolicyQueryTraceReturnControls.root_reaches_next_query' depends on axioms: [propext,
 Classical.choice,
 Quot.sound]
info: H0mework/Checks/SecondEdition/V2/Framework/SourcePolicy/Querytracereturn.lean:69:0: 'SaturationMonoid.ResponsibilityLifecycle.LivingLawEvolution.ConstructiveRoot.SourcePolicyQueryTraceReturnControls.root_in_next_born_inventory' depends on axioms: [propext,
 Classical.choice,
 Quot.sound]
info: H0mework/Checks/SecondEdition/V2/Framework/SourcePolicy/Querytracereturn.lean:70:0: 'SaturationMonoid.ResponsibilityLifecycle.LivingLawEvolution.ConstructiveRoot.SourcePolicyQueryTraceReturnControls.all_fresh_events_written' depends on axioms: [propext,
 Classical.choice,
 Quot.sound]
info: H0mework/Checks/SecondEdition/V2/Framework/SourcePolicy/Querytracereturn.lean:71:0: 'SaturationMonoid.ResponsibilityLifecycle.LivingLawEvolution.ConstructiveRoot.SourcePolicyQueryTraceReturnControls.source_binding_expression' depends on axioms: [propext,
 Classical.choice,
 Quot.sound]
info: H0mework/Checks/SecondEdition/V2/Framework/SourcePolicy/Querytracereturn.lean:72:0: 'SaturationMonoid.ResponsibilityLifecycle.LivingLawEvolution.ConstructiveRoot.SourcePolicyQueryTraceReturnControls.source_binding_relation' depends on axioms: [propext,
 Classical.choice,
 Quot.sound]
info: H0mework/Checks/SecondEdition/V2/Framework/SourcePolicy/Querytracereturn.lean:73:0: 'SaturationMonoid.ResponsibilityLifecycle.LivingLawEvolution.ConstructiveRoot.SourcePolicyQueryTraceReturnControls.actual_born_occurrence' depends on axioms: [propext,
 Classical.choice,
 Quot.sound]
info: H0mework/Checks/SecondEdition/V2/Framework/SourcePolicy/Querytracereturn.lean:74:0: 'SaturationMonoid.ResponsibilityLifecycle.LivingLawEvolution.ConstructiveRoot.SourcePolicyQueryTraceReturnControls.generated_whole_inverse_next' depends on axioms: [propext,
 Classical.choice,
 Quot.sound]
info: H0mework/Checks/SecondEdition/V2/Framework/SourcePolicy/Querytracereturn.lean:75:0: 'SaturationMonoid.ResponsibilityLifecycle.LivingLawEvolution.ConstructiveRoot.SourcePolicyQueryTraceReturnControls.actual_full_frame_return' depends on axioms: [propext,
 Classical.choice,
 Quot.sound]
✔ [6005/6018] Built H0mework.Versions.V2.Arithmetic.FockUnitAction.Inventory.SourceSelected.Calculation.Cursor.Native.Feed.Continuation.Actor.Source (10s)
✔ [6006/6018] Built H0mework.Versions.V2.Realization.Operations.Inquiry.Context.Faces.Execution.Activation.Receipt.Inventory.Born.Coordinates.Actual.Consumer (7.8s)
✔ [6007/6018] Built H0mework.Versions.V2.Realization.Operations.Inquiry.Context.Faces.Execution.Activation.Receipt.Inventory.Born.Coordinates.Actual.Cofinal.Source (4.7s)
✔ [6008/6018] Built H0mework.Versions.V2.Arithmetic.FockUnitAction.Inventory.SourceSelected.Calculation.Cursor.Native.Feed.Continuation.Actor.Consumer (5.1s)
✔ [6009/6018] Built H0mework.Versions.V2.Arithmetic.FockUnitAction.Inventory.SourceSelected.Calculation.Cursor.Native.Feed.Continuation.Actor.Action (6.7s)
✔ [6010/6018] Built H0mework.Versions.V2.Realization.Operations.Inquiry.Context.Faces.Execution.Activation.Receipt.Inventory.Born.Coordinates.Actual.Cofinal.Consumer (6.7s)
✔ [6011/6018] Built H0mework.Versions.V2.Arithmetic.FockUnitAction.Inventory.SourceSelected.Calculation.Cursor.Native.Feed.Continuation.Actor.Stock (8.7s)
ℹ [6012/6018] Built H0mework.Checks.SecondEdition.V2.Framework.SourcePolicy.Fullframe (9.9s)
info: H0mework/Checks/SecondEdition/V2/Framework/SourcePolicy/Fullframe.lean:119:0: 'SaturationMonoid.ResponsibilityLifecycle.LivingLawEvolution.ConstructiveRoot.SourceOperationInquiry.Context.Native.Frame.fullword_read' depends on axioms: [propext,
 Classical.choice,
 Quot.sound]
info: H0mework/Checks/SecondEdition/V2/Framework/SourcePolicy/Fullframe.lean:120:0: 'SaturationMonoid.ResponsibilityLifecycle.LivingLawEvolution.ConstructiveRoot.SourceOperationInquiry.Context.Native.Frame.model_next' depends on axioms: [propext,
 Classical.choice,
 Quot.sound]
info: H0mework/Checks/SecondEdition/V2/Framework/SourcePolicy/Fullframe.lean:121:0: 'SaturationMonoid.ResponsibilityLifecycle.LivingLawEvolution.ConstructiveRoot.SourceOperationInquiry.Context.Native.Frame.inventory_next' depends on axioms: [propext,
 Classical.choice,
 Quot.sound]
info: H0mework/Checks/SecondEdition/V2/Framework/SourcePolicy/Fullframe.lean:122:0: 'SaturationMonoid.ResponsibilityLifecycle.LivingLawEvolution.ConstructiveRoot.SourceOperationInquiry.Context.Native.Frame.paid_depth_next' depends on axioms: [propext,
 Classical.choice,
 Quot.sound]
info: H0mework/Checks/SecondEdition/V2/Framework/SourcePolicy/Fullframe.lean:123:0: 'SaturationMonoid.ResponsibilityLifecycle.LivingLawEvolution.ConstructiveRoot.SourcePolicyFullFrameControls.full_current_next' depends on axioms: [propext,
 Classical.choice,
 Quot.sound]
info: H0mework/Checks/SecondEdition/V2/Framework/SourcePolicy/Fullframe.lean:124:0: 'SaturationMonoid.ResponsibilityLifecycle.LivingLawEvolution.ConstructiveRoot.SourcePolicyFullFrameControls.full_actual_inventory' depends on axioms: [propext,
 Classical.choice,
 Quot.sound]
info: H0mework/Checks/SecondEdition/V2/Framework/SourcePolicy/Fullframe.lean:125:0: 'SaturationMonoid.ResponsibilityLifecycle.LivingLawEvolution.ConstructiveRoot.SourcePolicyFullFrameControls.actual_macro_effect' depends on axioms: [propext,
 Classical.choice,
 Quot.sound]
info: H0mework/Checks/SecondEdition/V2/Framework/SourcePolicy/Fullframe.lean:126:0: 'SaturationMonoid.ResponsibilityLifecycle.LivingLawEvolution.ConstructiveRoot.SourcePolicyFullFrameControls.actual_receipt' depends on axioms: [propext,
 Classical.choice,
 Quot.sound]
info: H0mework/Checks/SecondEdition/V2/Framework/SourcePolicy/Fullframe.lean:127:0: 'SaturationMonoid.ResponsibilityLifecycle.LivingLawEvolution.ConstructiveRoot.SourcePolicyFullFrameControls.same_source_next' depends on axioms: [propext,
 Classical.choice,
 Quot.sound]
info: H0mework/Checks/SecondEdition/V2/Framework/SourcePolicy/Fullframe.lean:128:0: 'SaturationMonoid.ResponsibilityLifecycle.LivingLawEvolution.ConstructiveRoot.SourcePolicyFullFrameControls.typed_phase_preserved' depends on axioms: [propext,
 Classical.choice,
 Quot.sound]
info: H0mework/Checks/SecondEdition/V2/Framework/SourcePolicy/Fullframe.lean:129:0: 'SaturationMonoid.ResponsibilityLifecycle.LivingLawEvolution.ConstructiveRoot.SourcePolicyFullFrameControls.actual_paid_after_birth' depends on axioms: [propext,
 Classical.choice,
 Quot.sound]
info: H0mework/Checks/SecondEdition/V2/Framework/SourcePolicy/Fullframe.lean:130:0: 'SaturationMonoid.ResponsibilityLifecycle.LivingLawEvolution.ConstructiveRoot.SourcePolicyFullFrameControls.actual_paid_depth' depends on axioms: [propext,
 Classical.choice,
 Quot.sound]
info: H0mework/Checks/SecondEdition/V2/Framework/SourcePolicy/Fullframe.lean:131:0: 'SaturationMonoid.ResponsibilityLifecycle.LivingLawEvolution.ConstructiveRoot.SourcePolicyFullFrameControls.paid_faithful_fibre' depends on axioms: [propext,
 Classical.choice,
 Quot.sound]
info: H0mework/Checks/SecondEdition/V2/Framework/SourcePolicy/Fullframe.lean:132:0: 'SaturationMonoid.ResponsibilityLifecycle.LivingLawEvolution.ConstructiveRoot.SourcePolicyFullFrameControls.actual_paid_fibre' depends on axioms: [propext,
 Classical.choice,
 Quot.sound]
ℹ [6013/6018] Built H0mework.Checks.SecondEdition.V2.Framework.SourcePolicy.Stockquery (4.9s)
info: H0mework/Checks/SecondEdition/V2/Framework/SourcePolicy/Stockquery.lean:61:0: 'SaturationMonoid.ResponsibilityLifecycle.LivingLawEvolution.ConstructiveRoot.SourceOperationInquiry.Context.Native.Frame.Stock.full_model_next' depends on axioms: [propext,
 Classical.choice,
 Quot.sound]
info: H0mework/Checks/SecondEdition/V2/Framework/SourcePolicy/Stockquery.lean:62:0: 'SaturationMonoid.ResponsibilityLifecycle.LivingLawEvolution.ConstructiveRoot.SourceOperationInquiry.Context.Native.Frame.Stock.sealed_query' depends on axioms: [propext,
 Classical.choice,
 Quot.sound]
info: H0mework/Checks/SecondEdition/V2/Framework/SourcePolicy/Stockquery.lean:63:0: 'SaturationMonoid.ResponsibilityLifecycle.LivingLawEvolution.ConstructiveRoot.SourceOperationInquiry.Context.Native.Frame.Stock.source_query' depends on axioms: [propext,
 Classical.choice,
 Quot.sound]
info: H0mework/Checks/SecondEdition/V2/Framework/SourcePolicy/Stockquery.lean:64:0: 'SaturationMonoid.ResponsibilityLifecycle.LivingLawEvolution.ConstructiveRoot.SourceOperationInquiry.Context.Native.Frame.Stock.source_value' depends on axioms: [propext,
 Classical.choice,
 Quot.sound]
info: H0mework/Checks/SecondEdition/V2/Framework/SourcePolicy/Stockquery.lean:65:0: 'SaturationMonoid.ResponsibilityLifecycle.LivingLawEvolution.ConstructiveRoot.SourceOperationInquiry.Context.Native.Frame.Stock.source_trace' depends on axioms: [propext,
 Classical.choice,
 Quot.sound]
info: H0mework/Checks/SecondEdition/V2/Framework/SourcePolicy/Stockquery.lean:66:0: 'SaturationMonoid.ResponsibilityLifecycle.LivingLawEvolution.ConstructiveRoot.SourceOperationInquiry.Context.Native.Frame.Stock.born_stock' depends on axioms: [propext,
 Classical.choice,
 Quot.sound]
info: H0mework/Checks/SecondEdition/V2/Framework/SourcePolicy/Stockquery.lean:67:0: 'SaturationMonoid.ResponsibilityLifecycle.LivingLawEvolution.ConstructiveRoot.SourceOperationInquiry.Context.Native.Frame.Stock.registered_raw' depends on axioms: [propext,
 Classical.choice,
 Quot.sound]
info: H0mework/Checks/SecondEdition/V2/Framework/SourcePolicy/Stockquery.lean:68:0: 'SaturationMonoid.ResponsibilityLifecycle.LivingLawEvolution.ConstructiveRoot.SourceOperationInquiry.Context.Native.Frame.Stock.registered_state' depends on axioms: [propext,
 Classical.choice,
 Quot.sound]
info: H0mework/Checks/SecondEdition/V2/Framework/SourcePolicy/Stockquery.lean:69:0: 'SaturationMonoid.ResponsibilityLifecycle.LivingLawEvolution.ConstructiveRoot.SourceOperationInquiry.Context.Native.Frame.Stock.calculation_effect' depends on axioms: [propext,
 Classical.choice,
 Quot.sound]
info: H0mework/Checks/SecondEdition/V2/Framework/SourcePolicy/Stockquery.lean:70:0: 'SaturationMonoid.ResponsibilityLifecycle.LivingLawEvolution.ConstructiveRoot.SourceOperationInquiry.Context.Native.Frame.Stock.calculation_inverse' depends on axioms: [propext,
 Classical.choice,
 Quot.sound]
info: H0mework/Checks/SecondEdition/V2/Framework/SourcePolicy/Stockquery.lean:71:0: 'SaturationMonoid.ResponsibilityLifecycle.LivingLawEvolution.ConstructiveRoot.SourceOperationInquiry.Context.Native.Frame.Stock.calculation_whole' depends on axioms: [propext,
 Classical.choice,
 Quot.sound]
info: H0mework/Checks/SecondEdition/V2/Framework/SourcePolicy/Stockquery.lean:72:0: 'SaturationMonoid.ResponsibilityLifecycle.LivingLawEvolution.ConstructiveRoot.SourceOperationInquiry.Context.Native.Frame.Stock.calculation_next' depends on axioms: [propext,
 Classical.choice,
 Quot.sound]
info: H0mework/Checks/SecondEdition/V2/Framework/SourcePolicy/Stockquery.lean:73:0: 'SaturationMonoid.ResponsibilityLifecycle.LivingLawEvolution.ConstructiveRoot.SourceOperationInquiry.Context.Native.Frame.Stock.same_ledger' depends on axioms: [propext,
 Classical.choice,
 Quot.sound]
info: H0mework/Checks/SecondEdition/V2/Framework/SourcePolicy/Stockquery.lean:74:0: 'SaturationMonoid.ResponsibilityLifecycle.LivingLawEvolution.ConstructiveRoot.SourceOperationInquiry.Context.Native.Frame.Stock.canonical_stock' depends on axioms: [propext,
 Classical.choice,
 Quot.sound]
info: H0mework/Checks/SecondEdition/V2/Framework/SourcePolicy/Stockquery.lean:75:0: 'SaturationMonoid.ResponsibilityLifecycle.LivingLawEvolution.ConstructiveRoot.SourceOperationInquiry.Context.Native.Frame.Stock.canonical_next' depends on axioms: [propext,
 Classical.choice,
 Quot.sound]
info: H0mework/Checks/SecondEdition/V2/Framework/SourcePolicy/Stockquery.lean:76:0: 'SaturationMonoid.ResponsibilityLifecycle.LivingLawEvolution.ConstructiveRoot.SourcePolicyStockQueryControls.actor_decoder' depends on axioms: [propext,
 Classical.choice,
 Quot.sound]
info: H0mework/Checks/SecondEdition/V2/Framework/SourcePolicy/Stockquery.lean:77:0: 'SaturationMonoid.ResponsibilityLifecycle.LivingLawEvolution.ConstructiveRoot.SourcePolicyStockQueryControls.all_query_outputs' depends on axioms: [propext,
 Classical.choice,
 Quot.sound]
info: H0mework/Checks/SecondEdition/V2/Framework/SourcePolicy/Stockquery.lean:78:0: 'SaturationMonoid.ResponsibilityLifecycle.LivingLawEvolution.ConstructiveRoot.SourcePolicyStockQueryControls.exact_query_charge' depends on axioms: [propext,
 Classical.choice,
 Quot.sound]
info: H0mework/Checks/SecondEdition/V2/Framework/SourcePolicy/Stockquery.lean:79:0: 'SaturationMonoid.ResponsibilityLifecycle.LivingLawEvolution.ConstructiveRoot.SourcePolicyStockQueryControls.low_raw_ignores_stock' depends on axioms: [propext,
 Classical.choice,
 Quot.sound]
info: H0mework/Checks/SecondEdition/V2/Framework/SourcePolicy/Stockquery.lean:80:0: 'SaturationMonoid.ResponsibilityLifecycle.LivingLawEvolution.ConstructiveRoot.SourcePolicyStockQueryControls.same_runtime_next' depends on axioms: [propext,
 Classical.choice,
 Quot.sound]
ℹ [6014/6018] Built H0mework.Checks.SecondEdition.V2.Framework.SourcePolicy.Selectedstockbirth (39s)
info: H0mework/Checks/SecondEdition/V2/Framework/SourcePolicy/Selectedstockbirth.lean:82:0: 'SaturationMonoid.ResponsibilityLifecycle.LivingLawEvolution.ConstructiveRoot.SourceOperationInquiry.Context.Native.Frame.Stock.Birth.selected_action' depends on axioms: [propext,
 Classical.choice,
 Quot.sound]
info: H0mework/Checks/SecondEdition/V2/Framework/SourcePolicy/Selectedstockbirth.lean:83:0: 'SaturationMonoid.ResponsibilityLifecycle.LivingLawEvolution.ConstructiveRoot.SourceOperationInquiry.Context.Native.Frame.Stock.Birth.selected_compile' depends on axioms: [propext,
 Classical.choice,
 Quot.sound]
info: H0mework/Checks/SecondEdition/V2/Framework/SourcePolicy/Selectedstockbirth.lean:84:0: 'SaturationMonoid.ResponsibilityLifecycle.LivingLawEvolution.ConstructiveRoot.SourceOperationInquiry.Context.Native.Frame.Stock.Birth.macro_next' depends on axioms: [propext,
 Classical.choice,
 Quot.sound]
info: H0mework/Checks/SecondEdition/V2/Framework/SourcePolicy/Selectedstockbirth.lean:85:0: 'SaturationMonoid.ResponsibilityLifecycle.LivingLawEvolution.ConstructiveRoot.SourceOperationInquiry.Context.Native.Frame.Stock.Birth.actual_root' depends on axioms: [propext,
 Classical.choice,
 Quot.sound]
info: H0mework/Checks/SecondEdition/V2/Framework/SourcePolicy/Selectedstockbirth.lean:86:0: 'SaturationMonoid.ResponsibilityLifecycle.LivingLawEvolution.ConstructiveRoot.SourcePolicySelectedStockBirthControls.selected_macro_answer' depends on axioms: [propext,
 Classical.choice,
 Quot.sound]
info: H0mework/Checks/SecondEdition/V2/Framework/SourcePolicy/Selectedstockbirth.lean:87:0: 'SaturationMonoid.ResponsibilityLifecycle.LivingLawEvolution.ConstructiveRoot.SourcePolicySelectedStockBirthControls.selected_macro_current' depends on axioms: [propext,
 Classical.choice,
 Quot.sound]
info: H0mework/Checks/SecondEdition/V2/Framework/SourcePolicy/Selectedstockbirth.lean:88:0: 'SaturationMonoid.ResponsibilityLifecycle.LivingLawEvolution.ConstructiveRoot.SourcePolicySelectedStockBirthControls.selected_actual_stock' depends on axioms: [propext,
 Classical.choice,
 Quot.sound]
info: H0mework/Checks/SecondEdition/V2/Framework/SourcePolicy/Selectedstockbirth.lean:89:0: 'SaturationMonoid.ResponsibilityLifecycle.LivingLawEvolution.ConstructiveRoot.SourcePolicySelectedStockBirthControls.selected_current_stock' depends on axioms: [propext,
 Classical.choice,
 Quot.sound]
info: H0mework/Checks/SecondEdition/V2/Framework/SourcePolicy/Selectedstockbirth.lean:90:0: 'SaturationMonoid.ResponsibilityLifecycle.LivingLawEvolution.ConstructiveRoot.SourcePolicySelectedStockBirthControls.selected_receipt' depends on axioms: [propext,
 Classical.choice,
 Quot.sound]
info: H0mework/Checks/SecondEdition/V2/Framework/SourcePolicy/Selectedstockbirth.lean:91:0: 'SaturationMonoid.ResponsibilityLifecycle.LivingLawEvolution.ConstructiveRoot.SourcePolicySelectedStockBirthControls.canonical_visit' depends on axioms: [propext,
 Classical.choice,
 Quot.sound]
info: H0mework/Checks/SecondEdition/V2/Framework/SourcePolicy/Selectedstockbirth.lean:92:0: 'SaturationMonoid.ResponsibilityLifecycle.LivingLawEvolution.ConstructiveRoot.SourcePolicySelectedStockBirthControls.initial_ne_first_next' depends on axioms: [propext,
 Classical.choice,
 Quot.sound]
info: H0mework/Checks/SecondEdition/V2/Framework/SourcePolicy/Selectedstockbirth.lean:93:0: 'SaturationMonoid.ResponsibilityLifecycle.LivingLawEvolution.ConstructiveRoot.SourcePolicySelectedStockBirthControls.actual_paid_after_birth' depends on axioms: [propext,
 Classical.choice,
 Quot.sound]
info: H0mework/Checks/SecondEdition/V2/Framework/SourcePolicy/Selectedstockbirth.lean:94:0: 'SaturationMonoid.ResponsibilityLifecycle.LivingLawEvolution.ConstructiveRoot.SourcePolicySelectedStockBirthControls.actual_paid_compiler' depends on axioms: [propext,
 Classical.choice,
 Quot.sound]
ℹ [6015/6018] Built H0mework.Checks.SecondEdition.V2.Framework.SourcePolicy.Paidprefix (35s)
info: H0mework/Checks/SecondEdition/V2/Framework/SourcePolicy/Paidprefix.lean:69:0: 'SaturationMonoid.ResponsibilityLifecycle.LivingLawEvolution.ConstructiveRoot.SourceOperationInquiry.Context.Faces.Execution.Activation.Shared.Completion.Prefix.prefix_budget' depends on axioms: [propext,
 Classical.choice,
 Quot.sound]
info: H0mework/Checks/SecondEdition/V2/Framework/SourcePolicy/Paidprefix.lean:70:0: 'SaturationMonoid.ResponsibilityLifecycle.LivingLawEvolution.ConstructiveRoot.SourceOperationInquiry.Context.Faces.Execution.Activation.Shared.Completion.Prefix.paid_at_offset' depends on axioms: [propext,
 Classical.choice,
 Quot.sound]
info: H0mework/Checks/SecondEdition/V2/Framework/SourcePolicy/Paidprefix.lean:71:0: 'SaturationMonoid.ResponsibilityLifecycle.LivingLawEvolution.ConstructiveRoot.SourceOperationInquiry.Context.Faces.Execution.Activation.Shared.Completion.Prefix.receipt_distance_exact' depends on axioms: [propext,
 Classical.choice,
 Quot.sound]
info: H0mework/Checks/SecondEdition/V2/Framework/SourcePolicy/Paidprefix.lean:72:0: 'SaturationMonoid.ResponsibilityLifecycle.LivingLawEvolution.ConstructiveRoot.SourceOperationInquiry.Context.Faces.Execution.Activation.Shared.Completion.Prefix.receipt_paid_prefix' depends on axioms: [propext,
 Classical.choice,
 Quot.sound]
info: H0mework/Checks/SecondEdition/V2/Framework/SourcePolicy/Paidprefix.lean:73:0: 'SaturationMonoid.ResponsibilityLifecycle.LivingLawEvolution.ConstructiveRoot.SourceOperationInquiry.Context.Faces.Execution.Activation.Shared.Completion.Prefix.receipt_read' depends on axioms: [propext,
 Classical.choice,
 Quot.sound]
info: H0mework/Checks/SecondEdition/V2/Framework/SourcePolicy/Paidprefix.lean:74:0: 'SaturationMonoid.ResponsibilityLifecycle.LivingLawEvolution.ConstructiveRoot.SourceOperationInquiry.Context.Faces.Execution.Activation.Shared.Completion.Prefix.receipt_environment' depends on axioms: [propext,
 Classical.choice,
 Quot.sound]
info: H0mework/Checks/SecondEdition/V2/Framework/SourcePolicy/Paidprefix.lean:75:0: 'SaturationMonoid.ResponsibilityLifecycle.LivingLawEvolution.ConstructiveRoot.SourcePolicyPaidPrefixControls.actual_birth_after_positive' depends on axioms: [propext,
 Classical.choice,
 Quot.sound]
info: H0mework/Checks/SecondEdition/V2/Framework/SourcePolicy/Paidprefix.lean:76:0: 'SaturationMonoid.ResponsibilityLifecycle.LivingLawEvolution.ConstructiveRoot.SourcePolicyPaidPrefixControls.actual_first_paid' depends on axioms: [propext,
 Classical.choice,
 Quot.sound]
info: H0mework/Checks/SecondEdition/V2/Framework/SourcePolicy/Paidprefix.lean:77:0: 'SaturationMonoid.ResponsibilityLifecycle.LivingLawEvolution.ConstructiveRoot.SourcePolicyPaidPrefixControls.actual_settled_zero' depends on axioms: [propext,
 Classical.choice,
 Quot.sound]
info: H0mework/Checks/SecondEdition/V2/Framework/SourcePolicy/Paidprefix.lean:78:0: 'SaturationMonoid.ResponsibilityLifecycle.LivingLawEvolution.ConstructiveRoot.SourcePolicyPaidPrefixControls.actual_settled_next' depends on axioms: [propext,
 Classical.choice,
 Quot.sound]
info: H0mework/Checks/SecondEdition/V2/Framework/SourcePolicy/Paidprefix.lean:79:0: 'SaturationMonoid.ResponsibilityLifecycle.LivingLawEvolution.ConstructiveRoot.SourcePolicyPaidPrefixControls.actual_settled_compiles' depends on axioms: [propext,
 Classical.choice,
 Quot.sound]
info: H0mework/Checks/SecondEdition/V2/Framework/SourcePolicy/Paidprefix.lean:80:0: 'SaturationMonoid.ResponsibilityLifecycle.LivingLawEvolution.ConstructiveRoot.SourcePolicyPaidPrefixControls.actual_environment' depends on axioms: [propext,
 Classical.choice,
 Quot.sound]
✔ [6016/6018] Built H0mework.Papers.V2CoreCompletion (10s)
ℹ [6017/6018] Built H0mework.Checks.SecondEdition.V2.Framework.SourcePolicy.Tracecoordinates (1311s)
info: H0mework/Checks/SecondEdition/V2/Framework/SourcePolicy/Tracecoordinates.lean:115:0: 'SaturationMonoid.ResponsibilityLifecycle.LivingLawEvolution.ConstructiveRoot.SourceOperationInquiry.Context.Native.Frame.Stock.Coordinates.source_exposure' depends on axioms: [propext,
 Classical.choice,
 Quot.sound]
info: H0mework/Checks/SecondEdition/V2/Framework/SourcePolicy/Tracecoordinates.lean:116:0: 'SaturationMonoid.ResponsibilityLifecycle.LivingLawEvolution.ConstructiveRoot.SourceOperationInquiry.Context.Native.Frame.Stock.Coordinates.inventory_source' depends on axioms: [propext,
 Classical.choice,
 Quot.sound]
info: H0mework/Checks/SecondEdition/V2/Framework/SourcePolicy/Tracecoordinates.lean:117:0: 'SaturationMonoid.ResponsibilityLifecycle.LivingLawEvolution.ConstructiveRoot.SourceOperationInquiry.Context.Native.Frame.Stock.Coordinates.intoBorn_injective' depends on axioms: [propext,
 Classical.choice,
 Quot.sound]
info: H0mework/Checks/SecondEdition/V2/Framework/SourcePolicy/Tracecoordinates.lean:118:0: 'SaturationMonoid.ResponsibilityLifecycle.LivingLawEvolution.ConstructiveRoot.SourceOperationInquiry.Context.Native.Frame.Stock.Coordinates.intoBorn_read' depends on axioms: [propext,
 Classical.choice,
 Quot.sound]
info: H0mework/Checks/SecondEdition/V2/Framework/SourcePolicy/Tracecoordinates.lean:119:0: 'SaturationMonoid.ResponsibilityLifecycle.LivingLawEvolution.ConstructiveRoot.SourceOperationInquiry.Context.Native.Frame.Stock.Coordinates.intoBorn_strictMono' depends on axioms: [propext,
 Classical.choice,
 Quot.sound]
info: H0mework/Checks/SecondEdition/V2/Framework/SourcePolicy/Tracecoordinates.lean:120:0: 'SaturationMonoid.ResponsibilityLifecycle.LivingLawEvolution.ConstructiveRoot.SourcePolicyTraceCoordinatesControls.intoActual_injective' depends on axioms: [propext,
 Classical.choice,
 Quot.sound]
info: H0mework/Checks/SecondEdition/V2/Framework/SourcePolicy/Tracecoordinates.lean:121:0: 'SaturationMonoid.ResponsibilityLifecycle.LivingLawEvolution.ConstructiveRoot.SourcePolicyTraceCoordinatesControls.intoActual_read' depends on axioms: [propext,
 Classical.choice,
 Quot.sound]
info: H0mework/Checks/SecondEdition/V2/Framework/SourcePolicy/Tracecoordinates.lean:122:0: 'SaturationMonoid.ResponsibilityLifecycle.LivingLawEvolution.ConstructiveRoot.SourcePolicyTraceCoordinatesControls.completed' depends on axioms: [propext,
 Classical.choice,
 Quot.sound]
info: H0mework/Checks/SecondEdition/V2/Framework/SourcePolicy/Tracecoordinates.lean:123:0: 'SaturationMonoid.ResponsibilityLifecycle.LivingLawEvolution.ConstructiveRoot.SourcePolicyTraceCoordinatesControls.completed_value' depends on axioms: [propext,
 Classical.choice,
 Quot.sound]
info: H0mework/Checks/SecondEdition/V2/Framework/SourcePolicy/Tracecoordinates.lean:124:0: 'SaturationMonoid.ResponsibilityLifecycle.LivingLawEvolution.ConstructiveRoot.SourcePolicyTraceCoordinatesControls.indexed_update' depends on axioms: [propext,
 Classical.choice,
 Quot.sound]
info: H0mework/Checks/SecondEdition/V2/Framework/SourcePolicy/Tracecoordinates.lean:125:0: 'SaturationMonoid.ResponsibilityLifecycle.LivingLawEvolution.ConstructiveRoot.SourcePolicyTraceCoordinatesControls.same_value_distinct_positions' depends on axioms: [propext,
 Classical.choice,
 Quot.sound]
info: H0mework/Checks/SecondEdition/V2/Framework/SourcePolicy/Tracecoordinates.lean:126:0: 'SaturationMonoid.ResponsibilityLifecycle.LivingLawEvolution.ConstructiveRoot.SourcePolicyTraceCoordinatesControls.cofinal_word' depends on axioms: [propext,
 Classical.choice,
 Quot.sound]
info: H0mework/Checks/SecondEdition/V2/Framework/SourcePolicy/Tracecoordinates.lean:127:0: 'SaturationMonoid.ResponsibilityLifecycle.LivingLawEvolution.ConstructiveRoot.SourcePolicyTraceCoordinatesControls.cofinal_next' depends on axioms: [propext,
 Classical.choice,
 Quot.sound]
info: H0mework/Checks/SecondEdition/V2/Framework/SourcePolicy/Tracecoordinates.lean:128:0: 'SaturationMonoid.ResponsibilityLifecycle.LivingLawEvolution.ConstructiveRoot.SourcePolicyTraceCoordinatesControls.cofinal_ledger' depends on axioms: [propext,
 Classical.choice,
 Quot.sound]
info: H0mework/Checks/SecondEdition/V2/Framework/SourcePolicy/Tracecoordinates.lean:129:0: 'SaturationMonoid.ResponsibilityLifecycle.LivingLawEvolution.ConstructiveRoot.SourcePolicyTraceCoordinatesControls.actual_whole' depends on axioms: [propext,
 Classical.choice,
 Quot.sound]
info: H0mework/Checks/SecondEdition/V2/Framework/SourcePolicy/Tracecoordinates.lean:130:0: 'SaturationMonoid.ResponsibilityLifecycle.LivingLawEvolution.ConstructiveRoot.SourcePolicyTraceCoordinatesControls.actual_math_next' depends on axioms: [propext,
 Classical.choice,
 Quot.sound]
info: H0mework/Checks/SecondEdition/V2/Framework/SourcePolicy/Tracecoordinates.lean:131:0: 'SaturationMonoid.ResponsibilityLifecycle.LivingLawEvolution.ConstructiveRoot.SourcePolicyTraceCoordinatesControls.cofinal_whole' depends on axioms: [propext,
 Classical.choice,
 Quot.sound]
info: H0mework/Checks/SecondEdition/V2/Framework/SourcePolicy/Tracecoordinates.lean:132:0: 'SaturationMonoid.ResponsibilityLifecycle.LivingLawEvolution.ConstructiveRoot.SourcePolicyTraceCoordinatesControls.cofinal_math_next' depends on axioms: [propext,
 Classical.choice,
 Quot.sound]
✔ [6018/6018] Built H0mework.Papers.V2CoreFullStock (19s)
Some required targets logged failures:
- H0mework.Versions.PR.Realization.Operations.Inquiry.Context.Faces.Execution.Activation.Inventory.Pair.Residual.Joint.Past.InventoryTransport
error: build failed
