warning: mathlib: repository './Lean/.lake/packages/mathlib' has local changes
warning: batteries: repository './Lean/.lake/packages/batteries' has local changes
ℹ [9602/9761] Replayed H0mework.Versions.AB.Physics.LowEnergy.AlphaSource.BoundedRemainder
info: H0mework/Versions/AB/Physics/LowEnergy/AlphaSource/BoundedRemainder.lean:213:0: 'SaturationMonoid.Quantum.Forms.BoundedRemainder.augmented_closed' depends on axioms: [propext,
 Classical.choice,
 Quot.sound]
info: H0mework/Versions/AB/Physics/LowEnergy/AlphaSource/BoundedRemainder.lean:214:0: 'SaturationMonoid.Quantum.Forms.BoundedRemainder.riesz_pair' depends on axioms: [propext, Classical.choice, Quot.sound]
info: H0mework/Versions/AB/Physics/LowEnergy/AlphaSource/BoundedRemainder.lean:215:0: 'SaturationMonoid.Quantum.Forms.BoundedRemainder.riesz_pair_right' depends on axioms: [propext,
 Classical.choice,
 Quot.sound]
info: H0mework/Versions/AB/Physics/LowEnergy/AlphaSource/BoundedRemainder.lean:216:0: 'SaturationMonoid.Quantum.Forms.BoundedRemainder.operator_form' depends on axioms: [propext,
 Classical.choice,
 Quot.sound]
info: H0mework/Versions/AB/Physics/LowEnergy/AlphaSource/BoundedRemainder.lean:217:0: 'SaturationMonoid.Quantum.Forms.BoundedRemainder.operator_resolvent' depends on axioms: [propext,
 Classical.choice,
 Quot.sound]
info: H0mework/Versions/AB/Physics/LowEnergy/AlphaSource/BoundedRemainder.lean:218:0: 'SaturationMonoid.Quantum.Forms.BoundedRemainder.normalized_approximate' depends on axioms: [propext,
 Classical.choice,
 Quot.sound]
info: H0mework/Versions/AB/Physics/LowEnergy/AlphaSource/BoundedRemainder.lean:219:0: 'SaturationMonoid.Quantum.Forms.BoundedRemainder.form_preparation' depends on axioms: [propext,
 Classical.choice,
 Quot.sound]
ℹ [9751/9970] Replayed H0mework.Physics.LowEnergy.Quantum.SourceRetardedGraph
info: H0mework/Physics/LowEnergy/Quantum/SourceRetardedGraph.lean:262:0: 'LowEnergy.SourceRetardedGraph.closed_graph_pairing_both' depends on axioms: [propext, Classical.choice, Quot.sound]
info: H0mework/Physics/LowEnergy/Quantum/SourceRetardedGraph.lean:263:0: 'LowEnergy.SourceRetardedGraph.cayley_equal_norm' depends on axioms: [propext, Classical.choice, Quot.sound]
info: H0mework/Physics/LowEnergy/Quantum/SourceRetardedGraph.lean:264:0: 'LowEnergy.SourceRetardedGraph.lower_graph_bound' depends on axioms: [propext, Classical.choice, Quot.sound]
info: H0mework/Physics/LowEnergy/Quantum/SourceRetardedGraph.lean:265:0: 'LowEnergy.SourceRetardedGraph.cayleyRange' depends on axioms: [propext, Classical.choice, Quot.sound]
info: H0mework/Physics/LowEnergy/Quantum/SourceRetardedGraph.lean:266:0: 'LowEnergy.SourceRetardedGraph.incoming_range_closed' depends on axioms: [propext, Classical.choice, Quot.sound]
info: H0mework/Physics/LowEnergy/Quantum/SourceRetardedGraph.lean:267:0: 'LowEnergy.SourceRetardedGraph.mem_defect_iff_core' depends on axioms: [propext, Classical.choice, Quot.sound]
info: H0mework/Physics/LowEnergy/Quantum/SourceRetardedGraph.lean:268:0: 'LowEnergy.SourceRetardedGraph.range_resolvent_graph' depends on axioms: [propext, Classical.choice, Quot.sound]
info: H0mework/Physics/LowEnergy/Quantum/SourceRetardedGraph.lean:269:0: 'LowEnergy.SourceRetardedGraph.range_resolvent_bound' depends on axioms: [propext, Classical.choice, Quot.sound]
info: H0mework/Physics/LowEnergy/Quantum/SourceRetardedGraph.lean:270:0: 'LowEnergy.SourceRetardedGraph.mem_range_iff_defect' depends on axioms: [propext, Classical.choice, Quot.sound]
info: H0mework/Physics/LowEnergy/Quantum/SourceRetardedGraph.lean:271:0: 'LowEnergy.SourceRetardedGraph.range_step_norm' depends on axioms: [propext, Classical.choice, Quot.sound]
info: H0mework/Physics/LowEnergy/Quantum/SourceRetardedGraph.lean:272:0: 'LowEnergy.SourceRetardedGraph.range_step_midpoint' depends on axioms: [propext, Classical.choice, Quot.sound]
info: H0mework/Physics/LowEnergy/Quantum/SourceRetardedGraph.lean:273:0: 'LowEnergy.SourceRetardedGraph.source_mu_large' depends on axioms: [propext, Classical.choice, Quot.sound]
ℹ [9752/9970] Replayed H0mework.Physics.LowEnergy.Quantum.FiniteCoreEvolution
info: H0mework/Physics/LowEnergy/Quantum/FiniteCoreEvolution.lean:198:0: 'LowEnergy.FiniteCoreEvolution.compression_selfAdjoint' depends on axioms: [propext, Classical.choice, Quot.sound]
info: H0mework/Physics/LowEnergy/Quantum/FiniteCoreEvolution.lean:199:0: 'LowEnergy.FiniteCoreEvolution.compression_core' depends on axioms: [propext, Classical.choice, Quot.sound]
info: H0mework/Physics/LowEnergy/Quantum/FiniteCoreEvolution.lean:200:0: 'LowEnergy.FiniteCoreEvolution.compression_core_bound' depends on axioms: [propext, Classical.choice, Quot.sound]
info: H0mework/Physics/LowEnergy/Quantum/FiniteCoreEvolution.lean:201:0: 'LowEnergy.FiniteCoreEvolution.evolution_norm' depends on axioms: [propext, Classical.choice, Quot.sound]
info: H0mework/Physics/LowEnergy/Quantum/FiniteCoreEvolution.lean:202:0: 'LowEnergy.FiniteCoreEvolution.evolution_core_uniform' depends on axioms: [propext, Classical.choice, Quot.sound]
info: H0mework/Physics/LowEnergy/Quantum/FiniteCoreEvolution.lean:203:0: 'LowEnergy.FiniteCoreEvolution.compression_tendsto' depends on axioms: [propext, Classical.choice, Quot.sound]
info: H0mework/Physics/LowEnergy/Quantum/FiniteCoreEvolution.lean:204:0: 'LowEnergy.FiniteCoreEvolution.evolution_core_remainder' depends on axioms: [propext, Classical.choice, Quot.sound]
ℹ [9753/9970] Replayed H0mework.Physics.LowEnergy.Quantum.WeakCoreEvolution
info: H0mework/Physics/LowEnergy/Quantum/WeakCoreEvolution.lean:303:0: 'LowEnergy.WeakCoreEvolution.coefficient_tendsto' depends on axioms: [propext, Classical.choice, Quot.sound]
info: H0mework/Physics/LowEnergy/Quantum/WeakCoreEvolution.lean:304:0: 'LowEnergy.WeakCoreEvolution.coefficient_bound' depends on axioms: [propext, Classical.choice, Quot.sound]
info: H0mework/Physics/LowEnergy/Quantum/WeakCoreEvolution.lean:305:0: 'LowEnergy.WeakCoreEvolution.coefficient_add_right' depends on axioms: [propext, Classical.choice, Quot.sound]
info: H0mework/Physics/LowEnergy/Quantum/WeakCoreEvolution.lean:306:0: 'LowEnergy.WeakCoreEvolution.weak_evolution_pair' depends on axioms: [propext, Classical.choice, Quot.sound]
info: H0mework/Physics/LowEnergy/Quantum/WeakCoreEvolution.lean:307:0: 'LowEnergy.WeakCoreEvolution.weak_evolution_contraction' depends on axioms: [propext, Classical.choice, Quot.sound]
info: H0mework/Physics/LowEnergy/Quantum/WeakCoreEvolution.lean:308:0: 'LowEnergy.WeakCoreEvolution.weak_evolution_zero' depends on axioms: [propext, Classical.choice, Quot.sound]
info: H0mework/Physics/LowEnergy/Quantum/WeakCoreEvolution.lean:309:0: 'LowEnergy.WeakCoreEvolution.weak_evolution_core_uniform' depends on axioms: [propext, Classical.choice, Quot.sound]
info: H0mework/Physics/LowEnergy/Quantum/WeakCoreEvolution.lean:310:0: 'LowEnergy.WeakCoreEvolution.weak_evolution_continuous' depends on axioms: [propext, Classical.choice, Quot.sound]
info: H0mework/Physics/LowEnergy/Quantum/WeakCoreEvolution.lean:311:0: 'LowEnergy.WeakCoreEvolution.weak_evolution_core_remainder' depends on axioms: [propext, Classical.choice, Quot.sound]
info: H0mework/Physics/LowEnergy/Quantum/WeakCoreEvolution.lean:312:0: 'LowEnergy.WeakCoreEvolution.weak_evolution_core_derivative' depends on axioms: [propext, Classical.choice, Quot.sound]
info: H0mework/Physics/LowEnergy/Quantum/WeakCoreEvolution.lean:313:0: 'LowEnergy.WeakCoreEvolution.weak_evolution_original_pairing' depends on axioms: [propext, Classical.choice, Quot.sound]
info: H0mework/Physics/LowEnergy/Quantum/WeakCoreEvolution.lean:314:0: 'LowEnergy.WeakCoreEvolution.weak_evolution_pair_derivative' depends on axioms: [propext, Classical.choice, Quot.sound]
info: H0mework/Physics/LowEnergy/Quantum/WeakCoreEvolution.lean:315:0: 'LowEnergy.WeakCoreEvolution.retarded_test_identity' depends on axioms: [propext, Classical.choice, Quot.sound]
ℹ [10198/10277] Replayed H0mework.Foundation.Source.Root
info: H0mework/Foundation/Source/Root.lean:544:0: 'SaturationMonoid.ResponsibilityLifecycle.LivingLawEvolution.ConstructiveRoot.LedgerEntryEvolutionAt.toDebtLineage' does not depend on any axioms
ℹ [10219/10277] Replayed H0mework.Foundation.Semantics.TheoryState
info: H0mework/Foundation/Semantics/TheoryState.lean:137:0: 'SaturationMonoid.ResponsibilityLifecycle.LivingLawEvolution.TheoryState.rootSemantic_actualExpressibilityFailure_isEmpty' does not depend on any axioms
ℹ [10354/10363] Replayed H0mework.Physics.ElectricEC.FixedFullOccurrenceOriginSettlement
info: H0mework/Physics/ElectricEC/FixedFullOccurrenceOriginSettlement.lean:649:2: Try this:
  [apply] abel_nf
info: H0mework/Physics/ElectricEC/FixedFullOccurrenceOriginSettlement.lean:682:2: Try this:
  [apply] abel_nf
info: H0mework/Physics/ElectricEC/FixedFullOccurrenceOriginSettlement.lean:715:2: Try this:
  [apply] abel_nf
ℹ [10365/10397] Replayed H0mework.Physics.ScalarJets.FixedJointP286AlgebraicMatterScalarDelta
info: H0mework/Physics/ScalarJets/FixedJointP286AlgebraicMatterScalarDelta.lean:906:2: Try this:
  [apply] abel_nf
info: H0mework/Physics/ScalarJets/FixedJointP286AlgebraicMatterScalarDelta.lean:926:2: Try this:
  [apply] abel_nf
ℹ [10375/10397] Replayed H0mework.Physics.FullOccurrence.FixedMatterAdjointTemporalSupport
info: H0mework/Physics/FullOccurrence/FixedMatterAdjointTemporalSupport.lean:289:2: Try this:
  [apply] abel_nf
info: H0mework/Physics/FullOccurrence/FixedMatterAdjointTemporalSupport.lean:310:2: Try this:
  [apply] abel_nf
ℹ [10391/10440] Replayed H0mework.Physics.ActionForcing.FixedOccurrenceP286ZeroSliceActionProfile
info: H0mework/Physics/ActionForcing/FixedOccurrenceP286ZeroSliceActionProfile.lean:188:2: Try this:
  [apply] ring_nf
  
  The `ring` tactic failed to close the goal. Use `ring_nf` to obtain a normal form.
    
  Note that `ring` works primarily in *commutative* rings. If you have a noncommutative ring, abelian group or module, consider using `noncomm_ring`, `abel` or `module` instead.
ℹ [10392/10440] Replayed H0mework.Physics.FixedJoint.FixedP286RadialRequiredExteriorAnchor
info: H0mework/Physics/FixedJoint/FixedP286RadialRequiredExteriorAnchor.lean:160:2: Try this:
  [apply] ring_nf
  
  The `ring` tactic failed to close the goal. Use `ring_nf` to obtain a normal form.
    
  Note that `ring` works primarily in *commutative* rings. If you have a noncommutative ring, abelian group or module, consider using `noncomm_ring`, `abel` or `module` instead.
ℹ [10486/10493] Replayed H0mework.Physics.ActionGeneration.SameHessianCauchySafeRealization
info: H0mework/Physics/ActionGeneration/SameHessianCauchySafeRealization.lean:107:0: 'SaturationMonoid.PhysicsCore.StageNineSourceActionGeneratedSameHessianCauchySafeRealization.SameHessianCauchySafeRealizationOccurrence.after_eq_actionWrite' depends on axioms: [propext,
 Classical.choice,
 Quot.sound]
ℹ [10510/10567] Replayed H0mework.Physics.Coframe.CoframeNativeConjugateMatterGlobalRadialRegularity
info: H0mework/Physics/Coframe/CoframeNativeConjugateMatterGlobalRadialRegularity.lean:871:0: 'SaturationMonoid.PhysicsCore.StageNineCoframeNativeConjugateMatterGlobalRadialRegularity.coframeNativeGlobalConjugateMatterResponseOneForm_contDiff' depends on axioms: [propext,
 Classical.choice,
 Quot.sound]
info: H0mework/Physics/Coframe/CoframeNativeConjugateMatterGlobalRadialRegularity.lean:872:0: 'SaturationMonoid.PhysicsCore.StageNineCoframeNativeConjugateMatterGlobalRadialRegularity.actionGeneratedGlobalFrameMatterDualActual_smooth' depends on axioms: [propext,
 Classical.choice,
 Quot.sound]
info: H0mework/Physics/Coframe/CoframeNativeConjugateMatterGlobalRadialRegularity.lean:873:0: 'SaturationMonoid.PhysicsCore.StageNineCoframeNativeConjugateMatterGlobalRadialRegularity.installFormNativeGravityReaction_smooth' depends on axioms: [propext,
 Classical.choice,
 Quot.sound]
ℹ [10511/10567] Replayed H0mework.Physics.SafeCauchy.FixedJointGlobalSmooth
info: H0mework/Physics/SafeCauchy/FixedJointGlobalSmooth.lean:107:0: 'SaturationMonoid.PhysicsCore.StageNineDiracDualFormNativeFixedP506CartanECConstraintCauchySafeJointGlobalSmooth.fixedP506L0CartanECConstraintCauchySafeJointGlobalECPath_conjugateMatterResponseOneForm_contDiff' depends on axioms: [propext,
 Classical.choice,
 Quot.sound]
info: H0mework/Physics/SafeCauchy/FixedJointGlobalSmooth.lean:109:0: 'SaturationMonoid.PhysicsCore.StageNineDiracDualFormNativeFixedP506CartanECConstraintCauchySafeJointGlobalSmooth.fixedP506L0CartanECConstraintCauchySafeJointGlobalPrimal_conjugateMatterRadialIncrement_contDiff' depends on axioms: [propext,
 Classical.choice,
 Quot.sound]
info: H0mework/Physics/SafeCauchy/FixedJointGlobalSmooth.lean:111:0: 'SaturationMonoid.PhysicsCore.StageNineDiracDualFormNativeFixedP506CartanECConstraintCauchySafeJointGlobalSmooth.fixedP506L0CartanECConstraintCauchySafeJointGlobalMatterDual_smooth' depends on axioms: [propext,
 Classical.choice,
 Quot.sound]
info: H0mework/Physics/SafeCauchy/FixedJointGlobalSmooth.lean:113:0: 'SaturationMonoid.PhysicsCore.StageNineDiracDualFormNativeFixedP506CartanECConstraintCauchySafeJointGlobalSmooth.fixedP506L0CartanECConstraintCauchySafeJointGlobalActual_smooth' depends on axioms: [propext,
 Classical.choice,
 Quot.sound]
ℹ [10512/10567] Replayed H0mework.Physics.SafeCauchy.FixedECPathGravityTailInputRegularity
info: H0mework/Physics/SafeCauchy/FixedECPathGravityTailInputRegularity.lean:526:0: 'SaturationMonoid.PhysicsCore.StageNineDiracDualFormNativeFixedP506CartanECConstraintCauchySafeECPathGravityTailInputRegularity.cartanECSynchronizedGravityTailBase_smooth_of_currentSmooth' depends on axioms: [propext,
 Classical.choice,
 Quot.sound]
info: H0mework/Physics/SafeCauchy/FixedECPathGravityTailInputRegularity.lean:527:0: 'SaturationMonoid.PhysicsCore.StageNineDiracDualFormNativeFixedP506CartanECConstraintCauchySafeECPathGravityTailInputRegularity.fixedP506L0CartanECConstraintCauchySafeJointFinalGravityTailBase_smooth' depends on axioms: [propext,
 Classical.choice,
 Quot.sound]
info: H0mework/Physics/SafeCauchy/FixedECPathGravityTailInputRegularity.lean:529:0: 'SaturationMonoid.PhysicsCore.StageNineDiracDualFormNativeFixedP506CartanECConstraintCauchySafeECPathGravityTailInputRegularity.fixedP506L0CartanECConstraintCauchySafeJointFinalGravityTailBase_nondegenerate_origin' depends on axioms: [propext,
 Classical.choice,
 Quot.sound]
info: H0mework/Physics/SafeCauchy/FixedECPathGravityTailInputRegularity.lean:531:0: 'SaturationMonoid.PhysicsCore.StageNineDiracDualFormNativeFixedP506CartanECConstraintCauchySafeECPathGravityTailInputRegularity.fixedP506L0CartanECConstraintCauchySafeJointFinalGravityTailCoframeJetCoordinateCLM_contDiffAt_origin' depends on axioms: [propext,
 Classical.choice,
 Quot.sound]
info: H0mework/Physics/SafeCauchy/FixedECPathGravityTailInputRegularity.lean:533:0: 'SaturationMonoid.PhysicsCore.StageNineDiracDualFormNativeFixedP506CartanECConstraintCauchySafeECPathGravityTailInputRegularity.fixedP506L0CartanECConstraintCauchySafeJointFinalGravityTailCoframeFirstJet_origin_eq_identity' depends on axioms: [propext,
 Classical.choice,
 Quot.sound]
info: H0mework/Physics/SafeCauchy/FixedECPathGravityTailInputRegularity.lean:535:0: 'SaturationMonoid.PhysicsCore.StageNineDiracDualFormNativeFixedP506CartanECConstraintCauchySafeECPathGravityTailInputRegularity.fixedP506L0CartanECConstraintCauchySafeJointFinalGravityTailBase_coframe_eq_one' depends on axioms: [propext,
 Classical.choice,
 Quot.sound]
info: H0mework/Physics/SafeCauchy/FixedECPathGravityTailInputRegularity.lean:537:0: 'SaturationMonoid.PhysicsCore.StageNineDiracDualFormNativeFixedP506CartanECConstraintCauchySafeECPathGravityTailInputRegularity.fixedP506L0CartanECConstraintCauchySafeJointFinalGravityTailBase_nondegenerate' depends on axioms: [propext,
 Classical.choice,
 Quot.sound]
info: H0mework/Physics/SafeCauchy/FixedECPathGravityTailInputRegularity.lean:539:0: 'SaturationMonoid.PhysicsCore.StageNineDiracDualFormNativeFixedP506CartanECConstraintCauchySafeECPathGravityTailInputRegularity.fixedP506L0CartanECConstraintCauchySafeJointFinalGravityTailCoframeJetCoordinateCLM_contDiff' depends on axioms: [propext,
 Classical.choice,
 Quot.sound]
ℹ [10530/10567] Replayed H0mework.Physics.JointVariation.DirectPrimitivePathGLSmooth
info: H0mework/Physics/JointVariation/DirectPrimitivePathGLSmooth.lean:234:0: 'SaturationMonoid.PhysicsCore.StageNineDiracDualFormNativeCompleteJointDirectPrimitivePathGLSmooth.sourceActionGeneratedDiracDualGLDirectPrimitivePathWrite_smooth_of_materialRegularity' depends on axioms: [propext,
 Classical.choice,
 Quot.sound]
info: H0mework/Physics/JointVariation/DirectPrimitivePathGLSmooth.lean:236:0: 'SaturationMonoid.PhysicsCore.StageNineDiracDualFormNativeCompleteJointDirectPrimitivePathGLSmooth.sourceActionGeneratedDiracDualGLDirectPrimitivePathWrite_smooth' depends on axioms: [propext,
 Classical.choice,
 Quot.sound]
ℹ [10534/10567] Replayed H0mework.Versions.R2.Physics.ConstrainedCauchy.FixedFirstAssemblyGeneratedJointNormalForm
info: H0mework/Versions/R2/Physics/ConstrainedCauchy/FixedFirstAssemblyGeneratedJointNormalForm.lean:135:0: 'SaturationMonoid.PhysicsCore.StageNineDiracDualFormNativeFixedP506CartanECConstraintCauchyFirstAssemblyGeneratedJointNormalForm.root_firstAssembly_classicalJoint_eq_generatedNormalForm_section' depends on axioms: [propext,
 Classical.choice,
 Quot.sound]
info: H0mework/Versions/R2/Physics/ConstrainedCauchy/FixedFirstAssemblyGeneratedJointNormalForm.lean:136:0: 'SaturationMonoid.PhysicsCore.StageNineDiracDualFormNativeFixedP506CartanECConstraintCauchyFirstAssemblyGeneratedJointNormalForm.firstAssemblyGeneratedPointwiseJointNormalForm_gravityMultiplier_zero' depends on axioms: [propext,
 Classical.choice,
 Quot.sound]
info: H0mework/Versions/R2/Physics/ConstrainedCauchy/FixedFirstAssemblyGeneratedJointNormalForm.lean:138:0: 'SaturationMonoid.PhysicsCore.StageNineDiracDualFormNativeFixedP506CartanECConstraintCauchyFirstAssemblyGeneratedJointNormalForm.firstAssemblyGeneratedPointwiseJointNormalForm_gravityAuxiliary_zero' depends on axioms: [propext,
 Classical.choice,
 Quot.sound]
info: H0mework/Versions/R2/Physics/ConstrainedCauchy/FixedFirstAssemblyGeneratedJointNormalForm.lean:140:0: 'SaturationMonoid.PhysicsCore.StageNineDiracDualFormNativeFixedP506CartanECConstraintCauchyFirstAssemblyGeneratedJointNormalForm.firstAssemblyGeneratedPointwiseJointNormalForm_p286GaugeAuxiliary_zero' depends on axioms: [propext,
 Classical.choice,
 Quot.sound]
ℹ [10535/10567] Replayed H0mework.Versions.R2.Physics.ConstrainedCauchy.FixedFirstAssemblyP286ConnectionEvaluatorNormalForm
info: H0mework/Versions/R2/Physics/ConstrainedCauchy/FixedFirstAssemblyP286ConnectionEvaluatorNormalForm.lean:225:0: 'SaturationMonoid.PhysicsCore.StageNineDiracDualFormNativeFixedP506CartanECConstraintCauchyFirstAssemblyP286ConnectionEvaluatorNormalForm.firstAssembly_p286Stage_eq_sourceEulerStep' depends on axioms: [propext,
 Classical.choice,
 Quot.sound]
info: H0mework/Versions/R2/Physics/ConstrainedCauchy/FixedFirstAssemblyP286ConnectionEvaluatorNormalForm.lean:226:0: 'SaturationMonoid.PhysicsCore.StageNineDiracDualFormNativeFixedP506CartanECConstraintCauchyFirstAssemblyP286ConnectionEvaluatorNormalForm.firstAssembly_configuration_eq_p286Refreshed' depends on axioms: [propext,
 Classical.choice,
 Quot.sound]
info: H0mework/Versions/R2/Physics/ConstrainedCauchy/FixedFirstAssemblyP286ConnectionEvaluatorNormalForm.lean:227:0: 'SaturationMonoid.PhysicsCore.StageNineDiracDualFormNativeFixedP506CartanECConstraintCauchyFirstAssemblyP286ConnectionEvaluatorNormalForm.firstAssembly_p286Refreshed_gaugeConnection_eq_p286Stage' depends on axioms: [propext,
 Classical.choice,
 Quot.sound]
info: H0mework/Versions/R2/Physics/ConstrainedCauchy/FixedFirstAssemblyP286ConnectionEvaluatorNormalForm.lean:228:0: 'SaturationMonoid.PhysicsCore.StageNineDiracDualFormNativeFixedP506CartanECConstraintCauchyFirstAssemblyP286ConnectionEvaluatorNormalForm.firstAssembly_p286Stage_connectionCoordinate_eq_source_sub_gradient' depends on axioms: [propext,
 Classical.choice,
 Quot.sound]
info: H0mework/Versions/R2/Physics/ConstrainedCauchy/FixedFirstAssemblyP286ConnectionEvaluatorNormalForm.lean:230:0: 'SaturationMonoid.PhysicsCore.StageNineDiracDualFormNativeFixedP506CartanECConstraintCauchyFirstAssemblyP286ConnectionEvaluatorNormalForm.firstAssembly_p286Refreshed_auxiliary_eq_generatedConstitutive' depends on axioms: [propext,
 Classical.choice,
 Quot.sound]
info: H0mework/Versions/R2/Physics/ConstrainedCauchy/FixedFirstAssemblyP286ConnectionEvaluatorNormalForm.lean:232:0: 'SaturationMonoid.PhysicsCore.StageNineDiracDualFormNativeFixedP506CartanECConstraintCauchyFirstAssemblyP286ConnectionEvaluatorNormalForm.firstAssembly_connectionEvaluatorDefect_eq_refreshedEuler' depends on axioms: [propext,
 Classical.choice,
 Quot.sound]
info: H0mework/Versions/R2/Physics/ConstrainedCauchy/FixedFirstAssemblyP286ConnectionEvaluatorNormalForm.lean:233:0: 'SaturationMonoid.PhysicsCore.StageNineDiracDualFormNativeFixedP506CartanECConstraintCauchyFirstAssemblyP286ConnectionEvaluatorNormalForm.firstAssembly_connectionEvaluatorDefect_allPoint_zero_iff_yangMills' depends on axioms: [propext,
 Classical.choice,
 Quot.sound]
info: H0mework/Versions/R2/Physics/ConstrainedCauchy/FixedFirstAssemblyP286ConnectionEvaluatorNormalForm.lean:235:0: 'SaturationMonoid.PhysicsCore.StageNineDiracDualFormNativeFixedP506CartanECConstraintCauchyFirstAssemblyP286ConnectionEvaluatorNormalForm.firstAssembly_connectionEvaluatorDefect_allPoint_zero_iff_wholeField' depends on axioms: [propext,
 Classical.choice,
 Quot.sound]
info: H0mework/Versions/R2/Physics/ConstrainedCauchy/FixedFirstAssemblyP286ConnectionEvaluatorNormalForm.lean:237:0: 'SaturationMonoid.PhysicsCore.StageNineDiracDualFormNativeFixedP506CartanECConstraintCauchyFirstAssemblyP286ConnectionEvaluatorNormalForm.firstAssemblyGeneratedP286ConnectionActionDefect_nonnegative' depends on axioms: [propext,
 Classical.choice,
 Quot.sound]
info: H0mework/Versions/R2/Physics/ConstrainedCauchy/FixedFirstAssemblyP286ConnectionEvaluatorNormalForm.lean:239:0: 'SaturationMonoid.PhysicsCore.StageNineDiracDualFormNativeFixedP506CartanECConstraintCauchyFirstAssemblyP286ConnectionEvaluatorNormalForm.firstAssemblyGeneratedP286ConnectionActionDefect_eq_zero_iff_evaluator_zero' depends on axioms: [propext,
 Classical.choice,
 Quot.sound]
info: H0mework/Versions/R2/Physics/ConstrainedCauchy/FixedFirstAssemblyP286ConnectionEvaluatorNormalForm.lean:241:0: 'SaturationMonoid.PhysicsCore.StageNineDiracDualFormNativeFixedP506CartanECConstraintCauchyFirstAssemblyP286ConnectionEvaluatorNormalForm.firstAssemblyGeneratedP286ConnectionActionDefect_pos_iff_evaluator_nonzero' depends on axioms: [propext,
 Classical.choice,
 Quot.sound]
ℹ [10536/10567] Replayed H0mework.Physics.SafeCauchy.FixedDynamicScalarSourceContact
info: H0mework/Physics/SafeCauchy/FixedDynamicScalarSourceContact.lean:138:0: 'SaturationMonoid.PhysicsCore.StageNineDiracDualFormNativeFixedP506CartanECConstraintCauchySafeDynamicScalarSourceContact.fixedP506L0CartanECConstraintCauchySafeJointGlobalActual_scalar_origin_generatedVacuum' depends on axioms: [propext,
 Classical.choice,
 Quot.sound]
ℹ [10537/10567] Replayed H0mework.Physics.SafeCauchy.FixedClassicalCandidateFamily
info: H0mework/Physics/SafeCauchy/FixedClassicalCandidateFamily.lean:127:0: 'SaturationMonoid.PhysicsCore.StageNineDiracDualFormNativeFixedP506CartanECConstraintCauchySafeClassicalWorldCandidateFamily.safeFinalClassicalWorldCandidateActual_gravityConnectionLorentzAdmissible' depends on axioms: [propext,
 Classical.choice,
 Quot.sound]
info: H0mework/Physics/SafeCauchy/FixedClassicalCandidateFamily.lean:129:0: 'SaturationMonoid.PhysicsCore.StageNineDiracDualFormNativeFixedP506CartanECConstraintCauchySafeClassicalWorldCandidateFamily.safeFinalClassicalWorldCandidateActual_acceptance_iff' depends on axioms: [propext,
 Classical.choice,
 Quot.sound]
ℹ [10538/10567] Replayed H0mework.Physics.SafeCauchy.FixedJointGlobalFiveSectorClosure
info: H0mework/Physics/SafeCauchy/FixedJointGlobalFiveSectorClosure.lean:436:0: 'SaturationMonoid.PhysicsCore.StageNineDiracDualFormNativeFixedP506CartanECConstraintCauchySafeJointGlobalFiveSectorClosure.fixedP506L0CartanECConstraintCauchySafeJointGlobalActual_gaugeCurvature_origin_ne_zero' depends on axioms: [propext,
 Classical.choice,
 Quot.sound]
info: H0mework/Physics/SafeCauchy/FixedJointGlobalFiveSectorClosure.lean:438:0: 'SaturationMonoid.PhysicsCore.StageNineDiracDualFormNativeFixedP506CartanECConstraintCauchySafeJointGlobalFiveSectorClosure.fixedP506L0CartanECConstraintCauchySafeJointGlobalActual_matterCurrentNonzeroAt_origin' depends on axioms: [propext,
 Classical.choice,
 Quot.sound]
info: H0mework/Physics/SafeCauchy/FixedJointGlobalFiveSectorClosure.lean:440:0: 'SaturationMonoid.PhysicsCore.StageNineDiracDualFormNativeFixedP506CartanECConstraintCauchySafeJointGlobalFiveSectorClosure.fixedP506L0CartanECConstraintCauchySafeJointGlobalActual_nonGravityFiveSectorClosure' depends on axioms: [propext,
 Classical.choice,
 Quot.sound]
ℹ [10563/10601] Replayed H0mework.Versions.AB.Physics.LowEnergy.Quantum.GaussHistoryHilbert
info: H0mework/Versions/AB/Physics/LowEnergy/Quantum/GaussHistoryHilbert.lean:238:0: 'LowEnergy.GaussHistoryHilbert.source_jacobian_pos' depends on axioms: [propext, Classical.choice, Quot.sound]
info: H0mework/Versions/AB/Physics/LowEnergy/Quantum/GaussHistoryHilbert.lean:239:0: 'LowEnergy.GaussHistoryHilbert.relative_source' depends on axioms: [propext, Classical.choice, Quot.sound]
info: H0mework/Versions/AB/Physics/LowEnergy/Quantum/GaussHistoryHilbert.lean:240:0: 'LowEnergy.GaussHistoryHilbert.jacobian_source' depends on axioms: [propext, Classical.choice, Quot.sound]
info: H0mework/Versions/AB/Physics/LowEnergy/Quantum/GaussHistoryHilbert.lean:241:0: 'LowEnergy.GaussHistoryHilbert.relativeMatrix_smooth' depends on axioms: [propext, Classical.choice, Quot.sound]
info: H0mework/Versions/AB/Physics/LowEnergy/Quantum/GaussHistoryHilbert.lean:242:0: 'LowEnergy.GaussHistoryHilbert.coordinate_finrank' depends on axioms: [propext, Classical.choice, Quot.sound]
info: H0mework/Versions/AB/Physics/LowEnergy/Quantum/GaussHistoryHilbert.lean:243:0: 'LowEnergy.GaussHistoryHilbert.sourcePoint' depends on axioms: [propext, Classical.choice, Quot.sound]
info: H0mework/Versions/AB/Physics/LowEnergy/Quantum/GaussHistoryHilbert.lean:244:0: 'LowEnergy.GaussHistoryHilbert.numberWeight_pos' depends on axioms: [propext, Classical.choice, Quot.sound]
info: H0mework/Versions/AB/Physics/LowEnergy/Quantum/GaussHistoryHilbert.lean:245:0: 'LowEnergy.GaussHistoryHilbert.fockTestDomain_dense' depends on axioms: [propext, Classical.choice, Quot.sound]
ℹ [10564/10601] Replayed H0mework.Versions.AB.Physics.LowEnergy.Quantum.GaussLiveMomentum
info: H0mework/Versions/AB/Physics/LowEnergy/Quantum/GaussLiveMomentum.lean:281:0: 'LowEnergy.GaussLiveMomentum.splitMap_injective' depends on axioms: [propext, Classical.choice, Quot.sound]
info: H0mework/Versions/AB/Physics/LowEnergy/Quantum/GaussLiveMomentum.lean:282:0: 'LowEnergy.GaussLiveMomentum.splitEquiv' depends on axioms: [propext, Classical.choice, Quot.sound]
info: H0mework/Versions/AB/Physics/LowEnergy/Quantum/GaussLiveMomentum.lean:283:0: 'LowEnergy.GaussLiveMomentum.split_right_inverse' depends on axioms: [propext, Classical.choice, Quot.sound]
info: H0mework/Versions/AB/Physics/LowEnergy/Quantum/GaussLiveMomentum.lean:284:0: 'LowEnergy.GaussLiveMomentum.inverse_smooth' depends on axioms: [propext, Classical.choice, Quot.sound]
info: H0mework/Versions/AB/Physics/LowEnergy/Quantum/GaussLiveMomentum.lean:285:0: 'LowEnergy.GaussLiveMomentum.inverse_derivative' depends on axioms: [propext, Classical.choice, Quot.sound]
info: H0mework/Versions/AB/Physics/LowEnergy/Quantum/GaussLiveMomentum.lean:286:0: 'LowEnergy.GaussLiveMomentum.momentum_unique' depends on axioms: [propext, Classical.choice, Quot.sound]
info: H0mework/Versions/AB/Physics/LowEnergy/Quantum/GaussLiveMomentum.lean:287:0: 'LowEnergy.GaussLiveMomentum.momentum_orbit' depends on axioms: [propext, Classical.choice, Quot.sound]
info: H0mework/Versions/AB/Physics/LowEnergy/Quantum/GaussLiveMomentum.lean:288:0: 'LowEnergy.GaussLiveMomentum.momentum_slice' depends on axioms: [propext, Classical.choice, Quot.sound]
ℹ [10576/10601] Replayed H0mework.Physics.SynchronizedJoint.FixedDiracVectorCurrentTemporalRateZeroSlice
info: H0mework/Physics/SynchronizedJoint/FixedDiracVectorCurrentTemporalRateZeroSlice.lean:2215:6: Try this:
  [apply] ring_nf
  
  The `ring` tactic failed to close the goal. Use `ring_nf` to obtain a normal form.
    
  Note that `ring` works primarily in *commutative* rings. If you have a noncommutative ring, abelian group or module, consider using `noncomm_ring`, `abel` or `module` instead.
info: H0mework/Physics/SynchronizedJoint/FixedDiracVectorCurrentTemporalRateZeroSlice.lean:2215:6: Try this:
  [apply] ring_nf
  
  The `ring` tactic failed to close the goal. Use `ring_nf` to obtain a normal form.
    
  Note that `ring` works primarily in *commutative* rings. If you have a noncommutative ring, abelian group or module, consider using `noncomm_ring`, `abel` or `module` instead.
ℹ [10620/10639] Replayed H0mework.Versions.R2.Foundation.Source.SequentialAction
info: H0mework/Versions/R2/Foundation/Source/SequentialAction.lean:348:0: 'SaturationMonoid.ResponsibilityLifecycle.LivingLawEvolution.ConstructiveRoot.RootInquiryCompletion.SourceNativeSequentialActualActionTargetAt.initialOpenLedger_injective' does not depend on any axioms
info: H0mework/Versions/R2/Foundation/Source/SequentialAction.lean:349:0: 'SaturationMonoid.ResponsibilityLifecycle.LivingLawEvolution.ConstructiveRoot.RootInquiryCompletion.SourceNativeSequentialActualActionTargetAt.targetAnswerAndNext_next_eq' does not depend on any axioms
ℹ [10633/10639] Replayed H0mework.Physics.GaugeSource.CenteredReducedEntropyIteration
info: H0mework/Physics/GaugeSource/CenteredReducedEntropyIteration.lean:610:0: 'SaturationMonoid.PhysicsCore.StageNineP286SourceNativeCenteredReducedEntropyIteration.p286CenteredReducedNext_smooth' depends on axioms: [propext,
 Classical.choice,
 Quot.sound]
info: H0mework/Physics/GaugeSource/CenteredReducedEntropyIteration.lean:611:0: 'SaturationMonoid.PhysicsCore.StageNineP286SourceNativeCenteredReducedEntropyIteration.P286CenteredReducedEntropyStateAt.reducedBase_eq' depends on axioms: [propext,
 Classical.choice,
 Quot.sound]
info: H0mework/Physics/GaugeSource/CenteredReducedEntropyIteration.lean:612:0: 'SaturationMonoid.PhysicsCore.StageNineP286SourceNativeCenteredReducedEntropyIteration.p286CenteredReducedEntropyPaymentAt_eq_zero_iff_defectAt_eq_zero' depends on axioms: [propext,
 Classical.choice,
 Quot.sound]
info: H0mework/Physics/GaugeSource/CenteredReducedEntropyIteration.lean:614:0: 'SaturationMonoid.PhysicsCore.StageNineP286SourceNativeCenteredReducedEntropyIteration.p286CenteredReducedEntropy_defectZero_or_generatedProgress' depends on axioms: [propext,
 Classical.choice,
 Quot.sound]
info: H0mework/Physics/GaugeSource/CenteredReducedEntropyIteration.lean:616:0: 'SaturationMonoid.PhysicsCore.StageNineP286SourceNativeCenteredReducedEntropyIteration.p286CenteredReducedNormalizedEntropy_eq_neg_accumulatedPayment' depends on axioms: [propext,
 Classical.choice,
 Quot.sound]
info: H0mework/Physics/GaugeSource/CenteredReducedEntropyIteration.lean:618:0: 'SaturationMonoid.PhysicsCore.StageNineP286SourceNativeCenteredReducedEntropyIteration.p286CenteredReducedEntropyPayment_cofinalDisposition' depends on axioms: [propext,
 Classical.choice,
 Quot.sound]
info: H0mework/Physics/GaugeSource/CenteredReducedEntropyIteration.lean:619:0: 'SaturationMonoid.PhysicsCore.StageNineP286SourceNativeCenteredReducedEntropyIteration.p286CenteredReducedEntropyPayment_summable_of_floor' depends on axioms: [propext,
 Classical.choice,
 Quot.sound]
info: H0mework/Physics/GaugeSource/CenteredReducedEntropyIteration.lean:620:0: 'SaturationMonoid.PhysicsCore.StageNineP286SourceNativeCenteredReducedEntropyIteration.p286CenteredReducedEntropyDefect_tendsto_zero_of_cofinalMaterial' depends on axioms: [propext,
 Classical.choice,
 Quot.sound]
ℹ [10643/10692] Replayed H0mework.Foundation.Ledger.OriginOrBirth
info: H0mework/Foundation/Ledger/OriginOrBirth.lean:141:0: 'SaturationMonoid.ResponsibilityLifecycle.LivingLawEvolution.ConstructiveRoot.ExactTargetDebtOriginAt.excludesFresh' does not depend on any axioms
info: H0mework/Foundation/Ledger/OriginOrBirth.lean:142:0: 'SaturationMonoid.ResponsibilityLifecycle.LivingLawEvolution.ConstructiveRoot.LedgerWriteEvolutionAt.targetOldOrigin' does not depend on any axioms
info: H0mework/Foundation/Ledger/OriginOrBirth.lean:143:0: 'SaturationMonoid.ResponsibilityLifecycle.LivingLawEvolution.ConstructiveRoot.LedgerWriteEvolutionAt.excludesTargetFresh' does not depend on any axioms
info: H0mework/Foundation/Ledger/OriginOrBirth.lean:144:0: 'SaturationMonoid.ResponsibilityLifecycle.LivingLawEvolution.ConstructiveRoot.ExactTargetOldOriginProvenanceAt.excludesBirthFreshness' does not depend on any axioms
ℹ [10644/10692] Replayed H0mework.Realization.Audit.DebtFirstWrite
info: H0mework/Realization/Audit/DebtFirstWrite.lean:187:0: 'SaturationMonoid.ResponsibilityLifecycle.LivingLawEvolution.ConstructiveRoot.DebtAdmissionFirstWrite.SourceGeneratedDebtAdmissionFirstWriteAt.initialBudget_positive' depends on axioms: [propext]
info: H0mework/Realization/Audit/DebtFirstWrite.lean:188:0: 'SaturationMonoid.ResponsibilityLifecycle.LivingLawEvolution.ConstructiveRoot.DebtAdmissionFirstWrite.ordinaryEvolution_cannot_admit' depends on axioms: [propext]
ℹ [10647/10692] Replayed H0mework.Versions.R2.Foundation.Inquiry.SemanticRevision
info: H0mework/Versions/R2/Foundation/Inquiry/SemanticRevision.lean:842:0: 'SaturationMonoid.ResponsibilityLifecycle.LivingLawEvolution.ConstructiveRoot.TypedSemanticWorldNetworkU8.GeneratedTypedSemanticWorldNetworkRevisionAt.SourceGeneratedFirstWriteGenuineSplitAt.ofCompilerSelectedSplit' does not depend on any axioms
info: H0mework/Versions/R2/Foundation/Inquiry/SemanticRevision.lean:843:0: 'SaturationMonoid.ResponsibilityLifecycle.LivingLawEvolution.ConstructiveRoot.TypedSemanticWorldNetworkU8.FieldGroundedTypedSemanticWorldNetworkRevisionAt.ofSourceGeneratedRestructuring' does not depend on any axioms
info: H0mework/Versions/R2/Foundation/Inquiry/SemanticRevision.lean:844:0: 'SaturationMonoid.ResponsibilityLifecycle.LivingLawEvolution.ConstructiveRoot.TypedSemanticWorldNetworkU8.FieldGroundedTypedSemanticWorldNetworkRevisionAt.eq_of_generate_eq' does not depend on any axioms
ℹ [10650/10692] Replayed H0mework.Versions.R2.Foundation.Inquiry.Protocol
info: H0mework/Versions/R2/Foundation/Inquiry/Protocol.lean:1356:0: 'SaturationMonoid.ResponsibilityLifecycle.LivingLawEvolution.ConstructiveRoot.RootInquiryCompletion.SourceNativeInquiryCofaceRealizationAt.ofExactCofaceSource' does not depend on any axioms
info: H0mework/Versions/R2/Foundation/Inquiry/Protocol.lean:1357:0: 'SaturationMonoid.ResponsibilityLifecycle.LivingLawEvolution.ConstructiveRoot.RootInquiryCompletion.SourceNativeInquiryCofaceRealizationAt.ofGeneratedRevision' does not depend on any axioms
ℹ [10655/10692] Replayed H0mework.Versions.R2.Physics.RootHistory.PhysicalRootRuntime
info: H0mework/Versions/R2/Physics/RootHistory/PhysicalRootRuntime.lean:243:0: 'SaturationMonoid.PhysicsCore.StageTenPhysicalRoot.physicalRuntimeSeed_tick_eq_closure_initial' depends on axioms: [propext,
 Classical.choice,
 Quot.sound]
info: H0mework/Versions/R2/Physics/RootHistory/PhysicalRootRuntime.lean:244:0: 'SaturationMonoid.PhysicsCore.StageTenPhysicalRoot.physicalRuntimeAfterBoundary_tick_eq_closure_coface' depends on axioms: [propext,
 Classical.choice,
 Quot.sound]
info: H0mework/Versions/R2/Physics/RootHistory/PhysicalRootRuntime.lean:245:0: 'SaturationMonoid.PhysicsCore.StageTenPhysicalRoot.physicalRuntimeAfterCoface_tick_eq_closure_gravity' depends on axioms: [propext,
 Classical.choice,
 Quot.sound]
info: H0mework/Versions/R2/Physics/RootHistory/PhysicalRootRuntime.lean:246:0: 'SaturationMonoid.PhysicsCore.StageTenPhysicalRoot.physicalRuntimeAfterGravity_tick_eq_closure_assembly' depends on axioms: [propext,
 Classical.choice,
 Quot.sound]
info: H0mework/Versions/R2/Physics/RootHistory/PhysicalRootRuntime.lean:247:0: 'SaturationMonoid.PhysicsCore.StageTenPhysicalRoot.physicalRuntimeAfterAssembly_tick_eq_closure_postAssembly' depends on axioms: [propext,
 Classical.choice,
 Quot.sound]
info: H0mework/Versions/R2/Physics/RootHistory/PhysicalRootRuntime.lean:248:0: 'SaturationMonoid.PhysicsCore.StageTenPhysicalRoot.physicalRuntime_boundaryU7_resumes_at_firstGravity' depends on axioms: [propext,
 Classical.choice,
 Quot.sound]
info: H0mework/Versions/R2/Physics/RootHistory/PhysicalRootRuntime.lean:249:0: 'SaturationMonoid.PhysicsCore.StageTenPhysicalRoot.physicalRuntimeAfterPostAssembly_tick_eq_secondAssemblyEvent' depends on axioms: [propext,
 Classical.choice,
 Quot.sound]
ℹ [10663/10692] Replayed H0mework.Versions.R2.Foundation.Inquiry.Engine
info: H0mework/Versions/R2/Foundation/Inquiry/Engine.lean:1341:0: 'SaturationMonoid.ResponsibilityLifecycle.LivingLawEvolution.ConstructiveRoot.RootInquiryCompletion.RootInquiryProcessNode.active_directlyAnswered_successor_valid' depends on axioms: [propext]
info: H0mework/Versions/R2/Foundation/Inquiry/Engine.lean:1342:0: 'SaturationMonoid.ResponsibilityLifecycle.LivingLawEvolution.ConstructiveRoot.RootInquiryCompletion.RootInquiryProcessNode.active_directlyAnswered_terminalHandoff_successor_valid' depends on axioms: [propext]
info: H0mework/Versions/R2/Foundation/Inquiry/Engine.lean:1343:0: 'SaturationMonoid.ResponsibilityLifecycle.LivingLawEvolution.ConstructiveRoot.RootInquiryCompletion.RootInquiryProcessNode.active_actualAction_successor_valid' depends on axioms: [propext]
ℹ [10834/10896] Replayed H0mework.Versions.AB.Physics.LowEnergy.Quantum.GaussNativeMatter
info: H0mework/Versions/AB/Physics/LowEnergy/Quantum/GaussNativeMatter.lean:105:0: 'LowEnergy.GaussNativeMatter.nativeFull_stabilizer' depends on axioms: [propext, Classical.choice, Quot.sound]
info: H0mework/Versions/AB/Physics/LowEnergy/Quantum/GaussNativeMatter.lean:106:0: 'LowEnergy.GaussNativeMatter.nativeFock' depends on axioms: [propext, Classical.choice, Quot.sound]
info: H0mework/Versions/AB/Physics/LowEnergy/Quantum/GaussNativeMatter.lean:107:0: 'LowEnergy.GaussNativeMatter.nativeFock_skew' depends on axioms: [propext, Classical.choice, Quot.sound]
ℹ [10835/10896] Replayed H0mework.Versions.AB.Physics.LowEnergy.Quantum.GaussCoreDifferential
info: H0mework/Versions/AB/Physics/LowEnergy/Quantum/GaussCoreDifferential.lean:150:0: 'LowEnergy.GaussCoreDifferential.direction_smooth' depends on axioms: [propext, Classical.choice, Quot.sound]
info: H0mework/Versions/AB/Physics/LowEnergy/Quantum/GaussCoreDifferential.lean:151:0: 'LowEnergy.GaussCoreDifferential.directional' depends on axioms: [propext, Classical.choice, Quot.sound]
info: H0mework/Versions/AB/Physics/LowEnergy/Quantum/GaussCoreDifferential.lean:152:0: 'LowEnergy.GaussCoreDifferential.covariantMomentum' depends on axioms: [propext, Classical.choice, Quot.sound]
info: H0mework/Versions/AB/Physics/LowEnergy/Quantum/GaussCoreDifferential.lean:153:0: 'LowEnergy.GaussCoreDifferential.covariantMomentum_orbit' depends on axioms: [propext, Classical.choice, Quot.sound]
info: H0mework/Versions/AB/Physics/LowEnergy/Quantum/GaussCoreDifferential.lean:154:0: 'LowEnergy.GaussCoreDifferential.covariantMomentum_slice' depends on axioms: [propext, Classical.choice, Quot.sound]
ℹ [10836/10896] Replayed H0mework.Versions.AB.Physics.LowEnergy.Quantum.GaussCoreHilbert
info: H0mework/Versions/AB/Physics/LowEnergy/Quantum/GaussCoreHilbert.lean:170:0: 'LowEnergy.GaussCoreHilbert.embed_injective' depends on axioms: [propext, Classical.choice, Quot.sound]
info: H0mework/Versions/AB/Physics/LowEnergy/Quantum/GaussCoreHilbert.lean:171:0: 'LowEnergy.GaussCoreHilbert.coreEquiv' depends on axioms: [propext, Classical.choice, Quot.sound]
info: H0mework/Versions/AB/Physics/LowEnergy/Quantum/GaussCoreHilbert.lean:172:0: 'LowEnergy.GaussCoreHilbert.realize_preserves_core' depends on axioms: [propext, Classical.choice, Quot.sound]
info: H0mework/Versions/AB/Physics/LowEnergy/Quantum/GaussCoreHilbert.lean:173:0: 'LowEnergy.GaussCoreHilbert.momentum_on_test' depends on axioms: [propext, Classical.choice, Quot.sound]
ℹ [10837/10896] Replayed H0mework.Versions.AB.Physics.LowEnergy.Quantum.GaussDensityCore
info: H0mework/Versions/AB/Physics/LowEnergy/Quantum/GaussDensityCore.lean:257:0: 'LowEnergy.GaussDensityCore.density_smooth' depends on axioms: [propext, Classical.choice, Quot.sound]
info: H0mework/Versions/AB/Physics/LowEnergy/Quantum/GaussDensityCore.lean:258:0: 'LowEnergy.GaussDensityCore.weightedTranspose' depends on axioms: [propext, Classical.choice, Quot.sound]
info: H0mework/Versions/AB/Physics/LowEnergy/Quantum/GaussDensityCore.lean:259:0: 'LowEnergy.GaussDensityCore.weightedTranspose_apply' depends on axioms: [propext, Classical.choice, Quot.sound]
info: H0mework/Versions/AB/Physics/LowEnergy/Quantum/GaussDensityCore.lean:260:0: 'LowEnergy.GaussDensityCore.weighted_transpose_pair' depends on axioms: [propext, Classical.choice, Quot.sound]
info: H0mework/Versions/AB/Physics/LowEnergy/Quantum/GaussDensityCore.lean:261:0: 'LowEnergy.GaussDensityCore.weighted_transpose_hilbert' depends on axioms: [propext, Classical.choice, Quot.sound]
ℹ [10838/10896] Replayed H0mework.Versions.AB.Physics.LowEnergy.Quantum.GaussScalarTransport
info: H0mework/Versions/AB/Physics/LowEnergy/Quantum/GaussScalarTransport.lean:111:0: 'LowEnergy.GaussScalarTransport.fieldDerivative_apply' depends on axioms: [propext, Classical.choice, Quot.sound]
info: H0mework/Versions/AB/Physics/LowEnergy/Quantum/GaussScalarTransport.lean:112:0: 'LowEnergy.GaussScalarTransport.field_transpose_hilbert' depends on axioms: [propext, Classical.choice, Quot.sound]
ℹ [10839/10896] Replayed H0mework.Versions.AB.Physics.LowEnergy.Quantum.GaussFockWeights
info: H0mework/Versions/AB/Physics/LowEnergy/Quantum/GaussFockWeights.lean:103:0: 'LowEnergy.GaussFockWeights.native_number_commute' depends on axioms: [propext, Classical.choice, Quot.sound]
info: H0mework/Versions/AB/Physics/LowEnergy/Quantum/GaussFockWeights.lean:104:0: 'LowEnergy.GaussFockWeights.native_weight_commute' depends on axioms: [propext, Classical.choice, Quot.sound]
info: H0mework/Versions/AB/Physics/LowEnergy/Quantum/GaussFockWeights.lean:105:0: 'LowEnergy.GaussFockWeights.native_weighted_skew' depends on axioms: [propext, Classical.choice, Quot.sound]
ℹ [10840/10896] Replayed H0mework.Versions.AB.Physics.LowEnergy.Quantum.GaussFockPair
info: H0mework/Versions/AB/Physics/LowEnergy/Quantum/GaussFockPair.lean:77:0: 'LowEnergy.GaussFockPair.sourcePair_integral' depends on axioms: [propext, Classical.choice, Quot.sound]
info: H0mework/Versions/AB/Physics/LowEnergy/Quantum/GaussFockPair.lean:78:0: 'LowEnergy.GaussFockPair.connection_pair_skew' depends on axioms: [propext, Classical.choice, Quot.sound]
ℹ [10841/10896] Replayed H0mework.Versions.AB.Physics.LowEnergy.Quantum.GaussMomentumAdjoint
info: H0mework/Versions/AB/Physics/LowEnergy/Quantum/GaussMomentumAdjoint.lean:111:0: 'LowEnergy.GaussMomentumAdjoint.component_directional' depends on axioms: [propext, Classical.choice, Quot.sound]
info: H0mework/Versions/AB/Physics/LowEnergy/Quantum/GaussMomentumAdjoint.lean:112:0: 'LowEnergy.GaussMomentumAdjoint.derivative_pair' depends on axioms: [propext, Classical.choice, Quot.sound]
info: H0mework/Versions/AB/Physics/LowEnergy/Quantum/GaussMomentumAdjoint.lean:113:0: 'LowEnergy.GaussMomentumAdjoint.momentum_pair' depends on axioms: [propext, Classical.choice, Quot.sound]
info: H0mework/Versions/AB/Physics/LowEnergy/Quantum/GaussMomentumAdjoint.lean:114:0: 'LowEnergy.GaussMomentumAdjoint.original_formal_adjoint' depends on axioms: [propext, Classical.choice, Quot.sound]
ℹ [10842/10896] Replayed H0mework.Versions.AB.Physics.LowEnergy.Quantum.GaussNativeEnergy
info: H0mework/Versions/AB/Physics/LowEnergy/Quantum/GaussNativeEnergy.lean:278:0: 'LowEnergy.GaussNativeEnergy.source_time_generated' depends on axioms: [propext, Classical.choice, Quot.sound]
info: H0mework/Versions/AB/Physics/LowEnergy/Quantum/GaussNativeEnergy.lean:279:0: 'LowEnergy.GaussNativeEnergy.source_sigma_generated' depends on axioms: [propext, Classical.choice, Quot.sound]
info: H0mework/Versions/AB/Physics/LowEnergy/Quantum/GaussNativeEnergy.lean:280:0: 'LowEnergy.GaussNativeEnergy.triad_inverse_right' depends on axioms: [propext, Classical.choice, Quot.sound]
info: H0mework/Versions/AB/Physics/LowEnergy/Quantum/GaussNativeEnergy.lean:281:0: 'LowEnergy.GaussNativeEnergy.scalarWeight_smooth' depends on axioms: [propext, Classical.choice, Quot.sound]
info: H0mework/Versions/AB/Physics/LowEnergy/Quantum/GaussNativeEnergy.lean:282:0: 'LowEnergy.GaussNativeEnergy.gaugeWeight_smooth' depends on axioms: [propext, Classical.choice, Quot.sound]
info: H0mework/Versions/AB/Physics/LowEnergy/Quantum/GaussNativeEnergy.lean:283:0: 'LowEnergy.GaussNativeEnergy.source_electric_kernel' depends on axioms: [propext, Classical.choice, Quot.sound]
info: H0mework/Versions/AB/Physics/LowEnergy/Quantum/GaussNativeEnergy.lean:284:0: 'LowEnergy.GaussNativeEnergy.gaugeWeight_inverse' depends on axioms: [propext, Classical.choice, Quot.sound]
info: H0mework/Versions/AB/Physics/LowEnergy/Quantum/GaussNativeEnergy.lean:285:0: 'LowEnergy.GaussNativeEnergy.source_magnetic_kernel' depends on axioms: [propext, Classical.choice, Quot.sound]
info: H0mework/Versions/AB/Physics/LowEnergy/Quantum/GaussNativeEnergy.lean:286:0: 'LowEnergy.GaussNativeEnergy.source_scalar_weight' depends on axioms: [propext, Classical.choice, Quot.sound]
info: H0mework/Versions/AB/Physics/LowEnergy/Quantum/GaussNativeEnergy.lean:287:0: 'LowEnergy.GaussNativeEnergy.source_scalar_spatial' depends on axioms: [propext, Classical.choice, Quot.sound]
ℹ [10845/10896] Replayed H0mework.Versions.AB.Physics.LowEnergy.Quantum.SourceQuantumRadialCore
info: H0mework/Versions/AB/Physics/LowEnergy/Quantum/SourceQuantumRadialCore.lean:106:0: 'LowEnergy.SourceRadialCore.source_weight_preserves_test' depends on axioms: [propext, Classical.choice, Quot.sound]
info: H0mework/Versions/AB/Physics/LowEnergy/Quantum/SourceQuantumRadialCore.lean:107:0: 'LowEnergy.SourceRadialCore.source_inverse_preserves_test' depends on axioms: [propext, Classical.choice, Quot.sound]
info: H0mework/Versions/AB/Physics/LowEnergy/Quantum/SourceQuantumRadialCore.lean:108:0: 'LowEnergy.SourceRadialCore.original_full_core_preserved' depends on axioms: [propext, Classical.choice, Quot.sound]
info: H0mework/Versions/AB/Physics/LowEnergy/Quantum/SourceQuantumRadialCore.lean:109:0: 'LowEnergy.SourceRadialCore.pairing_return' depends on axioms: [propext, Classical.choice, Quot.sound]
ℹ [10846/10896] Replayed H0mework.Versions.AB.Physics.LowEnergy.Quantum.SourceCartanCubic
info: H0mework/Versions/AB/Physics/LowEnergy/Quantum/SourceCartanCubic.lean:136:0: 'LowEnergy.SourceCartanCubic.original_orbit_derivative' depends on axioms: [propext, Classical.choice, Quot.sound]
info: H0mework/Versions/AB/Physics/LowEnergy/Quantum/SourceCartanCubic.lean:137:0: 'LowEnergy.SourceCartanCubic.first_variation' depends on axioms: [propext, Classical.choice, Quot.sound]
info: H0mework/Versions/AB/Physics/LowEnergy/Quantum/SourceCartanCubic.lean:138:0: 'LowEnergy.SourceCartanCubic.cubic_curve_derivative' depends on axioms: [propext, Classical.choice, Quot.sound]
info: H0mework/Versions/AB/Physics/LowEnergy/Quantum/SourceCartanCubic.lean:139:0: 'LowEnergy.SourceCartanCubic.sourceWeight_preserves_test' depends on axioms: [propext, Classical.choice, Quot.sound]
info: H0mework/Versions/AB/Physics/LowEnergy/Quantum/SourceCartanCubic.lean:140:0: 'LowEnergy.SourceCartanCubic.sourceWeight_preserves_full_core' depends on axioms: [propext,
 Classical.choice,
 Quot.sound]
info: H0mework/Versions/AB/Physics/LowEnergy/Quantum/SourceCartanCubic.lean:141:0: 'LowEnergy.SourceCartanCubic.pairing_return' depends on axioms: [propext, Classical.choice, Quot.sound]
ℹ [10847/10896] Replayed H0mework.Versions.AB.Physics.LowEnergy.Quantum.GaussNativePotential
info: H0mework/Versions/AB/Physics/LowEnergy/Quantum/GaussNativePotential.lean:114:0: 'LowEnergy.GaussNativePotential.scalar_potential_source' depends on axioms: [propext, Classical.choice, Quot.sound]
info: H0mework/Versions/AB/Physics/LowEnergy/Quantum/GaussNativePotential.lean:115:0: 'LowEnergy.GaussNativePotential.magnetic_potential_source' depends on axioms: [propext, Classical.choice, Quot.sound]
info: H0mework/Versions/AB/Physics/LowEnergy/Quantum/GaussNativePotential.lean:116:0: 'LowEnergy.GaussNativePotential.potential_smooth' depends on axioms: [propext, Classical.choice, Quot.sound]
ℹ [10848/10896] Replayed H0mework.Versions.AB.Physics.LowEnergy.Quantum.GaussNativeForm
info: H0mework/Versions/AB/Physics/LowEnergy/Quantum/GaussNativeForm.lean:143:0: 'LowEnergy.GaussNativeForm.nativeAction' depends on axioms: [propext, Classical.choice, Quot.sound]
info: H0mework/Versions/AB/Physics/LowEnergy/Quantum/GaussNativeForm.lean:144:0: 'LowEnergy.GaussNativeForm.native_core_pair' depends on axioms: [propext, Classical.choice, Quot.sound]
ℹ [10849/10896] Replayed H0mework.Versions.AB.Physics.LowEnergy.Quantum.GaussCoframeCore
info: H0mework/Versions/AB/Physics/LowEnergy/Quantum/GaussCoframeCore.lean:93:0: 'LowEnergy.GaussCoframeCore.component_derivative' depends on axioms: [propext, Classical.choice, Quot.sound]
info: H0mework/Versions/AB/Physics/LowEnergy/Quantum/GaussCoframeCore.lean:94:0: 'LowEnergy.GaussCoframeCore.momentum_pair' depends on axioms: [propext, Classical.choice, Quot.sound]
ℹ [10850/10896] Replayed H0mework.Versions.AB.Physics.LowEnergy.Quantum.GaussCoframeKinetic
info: H0mework/Versions/AB/Physics/LowEnergy/Quantum/GaussCoframeKinetic.lean:145:0: 'LowEnergy.GaussCoframeKinetic.coefficient_smooth' depends on axioms: [propext, Classical.choice, Quot.sound]
info: H0mework/Versions/AB/Physics/LowEnergy/Quantum/GaussCoframeKinetic.lean:146:0: 'LowEnergy.GaussCoframeKinetic.kinetic_pair' depends on axioms: [propext, Classical.choice, Quot.sound]
ℹ [10851/10896] Replayed H0mework.Versions.AB.Physics.LowEnergy.Quantum.GaussQuantumMultiplier
info: H0mework/Versions/AB/Physics/LowEnergy/Quantum/GaussQuantumMultiplier.lean:112:0: 'LowEnergy.GaussQuantumMultiplier.action_pair' depends on axioms: [propext, Classical.choice, Quot.sound]
ℹ [10852/10896] Replayed H0mework.Versions.AB.Physics.LowEnergy.Quantum.GaussCoframeSpin
info: H0mework/Versions/AB/Physics/LowEnergy/Quantum/GaussCoframeSpin.lean:140:0: 'LowEnergy.GaussCoframeSpin.spinLift_source' depends on axioms: [propext, Classical.choice, Quot.sound]
info: H0mework/Versions/AB/Physics/LowEnergy/Quantum/GaussCoframeSpin.lean:141:0: 'LowEnergy.GaussCoframeSpin.full_hermitian' depends on axioms: [propext, Classical.choice, Quot.sound]
info: H0mework/Versions/AB/Physics/LowEnergy/Quantum/GaussCoframeSpin.lean:142:0: 'LowEnergy.GaussCoframeSpin.current_pair' depends on axioms: [propext, Classical.choice, Quot.sound]
ℹ [10853/10896] Replayed H0mework.Versions.AB.Physics.LowEnergy.Quantum.GaussCoframeForm
info: H0mework/Versions/AB/Physics/LowEnergy/Quantum/GaussCoframeForm.lean:147:0: 'LowEnergy.GaussCoframeForm.number_apply' depends on axioms: [propext, Classical.choice, Quot.sound]
info: H0mework/Versions/AB/Physics/LowEnergy/Quantum/GaussCoframeForm.lean:148:0: 'LowEnergy.GaussCoframeForm.coframeAction' depends on axioms: [propext, Classical.choice, Quot.sound]
info: H0mework/Versions/AB/Physics/LowEnergy/Quantum/GaussCoframeForm.lean:149:0: 'LowEnergy.GaussCoframeForm.coframeAction_pair' depends on axioms: [propext, Classical.choice, Quot.sound]
ℹ [10854/10896] Replayed H0mework.Versions.AB.Physics.LowEnergy.Quantum.GaussMatterCore
info: H0mework/Versions/AB/Physics/LowEnergy/Quantum/GaussMatterCore.lean:101:0: 'LowEnergy.GaussMatterCore.spin_native_commute' depends on axioms: [propext, Classical.choice, Quot.sound]
info: H0mework/Versions/AB/Physics/LowEnergy/Quantum/GaussMatterCore.lean:102:0: 'LowEnergy.GaussMatterCore.matrixTerm_hermitian' depends on axioms: [propext, Classical.choice, Quot.sound]
info: H0mework/Versions/AB/Physics/LowEnergy/Quantum/GaussMatterCore.lean:103:0: 'LowEnergy.GaussMatterCore.matter_pair' depends on axioms: [propext, Classical.choice, Quot.sound]
ℹ [10855/10896] Replayed H0mework.Versions.AB.Physics.LowEnergy.Quantum.SourceQuantumGradeTransport
info: H0mework/Versions/AB/Physics/LowEnergy/Quantum/SourceQuantumGradeTransport.lean:108:0: 'LowEnergy.SourceGradeTransport.original_yukawa_conjugate' depends on axioms: [propext, Classical.choice, Quot.sound]
info: H0mework/Versions/AB/Physics/LowEnergy/Quantum/SourceQuantumGradeTransport.lean:109:0: 'LowEnergy.SourceGradeTransport.pairing_return' depends on axioms: [propext, Classical.choice, Quot.sound]
ℹ [10856/10896] Replayed H0mework.Versions.AB.Physics.LowEnergy.Quantum.GaussHalfDensity
info: H0mework/Versions/AB/Physics/LowEnergy/Quantum/GaussHalfDensity.lean:147:0: 'LowEnergy.GaussHalfDensity.fockHalfDensityEquiv' depends on axioms: [propext, Classical.choice, Quot.sound]
info: H0mework/Versions/AB/Physics/LowEnergy/Quantum/GaussHalfDensity.lean:148:0: 'LowEnergy.GaussHalfDensity.source_halfDensity_native' depends on axioms: [propext, Classical.choice, Quot.sound]
ℹ [10857/10896] Replayed H0mework.Versions.AB.Physics.LowEnergy.Quantum.NativeHistoryGrade
info: H0mework/Versions/AB/Physics/LowEnergy/Quantum/NativeHistoryGrade.lean:281:0: 'LowEnergy.NativeHistoryGrade.projection_symmetric' depends on axioms: [propext, Classical.choice, Quot.sound]
info: H0mework/Versions/AB/Physics/LowEnergy/Quantum/NativeHistoryGrade.lean:282:0: 'LowEnergy.NativeHistoryGrade.projection_product' depends on axioms: [propext, Classical.choice, Quot.sound]
info: H0mework/Versions/AB/Physics/LowEnergy/Quantum/NativeHistoryGrade.lean:283:0: 'LowEnergy.NativeHistoryGrade.projection_resolution' depends on axioms: [propext, Classical.choice, Quot.sound]
info: H0mework/Versions/AB/Physics/LowEnergy/Quantum/NativeHistoryGrade.lean:284:0: 'LowEnergy.NativeHistoryGrade.projection_preserves_core' depends on axioms: [propext, Classical.choice, Quot.sound]
info: H0mework/Versions/AB/Physics/LowEnergy/Quantum/NativeHistoryGrade.lean:285:0: 'LowEnergy.NativeHistoryGrade.history_contraction' depends on axioms: [propext, Classical.choice, Quot.sound]
info: H0mework/Versions/AB/Physics/LowEnergy/Quantum/NativeHistoryGrade.lean:286:0: 'LowEnergy.NativeHistoryGrade.history_zero' depends on axioms: [propext, Classical.choice, Quot.sound]
info: H0mework/Versions/AB/Physics/LowEnergy/Quantum/NativeHistoryGrade.lean:287:0: 'LowEnergy.NativeHistoryGrade.history_left_block' depends on axioms: [propext, Classical.choice, Quot.sound]
info: H0mework/Versions/AB/Physics/LowEnergy/Quantum/NativeHistoryGrade.lean:288:0: 'LowEnergy.NativeHistoryGrade.history_right_block' depends on axioms: [propext, Classical.choice, Quot.sound]
info: H0mework/Versions/AB/Physics/LowEnergy/Quantum/NativeHistoryGrade.lean:289:0: 'LowEnergy.NativeHistoryGrade.history_continuous' depends on axioms: [propext, Classical.choice, Quot.sound]
info: H0mework/Versions/AB/Physics/LowEnergy/Quantum/NativeHistoryGrade.lean:290:0: 'LowEnergy.NativeHistoryGrade.history_core_derivative' depends on axioms: [propext, Classical.choice, Quot.sound]
info: H0mework/Versions/AB/Physics/LowEnergy/Quantum/NativeHistoryGrade.lean:291:0: 'LowEnergy.NativeHistoryGrade.history_original_pairing' depends on axioms: [propext, Classical.choice, Quot.sound]
info: H0mework/Versions/AB/Physics/LowEnergy/Quantum/NativeHistoryGrade.lean:292:0: 'LowEnergy.NativeHistoryGrade.history_retarded_identity' depends on axioms: [propext, Classical.choice, Quot.sound]
info: H0mework/Versions/AB/Physics/LowEnergy/Quantum/NativeHistoryGrade.lean:293:0: 'LowEnergy.NativeHistoryGrade.flatHistory_pairing' depends on axioms: [propext, Classical.choice, Quot.sound]
ℹ [10858/10896] Replayed H0mework.Versions.AB.Physics.LowEnergy.Quantum.SourceQuantumCARBound
info: H0mework/Versions/AB/Physics/LowEnergy/Quantum/SourceQuantumCARBound.lean:109:0: 'LowEnergy.SourceCARBound.matrix_unit_norm_le' depends on axioms: [propext, Classical.choice, Quot.sound]
info: H0mework/Versions/AB/Physics/LowEnergy/Quantum/SourceQuantumCARBound.lean:110:0: 'LowEnergy.SourceCARBound.quantized_norm_le_sum' depends on axioms: [propext, Classical.choice, Quot.sound]
info: H0mework/Versions/AB/Physics/LowEnergy/Quantum/SourceQuantumCARBound.lean:111:0: 'LowEnergy.SourceCARBound.quantized_norm_sq_le_support' depends on axioms: [propext, Classical.choice, Quot.sound]
ℹ [10859/10896] Replayed H0mework.Versions.AB.Physics.LowEnergy.Quantum.SourceFiniteUnitary
info: H0mework/Versions/AB/Physics/LowEnergy/Quantum/SourceFiniteUnitary.lean:74:0: 'LowEnergy.SourceFiniteUnitary.time_unitary' depends on axioms: [propext, Classical.choice, Quot.sound]
info: H0mework/Versions/AB/Physics/LowEnergy/Quantum/SourceFiniteUnitary.lean:75:0: 'LowEnergy.SourceFiniteUnitary.time_commutes' depends on axioms: [propext, Classical.choice, Quot.sound]
info: H0mework/Versions/AB/Physics/LowEnergy/Quantum/SourceFiniteUnitary.lean:76:0: 'LowEnergy.SourceFiniteUnitary.time_remainder' depends on axioms: [propext, Classical.choice, Quot.sound]
ℹ [10873/10929] Replayed H0mework.Versions.AB.Physics.LowEnergy.Quantum.GaussDiagonalHistory
info: H0mework/Versions/AB/Physics/LowEnergy/Quantum/GaussDiagonalHistory.lean:68:0: 'LowEnergy.GaussDiagonalHistory.diagonal_pair' depends on axioms: [propext, Classical.choice, Quot.sound]
info: H0mework/Versions/AB/Physics/LowEnergy/Quantum/GaussDiagonalHistory.lean:69:0: 'LowEnergy.GaussDiagonalHistory.history' depends on axioms: [propext, Classical.choice, Quot.sound]
info: H0mework/Versions/AB/Physics/LowEnergy/Quantum/GaussDiagonalHistory.lean:70:0: 'LowEnergy.GaussDiagonalHistory.history_derivative' depends on axioms: [propext, Classical.choice, Quot.sound]
info: H0mework/Versions/AB/Physics/LowEnergy/Quantum/GaussDiagonalHistory.lean:71:0: 'LowEnergy.GaussDiagonalHistory.retarded_source' depends on axioms: [propext, Classical.choice, Quot.sound]
ℹ [10874/10929] Replayed H0mework.Versions.AB.Physics.LowEnergy.Quantum.GaussFockLabel
info: H0mework/Versions/AB/Physics/LowEnergy/Quantum/GaussFockLabel.lean:188:0: 'LowEnergy.GaussFockLabel.native_preserves' depends on axioms: [propext, Classical.choice, Quot.sound]
info: H0mework/Versions/AB/Physics/LowEnergy/Quantum/GaussFockLabel.lean:189:0: 'LowEnergy.GaussFockLabel.spin_preserves' depends on axioms: [propext, Classical.choice, Quot.sound]
info: H0mework/Versions/AB/Physics/LowEnergy/Quantum/GaussFockLabel.lean:190:0: 'LowEnergy.GaussFockLabel.matter_preserves' depends on axioms: [propext, Classical.choice, Quot.sound]
info: H0mework/Versions/AB/Physics/LowEnergy/Quantum/GaussFockLabel.lean:191:0: 'LowEnergy.GaussFockLabel.entry_label' depends on axioms: [propext, Classical.choice, Quot.sound]
info: H0mework/Versions/AB/Physics/LowEnergy/Quantum/GaussFockLabel.lean:192:0: 'LowEnergy.GaussFockLabel.blockWeight_quantized' depends on axioms: [propext, Classical.choice, Quot.sound]
ℹ [10875/10929] Replayed H0mework.Versions.AB.Physics.LowEnergy.Quantum.GaussCoreLabel
info: H0mework/Versions/AB/Physics/LowEnergy/Quantum/GaussCoreLabel.lean:117:0: 'LowEnergy.GaussCoreLabel.embed_project' depends on axioms: [propext, Classical.choice, Quot.sound]
info: H0mework/Versions/AB/Physics/LowEnergy/Quantum/GaussCoreLabel.lean:118:0: 'LowEnergy.GaussCoreLabel.commutes_adjoint' depends on axioms: [propext, Classical.choice, Quot.sound]
info: H0mework/Versions/AB/Physics/LowEnergy/Quantum/GaussCoreLabel.lean:119:0: 'LowEnergy.GaussCoreLabel.commutes_matrix' depends on axioms: [propext, Classical.choice, Quot.sound]
ℹ [10876/10929] Replayed H0mework.Versions.AB.Physics.LowEnergy.Quantum.GaussDiagonalGrade
info: H0mework/Versions/AB/Physics/LowEnergy/Quantum/GaussDiagonalGrade.lean:123:0: 'LowEnergy.GaussDiagonalGrade.diagonal_commutes' depends on axioms: [propext, Classical.choice, Quot.sound]
info: H0mework/Versions/AB/Physics/LowEnergy/Quantum/GaussDiagonalGrade.lean:124:0: 'LowEnergy.GaussDiagonalGrade.history_derivative' depends on axioms: [propext, Classical.choice, Quot.sound]
info: H0mework/Versions/AB/Physics/LowEnergy/Quantum/GaussDiagonalGrade.lean:125:0: 'LowEnergy.GaussDiagonalGrade.retarded_source' depends on axioms: [propext, Classical.choice, Quot.sound]
ℹ [10877/10929] Replayed H0mework.Versions.AB.Physics.LowEnergy.Quantum.GaussAdjointHistory
info: H0mework/Versions/AB/Physics/LowEnergy/Quantum/GaussAdjointHistory.lean:142:0: 'LowEnergy.GaussAdjointHistory.maximalAdjoint_graph' depends on axioms: [propext, Classical.choice, Quot.sound]
info: H0mework/Versions/AB/Physics/LowEnergy/Quantum/GaussAdjointHistory.lean:143:0: 'LowEnergy.GaussAdjointHistory.graph_closed' depends on axioms: [propext, Classical.choice, Quot.sound]
info: H0mework/Versions/AB/Physics/LowEnergy/Quantum/GaussAdjointHistory.lean:144:0: 'LowEnergy.GaussAdjointHistory.history_domain' depends on axioms: [propext, Classical.choice, Quot.sound]
info: H0mework/Versions/AB/Physics/LowEnergy/Quantum/GaussAdjointHistory.lean:145:0: 'LowEnergy.GaussAdjointHistory.adjoint_history' depends on axioms: [propext, Classical.choice, Quot.sound]
info: H0mework/Versions/AB/Physics/LowEnergy/Quantum/GaussAdjointHistory.lean:146:0: 'LowEnergy.GaussAdjointHistory.jet_graph' depends on axioms: [propext, Classical.choice, Quot.sound]
info: H0mework/Versions/AB/Physics/LowEnergy/Quantum/GaussAdjointHistory.lean:147:0: 'LowEnergy.GaussAdjointHistory.history_smooth' depends on axioms: [propext, Classical.choice, Quot.sound]
info: H0mework/Versions/AB/Physics/LowEnergy/Quantum/GaussAdjointHistory.lean:148:0: 'LowEnergy.GaussAdjointHistory.twoLeg_left' depends on axioms: [propext, Classical.choice, Quot.sound]
info: H0mework/Versions/AB/Physics/LowEnergy/Quantum/GaussAdjointHistory.lean:149:0: 'LowEnergy.GaussAdjointHistory.twoLeg_right' depends on axioms: [propext, Classical.choice, Quot.sound]
ℹ [10878/10929] Replayed H0mework.Versions.AB.Physics.LowEnergy.Quantum.GaussFockLift
info: H0mework/Versions/AB/Physics/LowEnergy/Quantum/GaussFockLift.lean:148:0: 'LowEnergy.GaussFockLift.flatLift_identity' depends on axioms: [propext, Classical.choice, Quot.sound]
info: H0mework/Versions/AB/Physics/LowEnergy/Quantum/GaussFockLift.lean:149:0: 'LowEnergy.GaussFockLift.flatLift_mul' depends on axioms: [propext, Classical.choice, Quot.sound]
info: H0mework/Versions/AB/Physics/LowEnergy/Quantum/GaussFockLift.lean:150:0: 'LowEnergy.GaussFockLift.lift_pair' depends on axioms: [propext, Classical.choice, Quot.sound]
ℹ [10879/10929] Replayed H0mework.Versions.AB.Physics.LowEnergy.Quantum.GaussCARHistory
info: H0mework/Versions/AB/Physics/LowEnergy/Quantum/GaussCARHistory.lean:109:0: 'LowEnergy.GaussCARHistory.car' depends on axioms: [propext, Classical.choice, Quot.sound]
info: H0mework/Versions/AB/Physics/LowEnergy/Quantum/GaussCARHistory.lean:110:0: 'LowEnergy.GaussCARHistory.norm_partition' depends on axioms: [propext, Classical.choice, Quot.sound]
info: H0mework/Versions/AB/Physics/LowEnergy/Quantum/GaussCARHistory.lean:111:0: 'LowEnergy.GaussCARHistory.kernel_pair' depends on axioms: [propext, Classical.choice, Quot.sound]
info: H0mework/Versions/AB/Physics/LowEnergy/Quantum/GaussCARHistory.lean:112:0: 'LowEnergy.GaussCARHistory.response_left' depends on axioms: [propext, Classical.choice, Quot.sound]
info: H0mework/Versions/AB/Physics/LowEnergy/Quantum/GaussCARHistory.lean:113:0: 'LowEnergy.GaussCARHistory.response_right' depends on axioms: [propext, Classical.choice, Quot.sound]
info: H0mework/Versions/AB/Physics/LowEnergy/Quantum/GaussCARHistory.lean:114:0: 'LowEnergy.GaussCARHistory.annihilator_response_bound' depends on axioms: [propext, Classical.choice, Quot.sound]
ℹ [10880/10929] Replayed H0mework.Versions.AB.Physics.LowEnergy.Quantum.GaussUnitaryHistory
info: H0mework/Versions/AB/Physics/LowEnergy/Quantum/GaussUnitaryHistory.lean:138:0: 'LowEnergy.GaussUnitaryHistory.time_add' depends on axioms: [propext, Classical.choice, Quot.sound]
info: H0mework/Versions/AB/Physics/LowEnergy/Quantum/GaussUnitaryHistory.lean:139:0: 'LowEnergy.GaussUnitaryHistory.time_norm' depends on axioms: [propext, Classical.choice, Quot.sound]
info: H0mework/Versions/AB/Physics/LowEnergy/Quantum/GaussUnitaryHistory.lean:140:0: 'LowEnergy.GaussUnitaryHistory.weak_readback' depends on axioms: [propext, Classical.choice, Quot.sound]
info: H0mework/Versions/AB/Physics/LowEnergy/Quantum/GaussUnitaryHistory.lean:141:0: 'LowEnergy.GaussUnitaryHistory.car_all_time' depends on axioms: [propext, Classical.choice, Quot.sound]
ℹ [10881/10929] Replayed H0mework.Versions.AB.Physics.LowEnergy.Quantum.GaussUnitaryCore
info: H0mework/Versions/AB/Physics/LowEnergy/Quantum/GaussUnitaryCore.lean:132:0: 'LowEnergy.GaussUnitaryCore.core_remainder' depends on axioms: [propext, Classical.choice, Quot.sound]
info: H0mework/Versions/AB/Physics/LowEnergy/Quantum/GaussUnitaryCore.lean:133:0: 'LowEnergy.GaussUnitaryCore.core_derivative' depends on axioms: [propext, Classical.choice, Quot.sound]
info: H0mework/Versions/AB/Physics/LowEnergy/Quantum/GaussUnitaryCore.lean:134:0: 'LowEnergy.GaussUnitaryCore.core_smooth' depends on axioms: [propext, Classical.choice, Quot.sound]
info: H0mework/Versions/AB/Physics/LowEnergy/Quantum/GaussUnitaryCore.lean:135:0: 'LowEnergy.GaussUnitaryCore.source_continuous' depends on axioms: [propext, Classical.choice, Quot.sound]
info: H0mework/Versions/AB/Physics/LowEnergy/Quantum/GaussUnitaryCore.lean:136:0: 'LowEnergy.GaussUnitaryCore.response_left' depends on axioms: [propext, Classical.choice, Quot.sound]
info: H0mework/Versions/AB/Physics/LowEnergy/Quantum/GaussUnitaryCore.lean:137:0: 'LowEnergy.GaussUnitaryCore.response_right' depends on axioms: [propext, Classical.choice, Quot.sound]
ℹ [10882/10929] Replayed H0mework.Versions.AB.Physics.LowEnergy.Quantum.GaussGradedCompression
info: H0mework/Versions/AB/Physics/LowEnergy/Quantum/GaussGradedCompression.lean:109:0: 'LowEnergy.GaussGradedCompression.compression_selfAdjoint' depends on axioms: [propext, Classical.choice, Quot.sound]
info: H0mework/Versions/AB/Physics/LowEnergy/Quantum/GaussGradedCompression.lean:110:0: 'LowEnergy.GaussGradedCompression.compression_commutes' depends on axioms: [propext, Classical.choice, Quot.sound]
info: H0mework/Versions/AB/Physics/LowEnergy/Quantum/GaussGradedCompression.lean:111:0: 'LowEnergy.GaussGradedCompression.compression_core_bound' depends on axioms: [propext, Classical.choice, Quot.sound]
info: H0mework/Versions/AB/Physics/LowEnergy/Quantum/GaussGradedCompression.lean:112:0: 'LowEnergy.GaussGradedCompression.eventually_exact' depends on axioms: [propext, Classical.choice, Quot.sound]
ℹ [10883/10929] Replayed H0mework.Versions.AB.Physics.LowEnergy.Quantum.GaussGradedUnitary
info: H0mework/Versions/AB/Physics/LowEnergy/Quantum/GaussGradedUnitary.lean:170:0: 'LowEnergy.GaussGradedUnitary.time_add' depends on axioms: [propext, Classical.choice, Quot.sound]
info: H0mework/Versions/AB/Physics/LowEnergy/Quantum/GaussGradedUnitary.lean:171:0: 'LowEnergy.GaussGradedUnitary.time_norm' depends on axioms: [propext, Classical.choice, Quot.sound]
info: H0mework/Versions/AB/Physics/LowEnergy/Quantum/GaussGradedUnitary.lean:172:0: 'LowEnergy.GaussGradedUnitary.time_blocks' depends on axioms: [propext, Classical.choice, Quot.sound]
info: H0mework/Versions/AB/Physics/LowEnergy/Quantum/GaussGradedUnitary.lean:173:0: 'LowEnergy.GaussGradedUnitary.core_derivative' depends on axioms: [propext, Classical.choice, Quot.sound]
info: H0mework/Versions/AB/Physics/LowEnergy/Quantum/GaussGradedUnitary.lean:174:0: 'LowEnergy.GaussGradedUnitary.core_smooth' depends on axioms: [propext, Classical.choice, Quot.sound]
info: H0mework/Versions/AB/Physics/LowEnergy/Quantum/GaussGradedUnitary.lean:175:0: 'LowEnergy.GaussGradedUnitary.source_continuous' depends on axioms: [propext, Classical.choice, Quot.sound]
info: H0mework/Versions/AB/Physics/LowEnergy/Quantum/GaussGradedUnitary.lean:176:0: 'LowEnergy.GaussGradedUnitary.response_left' depends on axioms: [propext, Classical.choice, Quot.sound]
info: H0mework/Versions/AB/Physics/LowEnergy/Quantum/GaussGradedUnitary.lean:177:0: 'LowEnergy.GaussGradedUnitary.response_right' depends on axioms: [propext, Classical.choice, Quot.sound]
ℹ [10884/10929] Replayed H0mework.Versions.AB.Physics.LowEnergy.Quantum.GaussGradedRetarded
info: H0mework/Versions/AB/Physics/LowEnergy/Quantum/GaussGradedRetarded.lean:128:0: 'LowEnergy.GaussGradedRetarded.shadow_blocks' depends on axioms: [propext, Classical.choice, Quot.sound]
info: H0mework/Versions/AB/Physics/LowEnergy/Quantum/GaussGradedRetarded.lean:129:0: 'LowEnergy.GaussGradedRetarded.shadow_derivative' depends on axioms: [propext, Classical.choice, Quot.sound]
info: H0mework/Versions/AB/Physics/LowEnergy/Quantum/GaussGradedRetarded.lean:130:0: 'LowEnergy.GaussGradedRetarded.shadow_left_equation' depends on axioms: [propext, Classical.choice, Quot.sound]
info: H0mework/Versions/AB/Physics/LowEnergy/Quantum/GaussGradedRetarded.lean:131:0: 'LowEnergy.GaussGradedRetarded.retarded_source' depends on axioms: [propext, Classical.choice, Quot.sound]
ℹ [10885/10929] Replayed H0mework.Versions.AB.Physics.LowEnergy.Quantum.GaussYukawaCoefficient
info: H0mework/Versions/AB/Physics/LowEnergy/Quantum/GaussYukawaCoefficient.lean:105:0: 'LowEnergy.GaussYukawaCoefficient.source_map_return' depends on axioms: [propext, Classical.choice, Quot.sound]
info: H0mework/Versions/AB/Physics/LowEnergy/Quantum/GaussYukawaCoefficient.lean:106:0: 'LowEnergy.GaussYukawaCoefficient.normalized_bound' depends on axioms: [propext, Classical.choice, Quot.sound]
info: H0mework/Versions/AB/Physics/LowEnergy/Quantum/GaussYukawaCoefficient.lean:107:0: 'LowEnergy.GaussYukawaCoefficient.radius_return' depends on axioms: [propext, Classical.choice, Quot.sound]
ℹ [10886/10929] Replayed H0mework.Versions.AB.Physics.LowEnergy.Quantum.GaussBoundedMultiplier
info: H0mework/Versions/AB/Physics/LowEnergy/Quantum/GaussBoundedMultiplier.lean:141:0: 'LowEnergy.GaussBoundedMultiplier.action_bound' depends on axioms: [propext, Classical.choice, Quot.sound]
info: H0mework/Versions/AB/Physics/LowEnergy/Quantum/GaussBoundedMultiplier.lean:142:0: 'LowEnergy.GaussBoundedMultiplier.extension_core' depends on axioms: [propext, Classical.choice, Quot.sound]
ℹ [10913/10929] Replayed H0mework.Versions.AB.Physics.LowEnergy.Quantum.SourceGraphCompactFlux
info: H0mework/Versions/AB/Physics/LowEnergy/Quantum/SourceGraphCompactFlux.lean:217:0: 'LowEnergy.FullYSourceGraphCompactFlux.columns_eventually_exact' depends on axioms: [propext,
 Classical.choice,
 Quot.sound]
info: H0mework/Versions/AB/Physics/LowEnergy/Quantum/SourceGraphCompactFlux.lean:218:0: 'LowEnergy.FullYSourceGraphCompactFlux.original_flux_uniform' depends on axioms: [propext, Classical.choice, Quot.sound]
info: H0mework/Versions/AB/Physics/LowEnergy/Quantum/SourceGraphCompactFlux.lean:219:0: 'LowEnergy.FullYSourceGraphCompactFlux.source_graph_pair' depends on axioms: [propext, Classical.choice, Quot.sound]
info: H0mework/Versions/AB/Physics/LowEnergy/Quantum/SourceGraphCompactFlux.lean:220:0: 'LowEnergy.FullYSourceGraphCompactFlux.whole_carrier_graph_pair' depends on axioms: [propext,
 Classical.choice,
 Quot.sound]
info: H0mework/Versions/AB/Physics/LowEnergy/Quantum/SourceGraphCompactFlux.lean:221:0: 'LowEnergy.FullYSourceGraphCompactFlux.source_observable_derivative' depends on axioms: [propext,
 Classical.choice,
 Quot.sound]
ℹ [10914/10929] Replayed H0mework.Versions.AB.Physics.LowEnergy.Quantum.SourceResolventGraphSplice
info: H0mework/Versions/AB/Physics/LowEnergy/Quantum/SourceResolventGraphSplice.lean:249:0: 'LowEnergy.FullYSourceResolventGraphSplice.resolvent_norm' depends on axioms: [propext, Classical.choice, Quot.sound]
info: H0mework/Versions/AB/Physics/LowEnergy/Quantum/SourceResolventGraphSplice.lean:250:0: 'LowEnergy.FullYSourceResolventGraphSplice.graph_splice_uniform' depends on axioms: [propext,
 Classical.choice,
 Quot.sound]
info: H0mework/Versions/AB/Physics/LowEnergy/Quantum/SourceResolventGraphSplice.lean:251:0: 'LowEnergy.FullYSourceResolventGraphSplice.graph_splice_tendsto' depends on axioms: [propext,
 Classical.choice,
 Quot.sound]
info: H0mework/Versions/AB/Physics/LowEnergy/Quantum/SourceResolventGraphSplice.lean:252:0: 'LowEnergy.FullYSourceResolventGraphSplice.whole_carrier_graph_splice' depends on axioms: [propext,
 Classical.choice,
 Quot.sound]
info: H0mework/Versions/AB/Physics/LowEnergy/Quantum/SourceResolventGraphSplice.lean:253:0: 'LowEnergy.FullYSourceResolventGraphSplice.whole_carrier_remainder_splice' depends on axioms: [propext,
 Classical.choice,
 Quot.sound]
ℹ [10915/10929] Replayed H0mework.Versions.AB.Physics.LowEnergy.Quantum.SourceMinimalGraphParticular
info: H0mework/Versions/AB/Physics/LowEnergy/Quantum/SourceMinimalGraphParticular.lean:278:0: 'LowEnergy.SourceMinimalGraphParticular.source_particular_graph' depends on axioms: [propext,
 Classical.choice,
 Quot.sound]
info: H0mework/Versions/AB/Physics/LowEnergy/Quantum/SourceMinimalGraphParticular.lean:279:0: 'LowEnergy.SourceMinimalGraphParticular.source_particular_norm' depends on axioms: [propext,
 Classical.choice,
 Quot.sound]
info: H0mework/Versions/AB/Physics/LowEnergy/Quantum/SourceMinimalGraphParticular.lean:280:0: 'LowEnergy.SourceMinimalGraphParticular.source_original_adjoint_defect' depends on axioms: [propext,
 Classical.choice,
 Quot.sound]
info: H0mework/Versions/AB/Physics/LowEnergy/Quantum/SourceMinimalGraphParticular.lean:281:0: 'LowEnergy.SourceMinimalGraphParticular.source_adjoint_particular_equation' depends on axioms: [propext,
 Classical.choice,
 Quot.sound]
info: H0mework/Versions/AB/Physics/LowEnergy/Quantum/SourceMinimalGraphParticular.lean:282:0: 'LowEnergy.SourceMinimalGraphParticular.finite_resolvent_original_split' depends on axioms: [propext,
 Classical.choice,
 Quot.sound]
info: H0mework/Versions/AB/Physics/LowEnergy/Quantum/SourceMinimalGraphParticular.lean:283:0: 'LowEnergy.SourceMinimalGraphParticular.source_retained_remainder' depends on axioms: [propext,
 Classical.choice,
 Quot.sound]
ℹ [10916/10929] Replayed H0mework.Versions.AB.Physics.LowEnergy.Quantum.SourceBoundaryGram
info: H0mework/Versions/AB/Physics/LowEnergy/Quantum/SourceBoundaryGram.lean:173:0: 'LowEnergy.SourceBoundaryGram.whole_carrier_source_pair' depends on axioms: [propext, Classical.choice, Quot.sound]
info: H0mework/Versions/AB/Physics/LowEnergy/Quantum/SourceBoundaryGram.lean:174:0: 'LowEnergy.SourceBoundaryGram.whole_carrier_boundary_gram' depends on axioms: [propext, Classical.choice, Quot.sound]
info: H0mework/Versions/AB/Physics/LowEnergy/Quantum/SourceBoundaryGram.lean:175:0: 'LowEnergy.SourceBoundaryGram.boundary_return_bound' depends on axioms: [propext, Classical.choice, Quot.sound]
info: H0mework/Versions/AB/Physics/LowEnergy/Quantum/SourceBoundaryGram.lean:176:0: 'LowEnergy.SourceBoundaryGram.weighted_boundary_gram' depends on axioms: [propext, Classical.choice, Quot.sound]
ℹ [10925/10992] Replayed H0mework.Versions.AB.Physics.LowEnergy.AlphaSource.CanonicalCompletedSector
info: H0mework/Versions/AB/Physics/LowEnergy/AlphaSource/CanonicalCompletedSector.lean:145:0: 'LowEnergy.CanonicalCompletedSector.projection_commutes' depends on axioms: [propext, Classical.choice, Quot.sound]
info: H0mework/Versions/AB/Physics/LowEnergy/AlphaSource/CanonicalCompletedSector.lean:146:0: 'LowEnergy.CanonicalCompletedSector.projection_core' depends on axioms: [propext, Classical.choice, Quot.sound]
info: H0mework/Versions/AB/Physics/LowEnergy/AlphaSource/CanonicalCompletedSector.lean:147:0: 'LowEnergy.CanonicalCompletedSector.projection_symmetric' depends on axioms: [propext, Classical.choice, Quot.sound]
ℹ [10926/10992] Replayed H0mework.Versions.AB.Physics.LowEnergy.AlphaSource.CanonicalCompletedSectorCore
info: H0mework/Versions/AB/Physics/LowEnergy/AlphaSource/CanonicalCompletedSectorCore.lean:184:0: 'LowEnergy.CanonicalCompletedSector.diagonal_commutes' depends on axioms: [propext, Classical.choice, Quot.sound]
info: H0mework/Versions/AB/Physics/LowEnergy/AlphaSource/CanonicalCompletedSectorCore.lean:185:0: 'LowEnergy.CanonicalCompletedSector.projection_idempotent' depends on axioms: [propext, Classical.choice, Quot.sound]
ℹ [10927/10992] Replayed H0mework.Versions.AB.Physics.LowEnergy.AlphaSource.CanonicalCompletedSectorGraph
info: H0mework/Versions/AB/Physics/LowEnergy/AlphaSource/CanonicalCompletedSectorGraph.lean:173:0: 'LowEnergy.CanonicalCompletedSector.closed_graph_project' depends on axioms: [propext, Classical.choice, Quot.sound]
info: H0mework/Versions/AB/Physics/LowEnergy/AlphaSource/CanonicalCompletedSectorGraph.lean:174:0: 'LowEnergy.CanonicalCompletedSector.particular_commutes' depends on axioms: [propext, Classical.choice, Quot.sound]
info: H0mework/Versions/AB/Physics/LowEnergy/AlphaSource/CanonicalCompletedSectorGraph.lean:175:0: 'LowEnergy.CanonicalCompletedSector.actual_cross_boundary' depends on axioms: [propext, Classical.choice, Quot.sound]
ℹ [10928/10992] Replayed H0mework.Versions.AB.Physics.LowEnergy.AlphaSource.CanonicalCompletedSectorReturn
info: H0mework/Versions/AB/Physics/LowEnergy/AlphaSource/CanonicalCompletedSectorReturn.lean:98:0: 'LowEnergy.CanonicalCompletedSector.same_resolvent_shifted_core' depends on axioms: [propext,
 Classical.choice,
 Quot.sound]
info: H0mework/Versions/AB/Physics/LowEnergy/AlphaSource/CanonicalCompletedSectorReturn.lean:99:0: 'LowEnergy.CanonicalCompletedSector.sourceCross_shifted_range' depends on axioms: [propext,
 Classical.choice,
 Quot.sound]
info: H0mework/Versions/AB/Physics/LowEnergy/AlphaSource/CanonicalCompletedSectorReturn.lean:100:0: 'LowEnergy.CanonicalCompletedSector.sourceCross_deficiency' depends on axioms: [propext, Classical.choice, Quot.sound]
info: H0mework/Versions/AB/Physics/LowEnergy/AlphaSource/CanonicalCompletedSectorReturn.lean:101:0: 'LowEnergy.CanonicalCompletedSector.sourceCross_deficiency_bound' depends on axioms: [propext,
 Classical.choice,
 Quot.sound]
ℹ [10929/10992] Replayed H0mework.Versions.AB.Physics.LowEnergy.Quantum.GaussYukawaOperator
info: H0mework/Versions/AB/Physics/LowEnergy/Quantum/GaussYukawaOperator.lean:65:0: 'LowEnergy.GaussYukawaOperator.bounded_core' depends on axioms: [propext, Classical.choice, Quot.sound]
info: H0mework/Versions/AB/Physics/LowEnergy/Quantum/GaussYukawaOperator.lean:66:0: 'LowEnergy.GaussYukawaOperator.bounded_norm' depends on axioms: [propext, Classical.choice, Quot.sound]
info: H0mework/Versions/AB/Physics/LowEnergy/Quantum/GaussYukawaOperator.lean:67:0: 'LowEnergy.GaussYukawaOperator.originalY_factor' depends on axioms: [propext, Classical.choice, Quot.sound]
info: H0mework/Versions/AB/Physics/LowEnergy/Quantum/GaussYukawaOperator.lean:68:0: 'LowEnergy.GaussYukawaOperator.common_core' depends on axioms: [propext, Classical.choice, Quot.sound]
ℹ [10930/10992] Replayed H0mework.Versions.AB.Physics.LowEnergy.Quantum.GaussRadialDomain
info: H0mework/Versions/AB/Physics/LowEnergy/Quantum/GaussRadialDomain.lean:128:0: 'LowEnergy.GaussRadialDomain.inverse_dense' depends on axioms: [propext, Classical.choice, Quot.sound]
info: H0mework/Versions/AB/Physics/LowEnergy/Quantum/GaussRadialDomain.lean:129:0: 'LowEnergy.GaussRadialDomain.inverse_injective' depends on axioms: [propext, Classical.choice, Quot.sound]
info: H0mework/Versions/AB/Physics/LowEnergy/Quantum/GaussRadialDomain.lean:130:0: 'LowEnergy.GaussRadialDomain.graph_closed' depends on axioms: [propext, Classical.choice, Quot.sound]
info: H0mework/Versions/AB/Physics/LowEnergy/Quantum/GaussRadialDomain.lean:131:0: 'LowEnergy.GaussRadialDomain.closedY_dense' depends on axioms: [propext, Classical.choice, Quot.sound]
info: H0mework/Versions/AB/Physics/LowEnergy/Quantum/GaussRadialDomain.lean:132:0: 'LowEnergy.GaussRadialDomain.closedY_core' depends on axioms: [propext, Classical.choice, Quot.sound]
ℹ [10931/10992] Replayed H0mework.Versions.AB.Physics.LowEnergy.Quantum.GaussFullHamiltonian
info: H0mework/Versions/AB/Physics/LowEnergy/Quantum/GaussFullHamiltonian.lean:119:0: 'LowEnergy.GaussFullHamiltonian.yukawa_pair' depends on axioms: [propext, Classical.choice, Quot.sound]
info: H0mework/Versions/AB/Physics/LowEnergy/Quantum/GaussFullHamiltonian.lean:120:0: 'LowEnergy.GaussFullHamiltonian.formal_pair' depends on axioms: [propext, Classical.choice, Quot.sound]
info: H0mework/Versions/AB/Physics/LowEnergy/Quantum/GaussFullHamiltonian.lean:121:0: 'LowEnergy.GaussFullHamiltonian.native_dense' depends on axioms: [propext, Classical.choice, Quot.sound]
info: H0mework/Versions/AB/Physics/LowEnergy/Quantum/GaussFullHamiltonian.lean:122:0: 'LowEnergy.GaussFullHamiltonian.native_core' depends on axioms: [propext, Classical.choice, Quot.sound]
info: H0mework/Versions/AB/Physics/LowEnergy/Quantum/GaussFullHamiltonian.lean:123:0: 'LowEnergy.GaussFullHamiltonian.sharp_core' depends on axioms: [propext, Classical.choice, Quot.sound]
info: H0mework/Versions/AB/Physics/LowEnergy/Quantum/GaussFullHamiltonian.lean:124:0: 'LowEnergy.GaussFullHamiltonian.nativeClosed_graph' depends on axioms: [propext, Classical.choice, Quot.sound]
info: H0mework/Versions/AB/Physics/LowEnergy/Quantum/GaussFullHamiltonian.lean:125:0: 'LowEnergy.GaussFullHamiltonian.sharpClosed_graph' depends on axioms: [propext, Classical.choice, Quot.sound]
info: H0mework/Versions/AB/Physics/LowEnergy/Quantum/GaussFullHamiltonian.lean:126:0: 'LowEnergy.GaussFullHamiltonian.closed_pair' depends on axioms: [propext, Classical.choice, Quot.sound]
info: H0mework/Versions/AB/Physics/LowEnergy/Quantum/GaussFullHamiltonian.lean:127:0: 'LowEnergy.GaussFullHamiltonian.nativeClosed_minimal' depends on axioms: [propext, Classical.choice, Quot.sound]
info: H0mework/Versions/AB/Physics/LowEnergy/Quantum/GaussFullHamiltonian.lean:128:0: 'LowEnergy.GaussFullHamiltonian.closed_yukawa_consumed' depends on axioms: [propext, Classical.choice, Quot.sound]
ℹ [10932/10992] Replayed H0mework.Versions.AB.Physics.LowEnergy.Quantum.GaussYukawaGrade
info: H0mework/Versions/AB/Physics/LowEnergy/Quantum/GaussYukawaGrade.lean:140:0: 'LowEnergy.GaussYukawaGrade.matrix_raises' depends on axioms: [propext, Classical.choice, Quot.sound]
info: H0mework/Versions/AB/Physics/LowEnergy/Quantum/GaussYukawaGrade.lean:141:0: 'LowEnergy.GaussYukawaGrade.fiber_source_grade' depends on axioms: [propext, Classical.choice, Quot.sound]
info: H0mework/Versions/AB/Physics/LowEnergy/Quantum/GaussYukawaGrade.lean:142:0: 'LowEnergy.GaussYukawaGrade.grade_core' depends on axioms: [propext, Classical.choice, Quot.sound]
info: H0mework/Versions/AB/Physics/LowEnergy/Quantum/GaussYukawaGrade.lean:143:0: 'LowEnergy.GaussYukawaGrade.bounded_raises' depends on axioms: [propext, Classical.choice, Quot.sound]
info: H0mework/Versions/AB/Physics/LowEnergy/Quantum/GaussYukawaGrade.lean:144:0: 'LowEnergy.GaussYukawaGrade.inverse_blocks' depends on axioms: [propext, Classical.choice, Quot.sound]
info: H0mework/Versions/AB/Physics/LowEnergy/Quantum/GaussYukawaGrade.lean:145:0: 'LowEnergy.GaussYukawaGrade.closed_graph_grade' depends on axioms: [propext, Classical.choice, Quot.sound]
ℹ [10933/10992] Replayed H0mework.Versions.AB.Physics.LowEnergy.Quantum.FiniteGradeModule
info: H0mework/Versions/AB/Physics/LowEnergy/Quantum/FiniteGradeModule.lean:64:0: 'LowEnergy.FiniteGradeModule.word_zero' depends on axioms: [propext, Classical.choice, Quot.sound]
ℹ [10934/10992] Replayed H0mework.Versions.AB.Physics.LowEnergy.Quantum.FiniteGradeAlgebra
info: H0mework/Versions/AB/Physics/LowEnergy/Quantum/FiniteGradeAlgebra.lean:153:0: 'LowEnergy.FiniteGradeAlgebra.words_zero' depends on axioms: [propext, Classical.choice, Quot.sound]
info: H0mework/Versions/AB/Physics/LowEnergy/Quantum/FiniteGradeAlgebra.lean:154:0: 'LowEnergy.FiniteGradeAlgebra.commutator_words_zero' depends on axioms: [propext, Classical.choice, Quot.sound]
ℹ [10935/10992] Replayed H0mework.Versions.AB.Physics.LowEnergy.Quantum.GaussYukawaInteraction
info: H0mework/Versions/AB/Physics/LowEnergy/Quantum/GaussYukawaInteraction.lean:107:0: 'LowEnergy.GaussYukawaInteraction.block_resolution' depends on axioms: [propext, Classical.choice, Quot.sound]
info: H0mework/Versions/AB/Physics/LowEnergy/Quantum/GaussYukawaInteraction.lean:108:0: 'LowEnergy.GaussYukawaInteraction.block_grade_left' depends on axioms: [propext, Classical.choice, Quot.sound]
info: H0mework/Versions/AB/Physics/LowEnergy/Quantum/GaussYukawaInteraction.lean:109:0: 'LowEnergy.GaussYukawaInteraction.time_grade' depends on axioms: [propext, Classical.choice, Quot.sound]
info: H0mework/Versions/AB/Physics/LowEnergy/Quantum/GaussYukawaInteraction.lean:110:0: 'LowEnergy.GaussYukawaInteraction.interaction_raises' depends on axioms: [propext, Classical.choice, Quot.sound]
info: H0mework/Versions/AB/Physics/LowEnergy/Quantum/GaussYukawaInteraction.lean:111:0: 'LowEnergy.GaussYukawaInteraction.state_words_zero' depends on axioms: [propext, Classical.choice, Quot.sound]
info: H0mework/Versions/AB/Physics/LowEnergy/Quantum/GaussYukawaInteraction.lean:112:0: 'LowEnergy.GaussYukawaInteraction.response_words_zero' depends on axioms: [propext, Classical.choice, Quot.sound]
ℹ [10936/10992] Replayed H0mework.Versions.AB.Physics.LowEnergy.Quantum.SourceCutoffVolterra
info: H0mework/Versions/AB/Physics/LowEnergy/Quantum/SourceCutoffVolterra.lean:686:0: 'LowEnergy.FullYSourceCutoffVolterra.cutoff_graph_residual' depends on axioms: [propext, Classical.choice, Quot.sound]
info: H0mework/Versions/AB/Physics/LowEnergy/Quantum/SourceCutoffVolterra.lean:687:0: 'LowEnergy.FullYSourceCutoffVolterra.cutoff_raises' depends on axioms: [propext, Classical.choice, Quot.sound]
info: H0mework/Versions/AB/Physics/LowEnergy/Quantum/SourceCutoffVolterra.lean:688:0: 'LowEnergy.FullYSourceCutoffVolterra.cutoff_core_mem' depends on axioms: [propext, Classical.choice, Quot.sound]
info: H0mework/Versions/AB/Physics/LowEnergy/Quantum/SourceCutoffVolterra.lean:689:0: 'LowEnergy.FullYSourceCutoffVolterra.orderedIntegral_derivative' depends on axioms: [propext,
 Classical.choice,
 Quot.sound]
info: H0mework/Versions/AB/Physics/LowEnergy/Quantum/SourceCutoffVolterra.lean:690:0: 'LowEnergy.FullYSourceCutoffVolterra.orderedIntegral_homogeneous' depends on axioms: [propext,
 Classical.choice,
 Quot.sound]
info: H0mework/Versions/AB/Physics/LowEnergy/Quantum/SourceCutoffVolterra.lean:691:0: 'LowEnergy.FullYSourceCutoffVolterra.finitePrefix_right_derivative' depends on axioms: [propext,
 Classical.choice,
 Quot.sound]
info: H0mework/Versions/AB/Physics/LowEnergy/Quantum/SourceCutoffVolterra.lean:692:0: 'LowEnergy.FullYSourceCutoffVolterra.finitePrefix_initial' depends on axioms: [propext, Classical.choice, Quot.sound]
info: H0mework/Versions/AB/Physics/LowEnergy/Quantum/SourceCutoffVolterra.lean:693:0: 'LowEnergy.FullYSourceCutoffVolterra.finitePrefix_homogeneous' depends on axioms: [propext,
 Classical.choice,
 Quot.sound]
info: H0mework/Versions/AB/Physics/LowEnergy/Quantum/SourceCutoffVolterra.lean:694:0: 'LowEnergy.FullYSourceCutoffVolterra.finitePrefix_bound' depends on axioms: [propext, Classical.choice, Quot.sound]
info: H0mework/Versions/AB/Physics/LowEnergy/Quantum/SourceCutoffVolterra.lean:695:0: 'LowEnergy.FullYSourceCutoffVolterra.sourcePrefix_zero_order' depends on axioms: [propext, Classical.choice, Quot.sound]
info: H0mework/Versions/AB/Physics/LowEnergy/Quantum/SourceCutoffVolterra.lean:696:0: 'LowEnergy.FullYSourceCutoffVolterra.sourcePrefix_above56' depends on axioms: [propext, Classical.choice, Quot.sound]
info: H0mework/Versions/AB/Physics/LowEnergy/Quantum/SourceCutoffVolterra.lean:697:0: 'LowEnergy.FullYSourceCutoffVolterra.source_partialEvolution_derivative' depends on axioms: [propext,
 Classical.choice,
 Quot.sound]
info: H0mework/Versions/AB/Physics/LowEnergy/Quantum/SourceCutoffVolterra.lean:698:0: 'LowEnergy.FullYSourceCutoffVolterra.source_finite_evolution_return' depends on axioms: [propext,
 Classical.choice,
 Quot.sound]
info: H0mework/Versions/AB/Physics/LowEnergy/Quantum/SourceCutoffVolterra.lean:699:0: 'LowEnergy.FullYSourceCutoffVolterra.sourceEvolution_zero' depends on axioms: [propext, Classical.choice, Quot.sound]
info: H0mework/Versions/AB/Physics/LowEnergy/Quantum/SourceCutoffVolterra.lean:700:0: 'LowEnergy.FullYSourceCutoffVolterra.sourceEvolution_add' depends on axioms: [propext, Classical.choice, Quot.sound]
info: H0mework/Versions/AB/Physics/LowEnergy/Quantum/SourceCutoffVolterra.lean:701:0: 'LowEnergy.FullYSourceCutoffVolterra.source_evolution_sharp_pair' depends on axioms: [propext,
 Classical.choice,
 Quot.sound]
info: H0mework/Versions/AB/Physics/LowEnergy/Quantum/SourceCutoffVolterra.lean:702:0: 'LowEnergy.FullYSourceCutoffVolterra.source_finite_sharp_return' depends on axioms: [propext,
 Classical.choice,
 Quot.sound]
info: H0mework/Versions/AB/Physics/LowEnergy/Quantum/SourceCutoffVolterra.lean:703:0: 'LowEnergy.FullYSourceCutoffVolterra.source_cutoff_graph_limit' depends on axioms: [propext,
 Classical.choice,
 Quot.sound]
info: H0mework/Versions/AB/Physics/LowEnergy/Quantum/SourceCutoffVolterra.lean:704:0: 'LowEnergy.FullYSourceCutoffVolterra.source_core_derivative' depends on axioms: [propext, Classical.choice, Quot.sound]
info: H0mework/Versions/AB/Physics/LowEnergy/Quantum/SourceCutoffVolterra.lean:705:0: 'LowEnergy.FullYSourceCutoffVolterra.source_core_smooth' depends on axioms: [propext, Classical.choice, Quot.sound]
ℹ [10939/10992] Replayed H0mework.Versions.AB.Physics.LowEnergy.AlphaSource.CanonicalGradedCurrentSeed
info: H0mework/Versions/AB/Physics/LowEnergy/AlphaSource/CanonicalGradedCurrentSeed.lean:55:0: 'LowEnergy.CanonicalGradedCurrent.canonical_seed_N1_G0' depends on axioms: [propext, Classical.choice, Quot.sound]
ℹ [10943/10992] Replayed H0mework.Versions.AB.Physics.LowEnergy.Quantum.GaussYukawaRetarded
info: H0mework/Versions/AB/Physics/LowEnergy/Quantum/GaussYukawaRetarded.lean:64:0: 'LowEnergy.GaussYukawaRetarded.response_left' depends on axioms: [propext, Classical.choice, Quot.sound]
info: H0mework/Versions/AB/Physics/LowEnergy/Quantum/GaussYukawaRetarded.lean:65:0: 'LowEnergy.GaussYukawaRetarded.response_right' depends on axioms: [propext, Classical.choice, Quot.sound]
info: H0mework/Versions/AB/Physics/LowEnergy/Quantum/GaussYukawaRetarded.lean:66:0: 'LowEnergy.GaussYukawaRetarded.source_retarded' depends on axioms: [propext, Classical.choice, Quot.sound]
ℹ [10944/10992] Replayed H0mework.Versions.AB.Physics.LowEnergy.Quantum.SourceNativeRadial
info: H0mework/Versions/AB/Physics/LowEnergy/Quantum/SourceNativeRadial.lean:64:0: 'LowEnergy.SourceNativeHistoryRadial.radial_orbit_zero' depends on axioms: [propext, Classical.choice, Quot.sound]
info: H0mework/Versions/AB/Physics/LowEnergy/Quantum/SourceNativeRadial.lean:65:0: 'LowEnergy.SourceNativeHistoryRadial.source_ray_regular' depends on axioms: [propext, Classical.choice, Quot.sound]
info: H0mework/Versions/AB/Physics/LowEnergy/Quantum/SourceNativeRadial.lean:66:0: 'LowEnergy.SourceNativeHistoryRadial.radial_square_bound' depends on axioms: [propext, Classical.choice, Quot.sound]
ℹ [10945/10992] Replayed H0mework.Versions.AB.Physics.LowEnergy.Quantum.GaussRadialMomentum
info: H0mework/Versions/AB/Physics/LowEnergy/Quantum/GaussRadialMomentum.lean:73:0: 'LowEnergy.GaussRadialMomentum.inverse_radial' depends on axioms: [propext, Classical.choice, Quot.sound]
info: H0mework/Versions/AB/Physics/LowEnergy/Quantum/GaussRadialMomentum.lean:74:0: 'LowEnergy.GaussRadialMomentum.direction_reciprocal' depends on axioms: [propext, Classical.choice, Quot.sound]
info: H0mework/Versions/AB/Physics/LowEnergy/Quantum/GaussRadialMomentum.lean:75:0: 'LowEnergy.GaussRadialMomentum.radialDerivative_bound' depends on axioms: [propext, Classical.choice, Quot.sound]
info: H0mework/Versions/AB/Physics/LowEnergy/Quantum/GaussRadialMomentum.lean:150:0: 'LowEnergy.GaussRadialMomentum.core_commutator' depends on axioms: [propext, Classical.choice, Quot.sound]
info: H0mework/Versions/AB/Physics/LowEnergy/Quantum/GaussRadialMomentum.lean:151:0: 'LowEnergy.GaussRadialMomentum.boundedCommutator_core' depends on axioms: [propext, Classical.choice, Quot.sound]
info: H0mework/Versions/AB/Physics/LowEnergy/Quantum/GaussRadialMomentum.lean:152:0: 'LowEnergy.GaussRadialMomentum.boundedCommutator_norm' depends on axioms: [propext, Classical.choice, Quot.sound]
ℹ [10946/10992] Replayed H0mework.Versions.AB.Physics.LowEnergy.Quantum.ClosedGraphMultiplier
info: H0mework/Versions/AB/Physics/LowEnergy/Quantum/ClosedGraphMultiplier.lean:54:0: 'LowEnergy.ClosedGraphMultiplier.closure_preserved' depends on axioms: [propext, Classical.choice, Quot.sound]
info: H0mework/Versions/AB/Physics/LowEnergy/Quantum/ClosedGraphMultiplier.lean:55:0: 'LowEnergy.ClosedGraphMultiplier.closed_preserved' depends on axioms: [propext, Classical.choice, Quot.sound]
ℹ [10947/10992] Replayed H0mework.Versions.AB.Physics.LowEnergy.Quantum.GaussRadialMomentumDomain
info: H0mework/Versions/AB/Physics/LowEnergy/Quantum/GaussRadialMomentumDomain.lean:158:0: 'LowEnergy.GaussRadialMomentumDomain.closed_graph' depends on axioms: [propext, Classical.choice, Quot.sound]
info: H0mework/Versions/AB/Physics/LowEnergy/Quantum/GaussRadialMomentumDomain.lean:159:0: 'LowEnergy.GaussRadialMomentumDomain.closed_commutator' depends on axioms: [propext, Classical.choice, Quot.sound]
info: H0mework/Versions/AB/Physics/LowEnergy/Quantum/GaussRadialMomentumDomain.lean:160:0: 'LowEnergy.GaussRadialMomentumDomain.closed_graph_bound' depends on axioms: [propext, Classical.choice, Quot.sound]
info: H0mework/Versions/AB/Physics/LowEnergy/Quantum/GaussRadialMomentumDomain.lean:161:0: 'LowEnergy.GaussRadialMomentumDomain.gauge_closed_commutes' depends on axioms: [propext, Classical.choice, Quot.sound]
info: H0mework/Versions/AB/Physics/LowEnergy/Quantum/GaussRadialMomentumDomain.lean:162:0: 'LowEnergy.GaussRadialMomentumDomain.adjoint_core_commutator' depends on axioms: [propext, Classical.choice, Quot.sound]
info: H0mework/Versions/AB/Physics/LowEnergy/Quantum/GaussRadialMomentumDomain.lean:163:0: 'LowEnergy.GaussRadialMomentumDomain.adjoint_closed_graph' depends on axioms: [propext, Classical.choice, Quot.sound]
ℹ [10948/10992] Replayed H0mework.Versions.AB.Physics.LowEnergy.Quantum.GaussRadialHamiltonian
info: H0mework/Versions/AB/Physics/LowEnergy/Quantum/GaussRadialHamiltonian.lean:243:0: 'LowEnergy.GaussRadialHamiltonian.coframe_commutes' depends on axioms: [propext, Classical.choice, Quot.sound]
info: H0mework/Versions/AB/Physics/LowEnergy/Quantum/GaussRadialHamiltonian.lean:244:0: 'LowEnergy.GaussRadialHamiltonian.matter_commutes' depends on axioms: [propext, Classical.choice, Quot.sound]
info: H0mework/Versions/AB/Physics/LowEnergy/Quantum/GaussRadialHamiltonian.lean:245:0: 'LowEnergy.GaussRadialHamiltonian.diagonal_commutator' depends on axioms: [propext, Classical.choice, Quot.sound]
info: H0mework/Versions/AB/Physics/LowEnergy/Quantum/GaussRadialHamiltonian.lean:246:0: 'LowEnergy.GaussRadialHamiltonian.full_commutator' depends on axioms: [propext, Classical.choice, Quot.sound]
info: H0mework/Versions/AB/Physics/LowEnergy/Quantum/GaussRadialHamiltonian.lean:247:0: 'LowEnergy.GaussRadialHamiltonian.sharp_commutator' depends on axioms: [propext, Classical.choice, Quot.sound]
info: H0mework/Versions/AB/Physics/LowEnergy/Quantum/GaussRadialHamiltonian.lean:248:0: 'LowEnergy.GaussRadialHamiltonian.radial_form' depends on axioms: [propext, Classical.choice, Quot.sound]
info: H0mework/Versions/AB/Physics/LowEnergy/Quantum/GaussRadialHamiltonian.lean:249:0: 'LowEnergy.GaussRadialHamiltonian.full_paired_radial' depends on axioms: [propext, Classical.choice, Quot.sound]
ℹ [10949/10992] Replayed H0mework.Versions.AB.Physics.LowEnergy.Quantum.GaussRadialRetarded
info: H0mework/Versions/AB/Physics/LowEnergy/Quantum/GaussRadialRetarded.lean:92:0: 'LowEnergy.GaussRadialRetarded.diagTest_action' depends on axioms: [propext, Classical.choice, Quot.sound]
info: H0mework/Versions/AB/Physics/LowEnergy/Quantum/GaussRadialRetarded.lean:93:0: 'LowEnergy.GaussRadialRetarded.diagonal_radial_core' depends on axioms: [propext, Classical.choice, Quot.sound]
info: H0mework/Versions/AB/Physics/LowEnergy/Quantum/GaussRadialRetarded.lean:94:0: 'LowEnergy.GaussRadialRetarded.radial_response_left' depends on axioms: [propext, Classical.choice, Quot.sound]
info: H0mework/Versions/AB/Physics/LowEnergy/Quantum/GaussRadialRetarded.lean:95:0: 'LowEnergy.GaussRadialRetarded.radial_retarded_source' depends on axioms: [propext, Classical.choice, Quot.sound]
ℹ [10950/10992] Replayed H0mework.Versions.AB.Physics.LowEnergy.Quantum.GaussOriginalYRetarded
info: H0mework/Versions/AB/Physics/LowEnergy/Quantum/GaussOriginalYRetarded.lean:114:0: 'LowEnergy.GaussOriginalYRetarded.response_left' depends on axioms: [propext, Classical.choice, Quot.sound]
info: H0mework/Versions/AB/Physics/LowEnergy/Quantum/GaussOriginalYRetarded.lean:115:0: 'LowEnergy.GaussOriginalYRetarded.dual_response_left' depends on axioms: [propext, Classical.choice, Quot.sound]
info: H0mework/Versions/AB/Physics/LowEnergy/Quantum/GaussOriginalYRetarded.lean:116:0: 'LowEnergy.GaussOriginalYRetarded.retarded_source' depends on axioms: [propext, Classical.choice, Quot.sound]
info: H0mework/Versions/AB/Physics/LowEnergy/Quantum/GaussOriginalYRetarded.lean:117:0: 'LowEnergy.GaussOriginalYRetarded.dual_retarded_source' depends on axioms: [propext, Classical.choice, Quot.sound]
ℹ [10951/10992] Replayed H0mework.Versions.AB.Physics.LowEnergy.Quantum.GaussFullRetarded
info: H0mework/Versions/AB/Physics/LowEnergy/Quantum/GaussFullRetarded.lean:80:0: 'LowEnergy.GaussFullRetarded.diagonal_time_split' depends on axioms: [propext, Classical.choice, Quot.sound]
info: H0mework/Versions/AB/Physics/LowEnergy/Quantum/GaussFullRetarded.lean:81:0: 'LowEnergy.GaussFullRetarded.response_left' depends on axioms: [propext, Classical.choice, Quot.sound]
info: H0mework/Versions/AB/Physics/LowEnergy/Quantum/GaussFullRetarded.lean:82:0: 'LowEnergy.GaussFullRetarded.retarded_source' depends on axioms: [propext, Classical.choice, Quot.sound]
ℹ [10953/10992] Replayed H0mework.Versions.AB.Physics.LowEnergy.AlphaSource.CanonicalGradedCurrent
info: H0mework/Versions/AB/Physics/LowEnergy/AlphaSource/CanonicalGradedCurrent.lean:189:0: 'LowEnergy.CanonicalGradedCurrent.cutoff_left_return' depends on axioms: [propext, Classical.choice, Quot.sound]
info: H0mework/Versions/AB/Physics/LowEnergy/AlphaSource/CanonicalGradedCurrent.lean:190:0: 'LowEnergy.CanonicalGradedCurrent.cutoff_sharp_on_source' depends on axioms: [propext, Classical.choice, Quot.sound]
info: H0mework/Versions/AB/Physics/LowEnergy/AlphaSource/CanonicalGradedCurrent.lean:191:0: 'LowEnergy.CanonicalGradedCurrent.gauge_word_return' depends on axioms: [propext, Classical.choice, Quot.sound]
info: H0mework/Versions/AB/Physics/LowEnergy/AlphaSource/CanonicalGradedCurrent.lean:192:0: 'LowEnergy.CanonicalGradedCurrent.observable_cutoff_limit' depends on axioms: [propext, Classical.choice, Quot.sound]
ℹ [10954/10992] Replayed H0mework.Versions.AB.Physics.LowEnergy.AlphaSource.CanonicalGradedCurrentSource
info: H0mework/Versions/AB/Physics/LowEnergy/AlphaSource/CanonicalGradedCurrentSource.lean:188:0: 'LowEnergy.CanonicalGradedCurrent.gaugeReader_blocks' depends on axioms: [propext, Classical.choice, Quot.sound]
info: H0mework/Versions/AB/Physics/LowEnergy/AlphaSource/CanonicalGradedCurrentSource.lean:189:0: 'LowEnergy.CanonicalGradedCurrent.source_gauge_cutoff_limit' depends on axioms: [propext, Classical.choice, Quot.sound]
info: H0mework/Versions/AB/Physics/LowEnergy/AlphaSource/CanonicalGradedCurrentSource.lean:190:0: 'LowEnergy.CanonicalGradedCurrent.twoCurrent_independent_dual' depends on axioms: [propext,
 Classical.choice,
 Quot.sound]
info: H0mework/Versions/AB/Physics/LowEnergy/AlphaSource/CanonicalGradedCurrentSource.lean:191:0: 'LowEnergy.CanonicalGradedCurrent.twoCurrent_cutoff_return' depends on axioms: [propext, Classical.choice, Quot.sound]
info: H0mework/Versions/AB/Physics/LowEnergy/AlphaSource/CanonicalGradedCurrentSource.lean:192:0: 'LowEnergy.CanonicalGradedCurrent.configurationForce_blocks' depends on axioms: [propext, Classical.choice, Quot.sound]
info: H0mework/Versions/AB/Physics/LowEnergy/AlphaSource/CanonicalGradedCurrentSource.lean:193:0: 'LowEnergy.CanonicalGradedCurrent.fullSpatialGaugeForce_blocks' depends on axioms: [propext,
 Classical.choice,
 Quot.sound]
ℹ [10956/10992] Replayed H0mework.Versions.AB.Physics.LowEnergy.AlphaSource.CanonicalGradedGaugeVariation
info: H0mework/Versions/AB/Physics/LowEnergy/AlphaSource/CanonicalGradedGaugeVariation.lean:114:0: 'LowEnergy.CanonicalGradedGaugeVariation.gaugeReader_selfAdjoint' depends on axioms: [propext,
 Classical.choice,
 Quot.sound]
info: H0mework/Versions/AB/Physics/LowEnergy/AlphaSource/CanonicalGradedGaugeVariation.lean:115:0: 'LowEnergy.CanonicalGradedGaugeVariation.gaugeTime_derivative' depends on axioms: [propext,
 Classical.choice,
 Quot.sound]
info: H0mework/Versions/AB/Physics/LowEnergy/AlphaSource/CanonicalGradedGaugeVariation.lean:116:0: 'LowEnergy.CanonicalGradedGaugeVariation.currentObservation_derivative' depends on axioms: [propext,
 Classical.choice,
 Quot.sound]
ℹ [10957/10992] Replayed H0mework.Versions.AB.Physics.LowEnergy.AlphaSource.CanonicalGradedGaugeReturn
info: H0mework/Versions/AB/Physics/LowEnergy/AlphaSource/CanonicalGradedGaugeReturn.lean:229:0: 'LowEnergy.CanonicalGradedGaugeReturn.fullObservation_derivative' depends on axioms: [propext,
 Classical.choice,
 Quot.sound]
info: H0mework/Versions/AB/Physics/LowEnergy/AlphaSource/CanonicalGradedGaugeReturn.lean:230:0: 'LowEnergy.CanonicalGradedGaugeReturn.fullObservation_cutoff_independent' depends on axioms: [propext,
 Classical.choice,
 Quot.sound]
info: H0mework/Versions/AB/Physics/LowEnergy/AlphaSource/CanonicalGradedGaugeReturn.lean:232:0: 'LowEnergy.CanonicalGradedGaugeReturn.finite_parameter_return' depends on axioms: [propext,
 Classical.choice,
 Quot.sound]
info: H0mework/Versions/AB/Physics/LowEnergy/AlphaSource/CanonicalGradedGaugeReturn.lean:233:0: 'LowEnergy.CanonicalGradedGaugeReturn.fullProjected_derivative' depends on axioms: [propext,
 Classical.choice,
 Quot.sound]
ℹ [10964/10992] Replayed H0mework.Versions.AB.Physics.LowEnergy.AlphaSource.CanonicalGradedSpatialSource
info: H0mework/Versions/AB/Physics/LowEnergy/AlphaSource/CanonicalGradedSpatialSource.lean:230:0: 'LowEnergy.CanonicalGradedSpatialSource.hamiltonian_source_principal' depends on axioms: [propext,
 Classical.choice,
 Quot.sound]
info: H0mework/Versions/AB/Physics/LowEnergy/AlphaSource/CanonicalGradedSpatialSource.lean:231:0: 'LowEnergy.CanonicalGradedSpatialSource.momentumMatrix_branches' depends on axioms: [propext,
 Classical.choice,
 Quot.sound]
info: H0mework/Versions/AB/Physics/LowEnergy/AlphaSource/CanonicalGradedSpatialSource.lean:232:0: 'LowEnergy.CanonicalGradedSpatialSource.momentumMatrix_preserves' depends on axioms: [propext,
 Classical.choice,
 Quot.sound]
ℹ [11021/11048] Replayed H0mework.Versions.AB.Physics.LowEnergy.AlphaSource.CanonicalGradedFrequency
info: H0mework/Versions/AB/Physics/LowEnergy/AlphaSource/CanonicalGradedFrequency.lean:494:0: 'LowEnergy.CanonicalGradedFrequency.finiteResponse_bound' depends on axioms: [propext, Classical.choice, Quot.sound]
info: H0mework/Versions/AB/Physics/LowEnergy/AlphaSource/CanonicalGradedFrequency.lean:495:0: 'LowEnergy.CanonicalGradedFrequency.derivativeFamily_return' depends on axioms: [propext, Classical.choice, Quot.sound]
info: H0mework/Versions/AB/Physics/LowEnergy/AlphaSource/CanonicalGradedFrequency.lean:496:0: 'LowEnergy.CanonicalGradedFrequency.response_truncation_tail' depends on axioms: [propext, Classical.choice, Quot.sound]
info: H0mework/Versions/AB/Physics/LowEnergy/AlphaSource/CanonicalGradedFrequency.lean:497:0: 'LowEnergy.CanonicalGradedFrequency.response_source_readback' depends on axioms: [propext, Classical.choice, Quot.sound]
info: H0mework/Versions/AB/Physics/LowEnergy/AlphaSource/CanonicalGradedFrequency.lean:498:0: 'LowEnergy.CanonicalGradedFrequency.truncation_tendsto' depends on axioms: [propext, Classical.choice, Quot.sound]
info: H0mework/Versions/AB/Physics/LowEnergy/AlphaSource/CanonicalGradedFrequency.lean:499:0: 'LowEnergy.CanonicalGradedFrequency.fullFiniteDerivative_return' depends on axioms: [propext,
 Classical.choice,
 Quot.sound]
info: H0mework/Versions/AB/Physics/LowEnergy/AlphaSource/CanonicalGradedFrequency.lean:500:0: 'LowEnergy.CanonicalGradedFrequency.fullResponse_return' depends on axioms: [propext, Classical.choice, Quot.sound]
info: H0mework/Versions/AB/Physics/LowEnergy/AlphaSource/CanonicalGradedFrequency.lean:501:0: 'LowEnergy.CanonicalGradedFrequency.fullResponse_cutoff_independent' depends on axioms: [propext,
 Classical.choice,
 Quot.sound]
info: H0mework/Versions/AB/Physics/LowEnergy/AlphaSource/CanonicalGradedFrequency.lean:502:0: 'LowEnergy.CanonicalGradedFrequency.fullResponse_truncation_tail' depends on axioms: [propext,
 Classical.choice,
 Quot.sound]
info: H0mework/Versions/AB/Physics/LowEnergy/AlphaSource/CanonicalGradedFrequency.lean:503:0: 'LowEnergy.CanonicalGradedFrequency.fullResponse_source_readback' depends on axioms: [propext,
 Classical.choice,
 Quot.sound]
ℹ [11022/11048] Replayed H0mework.Versions.AB.Physics.LowEnergy.AlphaSource.CanonicalGradedKernel
info: H0mework/Versions/AB/Physics/LowEnergy/AlphaSource/CanonicalGradedKernel.lean:396:0: 'LowEnergy.CanonicalGradedKernel.derivative_kernel_integral' depends on axioms: [propext, Classical.choice, Quot.sound]
info: H0mework/Versions/AB/Physics/LowEnergy/AlphaSource/CanonicalGradedKernel.lean:397:0: 'LowEnergy.CanonicalGradedKernel.finiteResponse_bound' depends on axioms: [propext, Classical.choice, Quot.sound]
info: H0mework/Versions/AB/Physics/LowEnergy/AlphaSource/CanonicalGradedKernel.lean:398:0: 'LowEnergy.CanonicalGradedKernel.fullKernel_return' depends on axioms: [propext, Classical.choice, Quot.sound]
info: H0mework/Versions/AB/Physics/LowEnergy/AlphaSource/CanonicalGradedKernel.lean:399:0: 'LowEnergy.CanonicalGradedKernel.fullResponse_source_readback' depends on axioms: [propext,
 Classical.choice,
 Quot.sound]
info: H0mework/Versions/AB/Physics/LowEnergy/AlphaSource/CanonicalGradedKernel.lean:400:0: 'LowEnergy.CanonicalGradedKernel.fullResponse_cutoff_independent' depends on axioms: [propext,
 Classical.choice,
 Quot.sound]
info: H0mework/Versions/AB/Physics/LowEnergy/AlphaSource/CanonicalGradedKernel.lean:401:0: 'LowEnergy.CanonicalGradedKernel.lifted_tail_bound' depends on axioms: [propext, Classical.choice, Quot.sound]
ℹ [11023/11048] Replayed H0mework.Versions.AB.Physics.LowEnergy.AlphaSource.CanonicalGradedSpatial
info: H0mework/Versions/AB/Physics/LowEnergy/AlphaSource/CanonicalGradedSpatial.lean:317:0: 'LowEnergy.CanonicalGradedSpatial.momentumReader_original_core' depends on axioms: [propext,
 Classical.choice,
 Quot.sound]
info: H0mework/Versions/AB/Physics/LowEnergy/AlphaSource/CanonicalGradedSpatial.lean:318:0: 'LowEnergy.CanonicalGradedSpatial.finiteHamiltonian_selfAdjoint' depends on axioms: [propext,
 Classical.choice,
 Quot.sound]
info: H0mework/Versions/AB/Physics/LowEnergy/AlphaSource/CanonicalGradedSpatial.lean:319:0: 'LowEnergy.CanonicalGradedSpatial.finiteHamiltonian_shift' depends on axioms: [propext, Classical.choice, Quot.sound]
info: H0mework/Versions/AB/Physics/LowEnergy/AlphaSource/CanonicalGradedSpatial.lean:320:0: 'LowEnergy.CanonicalGradedSpatial.spatialTime_zero' depends on axioms: [propext, Classical.choice, Quot.sound]
info: H0mework/Versions/AB/Physics/LowEnergy/AlphaSource/CanonicalGradedSpatial.lean:321:0: 'LowEnergy.CanonicalGradedSpatial.fullSpatialTime_return' depends on axioms: [propext, Classical.choice, Quot.sound]
ℹ [11027/11048] Replayed H0mework.Versions.AB.Physics.LowEnergy.AlphaSource.CanonicalGradedSpatialKernel
info: H0mework/Versions/AB/Physics/LowEnergy/AlphaSource/CanonicalGradedSpatialKernel.lean:327:0: 'LowEnergy.CanonicalGradedSpatialKernel.finite_truncation_tail' depends on axioms: [propext,
 Classical.choice,
 Quot.sound]
info: H0mework/Versions/AB/Physics/LowEnergy/AlphaSource/CanonicalGradedSpatialKernel.lean:328:0: 'LowEnergy.CanonicalGradedSpatialKernel.fullFiniteKernel_return' depends on axioms: [propext,
 Classical.choice,
 Quot.sound]
info: H0mework/Versions/AB/Physics/LowEnergy/AlphaSource/CanonicalGradedSpatialKernel.lean:329:0: 'LowEnergy.CanonicalGradedSpatialKernel.fullResponse_return' depends on axioms: [propext, Classical.choice, Quot.sound]
info: H0mework/Versions/AB/Physics/LowEnergy/AlphaSource/CanonicalGradedSpatialKernel.lean:330:0: 'LowEnergy.CanonicalGradedSpatialKernel.fullResponse_source_readback' depends on axioms: [propext,
 Classical.choice,
 Quot.sound]
ℹ [11041/11068] Replayed H0mework.Versions.AB.Physics.LowEnergy.Quantum.SourceSupportLeakage
info: H0mework/Versions/AB/Physics/LowEnergy/Quantum/SourceSupportLeakage.lean:250:0: 'LowEnergy.SourceRetardedIncrement.compression_escape_zero' depends on axioms: [propext, Classical.choice, Quot.sound]
info: H0mework/Versions/AB/Physics/LowEnergy/Quantum/SourceSupportLeakage.lean:251:0: 'LowEnergy.SourceRetardedIncrement.source_resolvent_eventually_mem_support' depends on axioms: [propext,
 Classical.choice,
 Quot.sound]
info: H0mework/Versions/AB/Physics/LowEnergy/Quantum/SourceSupportLeakage.lean:252:0: 'LowEnergy.SourceRetardedIncrement.resolvent_escape' depends on axioms: [propext, Classical.choice, Quot.sound]
info: H0mework/Versions/AB/Physics/LowEnergy/Quantum/SourceSupportLeakage.lean:253:0: 'LowEnergy.SourceRetardedIncrement.source_increment_norm_square' depends on axioms: [propext,
 Classical.choice,
 Quot.sound]
info: H0mework/Versions/AB/Physics/LowEnergy/Quantum/SourceSupportLeakage.lean:254:0: 'LowEnergy.SourceRetardedIncrement.escape_eventually_core_pair_zero' depends on axioms: [propext,
 Classical.choice,
 Quot.sound]
info: H0mework/Versions/AB/Physics/LowEnergy/Quantum/SourceSupportLeakage.lean:255:0: 'LowEnergy.SourceRetardedIncrement.source_escape_seed_return' depends on axioms: [propext, Classical.choice, Quot.sound]
info: H0mework/Versions/AB/Physics/LowEnergy/Quantum/SourceSupportLeakage.lean:256:0: 'LowEnergy.SourceRetardedIncrement.escaped_source_pair_zero' depends on axioms: [propext, Classical.choice, Quot.sound]
info: H0mework/Versions/AB/Physics/LowEnergy/Quantum/SourceSupportLeakage.lean:257:0: 'LowEnergy.SourceRetardedIncrement.same_resolvent_escaped' depends on axioms: [propext, Classical.choice, Quot.sound]
ℹ [11042/11068] Replayed H0mework.Versions.AB.Physics.LowEnergy.Quantum.SourceEscapeDefectFeed
info: H0mework/Versions/AB/Physics/LowEnergy/Quantum/SourceEscapeDefectFeed.lean:119:0: 'LowEnergy.SourceEscapeDefectFeed.resolvent_minimal_graph' depends on axioms: [propext, Classical.choice, Quot.sound]
info: H0mework/Versions/AB/Physics/LowEnergy/Quantum/SourceEscapeDefectFeed.lean:120:0: 'LowEnergy.SourceEscapeDefectFeed.source_right_particular_split' depends on axioms: [propext,
 Classical.choice,
 Quot.sound]
info: H0mework/Versions/AB/Physics/LowEnergy/Quantum/SourceEscapeDefectFeed.lean:121:0: 'LowEnergy.SourceEscapeDefectFeed.escaped_inclusion_zero' depends on axioms: [propext, Classical.choice, Quot.sound]
info: H0mework/Versions/AB/Physics/LowEnergy/Quantum/SourceEscapeDefectFeed.lean:122:0: 'LowEnergy.SourceEscapeDefectFeed.escape_original_defect_feed' depends on axioms: [propext,
 Classical.choice,
 Quot.sound]
ℹ [11043/11068] Replayed H0mework.Versions.AB.Physics.LowEnergy.AlphaSource.CanonicalGradedFullForce
info: H0mework/Versions/AB/Physics/LowEnergy/AlphaSource/CanonicalGradedFullForce.lean:38:2: Try this:
  [apply] abel_nf
ℹ [11054/11068] Replayed H0mework.Versions.AB.Physics.LowEnergy.AlphaSource.CanonicalGradedMixed
info: H0mework/Versions/AB/Physics/LowEnergy/AlphaSource/CanonicalGradedMixed.lean:173:0: 'LowEnergy.CanonicalGradedMixed.fullWord_selected' depends on axioms: [propext, Classical.choice, Quot.sound]
info: H0mework/Versions/AB/Physics/LowEnergy/AlphaSource/CanonicalGradedMixed.lean:175:0: 'LowEnergy.CanonicalGradedMixed.wordTerm_unbalanced' depends on axioms: [propext, Classical.choice, Quot.sound]
ℹ [11055/11068] Replayed H0mework.Versions.AB.Physics.LowEnergy.AlphaSource.CanonicalGradedMixedReturn
info: H0mework/Versions/AB/Physics/LowEnergy/AlphaSource/CanonicalGradedMixedReturn.lean:208:0: 'LowEnergy.CanonicalGradedMixedReturn.fullWord_bound' depends on axioms: [propext, Classical.choice, Quot.sound]
info: H0mework/Versions/AB/Physics/LowEnergy/AlphaSource/CanonicalGradedMixedReturn.lean:210:0: 'LowEnergy.CanonicalGradedMixedReturn.fullWord_selected' depends on axioms: [propext, Classical.choice, Quot.sound]
ℹ [11060/11068] Replayed H0mework.Versions.AB.Physics.LowEnergy.AlphaSource.CanonicalPreparationGaugeCoordinates
info: H0mework/Versions/AB/Physics/LowEnergy/AlphaSource/CanonicalPreparationGaugeCoordinates.lean:124:0: 'LowEnergy.PreparationCoordinates.rawCoordinates' depends on axioms: [propext, Classical.choice, Quot.sound]
info: H0mework/Versions/AB/Physics/LowEnergy/AlphaSource/CanonicalPreparationGaugeCoordinates.lean:125:0: 'LowEnergy.PreparationCoordinates.gaugeFreeContinuous' depends on axioms: [propext, Classical.choice, Quot.sound]
info: H0mework/Versions/AB/Physics/LowEnergy/AlphaSource/CanonicalPreparationGaugeCoordinates.lean:126:0: 'LowEnergy.PreparationCoordinates.decode_original_rows' depends on axioms: [propext, Classical.choice, Quot.sound]
ℹ [11061/11068] Replayed H0mework.Versions.AB.Physics.LowEnergy.AlphaSource.CanonicalPreparationCutoff
info: H0mework/Versions/AB/Physics/LowEnergy/AlphaSource/CanonicalPreparationCutoff.lean:277:0: 'LowEnergy.CanonicalPreparationCutoff.actual_source_cutoff' depends on axioms: [propext, Classical.choice, Quot.sound]
ℹ [11062/11117] Replayed H0mework.Versions.AB.Physics.LowEnergy.AlphaSource.CanonicalPreparationGaugeRead
info: H0mework/Versions/AB/Physics/LowEnergy/AlphaSource/CanonicalPreparationGaugeRead.lean:118:0: 'LowEnergy.PreparationCoordinates.actual_sourcePoint' depends on axioms: [propext, Classical.choice, Quot.sound]
info: H0mework/Versions/AB/Physics/LowEnergy/AlphaSource/CanonicalPreparationGaugeRead.lean:119:0: 'LowEnergy.PreparationCoordinates.displaced_cartan' depends on axioms: [propext, Classical.choice, Quot.sound]
info: H0mework/Versions/AB/Physics/LowEnergy/AlphaSource/CanonicalPreparationGaugeRead.lean:120:0: 'LowEnergy.PreparationCoordinates.original_measure_doubles_cubically' depends on axioms: [propext,
 Classical.choice,
 Quot.sound]
info: H0mework/Versions/AB/Physics/LowEnergy/AlphaSource/CanonicalPreparationGaugeRead.lean:121:0: 'LowEnergy.PreparationCoordinates.raw_cartan_pair' depends on axioms: [propext, Classical.choice, Quot.sound]
ℹ [11070/11117] Replayed H0mework.Versions.AB.Physics.LowEnergy.AlphaSource.CanonicalPreparationSquareCutoff
info: H0mework/Versions/AB/Physics/LowEnergy/AlphaSource/CanonicalPreparationSquareCutoff.lean:234:0: 'LowEnergy.CanonicalPreparationSquareCutoff.sourceThetaRoot_smooth' depends on axioms: [propext,
 Classical.choice,
 Quot.sound]
info: H0mework/Versions/AB/Physics/LowEnergy/AlphaSource/CanonicalPreparationSquareCutoff.lean:235:0: 'LowEnergy.CanonicalPreparationSquareCutoff.sourceThetaRoot_square' depends on axioms: [propext,
 Classical.choice,
 Quot.sound]
info: H0mework/Versions/AB/Physics/LowEnergy/AlphaSource/CanonicalPreparationSquareCutoff.lean:236:0: 'LowEnergy.CanonicalPreparationSquareCutoff.factorWeight_smooth' depends on axioms: [propext,
 Classical.choice,
 Quot.sound]
info: H0mework/Versions/AB/Physics/LowEnergy/AlphaSource/CanonicalPreparationSquareCutoff.lean:237:0: 'LowEnergy.CanonicalPreparationSquareCutoff.factorWeight_square' depends on axioms: [propext,
 Classical.choice,
 Quot.sound]
ℹ [11100/11185] Replayed H0mework.Versions.AB.Physics.LowEnergy.AlphaSource.CanonicalPreparationLowerTensorFlux
info: H0mework/Versions/AB/Physics/LowEnergy/AlphaSource/CanonicalPreparationLowerTensorFlux.lean:126:2: Try this:
  [apply] ring_nf
  
  The `ring` tactic failed to close the goal. Use `ring_nf` to obtain a normal form.
    
  Note that `ring` works primarily in *commutative* rings. If you have a noncommutative ring, abelian group or module, consider using `noncomm_ring`, `abel` or `module` instead.
ℹ [11325/11329] Replayed H0mework.Versions.AB.Physics.LowEnergy.Quantum.SourceCutoffSharpCore
info: H0mework/Versions/AB/Physics/LowEnergy/Quantum/SourceCutoffSharpCore.lean:157:0: 'LowEnergy.FullYSourceCutoffSharp.bounded_sharp_core' depends on axioms: [propext, Classical.choice, Quot.sound]
info: H0mework/Versions/AB/Physics/LowEnergy/Quantum/SourceCutoffSharpCore.lean:158:0: 'LowEnergy.FullYSourceCutoffSharp.cutoff_sharp_core_mem' depends on axioms: [propext, Classical.choice, Quot.sound]
info: H0mework/Versions/AB/Physics/LowEnergy/Quantum/SourceCutoffSharpCore.lean:159:0: 'LowEnergy.FullYSourceCutoffSharp.source_full_core_pair' depends on axioms: [propext, Classical.choice, Quot.sound]
info: H0mework/Versions/AB/Physics/LowEnergy/Quantum/SourceCutoffSharpCore.lean:160:0: 'LowEnergy.FullYSourceCutoffSharp.source_sharp_core_derivative' depends on axioms: [propext,
 Classical.choice,
 Quot.sound]
info: H0mework/Versions/AB/Physics/LowEnergy/Quantum/SourceCutoffSharpCore.lean:161:0: 'LowEnergy.FullYSourceCutoffSharp.source_sharp_core_smooth' depends on axioms: [propext, Classical.choice, Quot.sound]
ℹ [11326/11329] Replayed H0mework.Versions.AB.Physics.LowEnergy.Quantum.SourceSignedRadiusBalance
info: H0mework/Versions/AB/Physics/LowEnergy/Quantum/SourceSignedRadiusBalance.lean:170:0: 'LowEnergy.SourceSignedRadiusBalance.cutoff_radius_factor' depends on axioms: [propext, Classical.choice, Quot.sound]
info: H0mework/Versions/AB/Physics/LowEnergy/Quantum/SourceSignedRadiusBalance.lean:171:0: 'LowEnergy.SourceSignedRadiusBalance.sharp_radius_factor' depends on axioms: [propext, Classical.choice, Quot.sound]
info: H0mework/Versions/AB/Physics/LowEnergy/Quantum/SourceSignedRadiusBalance.lean:172:0: 'LowEnergy.SourceSignedRadiusBalance.finite_resolvent_balance' depends on axioms: [propext,
 Classical.choice,
 Quot.sound]
info: H0mework/Versions/AB/Physics/LowEnergy/Quantum/SourceSignedRadiusBalance.lean:173:0: 'LowEnergy.SourceSignedRadiusBalance.finite_resolvent_signed_bound' depends on axioms: [propext,
 Classical.choice,
 Quot.sound]
info: H0mework/Versions/AB/Physics/LowEnergy/Quantum/SourceSignedRadiusBalance.lean:174:0: 'LowEnergy.SourceSignedRadiusBalance.original_projection_current' depends on axioms: [propext,
 Classical.choice,
 Quot.sound]
ℹ [11327/11329] Replayed H0mework.Versions.AB.Physics.LowEnergy.Quantum.SourceBoundaryRadiusAction
info: H0mework/Versions/AB/Physics/LowEnergy/Quantum/SourceBoundaryRadiusAction.lean:156:0: 'LowEnergy.SourceBoundaryRadiusAction.radius_mem_core' depends on axioms: [propext, Classical.choice, Quot.sound]
info: H0mework/Versions/AB/Physics/LowEnergy/Quantum/SourceBoundaryRadiusAction.lean:157:0: 'LowEnergy.SourceBoundaryRadiusAction.original_quadratic_boundary_action' depends on axioms: [propext,
 Classical.choice,
 Quot.sound]
info: H0mework/Versions/AB/Physics/LowEnergy/Quantum/SourceBoundaryRadiusAction.lean:158:0: 'LowEnergy.SourceBoundaryRadiusAction.original_quadratic_boundary_bound' depends on axioms: [propext,
 Classical.choice,
 Quot.sound]
info: H0mework/Versions/AB/Physics/LowEnergy/Quantum/SourceBoundaryRadiusAction.lean:159:0: 'LowEnergy.SourceBoundaryRadiusAction.original_quadratic_cross_leg' depends on axioms: [propext,
 Classical.choice,
 Quot.sound]
info: H0mework/Versions/AB/Physics/LowEnergy/Quantum/SourceBoundaryRadiusAction.lean:160:0: 'LowEnergy.SourceBoundaryRadiusAction.quadratic_compressed_weak_limit' depends on axioms: [propext,
 Classical.choice,
 Quot.sound]
info: H0mework/Versions/AB/Physics/LowEnergy/Quantum/SourceBoundaryRadiusAction.lean:161:0: 'LowEnergy.SourceBoundaryRadiusAction.body_preimage_original_graph' depends on axioms: [propext,
 Classical.choice,
 Quot.sound]
info: H0mework/Versions/AB/Physics/LowEnergy/Quantum/SourceBoundaryRadiusAction.lean:162:0: 'LowEnergy.SourceBoundaryRadiusAction.body_preimage_shift' depends on axioms: [propext, Classical.choice, Quot.sound]
ℹ [11329/11359] Replayed H0mework.Versions.AB.Physics.LowEnergy.Quantum.SourceEscapeSeedTail
info: H0mework/Versions/AB/Physics/LowEnergy/Quantum/SourceEscapeSeedTail.lean:206:0: 'LowEnergy.SourceEscapeSeedTail.source_power_return' depends on axioms: [propext, Classical.choice, Quot.sound]
info: H0mework/Versions/AB/Physics/LowEnergy/Quantum/SourceEscapeSeedTail.lean:207:0: 'LowEnergy.SourceEscapeSeedTail.source_escape_spectral_bound' depends on axioms: [propext, Classical.choice, Quot.sound]
info: H0mework/Versions/AB/Physics/LowEnergy/Quantum/SourceEscapeSeedTail.lean:208:0: 'LowEnergy.SourceEscapeSeedTail.source_escape_high_frequency' depends on axioms: [propext, Classical.choice, Quot.sound]
ℹ [11330/11359] Replayed H0mework.Versions.AB.Physics.LowEnergy.Quantum.SourceEscapeCurrent
info: H0mework/Versions/AB/Physics/LowEnergy/Quantum/SourceEscapeCurrent.lean:106:0: 'LowEnergy.SourceEscapeCurrent.actual_source_mass' depends on axioms: [propext, Classical.choice, Quot.sound]
info: H0mework/Versions/AB/Physics/LowEnergy/Quantum/SourceEscapeCurrent.lean:107:0: 'LowEnergy.SourceEscapeCurrent.actual_escape_balance' depends on axioms: [propext, Classical.choice, Quot.sound]
ℹ [11342/11359] Replayed H0mework.Versions.AB.Physics.LowEnergy.Quantum.SourceCutoffNormConvergence
info: H0mework/Versions/AB/Physics/LowEnergy/Quantum/SourceCutoffNormConvergence.lean:209:0: 'LowEnergy.FullYSourceCutoffNorm.partial_strong_limit' depends on axioms: [propext, Classical.choice, Quot.sound]
info: H0mework/Versions/AB/Physics/LowEnergy/Quantum/SourceCutoffNormConvergence.lean:210:0: 'LowEnergy.FullYSourceCutoffNorm.source_cutoff_distance' depends on axioms: [propext, Classical.choice, Quot.sound]
info: H0mework/Versions/AB/Physics/LowEnergy/Quantum/SourceCutoffNormConvergence.lean:211:0: 'LowEnergy.FullYSourceCutoffNorm.source_graph_of_bounded' depends on axioms: [propext, Classical.choice, Quot.sound]
ℹ [11343/11359] Replayed H0mework.Versions.AB.Physics.LowEnergy.Quantum.SourceCutoffTimeGraph
info: H0mework/Versions/AB/Physics/LowEnergy/Quantum/SourceCutoffTimeGraph.lean:121:0: 'LowEnergy.FullYSourceCutoffTimeGraph.time_strong_limit' depends on axioms: [propext, Classical.choice, Quot.sound]
info: H0mework/Versions/AB/Physics/LowEnergy/Quantum/SourceCutoffTimeGraph.lean:122:0: 'LowEnergy.FullYSourceCutoffTimeGraph.time_graph_of_bounded' depends on axioms: [propext, Classical.choice, Quot.sound]
ℹ [11344/11359] Replayed H0mework.Versions.AB.Physics.LowEnergy.Quantum.SourceFamilyLinearMap
info: H0mework/Versions/AB/Physics/LowEnergy/Quantum/SourceFamilyLinearMap.lean:60:0: 'LowEnergy.FullYSourceFamilyLinearMap.lift_coe' depends on axioms: [propext, Classical.choice, Quot.sound]
info: H0mework/Versions/AB/Physics/LowEnergy/Quantum/SourceFamilyLinearMap.lean:61:0: 'LowEnergy.FullYSourceFamilyLinearMap.lift_bound' depends on axioms: [propext, Classical.choice, Quot.sound]
ℹ [11353/11388] Replayed H0mework.Versions.AB.Physics.LowEnergy.Quantum.SourceFiniteTimeIntegral
info: H0mework/Versions/AB/Physics/LowEnergy/Quantum/SourceFiniteTimeIntegral.lean:145:0: 'LowEnergy.FullYSourceFiniteTimeIntegral.integral_pair' depends on axioms: [propext, Classical.choice, Quot.sound]
info: H0mework/Versions/AB/Physics/LowEnergy/Quantum/SourceFiniteTimeIntegral.lean:146:0: 'LowEnergy.FullYSourceFiniteTimeIntegral.integral_return' depends on axioms: [propext, Classical.choice, Quot.sound]
info: H0mework/Versions/AB/Physics/LowEnergy/Quantum/SourceFiniteTimeIntegral.lean:147:0: 'LowEnergy.FullYSourceFiniteTimeIntegral.source_integral_bound' depends on axioms: [propext,
 Classical.choice,
 Quot.sound]
ℹ [11354/11388] Replayed H0mework.Versions.AB.Physics.LowEnergy.Quantum.SourceTimeFamilyGraph
info: H0mework/Versions/AB/Physics/LowEnergy/Quantum/SourceTimeFamilyGraph.lean:109:0: 'LowEnergy.FullYSourceTimeFamilyGraph.family_cutoff_distance' depends on axioms: [propext, Classical.choice, Quot.sound]
info: H0mework/Versions/AB/Physics/LowEnergy/Quantum/SourceTimeFamilyGraph.lean:110:0: 'LowEnergy.FullYSourceTimeFamilyGraph.retarded_limit_of_bounded' depends on axioms: [propext,
 Classical.choice,
 Quot.sound]
ℹ [11355/11388] Replayed H0mework.Versions.AB.Physics.LowEnergy.Quantum.SourceRelativePowerTail
info: H0mework/Versions/AB/Physics/LowEnergy/Quantum/SourceRelativePowerTail.lean:268:0: 'LowEnergy.SourceRelativePowerTail.source_inverse_nonnegative' depends on axioms: [propext,
 Classical.choice,
 Quot.sound]
info: H0mework/Versions/AB/Physics/LowEnergy/Quantum/SourceRelativePowerTail.lean:269:0: 'LowEnergy.SourceRelativePowerTail.history_power_distance' depends on axioms: [propext, Classical.choice, Quot.sound]
info: H0mework/Versions/AB/Physics/LowEnergy/Quantum/SourceRelativePowerTail.lean:270:0: 'LowEnergy.SourceRelativePowerTail.whole_history_relative_tail' depends on axioms: [propext,
 Classical.choice,
 Quot.sound]
info: H0mework/Versions/AB/Physics/LowEnergy/Quantum/SourceRelativePowerTail.lean:271:0: 'LowEnergy.SourceRelativePowerTail.time_power_distance' depends on axioms: [propext, Classical.choice, Quot.sound]
info: H0mework/Versions/AB/Physics/LowEnergy/Quantum/SourceRelativePowerTail.lean:272:0: 'LowEnergy.SourceRelativePowerTail.time_space_relative_tail' depends on axioms: [propext, Classical.choice, Quot.sound]
ℹ [11368/11388] Replayed H0mework.Versions.AB.Physics.LowEnergy.Quantum.SourceResolventBandLimit
info: H0mework/Versions/AB/Physics/LowEnergy/Quantum/SourceResolventBandLimit.lean:252:0: 'LowEnergy.SourceResolventBandLimit.resolvent_difference' depends on axioms: [propext, Classical.choice, Quot.sound]
info: H0mework/Versions/AB/Physics/LowEnergy/Quantum/SourceResolventBandLimit.lean:253:0: 'LowEnergy.SourceResolventBandLimit.word_difference' depends on axioms: [propext, Classical.choice, Quot.sound]
info: H0mework/Versions/AB/Physics/LowEnergy/Quantum/SourceResolventBandLimit.lean:254:0: 'LowEnergy.SourceResolventBandLimit.whole_word_cons' depends on axioms: [propext, Classical.choice, Quot.sound]
info: H0mework/Versions/AB/Physics/LowEnergy/Quantum/SourceResolventBandLimit.lean:255:0: 'LowEnergy.SourceResolventBandLimit.original_mixed_band_limit' depends on axioms: [propext,
 Classical.choice,
 Quot.sound]
ℹ [11369/11388] Replayed H0mework.Versions.AB.Physics.LowEnergy.Quantum.SourceRelativeTailCurrent
info: H0mework/Versions/AB/Physics/LowEnergy/Quantum/SourceRelativeTailCurrent.lean:149:0: 'LowEnergy.SourceRelativeTailCurrent.adjoint_family_return' depends on axioms: [propext, Classical.choice, Quot.sound]
info: H0mework/Versions/AB/Physics/LowEnergy/Quantum/SourceRelativeTailCurrent.lean:150:0: 'LowEnergy.SourceRelativeTailCurrent.current_boundary_return' depends on axioms: [propext, Classical.choice, Quot.sound]
info: H0mework/Versions/AB/Physics/LowEnergy/Quantum/SourceRelativeTailCurrent.lean:151:0: 'LowEnergy.SourceRelativeTailCurrent.original_core_current_return' depends on axioms: [propext,
 Classical.choice,
 Quot.sound]
info: H0mework/Versions/AB/Physics/LowEnergy/Quantum/SourceRelativeTailCurrent.lean:152:0: 'LowEnergy.SourceRelativeTailCurrent.finite_current_bound' depends on axioms: [propext, Classical.choice, Quot.sound]
info: H0mework/Versions/AB/Physics/LowEnergy/Quantum/SourceRelativeTailCurrent.lean:153:0: 'LowEnergy.SourceRelativeTailCurrent.finite_current_lintegral_bound' depends on axioms: [propext,
 Classical.choice,
 Quot.sound]
info: H0mework/Versions/AB/Physics/LowEnergy/Quantum/SourceRelativeTailCurrent.lean:154:0: 'LowEnergy.SourceRelativeTailCurrent.original_tail_current_return' depends on axioms: [propext,
 Classical.choice,
 Quot.sound]
info: H0mework/Versions/AB/Physics/LowEnergy/Quantum/SourceRelativeTailCurrent.lean:155:0: 'LowEnergy.SourceRelativeTailCurrent.finite_tail_current_lintegral_bound' depends on axioms: [propext,
 Classical.choice,
 Quot.sound]
ℹ [11370/11388] Replayed H0mework.Versions.AB.Physics.LowEnergy.Quantum.SourceParticularFrequency
info: H0mework/Versions/AB/Physics/LowEnergy/Quantum/SourceParticularFrequency.lean:179:0: 'LowEnergy.SourceParticularFrequency.particular_two_frequency' depends on axioms: [propext,
 Classical.choice,
 Quot.sound]
info: H0mework/Versions/AB/Physics/LowEnergy/Quantum/SourceParticularFrequency.lean:180:0: 'LowEnergy.SourceParticularFrequency.defect_adjoint_particular_two_frequency' depends on axioms: [propext,
 Classical.choice,
 Quot.sound]
info: H0mework/Versions/AB/Physics/LowEnergy/Quantum/SourceParticularFrequency.lean:181:0: 'LowEnergy.SourceParticularFrequency.original_particular_frequency_lipschitz' depends on axioms: [propext,
 Classical.choice,
 Quot.sound]
info: H0mework/Versions/AB/Physics/LowEnergy/Quantum/SourceParticularFrequency.lean:182:0: 'LowEnergy.SourceParticularFrequency.whole_mixed_word_continuous' depends on axioms: [propext,
 Classical.choice,
 Quot.sound]
info: H0mework/Versions/AB/Physics/LowEnergy/Quantum/SourceParticularFrequency.lean:183:0: 'LowEnergy.SourceParticularFrequency.original_body_frequency_continuous' depends on axioms: [propext,
 Classical.choice,
 Quot.sound]
ℹ [11371/11388] Replayed H0mework.Versions.AB.Physics.LowEnergy.Quantum.SourceRetardedBandCurrent
info: H0mework/Versions/AB/Physics/LowEnergy/Quantum/SourceRetardedBandCurrent.lean:364:0: 'LowEnergy.SourceRetardedBandCurrent.finite_input_memLp' depends on axioms: [propext, Classical.choice, Quot.sound]
info: H0mework/Versions/AB/Physics/LowEnergy/Quantum/SourceRetardedBandCurrent.lean:365:0: 'LowEnergy.SourceRetardedBandCurrent.actual_retarded_relative_tail' depends on axioms: [propext,
 Classical.choice,
 Quot.sound]
info: H0mework/Versions/AB/Physics/LowEnergy/Quantum/SourceRetardedBandCurrent.lean:366:0: 'LowEnergy.SourceRetardedBandCurrent.actual_current_norm' depends on axioms: [propext, Classical.choice, Quot.sound]
info: H0mework/Versions/AB/Physics/LowEnergy/Quantum/SourceRetardedBandCurrent.lean:367:0: 'LowEnergy.SourceRetardedBandCurrent.actual_retarded_current_tail' depends on axioms: [propext,
 Classical.choice,
 Quot.sound]
info: H0mework/Versions/AB/Physics/LowEnergy/Quantum/SourceRetardedBandCurrent.lean:368:0: 'LowEnergy.SourceRetardedBandCurrent.actual_current_spectral_tail' depends on axioms: [propext,
 Classical.choice,
 Quot.sound]
info: H0mework/Versions/AB/Physics/LowEnergy/Quantum/SourceRetardedBandCurrent.lean:369:0: 'LowEnergy.SourceRetardedBandCurrent.actual_current_high_frequency' depends on axioms: [propext,
 Classical.choice,
 Quot.sound]
info: H0mework/Versions/AB/Physics/LowEnergy/Quantum/SourceRetardedBandCurrent.lean:370:0: 'LowEnergy.SourceRetardedBandCurrent.actual_current_full_frequency_tail' depends on axioms: [propext,
 Classical.choice,
 Quot.sound]
ℹ [11400/11426] Replayed H0mework.Versions.AB.Physics.LowEnergy.Quantum.SourceScalarDoubleCurrent
info: H0mework/Versions/AB/Physics/LowEnergy/Quantum/SourceScalarDoubleCurrent.lean:821:2: Try this:
  [apply] ring_nf
  
  The `ring` tactic failed to close the goal. Use `ring_nf` to obtain a normal form.
    
  Note that `ring` works primarily in *commutative* rings. If you have a noncommutative ring, abelian group or module, consider using `noncomm_ring`, `abel` or `module` instead.
ℹ [11475/11499] Replayed H0mework.Foundation.Relations.ConsumerFace
info: H0mework/Foundation/Relations/ConsumerFace.lean:219:0: 'SaturationMonoid.NoIslandNoMagic.Consciousness.Representation.IndependentConsumerSystem.canonicalKernelExact' depends on axioms: [Quot.sound]
info: H0mework/Foundation/Relations/ConsumerFace.lean:220:0: 'SaturationMonoid.NoIslandNoMagic.Consciousness.Representation.IndependentConsumerSystem.canonicalQuotientEquivRange' depends on axioms: [propext,
 Classical.choice,
 Quot.sound]
info: H0mework/Foundation/Relations/ConsumerFace.lean:221:0: 'SaturationMonoid.NoIslandNoMagic.Consciousness.Representation.IndependentConsumerSystem.readoutCompatible_iff_uniqueFactorization' depends on axioms: [propext,
 Classical.choice,
 Quot.sound]
info: H0mework/Foundation/Relations/ConsumerFace.lean:222:0: 'SaturationMonoid.NoIslandNoMagic.Consciousness.Representation.IndependentConsumerSystem.completeCarrier_uniqueIso' depends on axioms: [propext,
 Classical.choice,
 Quot.sound]
ℹ [11486/11499] Replayed H0mework.Chemistry.LAlanineSource.TargetErasedBondDensity
info: H0mework/Chemistry/LAlanineSource/TargetErasedBondDensity.lean:251:0: 'SaturationMonoid.NoIslandNoMagic.Consciousness.Immortality.Embodied.Molecule.LAlanine40K2025.Calculation.sourceGeneratedTargetErasedLAlanine40KBondDensity_crown' depends on axioms: [propext,
 Classical.choice,
 Quot.sound]
ℹ [11487/11499] Replayed H0mework.Chemistry.LAlanineSource.GeneratedPhysicalChemicalBondIncidence
info: H0mework/Chemistry/LAlanineSource/GeneratedPhysicalChemicalBondIncidence.lean:453:0: 'SaturationMonoid.NoIslandNoMagic.Consciousness.Immortality.Embodied.Molecule.LAlanine40K2025.Producer.physicalBondIncidence_commutes' does not depend on any axioms
info: H0mework/Chemistry/LAlanineSource/GeneratedPhysicalChemicalBondIncidence.lean:454:0: 'SaturationMonoid.NoIslandNoMagic.Consciousness.Immortality.Embodied.Molecule.LAlanine40K2025.Producer.registeredChemicalIncidence_uniqueFactorization' depends on axioms: [propext,
 Classical.choice,
 Quot.sound]
info: H0mework/Chemistry/LAlanineSource/GeneratedPhysicalChemicalBondIncidence.lean:455:0: 'SaturationMonoid.NoIslandNoMagic.Consciousness.Immortality.Embodied.Molecule.LAlanine40K2025.Producer.sourceGeneratedLAlanine40KPhysicalChemicalBondIncidence_crown' depends on axioms: [propext,
 Classical.choice,
 Quot.sound]
ℹ [11638/11719] Replayed H0mework.Versions.AB.Chemistry.LAlanineReentry.RegressionNuclear
info: H0mework/Versions/AB/Chemistry/LAlanineReentry/RegressionNuclear.lean:33:0: 'SaturationMonoid.NoIslandNoMagic.Consciousness.Immortality.Embodied.Molecule.LAlanine40K2025.Reentry.Producer.sourceGeneratedNuclearReentry' depends on axioms: [propext,
 Classical.choice,
 Quot.sound]
info: H0mework/Versions/AB/Chemistry/LAlanineReentry/RegressionNuclear.lean:34:0: 'SaturationMonoid.NoIslandNoMagic.Consciousness.Immortality.Embodied.Molecule.LAlanine40K2025.Reentry.NuclearRegression.current_not_previous_ingress' depends on axioms: [propext,
 Classical.choice,
 Quot.sound]
info: H0mework/Versions/AB/Chemistry/LAlanineReentry/RegressionNuclear.lean:35:0: 'SaturationMonoid.NoIslandNoMagic.Consciousness.Immortality.Embodied.Molecule.LAlanine40K2025.Reentry.NuclearRegression.target_force_not_parent_copy' depends on axioms: [propext,
 Classical.choice,
 Quot.sound]
info: H0mework/Versions/AB/Chemistry/LAlanineReentry/RegressionNuclear.lean:36:0: 'SaturationMonoid.NoIslandNoMagic.Consciousness.Immortality.Embodied.Molecule.LAlanine40K2025.Reentry.NuclearRegression.discrete_position_residual_not_erased' depends on axioms: [propext,
 Classical.choice,
 Quot.sound]
info: H0mework/Versions/AB/Chemistry/LAlanineReentry/RegressionNuclear.lean:37:0: 'SaturationMonoid.NoIslandNoMagic.Consciousness.Immortality.Embodied.Molecule.LAlanine40K2025.Reentry.NuclearRegression.whole_energy_row_residual_not_erased' depends on axioms: [propext,
 Classical.choice,
 Quot.sound]
ℹ [11735/11790] Replayed H0mework.Versions.AB.Physics.MotherSource.StaticGreen.TranslatedDecay
info: H0mework/Versions/AB/Physics/MotherSource/StaticGreen/TranslatedDecay.lean:56:6: Try this:
  [apply] ring_nf
  
  The `ring` tactic failed to close the goal. Use `ring_nf` to obtain a normal form.
    
  Note that `ring` works primarily in *commutative* rings. If you have a noncommutative ring, abelian group or module, consider using `noncomm_ring`, `abel` or `module` instead.
ℹ [11898/11918] Replayed H0mework.Versions.AB.Arithmetic.PrimeShadow.NoIslandNoMagic.Consciousness.Immortality.Embodied.Molecule.LAlanine40K2025.Unified.Orbitals.Frame.Occupation.Factor.ProjectionError
info: H0mework/Versions/AB/Arithmetic/PrimeShadow/NoIslandNoMagic/Consciousness/Immortality/Embodied/Molecule/LAlanine40K2025/Unified/Orbitals/Frame/Occupation/Factor/ProjectionError.lean:44:6: Try this:
  [apply] abel_nf
info: H0mework/Versions/AB/Arithmetic/PrimeShadow/NoIslandNoMagic/Consciousness/Immortality/Embodied/Molecule/LAlanine40K2025/Unified/Orbitals/Frame/Occupation/Factor/ProjectionError.lean:110:4: Try this:
  [apply] abel_nf
ℹ [12525/12541] Replayed H0mework.Versions.AB.Arithmetic.PrimeShadow.NoIslandNoMagic.Consciousness.Immortality.Embodied.Molecule.LAlanine40K2025.Unified.Orbitals.Source.Inputs
info: H0mework/Versions/AB/Arithmetic/PrimeShadow/NoIslandNoMagic/Consciousness/Immortality/Embodied/Molecule/LAlanine40K2025/Unified/Orbitals/Source/Inputs.lean:8:0: original radial inputs: 630 square roots, 3654 exponentials, 3859 combined kernels
ℹ [12644/12669] Replayed H0mework.Versions.AB.Arithmetic.PrimeShadow.NoIslandNoMagic.Consciousness.Immortality.Embodied.Molecule.LAlanine40K2025.Unified.Orbitals.Frame.Occupation.Factor.Physical
info: H0mework/Versions/AB/Arithmetic/PrimeShadow/NoIslandNoMagic/Consciousness/Immortality/Embodied/Molecule/LAlanine40K2025/Unified/Orbitals/Frame/Occupation/Factor/Physical.lean:27:4: Try this:
  [apply] abel_nf
✔ [12791/12844] Built H0mework.Versions.R3bbcbd59.Arithmetic.PrimeShadow.NoIslandNoMagic.Consciousness.Immortality.Embodied.Molecule.LAlanine40K2025.BasinRefinement.Continuous.WholeBand.Basin.Family.All.Nuclear.PreciseTargetGeometry (143s)
✔ [12792/12844] Built H0mework.Versions.R3bbcbd59.Physics.LowEnergy.InducedQuantum.Adjoint (142s)
✔ [12793/12844] Built H0mework.Versions.R3bbcbd59.Arithmetic.PrimeShadow.NoIslandNoMagic.Consciousness.Immortality.Embodied.Molecule.LAlanine40K2025.BasinRefinement.Continuous.WholeBand.Basin.Family.All.Nuclear.PreciseWholeSpace (198s)
✔ [12794/12844] Built H0mework.Versions.R3bbcbd59.Physics.LowEnergy.InducedQuantum.Real (194s)
✔ [12795/12845] Built H0mework.Versions.R3bbcbd59.Arithmetic.PrimeShadow.NoIslandNoMagic.Consciousness.Immortality.Embodied.Molecule.LAlanine40K2025.Unified.Action.NuclearGreen (121s)
✔ [12796/12845] Built H0mework.Versions.R3bbcbd59.Arithmetic.PrimeShadow.NoIslandNoMagic.Consciousness.Immortality.Embodied.Molecule.LAlanine40K2025.BasinRefinement.Continuous.WholeBand.Basin.Family.All.Nuclear.PrecisePair (121s)
✔ [12797/12845] Built H0mework.Versions.R3bbcbd59.Arithmetic.PrimeShadow.NoIslandNoMagic.Consciousness.Immortality.Embodied.Molecule.LAlanine40K2025.Unified.Action.NuclearAttractionGreen (170s)
✔ [12798/12847] Built H0mework.Versions.R3bbcbd59.Physics.LowEnergy.InducedQuantum.Noise (171s)
✔ [12799/12847] Built H0mework.Versions.R3bbcbd59.Physics.LowEnergy.Rotation.Hodge (144s)
✔ [12801/12847] Built H0mework.Versions.R3bbcbd59.Arithmetic.PrimeShadow.NoIslandNoMagic.Consciousness.Immortality.Embodied.Molecule.LAlanine40K2025.Unified.Action.NuclearPairGreen (145s)
✔ [12802/12854] Built H0mework.Versions.R3bbcbd59.Physics.LowEnergy.Rotation.Alignment (193s)
✔ [12812/12865] Built H0mework.Versions.R3bbcbd59.Arithmetic.PrimeShadow.NoIslandNoMagic.Consciousness.Immortality.Embodied.Molecule.LAlanine40K2025.Unified.Action.CoulombEnergy (196s)
✔ [12815/12865] Built H0mework.Versions.R3bbcbd59.Physics.LowEnergy.LightSpace.Radial (167s)
✔ [12817/12865] Built H0mework.Versions.R3bbcbd59.Arithmetic.PrimeShadow.NoIslandNoMagic.Consciousness.Immortality.Embodied.Molecule.LAlanine40K2025.Unified.Action.NormalizedCoulomb (168s)
✔ [12818/12870] Built H0mework.Versions.R3bbcbd59.Physics.LowEnergy.LightCausal.Rate (228s)
✔ [12819/12871] Built H0mework.Versions.R3bbcbd59.Physics.LowEnergy.FullQuantum.StateResponse.Transfer (230s)
✔ [12820/12871] Built H0mework.Versions.R3bbcbd59.Physics.LowEnergy.LightCausal.Metric (185s)
✔ [12821/12871] Built H0mework.Versions.R3bbcbd59.Arithmetic.PrimeShadow.NoIslandNoMagic.Consciousness.Immortality.Embodied.Molecule.LAlanine40K2025.Unified.Action.AtomicScales (187s)
✔ [12822/12871] Built H0mework.Versions.R3bbcbd59.Physics.LowEnergy.FullQuantum.StateResponse.Transport (91s)
✔ [12823/12871] Built H0mework.Versions.R3bbcbd59.Physics.LowEnergy.FullQuantum.StateResponse.Impulse (94s)
✔ [12824/12871] Built H0mework.Versions.R3bbcbd59.Physics.LowEnergy.LightCausal.Development (161s)
✔ [12825/12871] Built H0mework.Versions.R3bbcbd59.Arithmetic.PrimeShadow.NoIslandNoMagic.Consciousness.Immortality.Embodied.Molecule.LAlanine40K2025.Unified.Action.CanonicalUnits (160s)
✔ [12826/12874] Built H0mework.Versions.R3bbcbd59.Physics.LowEnergy.InducedQuantum.Development (89s)
✔ [12827/12874] Built H0mework.Versions.R3bbcbd59.Physics.LowEnergy.FullQuantum.StateResponse.Native (92s)
✔ [12828/12874] Built H0mework.Physics.LowEnergy.BosonCausal.Forcing (15s)
✔ [12829/12874] Built H0mework.Versions.R3bbcbd59.Physics.LowEnergy.FullQuantum.StateResponse.TransferNative (41s)
✔ [12830/12877] Built H0mework.Versions.R3bbcbd59.Physics.LowEnergy.Electromagnetic.Canonical (57s)
✔ [12831/12877] Built H0mework.Physics.LowEnergy.BosonCausal.Source (18s)
✔ [12832/12878] Built H0mework.Versions.R3bbcbd59.Physics.LowEnergy.InducedQuantum.History (19s)
✔ [12833/12878] Built H0mework.Versions.R3bbcbd59.Physics.LowEnergySpectrum.Jacobian (27s)
✔ [12834/12878] Built H0mework.Versions.R3bbcbd59.Physics.LowEnergy.Electromagnetic.ActionUnits (35s)
✔ [12835/12881] Built H0mework.Physics.LowEnergy.BosonCausal.Response (32s)
✔ [12836/12881] Built H0mework.Versions.R3bbcbd59.Physics.LowEnergy.InducedQuantum.Lapse (30s)
✔ [12837/12882] Built H0mework.Versions.R3bbcbd59.Physics.LowEnergySpectrum.Matrix (18s)
✔ [12838/12882] Built H0mework.Versions.R3bbcbd59.Physics.LowEnergy.Electromagnetic.CanonicalQuantumUnits (23s)
✔ [12839/12882] Built H0mework.Physics.LowEnergy.BosonCausal.Convolution (15s)
✔ [12840/12882] Built H0mework.Versions.R3bbcbd59.Physics.LowEnergy.BosonCausal.State (23s)
✔ [12841/12882] Built H0mework.Versions.R3bbcbd59.Physics.LowEnergySpectrum.Spectrum (22s)
✔ [12842/12889] Built H0mework.Versions.R3bbcbd59.Physics.LowEnergy.BosonCausal.Metric (18s)
✔ [12843/12889] Built H0mework.Versions.R3bbcbd59.Physics.LowEnergy.Electromagnetic.CanonicalPacket (43s)
✔ [12844/12889] Built H0mework.Versions.R3bbcbd59.ReleaseMaterials.Physics.LowEnergyPhenomenology.ExternalCompositeDecay.SourceScalarVirialBulk (152s)
✔ [12845/12892] Built H0mework.Versions.R3bbcbd59.Physics.LowEnergy.Electromagnetic.CanonicalCoframe (224s)
✔ [12846/12892] Built H0mework.Versions.R3bbcbd59.ReleaseMaterials.Physics.LowEnergyPhenomenology.ExternalCompositeDecay.SourceScalarAffineScaleTransport (151s)
✔ [12847/12892] Built H0mework.Versions.R3bbcbd59.ReleaseMaterials.Physics.LowEnergyPhenomenology.AlphaSource.SourceCoframeEnergyPort (74s)
✔ [12848/12892] Built H0mework.Versions.R3bbcbd59.ReleaseMaterials.Physics.LowEnergyPhenomenology.AlphaSource.SourceChannelTwoSpinPort (28s)
✔ [12849/12892] Built H0mework.Versions.R3bbcbd59.ReleaseMaterials.Physics.LowEnergyPhenomenology.AlphaSource.CanonicalPreparationMixedDensityContacts (26s)
✔ [12850/12894] Built H0mework.Versions.R3bbcbd59.ReleaseMaterials.Physics.LowEnergyPhenomenology.ExternalCompositeDecay.SourceScalarAffineCutoffTail (35s)
✔ [12851/12894] Built H0mework.Versions.R3bbcbd59.ReleaseMaterials.Physics.LowEnergyPhenomenology.ExternalCompositeDecay.SourceScalarPositiveBulkWard (66s)
✔ [12852/12894] Built H0mework.Versions.R3bbcbd59.ReleaseMaterials.Physics.LowEnergyPhenomenology.AlphaSource.EmIdentification.PhysicalFullFieldTransfer (298s)
✔ [12853/12898] Built H0mework.Versions.R3bbcbd59.ReleaseMaterials.Physics.LowEnergyPhenomenology.AlphaSource.CanonicalPreparationMixedFieldReturn (336s)
✔ [12854/12898] Built H0mework.Versions.R3bbcbd59.ReleaseMaterials.Physics.LowEnergyPhenomenology.ExternalCompositeDecay.SourceScalarInverseInsertion (110s)
✔ [12855/12898] Built H0mework.Versions.R3bbcbd59.ReleaseMaterials.Physics.LowEnergyPhenomenology.ExternalCompositeDecay.SourceInverseVolumeBulk (42s)
✔ [12856/12898] Built H0mework.Versions.R3bbcbd59.ReleaseMaterials.Physics.LowEnergyPhenomenology.ExternalCompositeDecay.SourceScalarAffineMixedJets (69s)
✔ [12857/12898] Built H0mework.Versions.R3bbcbd59.ReleaseMaterials.Physics.LowEnergyPhenomenology.AlphaSource.CanonicalPreparationFieldQuantizationSymbols (86s)
✔ [12858/12898] Built H0mework.Versions.R3bbcbd59.ReleaseMaterials.Physics.LowEnergyPhenomenology.ExternalCompositeDecay.SourceScalarPositiveBulkEndpoint (91s)
✔ [12859/12898] Built H0mework.Versions.R3bbcbd59.ReleaseMaterials.Physics.LowEnergyPhenomenology.ExternalCompositeDecay.SourceScalarInverseFullSource (138s)
✔ [12860/12898] Built H0mework.Versions.R3bbcbd59.ReleaseMaterials.Physics.LowEnergyPhenomenology.ExternalCompositeDecay.SourceScalarInverseRetardedBudget (137s)
✔ [12861/12898] Built H0mework.Versions.R3bbcbd59.ReleaseMaterials.Physics.LowEnergyPhenomenology.ExternalCompositeDecay.SourceInverseVolumeEnergy (161s)
✔ [12862/12898] Built H0mework.Versions.R3bbcbd59.ReleaseMaterials.Physics.LowEnergyPhenomenology.AlphaSource.CanonicalPreparationFieldQuantizationCore (192s)
✔ [12863/12898] Built H0mework.Versions.R3bbcbd59.ReleaseMaterials.Physics.LowEnergyPhenomenology.ExternalCompositeDecay.SourceScalarBulkResidualBudget (86s)
✔ [12864/12898] Built H0mework.Versions.R3bbcbd59.ReleaseMaterials.Physics.LowEnergyPhenomenology.ExternalCompositeDecay.SourceScalarInverseLocalization (60s)
✔ [12865/12898] Built H0mework.Versions.R3bbcbd59.ReleaseMaterials.Physics.LowEnergyPhenomenology.ExternalCompositeDecay.SourceInverseVolumeRetarded (44s)
✔ [12866/12898] Built H0mework.Versions.R3bbcbd59.ReleaseMaterials.Physics.LowEnergyPhenomenology.AlphaSource.CanonicalPreparationFieldQuantizationContacts (122s)
✔ [12867/12898] Built H0mework.Versions.R3bbcbd59.ReleaseMaterials.Physics.LowEnergyPhenomenology.AlphaSource.CanonicalPreparationSourceFieldEmitter (107s)
✔ [12868/12898] Built H0mework.Versions.R3bbcbd59.ReleaseMaterials.Physics.LowEnergyPhenomenology.ExternalCompositeDecay.SourceScalarInverseEnergyExchange (202s)
✔ [12869/12899] Built H0mework.Versions.R3bbcbd59.ReleaseMaterials.Physics.LowEnergyPhenomenology.ExternalCompositeDecay.SourceInverseVolumeNoetherEnergy (67s)
✔ [12870/12899] Built H0mework.Versions.R3bbcbd59.ReleaseMaterials.Physics.LowEnergyPhenomenology.AlphaSource.CanonicalPreparationSourceFieldJets (78s)
✔ [12871/12902] Built H0mework.Versions.R3bbcbd59.ReleaseMaterials.Physics.LowEnergyPhenomenology.ExternalCompositeDecay.SourceInverseVolumeEndpoint (75s)
✔ [12872/12902] Built H0mework.Versions.R3bbcbd59.ReleaseMaterials.Physics.LowEnergyPhenomenology.AlphaSource.CanonicalPreparationSourceFieldLocalized (94s)
✔ [12873/12902] Built H0mework.Versions.R3bbcbd59.ReleaseMaterials.Physics.LowEnergyPhenomenology.ExternalCompositeDecay.SourceInverseVolumeHardy (177s)
✔ [12874/12902] Built H0mework.Versions.R3bbcbd59.ReleaseMaterials.Physics.LowEnergyPhenomenology.ExternalCompositeDecay.SourceInverseFullResponse (153s)
✔ [12875/12912] Built H0mework.Versions.R3bbcbd59.ReleaseMaterials.Physics.LowEnergyPhenomenology.AlphaSource.CanonicalPreparationCausalFieldVariation (233s)
✔ [12876/12912] Built H0mework.Versions.R3bbcbd59.ReleaseMaterials.Physics.LowEnergyPhenomenology.AlphaSource.CanonicalPreparationTemporalField (233s)
✔ [12877/12912] Built H0mework.Versions.R3bbcbd59.ReleaseMaterials.Physics.LowEnergyPhenomenology.ExternalCompositeDecay.SourceInverseVolumeContact (219s)
✔ [12878/12912] Built H0mework.Versions.R3bbcbd59.ReleaseMaterials.Physics.LowEnergyPhenomenology.AlphaSource.CanonicalPreparationNonlinearSourceTube (222s)
✔ [12879/12912] Built H0mework.Versions.R3bbcbd59.ReleaseMaterials.Physics.LowEnergyPhenomenology.ExternalCompositeDecay.SourceScalarVacuumRadialJet (207s)
✔ [12880/12915] Built H0mework.Versions.R3bbcbd59.ReleaseMaterials.Physics.LowEnergyPhenomenology.AlphaSource.CanonicalPreparationCausalFieldContacts (213s)
✔ [12881/12915] Built H0mework.Versions.R3bbcbd59.ReleaseMaterials.Physics.LowEnergyPhenomenology.AlphaSource.CanonicalPreparationTemporalGlobalCharge (175s)
✔ [12882/12915] Built H0mework.Versions.R3bbcbd59.ReleaseMaterials.Physics.LowEnergyPhenomenology.ExternalCompositeDecay.SourceScalarAffineSecondCutoffTail (194s)
✔ [12883/12915] Built H0mework.Versions.R3bbcbd59.ReleaseMaterials.Physics.LowEnergyPhenomenology.ExternalCompositeDecay.SourceInverseVolumeContactWindow (174s)
✔ [12884/12920] Built H0mework.Versions.R3bbcbd59.ReleaseMaterials.Physics.LowEnergyPhenomenology.ExternalCompositeDecay.SourceInverseVolumeContactPair (91s)
✔ [12885/12936] Built H0mework.Versions.R3bbcbd59.ReleaseMaterials.Physics.LowEnergyPhenomenology.AlphaSource.CanonicalPreparationCausalFieldResponse (343s)
✔ [12886/12936] Built H0mework.Versions.R3bbcbd59.ReleaseMaterials.Physics.LowEnergyPhenomenology.ExternalCompositeDecay.SourceInverseVolumeWindowBalance (124s)
✔ [12887/12939] Built H0mework.Versions.R3bbcbd59.ReleaseMaterials.Physics.LowEnergyPhenomenology.AlphaSource.CanonicalPreparationNonlinearOperatorCurve (195s)
✔ [12888/12939] Built H0mework.Versions.R3bbcbd59.ReleaseMaterials.Physics.LowEnergyPhenomenology.ExternalCompositeDecay.SourceInverseVolumeDiagonalEndpoint (134s)
✔ [12889/12939] Built H0mework.Versions.R3bbcbd59.ReleaseMaterials.Physics.LowEnergyPhenomenology.AlphaSource.CanonicalPreparationFieldSourceDerivative (274s)
✔ [12890/12939] Built H0mework.Versions.R3bbcbd59.ReleaseMaterials.Physics.LowEnergyPhenomenology.ExternalCompositeDecay.SourceInverseVolumeFixedEnergyTail (128s)
✔ [12891/12939] Built H0mework.Versions.R3bbcbd59.ReleaseMaterials.Physics.LowEnergyPhenomenology.ExternalCompositeDecay.SourceInverseVolumeSourceLeg (159s)
✔ [12892/12939] Built H0mework.Versions.R3bbcbd59.ReleaseMaterials.Physics.LowEnergyPhenomenology.AlphaSource.CanonicalPreparationDampedWeightedTime (51s)
✔ [12893/12939] Built H0mework.Versions.R3bbcbd59.ReleaseMaterials.Physics.LowEnergyPhenomenology.ExternalCompositeDecay.SourceInverseVolumeNoetherSourceLeg (47s)
✔ [12894/12939] Built H0mework.Versions.R3bbcbd59.ReleaseMaterials.Physics.LowEnergyPhenomenology.AlphaSource.CanonicalPreparationFieldTransferDerivative (175s)
✔ [12895/12939] Built H0mework.Versions.R3bbcbd59.ReleaseMaterials.Physics.LowEnergyPhenomenology.ExternalCompositeDecay.SourceInverseVolumeWeightedForcing (99s)
✔ [12896/12939] Built H0mework.Versions.R3bbcbd59.ReleaseMaterials.Physics.LowEnergyPhenomenology.ExternalCompositeDecay.SourceInverseVolumeCompressionCurrent (124s)
✔ [12897/12939] Built H0mework.Versions.R3bbcbd59.ReleaseMaterials.Physics.LowEnergyPhenomenology.AlphaSource.CanonicalPreparationDampedLaplaceDerivative (164s)
✔ [12898/12939] Built H0mework.Versions.R3bbcbd59.ReleaseMaterials.Physics.LowEnergyPhenomenology.ExternalCompositeDecay.SourceInverseVolumeOscillator (114s)
✔ [12899/12939] Built H0mework.Versions.R3bbcbd59.ReleaseMaterials.Physics.LowEnergyPhenomenology.ExternalCompositeDecay.SourceInverseVolumeFirstCurrentGaugeJets (103s)
✔ [12900/12939] Built H0mework.Versions.R3bbcbd59.ReleaseMaterials.Physics.LowEnergyPhenomenology.AlphaSource.CanonicalPreparationDampedPreparedLaplace (95s)
✔ [12901/12939] Built H0mework.Versions.R3bbcbd59.ReleaseMaterials.Physics.LowEnergyPhenomenology.ExternalCompositeDecay.SourceInverseVolumeFrequencyBand (72s)
✔ [12902/12939] Built H0mework.Versions.R3bbcbd59.ReleaseMaterials.Physics.LowEnergyPhenomenology.ExternalCompositeDecay.SourceInverseVolumeFirstCurrentRemainder (80s)
✔ [12903/12939] Built H0mework.Versions.R3bbcbd59.ReleaseMaterials.Physics.LowEnergyPhenomenology.ExternalCompositeDecay.SourceInverseVolumeFirstCurrentForceTail (75s)
✔ [12904/12939] Built H0mework.Versions.R3bbcbd59.ReleaseMaterials.Physics.LowEnergyPhenomenology.ExternalCompositeDecay.SourceInverseVolumeFirstCurrentProjectionSource (68s)
✔ [12905/12939] Built H0mework.Versions.R3bbcbd59.ReleaseMaterials.Physics.LowEnergyPhenomenology.ExternalCompositeDecay.SourceInverseVolumeSourceJetEnergy (31s)
✔ [12906/12939] Built H0mework.Versions.R3bbcbd59.ReleaseMaterials.Physics.LowEnergyPhenomenology.AlphaSource.CanonicalPreparationNonlinearPreparedReader (45s)
✔ [12907/12939] Built H0mework.Versions.R3bbcbd59.ReleaseMaterials.Physics.LowEnergyPhenomenology.ExternalCompositeDecay.SourceInverseVolumeProjectionCurrentRemainder (32s)
✔ [12908/12946] Built H0mework.Versions.R3bbcbd59.ReleaseMaterials.Physics.LowEnergyPhenomenology.ExternalCompositeDecay.SourceInverseVolumeFirstCurrentJointTail (25s)
✔ [12909/12946] Built H0mework.Versions.R3bbcbd59.ReleaseMaterials.Physics.LowEnergyPhenomenology.ExternalCompositeDecay.SourceInverseVolumeFirstCurrentProjectionReturn (19s)
✔ [12910/12946] Built H0mework.Versions.R3bbcbd59.ReleaseMaterials.Physics.LowEnergyPhenomenology.AlphaSource.CanonicalPreparationActionSourceComponents (25s)
✔ [12911/12951] Built H0mework.Versions.R3bbcbd59.ReleaseMaterials.Physics.LowEnergyPhenomenology.ExternalCompositeDecay.SourceInverseVolumeFirstCurrentDefectDescent (17s)
✔ [12912/12951] Built H0mework.Versions.R3bbcbd59.ReleaseMaterials.Physics.LowEnergyPhenomenology.ExternalCompositeDecay.SourceInverseVolumeGaugeSingleDefectJoin (23s)
✔ [12913/12951] Built H0mework.Versions.R3bbcbd59.ReleaseMaterials.Physics.LowEnergyPhenomenology.ExternalCompositeDecay.SourceInverseVolumeDefectCurrentPair (15s)
✔ [12914/12952] Built H0mework.Versions.R3bbcbd59.ReleaseMaterials.Physics.LowEnergyPhenomenology.AlphaSource.CanonicalPreparationActionCoreDecomposition (27s)
✔ [12915/12954] Built H0mework.Versions.R3bbcbd59.ReleaseMaterials.Physics.LowEnergyPhenomenology.ExternalCompositeDecay.SourceInverseVolumeDefectCurrentResponse (20s)
✔ [12916/12954] Built H0mework.Versions.R3bbcbd59.ReleaseMaterials.Physics.LowEnergyPhenomenology.ExternalCompositeDecay.SourceInverseVolumeCompressionGaugeBudget (32s)
✔ [12917/12954] Built H0mework.Versions.R3bbcbd59.ReleaseMaterials.Physics.LowEnergyPhenomenology.ExternalCompositeDecay.SourceInverseVolumeElectricCurrentForm (20s)
✔ [12918/12954] Built H0mework.Versions.R3bbcbd59.ReleaseMaterials.Physics.LowEnergyPhenomenology.AlphaSource.CanonicalPreparationActionCurveConsumer (41s)
✔ [12919/12958] Built H0mework.Versions.R3bbcbd59.ReleaseMaterials.Physics.LowEnergyPhenomenology.ExternalCompositeDecay.SourceInverseVolumeCompressionGaugeSplice (32s)
✔ [12920/12958] Built H0mework.Versions.R3bbcbd59.ReleaseMaterials.Physics.LowEnergyPhenomenology.ExternalCompositeDecay.SourceInverseVolumeElectricCurrentCoefficient (21s)
✔ [12921/12958] Built H0mework.Versions.R3bbcbd59.ReleaseMaterials.Physics.LowEnergyPhenomenology.AlphaSource.CanonicalPreparationSourceNativeFormJets (36s)
✔ [12922/12958] Built H0mework.Versions.R3bbcbd59.ReleaseMaterials.Physics.LowEnergyPhenomenology.ExternalCompositeDecay.SourceInverseVolumeHamiltonianForceReduction (40s)
✔ [12923/12958] Built H0mework.Versions.R3bbcbd59.ReleaseMaterials.Physics.LowEnergyPhenomenology.AlphaSource.CanonicalPreparationNonlinearWeightedCurve (113s)
✔ [12924/12958] Built H0mework.Versions.R3bbcbd59.ReleaseMaterials.Physics.LowEnergyPhenomenology.ExternalCompositeDecay.SourceInverseVolumeElectricCurrentEnergy (67s)
✔ [12925/12958] Built H0mework.Versions.R3bbcbd59.ReleaseMaterials.Physics.LowEnergyPhenomenology.AlphaSource.CanonicalPreparationSourceCoframeFormJets (43s)
✔ [12926/12958] Built H0mework.Versions.R3bbcbd59.ReleaseMaterials.Physics.LowEnergyPhenomenology.ExternalCompositeDecay.SourceInverseVolumeCoframeNeutralBudget (38s)
✔ [12927/12958] Built H0mework.Versions.R3bbcbd59.ReleaseMaterials.Physics.LowEnergyPhenomenology.ExternalCompositeDecay.SourceInverseVolumeMagneticForceLocalization (71s)
✔ [12928/12958] Built H0mework.Versions.R3bbcbd59.ReleaseMaterials.Physics.LowEnergyPhenomenology.ExternalCompositeDecay.SourceInverseVolumeElectricCurrentGrowth (54s)
✔ [12929/12972] Built H0mework.Versions.R3bbcbd59.ReleaseMaterials.Physics.LowEnergyPhenomenology.AlphaSource.CanonicalPreparationSourceTotalFormJets (61s)
✔ [12930/12972] Built H0mework.Versions.R3bbcbd59.ReleaseMaterials.Physics.LowEnergyPhenomenology.ExternalCompositeDecay.SourceInverseVolumeCoframeCompressionBudget (40s)
✔ [12931/12972] Built H0mework.Versions.R3bbcbd59.ReleaseMaterials.Physics.LowEnergyPhenomenology.ExternalCompositeDecay.SourceInverseVolumeMagneticForceCancellation (33s)
✔ [12932/12972] Built H0mework.Versions.R3bbcbd59.ReleaseMaterials.Physics.LowEnergyPhenomenology.AlphaSource.CanonicalPreparationNonlinearObservableComparison (229s)
✔ [12933/12972] Built H0mework.Versions.R3bbcbd59.ReleaseMaterials.Physics.LowEnergyPhenomenology.ExternalCompositeDecay.SourceInverseVolumeElectricCurrentFactor (24s)
✔ [12934/12972] Built H0mework.Versions.R3bbcbd59.ReleaseMaterials.Physics.LowEnergyPhenomenology.AlphaSource.CanonicalPreparationFieldGaugeTangent (30s)
✔ [12935/12974] Built H0mework.Versions.R3bbcbd59.ReleaseMaterials.Physics.LowEnergyPhenomenology.ExternalCompositeDecay.SourceInverseVolumeCompressionGaugeReturn (25s)
✔ [12936/12974] Built H0mework.Versions.R3bbcbd59.ReleaseMaterials.Physics.LowEnergyPhenomenology.ExternalCompositeDecay.SourceInverseVolumeCoframeNeutralSplice (40s)
✔ [12937/12974] Built H0mework.Versions.R3bbcbd59.ReleaseMaterials.Physics.LowEnergyPhenomenology.ExternalCompositeDecay.SourceInverseVolumeElectricScalarEnergy (21s)
✔ [12938/12974] Built H0mework.Versions.R3bbcbd59.ReleaseMaterials.Physics.LowEnergyPhenomenology.AlphaSource.CanonicalPreparationNonlinearPreparedLaplace (73s)
✔ [12939/12974] Built H0mework.Versions.R3bbcbd59.ReleaseMaterials.Physics.LowEnergyPhenomenology.AlphaSource.CanonicalPreparationFieldCoframeTangent (26s)
✔ [12940/12974] Built H0mework.Versions.R3bbcbd59.ReleaseMaterials.Physics.LowEnergyPhenomenology.ExternalCompositeDecay.SourceInverseVolumeReducedGaugeJointTail (33s)
✔ [12941/12974] Built H0mework.Versions.R3bbcbd59.ReleaseMaterials.Physics.LowEnergyPhenomenology.ExternalCompositeDecay.SourceInverseVolumeCoframeSpectralReturn (36s)
✔ [12942/12974] Built H0mework.Versions.R3bbcbd59.ReleaseMaterials.Physics.LowEnergyPhenomenology.ExternalCompositeDecay.SourceInverseVolumeElectricWindowDecay (22s)
✔ [12943/12974] Built H0mework.Versions.R3bbcbd59.ReleaseMaterials.Physics.LowEnergyPhenomenology.ExternalCompositeDecay.SourceInverseVolumeNeutralScalarCurrent (37s)
✔ [12944/12974] Built H0mework.Versions.R3bbcbd59.ReleaseMaterials.Physics.LowEnergyPhenomenology.ExternalCompositeDecay.SourceInverseVolumeCoframeJointTailReturn (34s)
✔ [12945/12974] Built H0mework.Versions.R3bbcbd59.ReleaseMaterials.Physics.LowEnergyPhenomenology.AlphaSource.CanonicalPreparationFieldFormConsumer (51s)
✔ [12946/12974] Built H0mework.Versions.R3bbcbd59.ReleaseMaterials.Physics.LowEnergyPhenomenology.ExternalCompositeDecay.SourceInverseVolumeCoframeNativeSeed (36s)
✔ [12947/12979] Built H0mework.Versions.R3bbcbd59.ReleaseMaterials.Physics.LowEnergyPhenomenology.ExternalCompositeDecay.SourceInverseVolumeElectricMomentDecay (27s)
✔ [12948/12979] Built H0mework.Versions.R3bbcbd59.ReleaseMaterials.Physics.LowEnergyPhenomenology.ExternalCompositeDecay.SourceInverseVolumeNeutralSpinCurrent (51s)
✔ [12949/12979] Built H0mework.Versions.R3bbcbd59.ReleaseMaterials.Physics.LowEnergyPhenomenology.ExternalCompositeDecay.SourceInverseVolumeNeutralRemainderSpectral (55s)
✔ [12950/12980] Built H0mework.Versions.R3bbcbd59.ReleaseMaterials.Physics.LowEnergyPhenomenology.AlphaSource.CanonicalPreparationLocalCurrentCarrier (36s)
✔ [12951/12980] Built H0mework.Versions.R3bbcbd59.ReleaseMaterials.Physics.LowEnergyPhenomenology.ExternalCompositeDecay.SourceInverseVolumeElectricSourceMomentBudget (24s)
✔ [12952/12980] Built H0mework.Versions.R3bbcbd59.ReleaseMaterials.Physics.LowEnergyPhenomenology.ExternalCompositeDecay.SourceInverseVolumeNeutralRemainderClosed (50s)
✔ [12953/12982] Built H0mework.Versions.R3bbcbd59.ReleaseMaterials.Physics.LowEnergyPhenomenology.ExternalCompositeDecay.SourceInverseVolumeSpinCompressionBudget (119s)
✔ [12954/12982] Built H0mework.Versions.R3bbcbd59.ReleaseMaterials.Physics.LowEnergyPhenomenology.ExternalCompositeDecay.SourceInverseVolumeElectricMomentChannels (144s)
✔ [12955/12983] Built H0mework.Versions.R3bbcbd59.ReleaseMaterials.Physics.LowEnergyPhenomenology.ExternalCompositeDecay.SourceInverseVolumeNeutralSpinTail (76s)
✔ [12956/12995] Built H0mework.Versions.R3bbcbd59.ReleaseMaterials.Physics.LowEnergyPhenomenology.ExternalCompositeDecay.SourceInverseVolumeElectricMomentGram (48s)
ℹ [12957/12995] Built H0mework.Versions.R3bbcbd59.ReleaseMaterials.Physics.LowEnergyPhenomenology.ExternalCompositeDecay.SourceMatterForceAbsorption (47s)
info: H0mework/Versions/R3bbcbd59/ReleaseMaterials/Physics/LowEnergyPhenomenology/ExternalCompositeDecay/SourceMatterForceAbsorption.lean:132:4: Try this:
  [apply] ring_nf
  
  The `ring` tactic failed to close the goal. Use `ring_nf` to obtain a normal form.
    
  Note that `ring` works primarily in *commutative* rings. If you have a noncommutative ring, abelian group or module, consider using `noncomm_ring`, `abel` or `module` instead.
✔ [12958/12997] Built H0mework.Versions.R3bbcbd59.ReleaseMaterials.Physics.LowEnergyPhenomenology.ExternalCompositeDecay.SourceInverseVolumeFormSpectral (14s)
✔ [12959/12999] Built H0mework.Versions.R3bbcbd59.ReleaseMaterials.Physics.LowEnergyPhenomenology.ExternalCompositeDecay.SourceInverseVolumeScalarTwoLegJoin (18s)
✔ [12960/13001] Built H0mework.Versions.R3bbcbd59.ReleaseMaterials.Physics.LowEnergyPhenomenology.ExternalCompositeDecay.SourceInverseVolumeNoetherCurrentSpectral (19s)
✔ [12961/13001] Built H0mework.Versions.R3bbcbd59.ReleaseMaterials.Physics.LowEnergyPhenomenology.ExternalCompositeDecay.SourceInverseVolumeScalarCoefficientDecay (16s)
✔ [12962/13001] Built H0mework.Versions.R71e.ReleaseMaterials.Physics.LowEnergyPhenomenology.AlphaSource.CanonicalPhysicalWardEndpoints (28s)
✔ [12963/13001] Built H0mework.Versions.R71e.ReleaseMaterials.Physics.LowEnergyPhenomenology.AlphaSource.CanonicalPhysicalCurrent (37s)
✔ [12964/13037] Built H0mework.Versions.R3bbcbd59.ReleaseMaterials.Physics.LowEnergyPhenomenology.ExternalCompositeDecay.SourceInverseVolumeScalarJointEnergyBudget (55s)
✔ [12965/13037] Built H0mework.Versions.R3bbcbd59.ReleaseMaterials.Physics.LowEnergyPhenomenology.ExternalCompositeDecay.SourceInverseVolumeScalarInverseEnergyBudget (45s)
✔ [12966/13044] Built H0mework.Versions.R3bbcbd59.ReleaseMaterials.Physics.LowEnergyPhenomenology.ExternalCompositeDecay.SourceInverseVolumeScalarSignedInverseReturn (218s)
✔ [12967/13044] Built H0mework.Versions.R3bbcbd59.ReleaseMaterials.Physics.LowEnergyPhenomenology.ExternalCompositeDecay.SourceInverseVolumeOriginalNoetherCost (54s)
✔ [12968/13044] Built H0mework.Versions.R3bbcbd59.ReleaseMaterials.Physics.LowEnergyPhenomenology.ExternalCompositeDecay.SourceInverseVolumeNoetherChannelGap (48s)
✔ [12969/13044] Built H0mework.Versions.R3bbcbd59.ReleaseMaterials.Physics.LowEnergyPhenomenology.ExternalCompositeDecay.SourceInverseVolumeScalarOscillatorAbsorption (31s)
✔ [12970/13044] Built H0mework.Versions.R71e.ReleaseMaterials.Physics.LowEnergyPhenomenology.AlphaSource.CanonicalPreparationSerializedAsset (493s)
✔ [12971/13044] Built H0mework.Versions.R3bbcbd59.ReleaseMaterials.Physics.LowEnergyPhenomenology.ExternalCompositeDecay.SourceInverseVolumeChannelSourceJets (59s)
✔ [12972/13044] Built H0mework.Versions.R3bbcbd59.ReleaseMaterials.Physics.LowEnergyPhenomenology.ExternalCompositeDecay.SourceInverseVolumeGapWardDescent (79s)
✔ [12973/13046] Built H0mework.Versions.R3bbcbd59.ReleaseMaterials.Physics.LowEnergyPhenomenology.ExternalCompositeDecay.SourceHamiltonianSpectralMeasure (110s)
✔ [12974/13046] Built H0mework.Versions.R3bbcbd59.ReleaseMaterials.Physics.LowEnergyPhenomenology.ExternalCompositeDecay.SourceInverseVolumeGapWardFirstJet (26s)
✔ [12975/13046] Built H0mework.Versions.R71e.ReleaseMaterials.Physics.LowEnergyPhenomenology.AlphaSource.CanonicalPreparationSerializedConsumer (239s)
✔ [12976/13046] Built H0mework.Versions.R3bbcbd59.ReleaseMaterials.Physics.LowEnergyPhenomenology.ExternalCompositeDecay.SourceHamiltonianSpectralEnergy (19s)
✔ [12977/13054] Built H0mework.Versions.R3bbcbd59.ReleaseMaterials.Physics.LowEnergyPhenomenology.ExternalCompositeDecay.SourceHamiltonianSpectralFrequency (22s)
✔ [12978/13054] Built H0mework.Versions.R71e.ReleaseMaterials.Physics.LowEnergyPhenomenology.AlphaSource.CanonicalPreparationEmitterStages (51s)
✔ [12979/13065] Built H0mework.Versions.R3bbcbd59.ReleaseMaterials.Physics.LowEnergyPhenomenology.ExternalCompositeDecay.SourceHamiltonianSpectralPair (41s)
✔ [12980/13073] Built H0mework.Versions.R71e.ReleaseMaterials.Physics.LowEnergyPhenomenology.AlphaSource.CanonicalPreparationSerializationClockProgram (31s)
✔ [12981/13079] Built H0mework.Versions.R3bbcbd59.ReleaseMaterials.Physics.LowEnergyPhenomenology.ExternalCompositeDecay.SourceBoundedInsertionResponse (36s)
✔ [12982/13079] Built H0mework.Versions.R71e.ReleaseMaterials.Physics.LowEnergyPhenomenology.AlphaSource.CanonicalPreparationSerializationDualPool (25s)
✔ [12983/13079] Built H0mework.Versions.R3bbcbd59.ReleaseMaterials.Physics.LowEnergyPhenomenology.ExternalCompositeDecay.SourceBoundedInsertionTime (24s)
✔ [12984/13079] Built H0mework.Versions.R71e.ReleaseMaterials.Physics.LowEnergyPhenomenology.AlphaSource.CanonicalPreparationSerializationTableBounds (33s)
✔ [12985/13079] Built H0mework.Versions.R3bbcbd59.ReleaseMaterials.Physics.LowEnergyPhenomenology.ExternalCompositeDecay.SourceBoundedInsertionTail (30s)
✔ [12986/13079] Built H0mework.Versions.R71e.ReleaseMaterials.Physics.LowEnergyPhenomenology.AlphaSource.CanonicalPreparationSharedPoolPrefix (38s)
✔ [12987/13079] Built H0mework.Versions.R3bbcbd59.ReleaseMaterials.Physics.LowEnergyPhenomenology.ExternalCompositeDecay.SourceBulkTwoTime (34s)
✔ [12988/13079] Built H0mework.Versions.R71e.ReleaseMaterials.Physics.LowEnergyPhenomenology.AlphaSource.CanonicalPreparationSharedPoolArena (21s)
✔ [12989/13079] Built H0mework.Versions.R3bbcbd59.ReleaseMaterials.Physics.LowEnergyPhenomenology.ExternalCompositeDecay.SourceBulkTimeFlow (24s)
✔ [12990/13079] Built H0mework.Versions.R71e.ReleaseMaterials.Physics.LowEnergyPhenomenology.AlphaSource.CanonicalPreparationSharedPoolEngine (22s)
✔ [12991/13079] Built H0mework.Versions.R71e.ReleaseMaterials.Physics.LowEnergyPhenomenology.AlphaSource.CanonicalPreparationExecutionRuntimeInvariant (21s)
✔ [12992/13079] Built H0mework.Versions.R3bbcbd59.ReleaseMaterials.Physics.LowEnergyPhenomenology.ExternalCompositeDecay.SourceBulkParseval (24s)
✔ [12993/13079] Built H0mework.Versions.R3bbcbd59.ReleaseMaterials.Physics.LowEnergyPhenomenology.ExternalCompositeDecay.SourceBulkTimeEnergyBudget (16s)
✔ [12994/13079] Built H0mework.Versions.R71e.ReleaseMaterials.Physics.LowEnergyPhenomenology.AlphaSource.CanonicalPreparationExecutionEngineInvariant (21s)
✔ [12995/13079] Built H0mework.Versions.R71e.ReleaseMaterials.Physics.LowEnergyPhenomenology.AlphaSource.CanonicalPreparationExecutionSourceNative (19s)
✔ [12996/13079] Built H0mework.Versions.R3bbcbd59.ReleaseMaterials.Physics.LowEnergyPhenomenology.ExternalCompositeDecay.SourceBulkTimeBalance (29s)
✔ [12997/13079] Built H0mework.Versions.R71e.ReleaseMaterials.Physics.LowEnergyPhenomenology.AlphaSource.CanonicalPreparationMemoRowExpansion (17s)
✔ [12998/13079] Built H0mework.Versions.R71e.ReleaseMaterials.Physics.LowEnergyPhenomenology.AlphaSource.CanonicalPreparationMemoNative (20s)
✔ [12999/13079] Built H0mework.Versions.R3bbcbd59.ReleaseMaterials.Physics.LowEnergyPhenomenology.ExternalCompositeDecay.SourceScalarShiftedBulk (34s)
✔ [13000/13079] Built H0mework.Versions.R71e.ReleaseMaterials.Physics.LowEnergyPhenomenology.AlphaSource.CanonicalPreparationMemoEngineCache (17s)
✔ [13001/13079] Built H0mework.Versions.R3bbcbd59.ReleaseMaterials.Physics.LowEnergyPhenomenology.ExternalCompositeDecay.SourceShiftedBulkTimeBudget (19s)
✔ [13002/13079] Built H0mework.Versions.R71e.ReleaseMaterials.Physics.LowEnergyPhenomenology.AlphaSource.CanonicalPreparationSetupAngularValues (22s)
✔ [13003/13079] Built H0mework.Versions.R3bbcbd59.ReleaseMaterials.Physics.LowEnergyPhenomenology.ExternalCompositeDecay.SourceMatterForceTimeBudget (19s)
✔ [13004/13079] Built H0mework.Versions.R3bbcbd59.ReleaseMaterials.Physics.LowEnergyPhenomenology.ExternalCompositeDecay.SourceMatterContactCoframe (20s)
✔ [13005/13079] Built H0mework.Versions.R71e.ReleaseMaterials.Physics.LowEnergyPhenomenology.AlphaSource.CanonicalPreparationSetupAngularConvolution (23s)
✔ [13006/13079] Built H0mework.Versions.R3bbcbd59.ReleaseMaterials.Physics.LowEnergyPhenomenology.ExternalCompositeDecay.SourceMatterContactNative (28s)
✔ [13007/13079] Built H0mework.Versions.R71e.ReleaseMaterials.Physics.LowEnergyPhenomenology.AlphaSource.CanonicalPreparationSetupJordanValues (29s)
✔ [13008/13079] Built H0mework.Versions.R71e.ReleaseMaterials.Physics.LowEnergyPhenomenology.AlphaSource.CanonicalPreparationKernelSourceInputs (59s)
✔ [13009/13079] Built H0mework.Versions.R3bbcbd59.ReleaseMaterials.Physics.LowEnergyPhenomenology.ExternalCompositeDecay.SourceContactTimeBalance (66s)
✔ [13010/13079] Built H0mework.Versions.R71e.ReleaseMaterials.Physics.LowEnergyPhenomenology.AlphaSource.CanonicalPreparationKernelClockInputs (30s)
✔ [13011/13079] Built H0mework.Versions.R3bbcbd59.ReleaseMaterials.Physics.LowEnergyPhenomenology.ExternalCompositeDecay.SourceContactCurrentBudget (29s)
✔ [13012/13079] Built H0mework.Versions.R71e.ReleaseMaterials.Physics.LowEnergyPhenomenology.AlphaSource.CanonicalPreparationKernelOperators (29s)
✔ [13013/13079] Built H0mework.Versions.R3bbcbd59.ReleaseMaterials.Physics.LowEnergyPhenomenology.ExternalCompositeDecay.SourceContactCoframeJet (29s)
✔ [13014/13079] Built H0mework.Versions.R71e.ReleaseMaterials.Physics.LowEnergyPhenomenology.AlphaSource.CanonicalPreparationRawTableFold (16s)
✔ [13015/13079] Built H0mework.Versions.R3bbcbd59.ReleaseMaterials.Physics.LowEnergyPhenomenology.ExternalCompositeDecay.SourceContactMixedFlux (18s)
✔ [13016/13079] Built H0mework.Versions.R71e.ReleaseMaterials.Physics.LowEnergyPhenomenology.AlphaSource.CanonicalPreparationRawTableStageArrays (15s)
✔ [13017/13079] Built H0mework.Versions.R3bbcbd59.ReleaseMaterials.Physics.LowEnergyPhenomenology.ExternalCompositeDecay.SourceContactFullFlux (21s)
✔ [13018/13079] Built H0mework.Versions.R71e.ReleaseMaterials.Physics.LowEnergyPhenomenology.AlphaSource.CanonicalPreparationRawTableUnitConsumer (19s)
✔ [13019/13079] Built H0mework.Versions.R3bbcbd59.ReleaseMaterials.Physics.LowEnergyPhenomenology.ExternalCompositeDecay.SourceCoframeSpinConnection (20s)
✔ [13020/13079] Built H0mework.Versions.R71e.ReleaseMaterials.Physics.LowEnergyPhenomenology.AlphaSource.CanonicalPreparationSourceRemainder (26s)
✔ [13021/13079] Built H0mework.Versions.R3bbcbd59.ReleaseMaterials.Physics.LowEnergyPhenomenology.ExternalCompositeDecay.SourceCoframeCovariantAction (24s)
✔ [13022/13079] Built H0mework.Versions.R3bbcbd59.ReleaseMaterials.Physics.LowEnergyPhenomenology.ExternalCompositeDecay.SourceCoframeCovariantSquare (21s)
✔ [13023/13079] Built H0mework.Versions.R71e.ReleaseMaterials.Physics.LowEnergyPhenomenology.AlphaSource.CanonicalPreparationSourcePreparedState (38s)
✔ [13024/13079] Built H0mework.Versions.R3bbcbd59.ReleaseMaterials.Physics.LowEnergyPhenomenology.ExternalCompositeDecay.SourceCoframeCovariantCurrent (15s)
✔ [13025/13079] Built H0mework.Versions.R71e.ReleaseMaterials.Physics.LowEnergyPhenomenology.AlphaSource.CanonicalPreparationSourceBoundarySequence (25s)
✔ [13026/13079] Built H0mework.Versions.R3bbcbd59.ReleaseMaterials.Physics.LowEnergyPhenomenology.ExternalCompositeDecay.SourceCoframeSpinNormalOrder (13s)
✔ [13027/13079] Built H0mework.Versions.R71e.ReleaseMaterials.Physics.LowEnergyPhenomenology.AlphaSource.CanonicalPreparationSourceCausalState (34s)
✔ [13028/13079] Built H0mework.Versions.R71e.ReleaseMaterials.Physics.LowEnergyPhenomenology.AlphaSource.CanonicalPreparationSourceNonlinearState (16s)
✔ [13029/13079] Built H0mework.Versions.R71e.ReleaseMaterials.Physics.LowEnergyPhenomenology.AlphaSource.CanonicalPreparationSourceCurvatureReaders (14s)
✔ [13030/13079] Built H0mework.Versions.R71e.ReleaseMaterials.Physics.LowEnergyPhenomenology.AlphaSource.CanonicalPreparationTemporalWardConsumer (36s)
✔ [13031/13079] Built H0mework.Versions.R3bbcbd59.ReleaseMaterials.Physics.LowEnergyPhenomenology.ExternalCompositeDecay.SourceCoframeSpinContraction (102s)
✔ [13032/13079] Built H0mework.Versions.R71e.ReleaseMaterials.Physics.LowEnergyPhenomenology.AlphaSource.CanonicalPreparationGaugeFields (16s)
✔ [13033/13079] Built H0mework.Versions.R71e.ReleaseMaterials.Physics.LowEnergyPhenomenology.AlphaSource.CanonicalPreparationFieldSourceFrame (17s)
✔ [13034/13079] Built H0mework.Versions.R71e.ReleaseMaterials.Physics.LowEnergyPhenomenology.AlphaSource.CanonicalPreparationGaugeSourceInjection (14s)
✔ [13035/13085] Built H0mework.Versions.R71e.ReleaseMaterials.Physics.LowEnergyPhenomenology.AlphaSource.CanonicalPreparationFieldSourcePairing (15s)
✔ [13036/13148] Built H0mework.Versions.R71e.ReleaseMaterials.Physics.LowEnergyPhenomenology.AlphaSource.CanonicalPreparationFieldFullVertex (38s)
✔ [13037/13148] Built H0mework.Versions.R71e.ReleaseMaterials.Physics.LowEnergyPhenomenology.AlphaSource.CanonicalPreparationElectricPairCurrent (11s)
✔ [13038/13155] Built H0mework.Versions.R71e.ReleaseMaterials.Physics.LowEnergyPhenomenology.AlphaSource.CanonicalPreparationGradedDensityTransport (21s)
✔ [13039/13155] Built H0mework.Versions.R71e.ReleaseMaterials.Physics.LowEnergyPhenomenology.AlphaSource.CanonicalPreparationGaugePreparedPorts (73s)
✔ [13040/13155] Built H0mework.Versions.R71e.ReleaseMaterials.Physics.LowEnergyPhenomenology.AlphaSource.CanonicalPreparationElectricCoreWard (46s)
✔ [13041/13155] Built H0mework.Versions.R71e.ReleaseMaterials.Physics.LowEnergyPhenomenology.AlphaSource.CanonicalPreparationGradedSourceForm (46s)
✔ [13042/13155] Built H0mework.Versions.R71e.ReleaseMaterials.Physics.LowEnergyPhenomenology.AlphaSource.CanonicalPreparationTransportedGraded (74s)
✔ [13043/13155] Built H0mework.Versions.R71e.ReleaseMaterials.Physics.LowEnergyPhenomenology.AlphaSource.CanonicalPreparationActionStateRestriction (20s)
✔ [13044/13155] Built H0mework.Versions.R71e.ReleaseMaterials.Physics.LowEnergyPhenomenology.AlphaSource.CanonicalPreparationFieldTangentCurrent (21s)
✔ [13045/13155] Built H0mework.Versions.R71e.ReleaseMaterials.Physics.LowEnergyPhenomenology.AlphaSource.CanonicalPreparationYukawaCutoffField (21s)
✔ [13046/13155] Built H0mework.Versions.R71e.ReleaseMaterials.Physics.LowEnergyPhenomenology.AlphaSource.CanonicalPreparationActionFieldLift (20s)
✔ [13047/13155] Built H0mework.Versions.R71e.ReleaseMaterials.Physics.LowEnergyPhenomenology.AlphaSource.CanonicalPreparationFieldFormCurrent (12s)
✔ [13048/13155] Built H0mework.Versions.R71e.ReleaseMaterials.Physics.LowEnergyPhenomenology.AlphaSource.CanonicalPreparationYukawaLocalJets (31s)
✔ [13049/13155] Built H0mework.Versions.R71e.ReleaseMaterials.Physics.LowEnergyPhenomenology.AlphaSource.CanonicalPreparationFieldPreparedCovector (26s)
✔ [13050/13155] Built H0mework.Versions.R71e.ReleaseMaterials.Physics.LowEnergyPhenomenology.AlphaSource.CanonicalPreparationYukawaFullYResponse (39s)
✔ [13051/13155] Built H0mework.Versions.R71e.ReleaseMaterials.Physics.LowEnergyPhenomenology.AlphaSource.CanonicalPreparationYukawaUncutDomain (38s)
✔ [13052/13155] Built H0mework.Versions.R71e.ReleaseMaterials.Physics.LowEnergyPhenomenology.AlphaSource.CanonicalPreparationHalfDensityFixedFiber (10s)
ℹ [13053/13155] Built H0mework.Versions.R71e.ReleaseMaterials.Physics.LowEnergyPhenomenology.AlphaSource.CanonicalPreparationYukawaCutoffJets (28s)
info: H0mework/Versions/R71e/ReleaseMaterials/Physics/LowEnergyPhenomenology/AlphaSource/CanonicalPreparationYukawaCutoffJets.lean:225:4: Try this:
  [apply] ring_nf
  
  The `ring` tactic failed to close the goal. Use `ring_nf` to obtain a normal form.
    
  Note that `ring` works primarily in *commutative* rings. If you have a noncommutative ring, abelian group or module, consider using `noncomm_ring`, `abel` or `module` instead.
info: H0mework/Versions/R71e/ReleaseMaterials/Physics/LowEnergyPhenomenology/AlphaSource/CanonicalPreparationYukawaCutoffJets.lean:241:6: Try this:
  [apply] ring_nf
  
  The `ring` tactic failed to close the goal. Use `ring_nf` to obtain a normal form.
    
  Note that `ring` works primarily in *commutative* rings. If you have a noncommutative ring, abelian group or module, consider using `noncomm_ring`, `abel` or `module` instead.
info: H0mework/Versions/R71e/ReleaseMaterials/Physics/LowEnergyPhenomenology/AlphaSource/CanonicalPreparationYukawaCutoffJets.lean:245:6: Try this:
  [apply] ring_nf
  
  The `ring` tactic failed to close the goal. Use `ring_nf` to obtain a normal form.
    
  Note that `ring` works primarily in *commutative* rings. If you have a noncommutative ring, abelian group or module, consider using `noncomm_ring`, `abel` or `module` instead.
info: H0mework/Versions/R71e/ReleaseMaterials/Physics/LowEnergyPhenomenology/AlphaSource/CanonicalPreparationYukawaCutoffJets.lean:250:6: Try this:
  [apply] ring_nf
  
  The `ring` tactic failed to close the goal. Use `ring_nf` to obtain a normal form.
    
  Note that `ring` works primarily in *commutative* rings. If you have a noncommutative ring, abelian group or module, consider using `noncomm_ring`, `abel` or `module` instead.
✔ [13054/13155] Built H0mework.Versions.R71e.ReleaseMaterials.Physics.LowEnergyPhenomenology.AlphaSource.CanonicalPreparationHalfDensitySourceJets (28s)
✔ [13055/13155] Built H0mework.Versions.R71e.ReleaseMaterials.Physics.LowEnergyPhenomenology.AlphaSource.CanonicalPreparationSpatialRatioDerivative (22s)
✔ [13056/13155] Built H0mework.Versions.R71e.ReleaseMaterials.Physics.LowEnergyPhenomenology.AlphaSource.CanonicalPreparationYukawaObservedLimit (80s)
✔ [13057/13155] Built H0mework.Versions.R71e.ReleaseMaterials.Physics.LowEnergyPhenomenology.AlphaSource.CanonicalPreparationSpatialMomentumTransport (28s)
✔ [13058/13155] Built H0mework.Versions.R71e.ReleaseMaterials.Physics.LowEnergyPhenomenology.AlphaSource.CanonicalPreparationHalfDensityCompressionFeed (35s)
✔ [13059/13155] Built H0mework.Versions.R71e.ReleaseMaterials.Physics.LowEnergyPhenomenology.AlphaSource.CanonicalPreparationSpatialFullFormFeed (29s)
✔ [13060/13155] Built H0mework.Versions.R71e.ReleaseMaterials.Physics.LowEnergyPhenomenology.AlphaSource.CanonicalPreparationJointParameterIntegral (23s)
✔ [13061/13155] Built H0mework.Versions.R71e.ReleaseMaterials.Physics.LowEnergyPhenomenology.AlphaSource.CanonicalPreparationJointSource (56s)
✔ [13062/13155] Built H0mework.Versions.R71e.ReleaseMaterials.Physics.LowEnergyPhenomenology.AlphaSource.CanonicalPreparationJointMixedResponse (38s)
✔ [13063/13155] Built H0mework.Versions.R71e.ReleaseMaterials.Physics.LowEnergyPhenomenology.AlphaSource.CanonicalPreparationRawJointFieldSource (22s)
✔ [13064/13155] Built H0mework.Versions.R71e.ReleaseMaterials.Physics.LowEnergyPhenomenology.AlphaSource.CanonicalPreparationRawJointReaderCompression (42s)
✔ [13065/13159] Built H0mework.Versions.R71e.ReleaseMaterials.Physics.LowEnergyPhenomenology.AlphaSource.CanonicalPreparationRawJointFiveTerms (38s)
✔ [13066/13170] Built H0mework.Versions.R71e.ReleaseMaterials.Physics.LowEnergyPhenomenology.AlphaSource.CanonicalPreparationPhysicalRawTimeJets (38s)
✔ [13067/13280] Built H0mework.Versions.R71e.ReleaseMaterials.Physics.LowEnergyPhenomenology.AlphaSource.CanonicalSourcePropagationCommonCarrier (24s)
✔ [13070/13318] Built H0mework.Versions.R71e.ReleaseMaterials.Physics.LowEnergyPhenomenology.AlphaSource.CanonicalPreparationElectricOrbitCurrent (22s)
✔ [13071/13319] Built H0mework.Versions.R71e.ReleaseMaterials.Physics.LowEnergyPhenomenology.AlphaSource.CanonicalPreparationElectricPreparedWard (16s)
✔ [13072/13319] Built H0mework.Versions.R71e.ReleaseMaterials.Physics.LowEnergyPhenomenology.AlphaSource.CanonicalPreparationElectricWeightedGraph (15s)
✔ [13073/13321] Built H0mework.Versions.R71e.ReleaseMaterials.Physics.LowEnergyPhenomenology.AlphaSource.CanonicalPreparationSourceActionTimeMatrix (13s)
✔ [13074/13411] Built H0mework.Versions.R71e.ReleaseMaterials.Physics.LowEnergyPhenomenology.AlphaSource.EmIdentification.PhysicalFullFieldCoefficients (36s)
✔ [13075/13411] Built H0mework.Versions.R71e.ReleaseMaterials.Physics.LowEnergyPhenomenology.AlphaSource.EmIdentification.PhysicalFullFieldMixed (19s)
✔ [13076/13411] Built H0mework.Versions.R71e.ReleaseMaterials.Physics.LowEnergyPhenomenology.AlphaSource.EmIdentification.PhysicalFullFieldScaling (26s)
✔ [13077/13472] Built H0mework.Versions.R71e.ReleaseMaterials.Physics.LowEnergyPhenomenology.AlphaSource.EmIdentification.PhysicalFullFieldContinuity (22s)
✔ [13078/13472] Built H0mework.Versions.R3bbcbd59.Physics.LowEnergy.FullQuantum.HistoryForcing.Triangular (14s)
✔ [13079/13472] Built H0mework.Versions.R3bbcbd59.Physics.LowEnergy.FullQuantum.HistoryForcing.Source (18s)
✔ [13080/13473] Built H0mework.Versions.R3bbcbd59.Physics.LowEnergy.FullQuantum.HistoryForcing.IntegralOperator (14s)
✔ [13081/13473] Built H0mework.Versions.R3bbcbd59.Physics.LowEnergy.FullQuantum.HistoryVariation.Inverse (11s)
✔ [13082/13473] Built H0mework.Versions.R3bbcbd59.Physics.LowEnergy.FullQuantum.HistoryForcing.Return (10s)
✔ [13083/13489] Built H0mework.Versions.R3bbcbd59.Physics.LowEnergy.FullQuantum.HistoryVariation.Flow (17s)
✔ [13084/13491] Built H0mework.Versions.R3bbcbd59.Physics.LowEnergy.FullQuantum.HistoryVariation.Joint (12s)
✔ [13085/13491] Built H0mework.Versions.R3bbcbd59.Physics.LowEnergy.FullQuantum.HistoryForcing.Complete (15s)
✔ [13086/13491] Built H0mework.Versions.R3bbcbd59.Physics.LowEnergy.FullQuantum.HistoryVariation.Dynamics (17s)
✔ [13088/13501] Built H0mework.Versions.R3bbcbd59.Physics.LowEnergy.FullQuantum.HistoryForcing.Unique (15s)
✔ [13089/13501] Built H0mework.Versions.R3bbcbd59.Physics.LowEnergy.FullQuantum.SpatialResponse.Inverse (15s)
✔ [13090/13501] Built H0mework.Versions.R3bbcbd59.Physics.LowEnergy.FullQuantum.HistoryForcing.Kernel (12s)
✔ [13091/13501] Built H0mework.Versions.R3bbcbd59.Physics.LowEnergy.FullQuantum.SpatialResponse.Readback (13s)
✔ [13092/13501] Built H0mework.Versions.R3bbcbd59.Physics.LowEnergy.FullQuantum.HistoryForcing.Dual (17s)
✔ [13093/13501] Built H0mework.Versions.R3bbcbd59.Physics.LowEnergy.FullQuantum.SpatialResponse.Current (11s)
✔ [13094/13501] Built H0mework.Versions.R3bbcbd59.Physics.LowEnergy.FullQuantum.HistoryVariation.Return (14s)
✔ [13095/13501] Built H0mework.Versions.R3bbcbd59.Physics.LowEnergy.FullQuantum.HistoryVariation.Fields (20s)
✔ [13096/13501] Built H0mework.Versions.R71e.ReleaseMaterials.Physics.LowEnergyPhenomenology.AlphaSource.CanonicalPreparationOriginalPreparedGreen (1293s)
✔ [13097/13501] Built H0mework.Versions.R3bbcbd59.Physics.LowEnergy.FullQuantum.HistoryVariation.Difference (22s)
✔ [13098/13501] Built H0mework.Versions.R71e.ReleaseMaterials.Physics.LowEnergyPhenomenology.AlphaSource.CanonicalPreparationSourceStaticMixedChannel (30s)
✔ [13099/13503] Built H0mework.Versions.R71e.ReleaseMaterials.Physics.LowEnergyPhenomenology.AlphaSource.CanonicalPreparationSourceMixedPrincipal (46s)
✔ [13100/13511] Built H0mework.Versions.R71e.ReleaseMaterials.Physics.LowEnergyPhenomenology.AlphaSource.CanonicalPreparationPhysicalFullSourceWindow (15s)
✔ [13101/13518] Built H0mework.Versions.R3bbcbd59.Physics.LowEnergy.FullQuantum.HistoryVariation.Window (9.8s)
✔ [13102/13518] Built H0mework.Versions.R3bbcbd59.Physics.LowEnergy.PacketNoise.Shift (9.8s)
✔ [13103/13518] Built H0mework.Versions.R71e.ReleaseMaterials.Physics.LowEnergyPhenomenology.AlphaSource.CanonicalPreparationPhysicalFeedbackField (13s)
✔ [13104/13518] Built H0mework.Versions.R3bbcbd59.Physics.LowEnergy.FullQuantum.HistoryVariation.Bounds (13s)
✔ [13105/13523] Built H0mework.Versions.R3bbcbd59.Physics.LowEnergy.PacketNoise.Group (10s)
✔ [13106/13523] Built H0mework.Versions.R3bbcbd59.Physics.LowEnergy.PacketNoise.Domain (19s)
✔ [13107/13523] Built H0mework.Versions.R71e.ReleaseMaterials.Physics.LowEnergyPhenomenology.AlphaSource.CanonicalPreparationPhysicalTimePolynomial (34s)
✔ [13108/13523] Built H0mework.Versions.R3bbcbd59.Physics.LowEnergy.FullQuantum.HistoryVariation.Response (27s)
✔ [13109/13523] Built H0mework.Versions.R3bbcbd59.Physics.LowEnergy.PacketNoise.Cosine (49s)
✔ [13110/13523] Built H0mework.Versions.R71e.ReleaseMaterials.Physics.LowEnergyPhenomenology.AlphaSource.CanonicalPreparationPhysicalSourceGrowth (40s)
✔ [13111/13523] Built H0mework.Versions.R3bbcbd59.Physics.LowEnergy.PacketNoise.Continuity (12s)
✔ [13112/13523] Built H0mework.Versions.R3bbcbd59.Physics.LowEnergy.FullQuantum.HistoryVariation.ResponseBound (19s)
✔ [13113/13525] Built H0mework.Versions.R71e.ReleaseMaterials.Physics.LowEnergyPhenomenology.AlphaSource.CanonicalPreparationPhysicalFullHalfAxis (12s)
✔ [13114/13525] Built H0mework.Versions.R3bbcbd59.Physics.LowEnergy.PacketNoise.Chiral (11s)
✔ [13115/13525] Built H0mework.Versions.R71e.ReleaseMaterials.Physics.LowEnergyPhenomenology.AlphaSource.CanonicalPreparationPhysicalActualEnvelopes (18s)
✔ [13116/13525] Built H0mework.Versions.R3bbcbd59.Physics.LowEnergy.FullQuantum.HistoryVariation.Remainder (24s)
✔ [13117/13525] Built H0mework.Versions.R71e.ReleaseMaterials.Physics.LowEnergyPhenomenology.AlphaSource.CanonicalPreparationRealSourceJacobian (17s)
✔ [13118/13525] Built H0mework.Versions.R71e.ReleaseMaterials.Physics.LowEnergyPhenomenology.AlphaSource.CanonicalPreparationOriginalRawActionDensity (16s)
✔ [13119/13525] Built H0mework.Versions.R3bbcbd59.Physics.LowEnergyActive.Projection (16s)
✔ [13120/13526] Built H0mework.Versions.R3bbcbd59.Physics.LowEnergy.PacketNoise.Boundary (15s)
✔ [13121/13526] Built H0mework.Versions.R3bbcbd59.Physics.LowEnergy.FullQuantum.HistoryVariation.Quadratic (51s)
✔ [13122/13526] Built H0mework.Versions.R71e.ReleaseMaterials.Physics.LowEnergyPhenomenology.AlphaSource.CanonicalPreparationPhysicalFiveSourcePrice (56s)
✔ [13123/13526] Built H0mework.Versions.R71e.ReleaseMaterials.Physics.LowEnergyPhenomenology.AlphaSource.CanonicalPreparationOriginalRealReaction (15s)
✔ [13124/13526] Built H0mework.Versions.R71e.ReleaseMaterials.Physics.LowEnergyPhenomenology.AlphaSource.RawActionDensity (11s)
✔ [13125/13541] Built H0mework.Versions.R3bbcbd59.Physics.LowEnergy.FullQuantum.FullCurrentSymbol.Projection (11s)
✔ [13126/13541] Built H0mework.Versions.R71e.ReleaseMaterials.Physics.LowEnergyPhenomenology.AlphaSource.CanonicalPreparationIndependentDensityEvolution (23s)
✔ [13127/13541] Built H0mework.Versions.R3bbcbd59.Physics.LowEnergy.PacketNoise.Hamiltonian (18s)
✔ [13128/13541] Built H0mework.Versions.R3bbcbd59.Physics.LowEnergy.FullQuantum.FullCurrent.Transfer (12s)
✔ [13129/13541] Built H0mework.Versions.R3bbcbd59.Physics.LowEnergy.FullQuantum.HistoryVariation.Operator (17s)
✔ [13130/13567] Built H0mework.Versions.R71e.ReleaseMaterials.Physics.LowEnergyPhenomenology.AlphaSource.CanonicalPreparationPhysicalControlledFieldTail (14s)
✔ [13131/13567] Built H0mework.Versions.R3bbcbd59.Physics.LowEnergy.FullQuantum.FullCurrent.Algebra (8.1s)
✔ [13132/13567] Built H0mework.Versions.R71e.ReleaseMaterials.Physics.LowEnergyPhenomenology.AlphaSource.CanonicalPreparationSourceOriginalEnergyDensity (18s)
✔ [13133/13573] Built H0mework.Versions.R71e.ReleaseMaterials.Physics.LowEnergyPhenomenology.AlphaSource.CanonicalPreparationOriginalDensitySourceFeed (28s)
✔ [13134/13573] Built H0mework.Versions.R3bbcbd59.Physics.LowEnergy.FullQuantum.HistoryVariation.Derivative (29s)
ℹ [13135/13573] Built H0mework.Versions.R3bbcbd59.Physics.LowEnergy.PacketNoise.Modulation (22s)
info: H0mework/Versions/R3bbcbd59/Physics/LowEnergy/PacketNoise/Modulation.lean:121:2: Try this:
  [apply] ring_nf
  
  The `ring` tactic failed to close the goal. Use `ring_nf` to obtain a normal form.
    
  Note that `ring` works primarily in *commutative* rings. If you have a noncommutative ring, abelian group or module, consider using `noncomm_ring`, `abel` or `module` instead.
✔ [13136/13573] Built H0mework.Versions.R71e.ReleaseMaterials.Physics.LowEnergyPhenomenology.AlphaSource.CanonicalPreparationPropagationPencilDynamics (35s)
✔ [13137/13573] Built H0mework.Versions.R3bbcbd59.Physics.LowEnergy.FullQuantum.FullCurrent.Source (15s)
✔ [13138/13573] Built H0mework.Versions.R71e.ReleaseMaterials.Physics.LowEnergyPhenomenology.AlphaSource.CanonicalPreparationMovingNoetherLegendre (19s)
✔ [13139/13573] Built H0mework.Versions.R3bbcbd59.Physics.LowEnergy.FullQuantum.HistoryCurrent.Inverse (21s)
✔ [13140/13573] Built H0mework.Versions.R3bbcbd59.Physics.LowEnergy.FullQuantum.FullCurrent.Kernel (15s)
✔ [13141/13573] Built H0mework.Versions.R71e.ReleaseMaterials.Physics.LowEnergyPhenomenology.AlphaSource.CanonicalPreparationPropagationHalfAxisPencil (40s)
✔ [13142/13573] Built H0mework.Versions.R71e.ReleaseMaterials.Physics.LowEnergyPhenomenology.AlphaSource.CanonicalPreparationMovingNoetherDensityTransport (21s)
✔ [13143/13573] Built H0mework.Versions.R3bbcbd59.Physics.LowEnergy.FullQuantum.FullCurrentSymbol.Source (16s)
✔ [13144/13573] Built H0mework.Versions.R3bbcbd59.Physics.LowEnergy.FullQuantum.HistoryCurrent.Dual (27s)
✔ [13145/13573] Built H0mework.Versions.R71e.ReleaseMaterials.Physics.LowEnergyPhenomenology.AlphaSource.CanonicalPreparationMovingNoetherPreparedContact (22s)
✔ [13146/13573] Built H0mework.Versions.R71e.ReleaseMaterials.Physics.LowEnergyPhenomenology.AlphaSource.CanonicalPreparationPropagationWholeCurvatureReturn (30s)
✔ [13147/13573] Built H0mework.Versions.R3bbcbd59.Physics.LowEnergy.FullQuantum.FullCurrentSymbol.Vertex (29s)
✔ [13148/13573] Built H0mework.Versions.R3bbcbd59.Physics.LowEnergy.FullQuantum.HistoryCurrent.Response (38s)
✔ [13149/13573] Built H0mework.Versions.R71e.ReleaseMaterials.Physics.LowEnergyPhenomenology.AlphaSource.CanonicalPreparationOriginalHistoryConjugation (36s)
✔ [13150/13573] Built H0mework.Versions.R3bbcbd59.Physics.LowEnergy.FullQuantum.FullCurrentSymbol.Reduction (21s)
✔ [13151/13573] Built H0mework.Versions.R71e.ReleaseMaterials.Physics.LowEnergyPhenomenology.AlphaSource.CanonicalSourcePropagationTwoTimeGroup (49s)
✔ [13152/13573] Built H0mework.Versions.R3bbcbd59.Physics.LowEnergy.FullQuantum.HistoryCurrent.Kernel (28s)
✔ [13153/13573] Built H0mework.Versions.R71e.ReleaseMaterials.Physics.LowEnergyPhenomenology.AlphaSource.CanonicalPreparationOrderedConjugatedSignal (34s)
✔ [13154/13573] Built H0mework.Versions.R3bbcbd59.Physics.LowEnergy.FullQuantum.HistoryCurrent.Native (32s)
✔ [13155/13573] Built H0mework.Versions.R71e.ReleaseMaterials.Physics.LowEnergyPhenomenology.AlphaSource.CanonicalSourcePropagationInverse (57s)
✔ [13156/13579] Built H0mework.Versions.R71e.ReleaseMaterials.Physics.LowEnergyPhenomenology.AlphaSource.CanonicalPreparationOriginalRealActionFeed (30s)
✔ [13157/13579] Built H0mework.Versions.R3bbcbd59.Physics.LowEnergy.FullQuantum.HistoryCurrent.Readback (21s)
✔ [13158/13579] Built H0mework.Versions.R71e.ReleaseMaterials.Physics.LowEnergyPhenomenology.AlphaSource.CanonicalSourcePropagationWholeResolvent (21s)
✔ [13159/13590] Built H0mework.Versions.R71e.ReleaseMaterials.Physics.LowEnergyPhenomenology.AlphaSource.CanonicalPreparationNoetherCurrentTimeBalance (33s)
✔ [13160/13590] Built H0mework.Versions.R71e.ReleaseMaterials.Physics.LowEnergyPhenomenology.AlphaSource.CanonicalSourcePropagationReverseTimeGroup (29s)
✔ [13161/13591] Built H0mework.Versions.R71e.ReleaseMaterials.Physics.LowEnergyPhenomenology.AlphaSource.CanonicalPreparationNoetherSourceWardChannels (14s)
✔ [13162/13591] Built H0mework.Versions.R71e.ReleaseMaterials.Physics.LowEnergyPhenomenology.AlphaSource.CanonicalPreparationNoetherSourceInitialReturn (11s)
✔ [13163/13591] Built H0mework.Versions.R71e.ReleaseMaterials.Physics.LowEnergyPhenomenology.AlphaSource.CanonicalPreparationTemporalChargeNormalization (12s)
✔ [13164/13591] Built H0mework.Versions.R71e.ReleaseMaterials.Physics.LowEnergyPhenomenology.AlphaSource.CanonicalPreparationSourcePreparedChargeAction (20s)
✔ [13165/13591] Built H0mework.Versions.R71e.ReleaseMaterials.Physics.LowEnergyPhenomenology.AlphaSource.CanonicalSourcePropagationPastInverse (66s)
✔ [13166/13591] Built H0mework.Versions.R71e.ReleaseMaterials.Physics.LowEnergyPhenomenology.AlphaSource.CanonicalPreparationWeightedChargeCoreWard (21s)
✔ [13167/13591] Built H0mework.Versions.R71e.ReleaseMaterials.Physics.LowEnergyPhenomenology.AlphaSource.CanonicalPreparationWeightedChargePreparedActionReturn (45s)
✔ [13168/13591] Built H0mework.Versions.R71e.ReleaseMaterials.Physics.LowEnergyPhenomenology.AlphaSource.CanonicalPreparationNativeStateContact (13s)
✔ [13169/13591] Built H0mework.Versions.R71e.ReleaseMaterials.Physics.LowEnergyPhenomenology.AlphaSource.CanonicalSourcePropagationAxisReadback (60s)
✔ [13170/13591] Built H0mework.Versions.R71e.ReleaseMaterials.Physics.LowEnergyPhenomenology.AlphaSource.CanonicalPreparationNativeActionJets (49s)
✔ [13171/13591] Built H0mework.Versions.R71e.ReleaseMaterials.Physics.LowEnergyPhenomenology.AlphaSource.CanonicalPreparationNativePreparedResponse (23s)
✔ [13172/13591] Built H0mework.Versions.R71e.ReleaseMaterials.Physics.LowEnergyPhenomenology.AlphaSource.CanonicalPreparationOriginalGaugeScalar (13s)
✔ [13173/13593] Built H0mework.Versions.R71e.ReleaseMaterials.Physics.LowEnergyPhenomenology.AlphaSource.CanonicalSourcePropagationActualFieldPencil (100s)
✔ [13174/13601] Built H0mework.Versions.R71e.ReleaseMaterials.Physics.LowEnergyPhenomenology.AlphaSource.CanonicalPreparationPrimitiveColorFields (16s)
✔ [13175/13607] Built H0mework.Versions.R71e.ReleaseMaterials.Physics.LowEnergyPhenomenology.AlphaSource.CanonicalPreparationGaugeCurvatureMixed (28s)
✔ [13176/13607] Built H0mework.Versions.R71e.ReleaseMaterials.Physics.LowEnergyPhenomenology.AlphaSource.CanonicalPreparationOriginalSpinScalar (11s)
✔ [13177/13609] Built H0mework.Versions.R71e.ReleaseMaterials.Physics.LowEnergyPhenomenology.AlphaSource.CanonicalSourcePropagationActualFieldInverse (109s)
✔ [13178/13609] Built H0mework.Versions.R71e.ReleaseMaterials.Physics.LowEnergyPhenomenology.AlphaSource.CanonicalPreparationSpinConnectionLie (104s)
✔ [13179/13609] Built H0mework.Versions.R71e.ReleaseMaterials.Physics.LowEnergyPhenomenology.AlphaSource.CanonicalSourcePropagationFullBackgroundReturn (58s)
✔ [13180/13609] Built H0mework.Versions.R71e.ReleaseMaterials.Physics.LowEnergyPhenomenology.AlphaSource.CanonicalSourcePropagationActualBackgroundEvolution (43s)
✔ [13181/13620] Built H0mework.Versions.R71e.ReleaseMaterials.Physics.LowEnergyPhenomenology.AlphaSource.CanonicalPreparationPrimitiveLorentzFields (103s)
✔ [13182/13620] Built H0mework.Versions.R71e.ReleaseMaterials.Physics.LowEnergyPhenomenology.AlphaSource.CanonicalPreparationOriginalSourceColumns (17s)
✔ [13183/13626] Built H0mework.Versions.R71e.ReleaseMaterials.Physics.LowEnergyPhenomenology.AlphaSource.CanonicalSourcePropagationNearFieldHalfAxis (58s)
✔ [13184/13626] Built H0mework.Versions.R71e.ReleaseMaterials.Physics.LowEnergyPhenomenology.AlphaSource.CanonicalSourcePropagationNativeActionFieldLift (49s)
✔ [13185/13626] Built H0mework.Versions.R71e.ReleaseMaterials.Physics.LowEnergyPhenomenology.AlphaSource.CanonicalPreparationSourceChargeSpectrum (64s)
✔ [13186/13626] Built H0mework.Versions.R71e.ReleaseMaterials.Physics.LowEnergyPhenomenology.AlphaSource.CanonicalPreparationPreparedNativeCarrier (18s)
✔ [13187/13626] Built H0mework.Versions.R71e.ReleaseMaterials.Physics.LowEnergyPhenomenology.AlphaSource.CanonicalSourcePropagationPreparedTimeReturn (50s)
✔ [13188/13626] Built H0mework.Versions.R71e.ReleaseMaterials.Physics.LowEnergyPhenomenology.AlphaSource.CanonicalSourcePropagationNativeActionJets (49s)
✔ [13189/13626] Built H0mework.Versions.R71e.ReleaseMaterials.Physics.LowEnergyPhenomenology.AlphaSource.CanonicalPreparationLorentzCurvatureMixed (34s)
✔ [13190/13626] Built H0mework.Versions.R71e.ReleaseMaterials.Physics.LowEnergyPhenomenology.AlphaSource.CanonicalSourcePropagationActualMomentumPencil (27s)
✔ [13191/13626] Built H0mework.Versions.R71e.ReleaseMaterials.Physics.LowEnergyPhenomenology.AlphaSource.CanonicalSourcePropagationCoframeInverseJets (25s)
✔ [13192/13626] Built H0mework.Versions.R71e.ReleaseMaterials.Physics.LowEnergyPhenomenology.AlphaSource.CanonicalPreparationSourceRestPoleSpectrum (111s)
✔ [13193/13626] Built H0mework.Versions.R71e.ReleaseMaterials.Physics.LowEnergyPhenomenology.AlphaSource.CanonicalPreparationSourceSimplicityJets (14s)
✔ [13194/13626] Built H0mework.Versions.R71e.ReleaseMaterials.Physics.LowEnergyPhenomenology.AlphaSource.CanonicalSourcePropagationPreparedMomentumReturn (116s)
✔ [13195/13626] Built H0mework.Versions.R71e.ReleaseMaterials.Physics.LowEnergyPhenomenology.AlphaSource.CanonicalSourcePropagationCompressionPolynomial (25s)
✔ [13196/13626] Built H0mework.Versions.R71e.ReleaseMaterials.Physics.LowEnergyPhenomenology.AlphaSource.CanonicalSourcePropagationNativeHodgeFlat (97s)
✔ [13197/13626] Built H0mework.Versions.R71e.ReleaseMaterials.Physics.LowEnergyPhenomenology.AlphaSource.CanonicalSourcePropagationNativeGaugeRay (38s)
✔ [13198/13626] Built H0mework.Versions.R71e.ReleaseMaterials.Physics.LowEnergyPhenomenology.AlphaSource.CanonicalPreparationSourceJointLocking (13s)
✔ [13199/13626] Built H0mework.Versions.R71e.ReleaseMaterials.Physics.LowEnergyPhenomenology.AlphaSource.CanonicalPreparationSourceRestMatterLight (13s)
✔ [13200/13626] Built H0mework.Versions.R71e.ReleaseMaterials.Physics.LowEnergyPhenomenology.AlphaSource.CanonicalPreparationSourceBFJets (12s)
✔ [13201/13626] Built H0mework.Versions.R71e.ReleaseMaterials.Physics.LowEnergyPhenomenology.AlphaSource.CanonicalSourcePropagationJointSourceAnnihilator (24s)
✔ [13202/13626] Built H0mework.Versions.R71e.ReleaseMaterials.Physics.LowEnergyPhenomenology.AlphaSource.CanonicalSourcePropagationNativeDiracRay (47s)
✔ [13203/13626] Built H0mework.Versions.R71e.ReleaseMaterials.Physics.LowEnergyPhenomenology.AlphaSource.CanonicalPreparationSourceGravityActualCurveReturn (21s)
✔ [13204/13626] Built H0mework.Versions.R71e.ReleaseMaterials.Physics.LowEnergyPhenomenology.AlphaSource.CanonicalSourcePropagationPreparedMeromorphicResponse (125s)
✔ [13205/13626] Built H0mework.Versions.R71e.ReleaseMaterials.Physics.LowEnergyPhenomenology.AlphaSource.CanonicalPreparationRepairedGravitySourceJets (15s)
✔ [13206/13626] Built H0mework.Versions.R71e.ReleaseMaterials.Physics.LowEnergyPhenomenology.AlphaSource.CanonicalSourcePropagationSourceSpectralInverse (19s)
✔ [13207/13626] Built H0mework.Versions.R71e.ReleaseMaterials.Physics.LowEnergyPhenomenology.AlphaSource.CanonicalSourcePropagationActualOrderedTimeDrive (18s)
✔ [13208/13626] Built H0mework.Versions.R71e.ReleaseMaterials.Physics.LowEnergyPhenomenology.AlphaSource.CanonicalPreparationRepairedGravityAuxiliaryGraph (13s)
✔ [13209/13626] Built H0mework.Versions.R71e.ReleaseMaterials.Physics.LowEnergyPhenomenology.AlphaSource.CanonicalSourcePropagationFullFiveLeading (26s)
✔ [13210/13626] Built H0mework.Versions.R71e.ReleaseMaterials.Physics.LowEnergyPhenomenology.AlphaSource.CanonicalSourcePropagationMovingTimeLegendre (34s)
✔ [13211/13626] Built H0mework.Versions.R71e.ReleaseMaterials.Physics.LowEnergyPhenomenology.AlphaSource.CanonicalSourcePropagationPreparedHistoryResponse (36s)
✔ [13212/13626] Built H0mework.Versions.R71e.ReleaseMaterials.Physics.LowEnergyPhenomenology.AlphaSource.CanonicalPreparationRepairedGravityMixedReturn (16s)
✔ [13213/13626] Built H0mework.Versions.R71e.ReleaseMaterials.Physics.LowEnergyPhenomenology.AlphaSource.CanonicalSourcePropagationOriginalFieldPoleReturn (15s)
✔ [13214/13626] Built H0mework.Versions.R71e.ReleaseMaterials.Physics.LowEnergyPhenomenology.AlphaSource.CanonicalSourcePropagationNoetherHistoryResponse (26s)
✔ [13215/13626] Built H0mework.Versions.R71e.ReleaseMaterials.Physics.LowEnergyPhenomenology.AlphaSource.CanonicalPreparationOriginalLorentzQuadratic (16s)
✔ [13216/13626] Built H0mework.Versions.R71e.ReleaseMaterials.Physics.LowEnergyPhenomenology.AlphaSource.CanonicalSourcePropagationNoetherEulerReturn (22s)
✔ [13217/13626] Built H0mework.Versions.R71e.ReleaseMaterials.Physics.LowEnergyPhenomenology.AlphaSource.CanonicalPreparationOriginalLorentzInverse (676s)
✔ [13218/13626] Built H0mework.Versions.R71e.ReleaseMaterials.Physics.LowEnergyPhenomenology.AlphaSource.CanonicalPreparationOriginalLorentzLoad (62s)
✔ [13219/13626] Built H0mework.Versions.R71e.ReleaseMaterials.Physics.LowEnergyPhenomenology.AlphaSource.CanonicalPreparationOriginalVelocityLoad (15s)
✔ [13220/13626] Built H0mework.Versions.R71e.ReleaseMaterials.Physics.LowEnergyPhenomenology.AlphaSource.CanonicalPreparationOriginalVelocityPrimary (310s)
✔ [13221/13626] Built H0mework.Versions.R71e.ReleaseMaterials.Physics.LowEnergyPhenomenology.AlphaSource.CanonicalPreparationOriginalGaussKinetic (260s)
✔ [13222/13626] Built H0mework.Versions.R71e.ReleaseMaterials.Physics.LowEnergyPhenomenology.AlphaSource.CanonicalPreparationOriginalSpinCurrent (38s)
✔ [13223/13626] Built H0mework.Versions.R71e.ReleaseMaterials.Physics.LowEnergyPhenomenology.AlphaSource.CanonicalPreparationOrderedSpinDensity (39s)
✔ [13224/13626] Built H0mework.Versions.R71e.ReleaseMaterials.Physics.LowEnergyPhenomenology.AlphaSource.CanonicalPreparationGaussOrderedLoad (34s)
✔ [13225/13626] Built H0mework.Versions.R71e.ReleaseMaterials.Physics.LowEnergyPhenomenology.AlphaSource.CanonicalPreparationSourceSpinClifford (25s)
✔ [13226/13626] Built H0mework.Versions.R71e.ReleaseMaterials.Physics.LowEnergyPhenomenology.AlphaSource.CanonicalPreparationSourceSpinBasis (29s)
✔ [13227/13626] Built H0mework.Versions.R71e.ReleaseMaterials.Physics.LowEnergyPhenomenology.AlphaSource.CanonicalPreparationSourceSpinBranches (236s)
✔ [13228/13626] Built H0mework.Versions.R71e.ReleaseMaterials.Physics.LowEnergyPhenomenology.AlphaSource.CanonicalPreparationSourceSpinCoefficientTransform (92s)
✔ [13229/13626] Built H0mework.Versions.R71e.ReleaseMaterials.Physics.LowEnergyPhenomenology.AlphaSource.CanonicalPreparationSourceSpinTensorValues (292s)
✔ [13230/13626] Built H0mework.Versions.R71e.ReleaseMaterials.Physics.LowEnergyPhenomenology.AlphaSource.CanonicalPreparationSourceSpinMixedReturn (397s)
✔ [13231/13626] Built H0mework.Versions.R71e.ReleaseMaterials.Physics.LowEnergyPhenomenology.AlphaSource.CanonicalPreparationSourceSpinCarContraction (85s)
✔ [13232/13630] Built H0mework.Versions.R71e.ReleaseMaterials.Physics.LowEnergyPhenomenology.AlphaSource.CanonicalPreparationSourceGeometryCurrentReturn (20s)
✔ [13233/13630] Built H0mework.Versions.R71e.ReleaseMaterials.Physics.LowEnergyPhenomenology.AlphaSource.CanonicalPreparationSourceGaussMeasureJets (23s)
✔ [13234/13630] Built H0mework.Versions.R71e.ReleaseMaterials.Physics.LowEnergyPhenomenology.AlphaSource.CanonicalPreparationSourceGaussMomentumReturn (36s)
✔ [13235/13630] Built H0mework.Versions.R71e.ReleaseMaterials.Physics.LowEnergyPhenomenology.AlphaSource.CanonicalPreparationSourcePreparedGaussKinetic (156s)
✔ [13236/13630] Built H0mework.Versions.R71e.ReleaseMaterials.Physics.LowEnergyPhenomenology.AlphaSource.CanonicalPreparationSourceLegendreSpinSchur (73s)
✔ [13237/13630] Built H0mework.Versions.R71e.ReleaseMaterials.Physics.LowEnergyPhenomenology.AlphaSource.CanonicalPreparationSourceHamiltonianSpinReturn (188s)
✔ [13238/13630] Built H0mework.Versions.R71e.ReleaseMaterials.Physics.LowEnergyPhenomenology.AlphaSource.CanonicalPreparationSourceLegendreLinearCurrent (145s)
✔ [13239/13630] Built H0mework.Versions.R71e.ReleaseMaterials.Physics.LowEnergyPhenomenology.AlphaSource.CanonicalPreparationSourceOrderedCurrentReturn (104s)
✔ [13240/13630] Built H0mework.Versions.R71e.ReleaseMaterials.Physics.LowEnergyPhenomenology.AlphaSource.CanonicalPreparationSourceCurrentMomentumContacts (25s)
✔ [13241/13632] Built H0mework.Versions.R71e.ReleaseMaterials.Physics.LowEnergyPhenomenology.AlphaSource.CanonicalPreparationSourceRadialCoefficientJets (23s)
✔ [13242/13636] Built H0mework.Versions.R71e.ReleaseMaterials.Physics.LowEnergyPhenomenology.AlphaSource.CanonicalPreparationSourceNumberRadialPairReturn (35s)
✔ [13243/13636] Built H0mework.Versions.R71e.ReleaseMaterials.Physics.LowEnergyPhenomenology.AlphaSource.CanonicalPreparationSourcePreparedSpinLoadedReturn (40s)
✔ [13244/13663] Built H0mework.Versions.R71e.ReleaseMaterials.Physics.LowEnergyPhenomenology.AlphaSource.CanonicalPreparationSourceMovingMeasureJets (21s)
✔ [13245/13663] Built H0mework.Versions.R71e.ReleaseMaterials.Physics.LowEnergyPhenomenology.AlphaSource.CanonicalPreparationSourceMovingCoframeJets (19s)
✔ [13246/13663] Built H0mework.Versions.R71e.ReleaseMaterials.Physics.LowEnergyPhenomenology.AlphaSource.CanonicalPreparationSourceMovingCoframeFormReturn (40s)
✔ [13247/13663] Built H0mework.Versions.R71e.ReleaseMaterials.Physics.LowEnergyPhenomenology.AlphaSource.CanonicalPreparationSourceIndependentMomentumTransport (21s)
✔ [13248/13663] Built H0mework.Versions.R71e.ReleaseMaterials.Physics.LowEnergyPhenomenology.AlphaSource.CanonicalPreparationSourceIndependentHalfDensityFields (14s)
✔ [13249/13663] Built H0mework.Versions.R71e.ReleaseMaterials.Physics.LowEnergyPhenomenology.AlphaSource.CanonicalPreparationSourceIndependentPreparedReturn (24s)
✔ [13250/13663] Built H0mework.Versions.R71e.ReleaseMaterials.Physics.LowEnergyPhenomenology.AlphaSource.CanonicalPreparationSourceFixedMomentumHamiltonian (21s)
✔ [13251/13668] Built H0mework.Versions.R71e.ReleaseMaterials.Physics.LowEnergyPhenomenology.AlphaSource.CanonicalPreparationSourceFixedMomentumEuler (25s)
✔ [13252/13668] Built H0mework.Versions.R71e.ReleaseMaterials.Physics.LowEnergyPhenomenology.AlphaSource.EmIdentification.ChargeResolvent (52s)
✔ [13253/13668] Built H0mework.Versions.R71e.ReleaseMaterials.Physics.LowEnergyPhenomenology.AlphaSource.CanonicalPreparationSourceActionEulerSources (23s)
✔ [13254/13668] Built H0mework.Versions.R71e.ReleaseMaterials.Physics.LowEnergyPhenomenology.AlphaSource.EmIdentification.ChargeResolventRead (29s)
✔ [13255/13672] Built H0mework.Versions.R71e.ReleaseMaterials.Physics.LowEnergyPhenomenology.AlphaSource.EmIdentification.PhysicalChargeResolvent (55s)
✔ [13256/13672] Built H0mework.Versions.R71e.ReleaseMaterials.Physics.LowEnergyPhenomenology.AlphaSource.CanonicalPreparationSourceActionModeWindow (52s)
✔ [13257/13674] Built H0mework.Versions.R71e.ReleaseMaterials.Physics.LowEnergyPhenomenology.AlphaSource.EmIdentification.PhysicalChargeResolventRead (73s)
✔ [13258/13693] Built H0mework.Versions.R71e.ReleaseMaterials.Physics.LowEnergyPhenomenology.AlphaSource.CanonicalRadialSource (121s)
✔ [13259/13693] Built H0mework.Versions.R71e.ReleaseMaterials.Physics.LowEnergyPhenomenology.AlphaSource.CanonicalPreparationSourceActionFieldFeed (241s)
✖ [13260/13693] Building H0mework.Versions.R71e.ReleaseMaterials.Physics.LowEnergyPhenomenology.AlphaSource.EmIdentification.PhysicalPreparedCharge (266s)
trace: .> LEAN_PATH=./Lean/.lake/packages/Cli/.lake/build/lib/lean:./Lean/.lake/packages/batteries/.lake/build/lib/lean:./Lean/.lake/packages/Qq/.lake/build/lib/lean:./Lean/.lake/packages/aesop/.lake/build/lib/lean:./Lean/.lake/packages/proofwidgets/.lake/build/lib/lean:./Lean/.lake/packages/importGraph/.lake/build/lib/lean:./Lean/.lake/packages/LeanSearchClient/.lake/build/lib/lean:./Lean/.lake/packages/plausible/.lake/build/lib/lean:./Lean/.lake/packages/mathlib/.lake/build/lib/lean:./Lean/.lake/build/lib/lean runtime/elan/manual/lean-4.33.0-darwin_aarch64/bin/lean -DmaxHeartbeats=2000000 -Dweak.linter.unusedSectionVars=false -Dweak.linter.unnecessarySeqFocus=false -Dweak.linter.unusedVariables=false -Dweak.linter.unreachableTactic=false -Dweak.linter.unusedTactic=false -Dweak.linter.defProp=false -Dweak.linter.deprecated=false -Dlinter.deprecated=false -Dweak.linter.tacticAnalysis.introMerge=false -Dweak.linter.constructorNameAsVariable=false --trust=0 -Dweak.linter.unnecessarySimpa=false -Dweak.linter.style.haveILetI=false -Dweak.linter.unusedSimpArgs=false -DwarningAsError=true ./Lean/H0mework/Versions/R71e/ReleaseMaterials/Physics/LowEnergyPhenomenology/AlphaSource/EmIdentification/PhysicalPreparedCharge.lean -o ./Lean/.lake/build/lib/lean/H0mework/Versions/R71e/ReleaseMaterials/Physics/LowEnergyPhenomenology/AlphaSource/EmIdentification/PhysicalPreparedCharge.olean -i ./Lean/.lake/build/lib/lean/H0mework/Versions/R71e/ReleaseMaterials/Physics/LowEnergyPhenomenology/AlphaSource/EmIdentification/PhysicalPreparedCharge.ilean -c ./Lean/.lake/build/ir/H0mework/Versions/R71e/ReleaseMaterials/Physics/LowEnergyPhenomenology/AlphaSource/EmIdentification/PhysicalPreparedCharge.c --setup ./Lean/.lake/build/ir/H0mework/Versions/R71e/ReleaseMaterials/Physics/LowEnergyPhenomenology/AlphaSource/EmIdentification/PhysicalPreparedCharge.setup.json --json
error: H0mework/Versions/R71e/ReleaseMaterials/Physics/LowEnergyPhenomenology/AlphaSource/EmIdentification/PhysicalPreparedCharge.lean:220:2: (deterministic) timeout at `whnf`, maximum number of heartbeats (2200000) has been reached

Note: Use `set_option maxHeartbeats <num>` to set the limit.

Hint: Additional diagnostic information may be available using the `set_option diagnostics true` command.
error: Lean exited with code 1
✔ [13261/13694] Built H0mework.Versions.R71e.ReleaseMaterials.Physics.LowEnergyPhenomenology.AlphaSource.EmIdentification.PhysicalBilocal (336s)
ℹ [13262/13695] Built H0mework.Versions.R71e.ReleaseMaterials.Physics.LowEnergyPhenomenology.AlphaSource.CanonicalRadialForce (135s)
info: H0mework/Versions/R71e/ReleaseMaterials/Physics/LowEnergyPhenomenology/AlphaSource/CanonicalRadialForce.lean:151:4: Try this:
  [apply] abel_nf
info: H0mework/Versions/R71e/ReleaseMaterials/Physics/LowEnergyPhenomenology/AlphaSource/CanonicalRadialForce.lean:171:4: Try this:
  [apply] abel_nf
✔ [13263/13695] Built H0mework.Versions.R71e.ReleaseMaterials.Physics.LowEnergyPhenomenology.AlphaSource.CanonicalPreparationSourceNoetherContactBudget (173s)
ℹ [13264/13695] Built H0mework.Versions.R71e.ReleaseMaterials.Physics.LowEnergyPhenomenology.AlphaSource.CanonicalRadialRead (241s)
info: H0mework/Versions/R71e/ReleaseMaterials/Physics/LowEnergyPhenomenology/AlphaSource/CanonicalRadialRead.lean:272:2: Try this:
  [apply] abel_nf
info: H0mework/Versions/R71e/ReleaseMaterials/Physics/LowEnergyPhenomenology/AlphaSource/CanonicalRadialRead.lean:291:2: Try this:
  [apply] abel_nf
✔ [13265/13695] Built H0mework.Versions.R71e.ReleaseMaterials.Physics.LowEnergyPhenomenology.AlphaSource.CanonicalPreparationSourceNoetherModePrice (71s)
✔ [13268/13695] Built H0mework.Versions.R71e.ReleaseMaterials.Physics.LowEnergyPhenomenology.AlphaSource.CanonicalPreparationSourceNoetherControlledTail (277s)
✔ [13270/13695] Built H0mework.Versions.R71e.ReleaseMaterials.Physics.LowEnergyPhenomenology.AlphaSource.CanonicalPreparationSourceCurrentModeJacobian (91s)
✔ [13271/13746] Built H0mework.Versions.R71e.ReleaseMaterials.Physics.LowEnergyPhenomenology.AlphaSource.CanonicalPreparationSourceHalfAxisCurrentOperator (51s)
✔ [13272/13804] Built H0mework.Versions.R71e.ReleaseMaterials.Physics.LowEnergyPhenomenology.ExternalCompositeDecay.SourceNamedMatterOccupation (95s)
✔ [13273/13811] Built H0mework.Versions.R71e.ReleaseMaterials.Physics.LowEnergyPhenomenology.ExternalCompositeDecay.MixedSpectatorCAR (136s)
✔ [13274/13811] Built H0mework.Versions.R71e.ReleaseMaterials.Physics.LowEnergyPhenomenology.ExternalCompositeDecay.SourceNamedMatterCAR (53s)
✔ [13275/13811] Built H0mework.Versions.R71e.ReleaseMaterials.Physics.LowEnergyPhenomenology.ExternalCompositeDecay.MixedSpectatorGram (19s)
✔ [13276/13811] Built H0mework.Versions.R71e.ReleaseMaterials.Physics.LowEnergyPhenomenology.ExternalCompositeDecay.SourceNamedMatterQt (29s)
✔ [13277/13811] Built H0mework.Versions.R71e.ReleaseMaterials.Physics.LowEnergyPhenomenology.ExternalCompositeDecay.SourceNamedMatterColorEpsilon (22s)
✔ [13278/13811] Built H0mework.Versions.R71e.ReleaseMaterials.Physics.LowEnergyPhenomenology.ExternalCompositeDecay.MixedSpectatorCandidate (41s)
✔ [13279/13811] Built H0mework.Versions.R71e.ReleaseMaterials.Physics.LowEnergyPhenomenology.ExternalCompositeDecay.MixedSpectatorColorColumns (323s)
✔ [13280/13811] Built H0mework.Versions.R71e.ReleaseMaterials.Physics.LowEnergyPhenomenology.ExternalCompositeDecay.MixedSpectatorColorMatrix (209s)
✔ [13281/13811] Built H0mework.Versions.R71e.ReleaseMaterials.Physics.LowEnergyPhenomenology.ExternalCompositeDecay.MixedSpectatorColorAction (288s)
✔ [13282/13815] Built H0mework.Versions.R71e.ReleaseMaterials.Physics.LowEnergyPhenomenology.ExternalCompositeDecay.SourceNamedMatterWedgeCarrier (91s)
✔ [13283/13815] Built H0mework.Versions.R71e.ReleaseMaterials.Physics.LowEnergyPhenomenology.ExternalCompositeDecay.SourceNamedMatterCARPhase (142s)
✔ [13284/13815] Built H0mework.Versions.R71e.ReleaseMaterials.Physics.LowEnergyPhenomenology.ExternalCompositeDecay.SourceNamedMatterTripleGram (32s)
✔ [13285/13815] Built H0mework.Versions.R71e.ReleaseMaterials.Physics.LowEnergyPhenomenology.ExternalCompositeDecay.SourceNamedMatterEpsilonGram (18s)
✔ [13286/13817] Built H0mework.Versions.R71e.ReleaseMaterials.Physics.LowEnergyPhenomenology.ExternalCompositeDecay.SourceInverseVolumeNativeMixedCurvatureReduction (52s)
ℹ [13287/13820] Built H0mework.Versions.R71e.ReleaseMaterials.Physics.LowEnergyPhenomenology.ExternalCompositeDecay.GaussInverseSecond (102s)
info: H0mework/Versions/R71e/ReleaseMaterials/Physics/LowEnergyPhenomenology/ExternalCompositeDecay/GaussInverseSecond.lean:138:0: 'LowEnergy.GaussInverseSecond.ambient_bracket' depends on axioms: [propext, Classical.choice, Quot.sound]
info: H0mework/Versions/R71e/ReleaseMaterials/Physics/LowEnergyPhenomenology/ExternalCompositeDecay/GaussInverseSecond.lean:139:0: 'LowEnergy.GaussInverseSecond.inverse_curvature_transport' depends on axioms: [propext, Classical.choice, Quot.sound]
info: H0mework/Versions/R71e/ReleaseMaterials/Physics/LowEnergyPhenomenology/ExternalCompositeDecay/GaussInverseSecond.lean:140:0: 'LowEnergy.GaussInverseSecond.orbit_curve_derivative' depends on axioms: [propext, Classical.choice, Quot.sound]
info: H0mework/Versions/R71e/ReleaseMaterials/Physics/LowEnergyPhenomenology/ExternalCompositeDecay/GaussInverseSecond.lean:141:0: 'LowEnergy.GaussInverseSecond.orbit_curve_second' depends on axioms: [propext, Classical.choice, Quot.sound]
✔ [13288/13822] Built H0mework.Versions.R71e.ReleaseMaterials.Physics.LowEnergyPhenomenology.ExternalCompositeDecay.SourceInverseVolumeBrokenGaussCurvatureCurrent (59s)
✔ [13289/13832] Built H0mework.Versions.R71e.ReleaseMaterials.Physics.LowEnergyPhenomenology.ExternalCompositeDecay.SourceInverseVolumeNativeMomentumCurvature (538s)
✔ [13290/13835] Built H0mework.Versions.R71e.ReleaseMaterials.Physics.LowEnergyPhenomenology.ExternalCompositeDecay.SourceInverseVolumeDoubleGramCurvatureForm (245s)
✔ [13291/13835] Built H0mework.Versions.R71e.ReleaseMaterials.Physics.LowEnergyPhenomenology.ExternalCompositeDecay.SourceInverseVolumeNativeTraceContraction (214s)
✔ [13292/13845] Built H0mework.Versions.R71e.ReleaseMaterials.Physics.LowEnergyPhenomenology.ExternalCompositeDecay.SourceInverseVolumeJointScalarGaugeCoefficientForm (168s)
✔ [13293/13845] Built H0mework.Versions.R71e.ReleaseMaterials.Physics.LowEnergyPhenomenology.ExternalCompositeDecay.SourceClockYukawaHamiltonianCurrent (167s)
✖ [13294/13850] Building H0mework.Versions.R71e.ReleaseMaterials.Physics.LowEnergyPhenomenology.AlphaSource.CanonicalSourcePropagationNativeGravityScalarReturn (9957s)
trace: .> LEAN_PATH=./Lean/.lake/packages/Cli/.lake/build/lib/lean:./Lean/.lake/packages/batteries/.lake/build/lib/lean:./Lean/.lake/packages/Qq/.lake/build/lib/lean:./Lean/.lake/packages/aesop/.lake/build/lib/lean:./Lean/.lake/packages/proofwidgets/.lake/build/lib/lean:./Lean/.lake/packages/importGraph/.lake/build/lib/lean:./Lean/.lake/packages/LeanSearchClient/.lake/build/lib/lean:./Lean/.lake/packages/plausible/.lake/build/lib/lean:./Lean/.lake/packages/mathlib/.lake/build/lib/lean:./Lean/.lake/build/lib/lean runtime/elan/manual/lean-4.33.0-darwin_aarch64/bin/lean -DmaxHeartbeats=2000000 -Dweak.linter.unusedSectionVars=false -Dweak.linter.unnecessarySeqFocus=false -Dweak.linter.unusedVariables=false -Dweak.linter.unreachableTactic=false -Dweak.linter.unusedTactic=false -Dweak.linter.defProp=false -Dweak.linter.deprecated=false -Dlinter.deprecated=false -Dweak.linter.tacticAnalysis.introMerge=false -Dweak.linter.constructorNameAsVariable=false --trust=0 -Dweak.linter.unnecessarySimpa=false -Dweak.linter.style.haveILetI=false -Dweak.linter.unusedSimpArgs=false -DwarningAsError=true ./Lean/H0mework/Versions/R71e/ReleaseMaterials/Physics/LowEnergyPhenomenology/AlphaSource/CanonicalSourcePropagationNativeGravityScalarReturn.lean -o ./Lean/.lake/build/lib/lean/H0mework/Versions/R71e/ReleaseMaterials/Physics/LowEnergyPhenomenology/AlphaSource/CanonicalSourcePropagationNativeGravityScalarReturn.olean -i ./Lean/.lake/build/lib/lean/H0mework/Versions/R71e/ReleaseMaterials/Physics/LowEnergyPhenomenology/AlphaSource/CanonicalSourcePropagationNativeGravityScalarReturn.ilean -c ./Lean/.lake/build/ir/H0mework/Versions/R71e/ReleaseMaterials/Physics/LowEnergyPhenomenology/AlphaSource/CanonicalSourcePropagationNativeGravityScalarReturn.c --setup ./Lean/.lake/build/ir/H0mework/Versions/R71e/ReleaseMaterials/Physics/LowEnergyPhenomenology/AlphaSource/CanonicalSourcePropagationNativeGravityScalarReturn.setup.json --json
error: Lean exited with code 143
✔ [13332/13866] Built H0mework.Versions.R71e.ReleaseMaterials.Physics.LowEnergyPhenomenology.ExternalCompositeDecay.SourceYukawaCoefficientCommutator (23s)
✔ [13387/13881] Built H0mework.Versions.R71e.ReleaseMaterials.Physics.LowEnergyPhenomenology.ExternalCompositeDecay.SourceInverseVolumeNativeDensityTrace (147s)
✔ [13402/13881] Built H0mework.Versions.R71e.ReleaseMaterials.Physics.LowEnergyPhenomenology.ExternalCompositeDecay.SourceActiveMatterSectorCharge (17s)
✔ [13865/13940] Built H0mework.Versions.R71e.ReleaseMaterials.Physics.LowEnergyPhenomenology.ExternalCompositeDecay.ActualMotherTripleGram (74s)
✔ [13961/14047] Built H0mework.Versions.R71e.ReleaseMaterials.Physics.LowEnergyPhenomenology.ExternalCompositeDecay.SourceInverseVolumeIntrinsicJointCancellation (76s)
✔ [13962/14048] Built H0mework.Versions.R71e.Physics.LowEnergy.PacketField.Circle (68s)
✔ [13963/14048] Built H0mework.Versions.R71e.ReleaseMaterials.Physics.LowEnergyPhenomenology.ExternalCompositeDecay.SourceInverseVolumeMixedCurrentCancellation (67s)
✔ [13964/14050] Built H0mework.Versions.R71e.Physics.LowEnergy.PacketField.Frame (12s)
✔ [13965/14050] Built H0mework.Versions.R71e.ReleaseMaterials.Physics.LowEnergyPhenomenology.ExternalCompositeDecay.SourceInverseVolumeUnmixedPotentialCancellation (14s)
✔ [13966/14050] Built H0mework.Versions.R71e.Physics.LowEnergy.PacketField.Reflection (11s)
✔ [13967/14050] Built H0mework.Versions.R71e.ReleaseMaterials.Physics.LowEnergyPhenomenology.ExternalCompositeDecay.SourceInverseVolumeNativeMatterCovarianceCancellation (15s)
✔ [13968/14056] Built H0mework.Versions.R71e.Physics.LowEnergy.PacketField.Alignment (14s)
✔ [13969/14063] Built H0mework.Versions.R71e.ReleaseMaterials.Physics.LowEnergyPhenomenology.ExternalCompositeDecay.SourceActualCandidateQuarticGram (28s)
✔ [13970/14066] Built H0mework.Versions.R71e.ReleaseMaterials.Physics.LowEnergyPhenomenology.ExternalCompositeDecay.SourceGeometricBulkTimeBudget (40s)
✔ [13971/14124] Built H0mework.Versions.R71e.ReleaseMaterials.Physics.LowEnergyPhenomenology.ExternalCompositeDecay.SourceActualCandidateQuarticFinite (69s)
✔ [13972/14244] Built H0mework.Versions.R71e.ReleaseMaterials.Physics.LowEnergyPhenomenology.ExternalCompositeDecay.SourceScalarEssentialBudget (67s)
✔ [13973/14248] Built H0mework.Versions.R71e.ReleaseMaterials.Physics.LowEnergyPhenomenology.ExternalCompositeDecay.SourceActualFourBlockRealTransferMeromorphic (4.7s)
✔ [13974/14258] Built H0mework.Versions.R71e.ReleaseMaterials.Physics.LowEnergyPhenomenology.ExternalCompositeDecay.SourceActualFourBlockRealTransferRegular (4.6s)
ℹ [13988/14274] Replayed H0mework.Physics.ConstrainedCauchy.FixedFirstAssemblyGeneratedJointNormalForm
info: H0mework/Physics/ConstrainedCauchy/FixedFirstAssemblyGeneratedJointNormalForm.lean:135:0: 'SaturationMonoid.PhysicsCore.StageNineDiracDualFormNativeFixedP506CartanECConstraintCauchyFirstAssemblyGeneratedJointNormalForm.root_firstAssembly_classicalJoint_eq_generatedNormalForm_section' depends on axioms: [propext,
 Classical.choice,
 Quot.sound]
info: H0mework/Physics/ConstrainedCauchy/FixedFirstAssemblyGeneratedJointNormalForm.lean:136:0: 'SaturationMonoid.PhysicsCore.StageNineDiracDualFormNativeFixedP506CartanECConstraintCauchyFirstAssemblyGeneratedJointNormalForm.firstAssemblyGeneratedPointwiseJointNormalForm_gravityMultiplier_zero' depends on axioms: [propext,
 Classical.choice,
 Quot.sound]
info: H0mework/Physics/ConstrainedCauchy/FixedFirstAssemblyGeneratedJointNormalForm.lean:138:0: 'SaturationMonoid.PhysicsCore.StageNineDiracDualFormNativeFixedP506CartanECConstraintCauchyFirstAssemblyGeneratedJointNormalForm.firstAssemblyGeneratedPointwiseJointNormalForm_gravityAuxiliary_zero' depends on axioms: [propext,
 Classical.choice,
 Quot.sound]
info: H0mework/Physics/ConstrainedCauchy/FixedFirstAssemblyGeneratedJointNormalForm.lean:140:0: 'SaturationMonoid.PhysicsCore.StageNineDiracDualFormNativeFixedP506CartanECConstraintCauchyFirstAssemblyGeneratedJointNormalForm.firstAssemblyGeneratedPointwiseJointNormalForm_p286GaugeAuxiliary_zero' depends on axioms: [propext,
 Classical.choice,
 Quot.sound]
ℹ [13989/14274] Replayed H0mework.Physics.ConstrainedCauchy.FixedFirstAssemblyP286ConnectionEvaluatorNormalForm
info: H0mework/Physics/ConstrainedCauchy/FixedFirstAssemblyP286ConnectionEvaluatorNormalForm.lean:225:0: 'SaturationMonoid.PhysicsCore.StageNineDiracDualFormNativeFixedP506CartanECConstraintCauchyFirstAssemblyP286ConnectionEvaluatorNormalForm.firstAssembly_p286Stage_eq_sourceEulerStep' depends on axioms: [propext,
 Classical.choice,
 Quot.sound]
info: H0mework/Physics/ConstrainedCauchy/FixedFirstAssemblyP286ConnectionEvaluatorNormalForm.lean:226:0: 'SaturationMonoid.PhysicsCore.StageNineDiracDualFormNativeFixedP506CartanECConstraintCauchyFirstAssemblyP286ConnectionEvaluatorNormalForm.firstAssembly_configuration_eq_p286Refreshed' depends on axioms: [propext,
 Classical.choice,
 Quot.sound]
info: H0mework/Physics/ConstrainedCauchy/FixedFirstAssemblyP286ConnectionEvaluatorNormalForm.lean:227:0: 'SaturationMonoid.PhysicsCore.StageNineDiracDualFormNativeFixedP506CartanECConstraintCauchyFirstAssemblyP286ConnectionEvaluatorNormalForm.firstAssembly_p286Refreshed_gaugeConnection_eq_p286Stage' depends on axioms: [propext,
 Classical.choice,
 Quot.sound]
info: H0mework/Physics/ConstrainedCauchy/FixedFirstAssemblyP286ConnectionEvaluatorNormalForm.lean:228:0: 'SaturationMonoid.PhysicsCore.StageNineDiracDualFormNativeFixedP506CartanECConstraintCauchyFirstAssemblyP286ConnectionEvaluatorNormalForm.firstAssembly_p286Stage_connectionCoordinate_eq_source_sub_gradient' depends on axioms: [propext,
 Classical.choice,
 Quot.sound]
info: H0mework/Physics/ConstrainedCauchy/FixedFirstAssemblyP286ConnectionEvaluatorNormalForm.lean:230:0: 'SaturationMonoid.PhysicsCore.StageNineDiracDualFormNativeFixedP506CartanECConstraintCauchyFirstAssemblyP286ConnectionEvaluatorNormalForm.firstAssembly_p286Refreshed_auxiliary_eq_generatedConstitutive' depends on axioms: [propext,
 Classical.choice,
 Quot.sound]
info: H0mework/Physics/ConstrainedCauchy/FixedFirstAssemblyP286ConnectionEvaluatorNormalForm.lean:232:0: 'SaturationMonoid.PhysicsCore.StageNineDiracDualFormNativeFixedP506CartanECConstraintCauchyFirstAssemblyP286ConnectionEvaluatorNormalForm.firstAssembly_connectionEvaluatorDefect_eq_refreshedEuler' depends on axioms: [propext,
 Classical.choice,
 Quot.sound]
info: H0mework/Physics/ConstrainedCauchy/FixedFirstAssemblyP286ConnectionEvaluatorNormalForm.lean:233:0: 'SaturationMonoid.PhysicsCore.StageNineDiracDualFormNativeFixedP506CartanECConstraintCauchyFirstAssemblyP286ConnectionEvaluatorNormalForm.firstAssembly_connectionEvaluatorDefect_allPoint_zero_iff_yangMills' depends on axioms: [propext,
 Classical.choice,
 Quot.sound]
info: H0mework/Physics/ConstrainedCauchy/FixedFirstAssemblyP286ConnectionEvaluatorNormalForm.lean:235:0: 'SaturationMonoid.PhysicsCore.StageNineDiracDualFormNativeFixedP506CartanECConstraintCauchyFirstAssemblyP286ConnectionEvaluatorNormalForm.firstAssembly_connectionEvaluatorDefect_allPoint_zero_iff_wholeField' depends on axioms: [propext,
 Classical.choice,
 Quot.sound]
info: H0mework/Physics/ConstrainedCauchy/FixedFirstAssemblyP286ConnectionEvaluatorNormalForm.lean:237:0: 'SaturationMonoid.PhysicsCore.StageNineDiracDualFormNativeFixedP506CartanECConstraintCauchyFirstAssemblyP286ConnectionEvaluatorNormalForm.firstAssemblyGeneratedP286ConnectionActionDefect_nonnegative' depends on axioms: [propext,
 Classical.choice,
 Quot.sound]
info: H0mework/Physics/ConstrainedCauchy/FixedFirstAssemblyP286ConnectionEvaluatorNormalForm.lean:239:0: 'SaturationMonoid.PhysicsCore.StageNineDiracDualFormNativeFixedP506CartanECConstraintCauchyFirstAssemblyP286ConnectionEvaluatorNormalForm.firstAssemblyGeneratedP286ConnectionActionDefect_eq_zero_iff_evaluator_zero' depends on axioms: [propext,
 Classical.choice,
 Quot.sound]
info: H0mework/Physics/ConstrainedCauchy/FixedFirstAssemblyP286ConnectionEvaluatorNormalForm.lean:241:0: 'SaturationMonoid.PhysicsCore.StageNineDiracDualFormNativeFixedP506CartanECConstraintCauchyFirstAssemblyP286ConnectionEvaluatorNormalForm.firstAssemblyGeneratedP286ConnectionActionDefect_pos_iff_evaluator_nonzero' depends on axioms: [propext,
 Classical.choice,
 Quot.sound]
ℹ [14047/14336] Replayed H0mework.Foundation.Source.SequentialAction
info: H0mework/Foundation/Source/SequentialAction.lean:348:0: 'SaturationMonoid.ResponsibilityLifecycle.LivingLawEvolution.ConstructiveRoot.RootInquiryCompletion.SourceNativeSequentialActualActionTargetAt.initialOpenLedger_injective' does not depend on any axioms
info: H0mework/Foundation/Source/SequentialAction.lean:349:0: 'SaturationMonoid.ResponsibilityLifecycle.LivingLawEvolution.ConstructiveRoot.RootInquiryCompletion.SourceNativeSequentialActualActionTargetAt.targetAnswerAndNext_next_eq' does not depend on any axioms
ℹ [14049/14336] Replayed H0mework.Foundation.Inquiry.SemanticRevision
info: H0mework/Foundation/Inquiry/SemanticRevision.lean:842:0: 'SaturationMonoid.ResponsibilityLifecycle.LivingLawEvolution.ConstructiveRoot.TypedSemanticWorldNetworkU8.GeneratedTypedSemanticWorldNetworkRevisionAt.SourceGeneratedFirstWriteGenuineSplitAt.ofCompilerSelectedSplit' does not depend on any axioms
info: H0mework/Foundation/Inquiry/SemanticRevision.lean:843:0: 'SaturationMonoid.ResponsibilityLifecycle.LivingLawEvolution.ConstructiveRoot.TypedSemanticWorldNetworkU8.FieldGroundedTypedSemanticWorldNetworkRevisionAt.ofSourceGeneratedRestructuring' does not depend on any axioms
info: H0mework/Foundation/Inquiry/SemanticRevision.lean:844:0: 'SaturationMonoid.ResponsibilityLifecycle.LivingLawEvolution.ConstructiveRoot.TypedSemanticWorldNetworkU8.FieldGroundedTypedSemanticWorldNetworkRevisionAt.eq_of_generate_eq' does not depend on any axioms
ℹ [14052/14359] Replayed H0mework.Foundation.Inquiry.Protocol
info: H0mework/Foundation/Inquiry/Protocol.lean:1345:0: 'SaturationMonoid.ResponsibilityLifecycle.LivingLawEvolution.ConstructiveRoot.RootInquiryCompletion.SourceNativeInquiryCofaceRealizationAt.ofExactCofaceSource' does not depend on any axioms
info: H0mework/Foundation/Inquiry/Protocol.lean:1346:0: 'SaturationMonoid.ResponsibilityLifecycle.LivingLawEvolution.ConstructiveRoot.RootInquiryCompletion.SourceNativeInquiryCofaceRealizationAt.ofGeneratedRevision' does not depend on any axioms
ℹ [14057/14359] Replayed H0mework.Physics.RootHistory.PhysicalRootRuntime
info: H0mework/Physics/RootHistory/PhysicalRootRuntime.lean:243:0: 'SaturationMonoid.PhysicsCore.StageTenPhysicalRoot.physicalRuntimeSeed_tick_eq_closure_initial' depends on axioms: [propext,
 Classical.choice,
 Quot.sound]
info: H0mework/Physics/RootHistory/PhysicalRootRuntime.lean:244:0: 'SaturationMonoid.PhysicsCore.StageTenPhysicalRoot.physicalRuntimeAfterBoundary_tick_eq_closure_coface' depends on axioms: [propext,
 Classical.choice,
 Quot.sound]
info: H0mework/Physics/RootHistory/PhysicalRootRuntime.lean:245:0: 'SaturationMonoid.PhysicsCore.StageTenPhysicalRoot.physicalRuntimeAfterCoface_tick_eq_closure_gravity' depends on axioms: [propext,
 Classical.choice,
 Quot.sound]
info: H0mework/Physics/RootHistory/PhysicalRootRuntime.lean:246:0: 'SaturationMonoid.PhysicsCore.StageTenPhysicalRoot.physicalRuntimeAfterGravity_tick_eq_closure_assembly' depends on axioms: [propext,
 Classical.choice,
 Quot.sound]
info: H0mework/Physics/RootHistory/PhysicalRootRuntime.lean:247:0: 'SaturationMonoid.PhysicsCore.StageTenPhysicalRoot.physicalRuntimeAfterAssembly_tick_eq_closure_postAssembly' depends on axioms: [propext,
 Classical.choice,
 Quot.sound]
info: H0mework/Physics/RootHistory/PhysicalRootRuntime.lean:248:0: 'SaturationMonoid.PhysicsCore.StageTenPhysicalRoot.physicalRuntime_boundaryU7_resumes_at_firstGravity' depends on axioms: [propext,
 Classical.choice,
 Quot.sound]
info: H0mework/Physics/RootHistory/PhysicalRootRuntime.lean:249:0: 'SaturationMonoid.PhysicsCore.StageTenPhysicalRoot.physicalRuntimeAfterPostAssembly_tick_eq_secondAssemblyEvent' depends on axioms: [propext,
 Classical.choice,
 Quot.sound]
ℹ [14061/14359] Replayed H0mework.Foundation.Inquiry.Engine
info: H0mework/Foundation/Inquiry/Engine.lean:1115:0: 'SaturationMonoid.ResponsibilityLifecycle.LivingLawEvolution.ConstructiveRoot.RootInquiryCompletion.RootInquiryProcessNode.active_directlyAnswered_successor_valid' does not depend on any axioms
info: H0mework/Foundation/Inquiry/Engine.lean:1116:0: 'SaturationMonoid.ResponsibilityLifecycle.LivingLawEvolution.ConstructiveRoot.RootInquiryCompletion.RootInquiryProcessNode.active_directlyAnswered_terminalHandoff_successor_valid' does not depend on any axioms
info: H0mework/Foundation/Inquiry/Engine.lean:1117:0: 'SaturationMonoid.ResponsibilityLifecycle.LivingLawEvolution.ConstructiveRoot.RootInquiryCompletion.RootInquiryProcessNode.active_actualAction_successor_valid' does not depend on any axioms
✔ [14269/14580] Built H0mework.Versions.R71e.ReleaseMaterials.Physics.LowEnergyPhenomenology.ExternalCompositeDecay.SourceRadiusPairedScalarPrice (64s)
✔ [14270/14580] Built H0mework.Versions.R71e.ReleaseMaterials.Physics.LowEnergyPhenomenology.ExternalCompositeDecay.SourceRadiusClosedJointCost (36s)
✔ [14271/14587] Built H0mework.Versions.R71e.ReleaseMaterials.Physics.LowEnergyPhenomenology.ExternalCompositeDecay.SourceClockYukawaTail (45s)
✔ [14272/14587] Built H0mework.Versions.R71e.ReleaseMaterials.Physics.LowEnergyPhenomenology.ExternalCompositeDecay.SourceClockYukawaCurrent (33s)
✔ [14273/14587] Built H0mework.Versions.R71e.ReleaseMaterials.Physics.LowEnergyPhenomenology.ExternalCompositeDecay.SourceClockYukawaCurrentForm (32s)
✔ [14274/14587] Built H0mework.Versions.R71e.ReleaseMaterials.Physics.LowEnergyPhenomenology.ExternalCompositeDecay.SourceClockYukawaCubicCurrent (38s)
✔ [14275/14589] Built H0mework.Versions.R71e.ReleaseMaterials.Physics.LowEnergyPhenomenology.ExternalCompositeDecay.SourceFullYLiteralCoreResolvent (31s)
✔ [14276/14589] Built H0mework.Versions.R71e.ReleaseMaterials.Physics.LowEnergyPhenomenology.ExternalCompositeDecay.SourceFullYLiteralSourceDynamics (34s)
✔ [14277/14589] Built H0mework.Versions.R71e.ReleaseMaterials.Physics.LowEnergyPhenomenology.ExternalCompositeDecay.SourceFullYLiteralDynamicDefect (25s)
✔ [14278/14589] Built H0mework.Versions.R71e.ReleaseMaterials.Physics.LowEnergyPhenomenology.ExternalCompositeDecay.SourceFullYCofinalResolventUpdate (32s)
✔ [14279/14593] Built H0mework.Versions.R71e.ReleaseMaterials.Physics.LowEnergyPhenomenology.ExternalCompositeDecay.SourceFullYCutoffOrbitPrice (41s)
✔ [14280/14597] Built H0mework.Versions.R71e.ReleaseMaterials.Physics.LowEnergyPhenomenology.ExternalCompositeDecay.SourceFullYCutoffDynamicReturn (39s)
✔ [14281/14597] Built H0mework.Versions.R71e.ReleaseMaterials.Physics.LowEnergyPhenomenology.ExternalCompositeDecay.SourceFullYUncutRetardedKernel (57s)
✔ [14282/14597] Built H0mework.Versions.R71e.ReleaseMaterials.Physics.LowEnergyPhenomenology.ExternalCompositeDecay.SourceFullYFullSourceCausalReturn (25s)
✔ [14283/14608] Built H0mework.Versions.E055.ReleaseMaterials.Physics.LowEnergyPhenomenology.AlphaSource.CanonicalPreparationSerializedAsset (532s)
✔ [14284/14616] Built H0mework.Versions.R71e.ReleaseMaterials.Physics.LowEnergyPhenomenology.ExternalCompositeDecay.SourceFullYCausalFourierSource (51s)
✔ [14285/14616] Built H0mework.Versions.R71e.ReleaseMaterials.Physics.LowEnergyPhenomenology.ExternalCompositeDecay.SourceFullYCausalCorrectionPrice (64s)
✔ [14286/14622] Built H0mework.Versions.R71e.ReleaseMaterials.Physics.LowEnergyPhenomenology.ExternalCompositeDecay.SourceFullYPairedRetardedParseval (46s)
✔ [14287/14622] Built H0mework.Versions.R71e.ReleaseMaterials.Physics.LowEnergyPhenomenology.ExternalCompositeDecay.SourceFullYSameHalfPlanePole (64s)
✔ [14288/14622] Built H0mework.Versions.E055.ReleaseMaterials.Physics.LowEnergyPhenomenology.AlphaSource.CanonicalPreparationSerializedConsumer (280s)
✔ [14289/14622] Built H0mework.Versions.R71e.ReleaseMaterials.Physics.LowEnergyPhenomenology.ExternalCompositeDecay.SourceFullYHardyResponse (95s)
✔ [14290/14622] Built H0mework.Versions.E055.ReleaseMaterials.Physics.LowEnergyPhenomenology.AlphaSource.CanonicalPreparationEmitterStages (61s)
✔ [14291/14622] Built H0mework.Versions.R71e.ReleaseMaterials.Physics.LowEnergyPhenomenology.ExternalCompositeDecay.SourceFullYBornFrequency (29s)
✔ [14292/14622] Built H0mework.Versions.R71e.ReleaseMaterials.Physics.LowEnergyPhenomenology.ExternalCompositeDecay.SourceFullYSourceJetReturn (75s)
✔ [14293/14622] Built H0mework.Versions.E055.ReleaseMaterials.Physics.LowEnergyPhenomenology.AlphaSource.CanonicalPreparationSerializationClockProgram (82s)
✔ [14294/14622] Built H0mework.Versions.R71e.ReleaseMaterials.Physics.LowEnergyPhenomenology.ExternalCompositeDecay.SourceNamedMatterWedgeResponse (80s)
✔ [14295/14622] Built H0mework.Versions.R71e.ReleaseMaterials.Physics.LowEnergyPhenomenology.ExternalCompositeDecay.SourceFullYCompositeBornChannel (81s)
✔ [14296/14622] Built H0mework.Versions.E055.ReleaseMaterials.Physics.LowEnergyPhenomenology.AlphaSource.CanonicalPreparationSerializationDualPool (22s)
✔ [14297/14622] Built H0mework.Versions.R71e.ReleaseMaterials.Physics.LowEnergyPhenomenology.ExternalCompositeDecay.SourceFullYWeightedDifference (25s)
✔ [14298/14622] Built H0mework.Versions.R71e.ReleaseMaterials.Physics.LowEnergyPhenomenology.ExternalCompositeDecay.SourceFullYCompositeBornMeasure (18s)
✔ [14299/14622] Built H0mework.Versions.R71e.ReleaseMaterials.Physics.LowEnergyPhenomenology.ExternalCompositeDecay.SourceNamedMatterEpsilonQt (21s)
✔ [14300/14622] Built H0mework.Versions.R71e.ReleaseMaterials.Physics.LowEnergyPhenomenology.ExternalCompositeDecay.SourceFullYTimeJetSource (22s)
✔ [14301/14622] Built H0mework.Versions.E055.ReleaseMaterials.Physics.LowEnergyPhenomenology.AlphaSource.CanonicalPreparationSerializationTableBounds (31s)
✔ [14302/14622] Built H0mework.Versions.R71e.ReleaseMaterials.Physics.LowEnergyPhenomenology.ExternalCompositeDecay.SourceFullYCompositeContactOptical (25s)
✔ [14303/14622] Built H0mework.Versions.R71e.ReleaseMaterials.Physics.LowEnergyPhenomenology.ExternalCompositeDecay.SourceNamedMatterColorColumns (17s)
✔ [14304/14622] Built H0mework.Versions.R71e.ReleaseMaterials.Physics.LowEnergyPhenomenology.ExternalCompositeDecay.SourceFullYCausalJetHistory (30s)
✔ [14305/14622] Built H0mework.Versions.E055.ReleaseMaterials.Physics.LowEnergyPhenomenology.AlphaSource.CanonicalPreparationSharedPoolPrefix (42s)
✔ [14306/14622] Built H0mework.Versions.R71e.ReleaseMaterials.Physics.LowEnergyPhenomenology.ExternalCompositeDecay.SourceNamedMatterColorMatrix (58s)
✔ [14307/14622] Built H0mework.Versions.R71e.ReleaseMaterials.Physics.LowEnergyPhenomenology.ExternalCompositeDecay.SourceFullYCausalJetIntegrability (47s)
✔ [14308/14622] Built H0mework.Versions.E055.ReleaseMaterials.Physics.LowEnergyPhenomenology.AlphaSource.CanonicalPreparationSharedPoolArena (49s)
✔ [14309/14622] Built H0mework.Versions.R71e.ReleaseMaterials.Physics.LowEnergyPhenomenology.ExternalCompositeDecay.SourceNamedMatterColorEpsilonAction (52s)
✔ [14310/14622] Built H0mework.Versions.R71e.ReleaseMaterials.Physics.LowEnergyPhenomenology.ExternalCompositeDecay.SourceFullYCausalDerivativeFourier (52s)
✔ [14311/14622] Built H0mework.Versions.E055.ReleaseMaterials.Physics.LowEnergyPhenomenology.AlphaSource.CanonicalPreparationSharedPoolEngine (51s)
✔ [14312/14622] Built H0mework.Versions.R71e.ReleaseMaterials.Physics.LowEnergyPhenomenology.ExternalCompositeDecay.SourceFullYCausalFrequencyPrice (35s)
✔ [14313/14622] Built H0mework.Versions.R71e.ReleaseMaterials.Physics.LowEnergyPhenomenology.ExternalCompositeDecay.SourceNamedMatterColorCartanSupport (39s)
✔ [14314/14622] Built H0mework.Versions.R71e.ReleaseMaterials.Physics.LowEnergyPhenomenology.ExternalCompositeDecay.SourceFullYRetardedFrequencyPrice (106s)
✔ [14315/14622] Built H0mework.Versions.E055.ReleaseMaterials.Physics.LowEnergyPhenomenology.AlphaSource.CanonicalPreparationExecutionRuntimeInvariant (107s)
✔ [14316/14622] Built H0mework.Versions.R71e.ReleaseMaterials.Physics.LowEnergyPhenomenology.ExternalCompositeDecay.SourceNamedMatterBalancedColorCarrier (41s)
✔ [14317/14622] Built H0mework.Versions.R71e.ReleaseMaterials.Physics.LowEnergyPhenomenology.ExternalCompositeDecay.SourceFullYCausalJetParseval (40s)
✔ [14318/14622] Built H0mework.Versions.R71e.ReleaseMaterials.Physics.LowEnergyPhenomenology.ExternalCompositeDecay.SourceFullYRetardedMomentMeasure (30s)
✔ [14319/14622] Built H0mework.Versions.E055.ReleaseMaterials.Physics.LowEnergyPhenomenology.AlphaSource.CanonicalPreparationExecutionEngineInvariant (41s)
✔ [14320/14622] Built H0mework.Versions.R71e.ReleaseMaterials.Physics.LowEnergyPhenomenology.ExternalCompositeDecay.SourceNamedMatterCompleteColorKernel (47s)
✔ [14321/14622] Built H0mework.Versions.R71e.ReleaseMaterials.Physics.LowEnergyPhenomenology.ExternalCompositeDecay.SourceFullYRetardedWordMomentMeasure (40s)
✔ [14322/14622] Built H0mework.Versions.E055.ReleaseMaterials.Physics.LowEnergyPhenomenology.AlphaSource.CanonicalPreparationExecutionSourceNative (33s)
✔ [14323/14622] Built H0mework.Versions.R71e.ReleaseMaterials.Physics.LowEnergyPhenomenology.ExternalCompositeDecay.SourceNamedMatterSpinCarrier (39s)
✔ [14324/14622] Built H0mework.Versions.E055.ReleaseMaterials.Physics.LowEnergyPhenomenology.AlphaSource.CanonicalPreparationMemoRowExpansion (80s)
✔ [14325/14622] Built H0mework.Versions.R71e.ReleaseMaterials.Physics.LowEnergyPhenomenology.ExternalCompositeDecay.SourceNamedMatterSpinCoefficient (97s)
✔ [14326/14622] Built H0mework.Versions.E055.ReleaseMaterials.Physics.LowEnergyPhenomenology.AlphaSource.CanonicalPreparationMemoNative (34s)
✔ [14327/14622] Built H0mework.Versions.E055.ReleaseMaterials.Physics.LowEnergyPhenomenology.AlphaSource.CanonicalPreparationMemoEngineCache (210s)
✔ [14328/14622] Built H0mework.Versions.R71e.ReleaseMaterials.Physics.LowEnergyPhenomenology.ExternalCompositeDecay.SourceNamedMatterSpinCasimir (237s)
✔ [14329/14622] Built H0mework.Versions.E055.ReleaseMaterials.Physics.LowEnergyPhenomenology.AlphaSource.CanonicalPreparationSetupAngularValues (51s)
✔ [14330/14622] Built H0mework.Versions.R71e.ReleaseMaterials.Physics.LowEnergyPhenomenology.ExternalCompositeDecay.MixedSpectatorSpin (49s)
✔ [14331/14622] Built H0mework.Versions.R71e.ReleaseMaterials.Physics.LowEnergyPhenomenology.ExternalCompositeDecay.SourceNamedMatterNativeCarrier (24s)
✔ [14332/14622] Built H0mework.Versions.E055.ReleaseMaterials.Physics.LowEnergyPhenomenology.AlphaSource.CanonicalPreparationSetupAngularConvolution (34s)
✔ [14333/14622] Built H0mework.Versions.R71e.ReleaseMaterials.Physics.LowEnergyPhenomenology.ExternalCompositeDecay.SourceNamedMatterNativeDynamics (37s)
✔ [14334/14622] Built H0mework.Versions.R71e.ReleaseMaterials.Physics.LowEnergyPhenomenology.ExternalCompositeDecay.SourcePhaseGaugeLieActual (18s)
✔ [14335/14622] Built H0mework.Versions.E055.ReleaseMaterials.Physics.LowEnergyPhenomenology.AlphaSource.CanonicalPreparationSetupJordanValues (19s)
✔ [14336/14622] Built H0mework.Versions.R71e.ReleaseMaterials.Physics.LowEnergyPhenomenology.ExternalCompositeDecay.SourceNamedMatterWholeGaussReturn (21s)
✔ [14337/14622] Built H0mework.Versions.R71e.ReleaseMaterials.Physics.LowEnergyPhenomenology.ExternalCompositeDecay.MixedSpectatorPhaseCharge (17s)
✔ [14338/14622] Built H0mework.Versions.E055.ReleaseMaterials.Physics.LowEnergyPhenomenology.AlphaSource.CanonicalPreparationKernelSourceInputs (23s)
✔ [14339/14622] Built H0mework.Versions.R71e.ReleaseMaterials.Physics.LowEnergyPhenomenology.ExternalCompositeDecay.SourceNamedMatterYukawaLeakage (29s)
✔ [14340/14622] Built H0mework.Versions.E055.ReleaseMaterials.Physics.LowEnergyPhenomenology.AlphaSource.CanonicalPreparationKernelClockInputs (26s)
✔ [14341/14622] Built H0mework.Versions.R71e.ReleaseMaterials.Physics.LowEnergyPhenomenology.ExternalCompositeDecay.SourceNamedMatterSharpResolvent (22s)
✔ [14342/14622] Built H0mework.Versions.E055.ReleaseMaterials.Physics.LowEnergyPhenomenology.AlphaSource.CanonicalPreparationKernelOperators (22s)
✔ [14343/14622] Built H0mework.Versions.R71e.ReleaseMaterials.Physics.LowEnergyPhenomenology.ExternalCompositeDecay.SourceNamedMatterSharpFrequency (17s)
✔ [14344/14622] Built H0mework.Versions.E055.ReleaseMaterials.Physics.LowEnergyPhenomenology.AlphaSource.CanonicalPreparationRawTableFold (36s)
✔ [14345/14622] Built H0mework.Versions.R71e.ReleaseMaterials.Physics.LowEnergyPhenomenology.ExternalCompositeDecay.SourceNamedMatterSharpTail (35s)
✔ [14346/14622] Built H0mework.Versions.E055.ReleaseMaterials.Physics.LowEnergyPhenomenology.AlphaSource.CanonicalPreparationRawTableStageArrays (18s)
✔ [14347/14622] Built H0mework.Versions.R71e.ReleaseMaterials.Physics.LowEnergyPhenomenology.ExternalCompositeDecay.SourceNamedMatterPrimalChannelPrice (14s)
✔ [14348/14622] Built H0mework.Versions.E055.ReleaseMaterials.Physics.LowEnergyPhenomenology.AlphaSource.CanonicalPreparationRawTableUnitConsumer (34s)
✔ [14349/14622] Built H0mework.Versions.R71e.ReleaseMaterials.Physics.LowEnergyPhenomenology.ExternalCompositeDecay.SourceNamedMatterBottomResponse (38s)
✔ [14350/14622] Built H0mework.Versions.E055.ReleaseMaterials.Physics.LowEnergyPhenomenology.AlphaSource.CanonicalPreparationSourceRemainder (33s)
✔ [14351/14622] Built H0mework.Versions.R71e.ReleaseMaterials.Physics.LowEnergyPhenomenology.ExternalCompositeDecay.SourceNamedMatterSector (31s)
✔ [14352/14622] Built H0mework.Versions.R71e.ReleaseMaterials.Physics.LowEnergyPhenomenology.ExternalCompositeDecay.SourceNamedMatterFourChannelResponse (37s)
✔ [14353/14622] Built H0mework.Versions.E055.ReleaseMaterials.Physics.LowEnergyPhenomenology.AlphaSource.CanonicalPreparationSourcePreparedState (72s)
✔ [14354/14622] Built H0mework.Versions.R71e.ReleaseMaterials.Physics.LowEnergyPhenomenology.ExternalCompositeDecay.SourceGeneralThreeParticleResponse (34s)
✔ [14355/14622] Built H0mework.Versions.R71e.ReleaseMaterials.Physics.LowEnergyPhenomenology.ExternalCompositeDecay.MixedSpectatorOccupation (74s)
✔ [14356/14622] Built H0mework.Versions.R71e.ReleaseMaterials.Physics.LowEnergyPhenomenology.ExternalCompositeDecay.SourceNamedMatterGradeBornBalance (72s)
✔ [14357/14622] Built H0mework.Versions.R71e.ReleaseMaterials.Physics.LowEnergyPhenomenology.ExternalCompositeDecay.SourceGeneralThreeParticleBalance (26s)
✔ [14358/14622] Built H0mework.Versions.E055.ReleaseMaterials.Physics.LowEnergyPhenomenology.AlphaSource.CanonicalPreparationSourceBoundarySequence (36s)
✖ [14359/14622] Building H0mework.Versions.R71e.ReleaseMaterials.Physics.LowEnergyPhenomenology.ExternalCompositeDecay.MixedSpectatorJointFacts (17s)
trace: .> LEAN_PATH=./Lean/.lake/packages/Cli/.lake/build/lib/lean:./Lean/.lake/packages/batteries/.lake/build/lib/lean:./Lean/.lake/packages/Qq/.lake/build/lib/lean:./Lean/.lake/packages/aesop/.lake/build/lib/lean:./Lean/.lake/packages/proofwidgets/.lake/build/lib/lean:./Lean/.lake/packages/importGraph/.lake/build/lib/lean:./Lean/.lake/packages/LeanSearchClient/.lake/build/lib/lean:./Lean/.lake/packages/plausible/.lake/build/lib/lean:./Lean/.lake/packages/mathlib/.lake/build/lib/lean:./Lean/.lake/build/lib/lean runtime/elan/manual/lean-4.33.0-darwin_aarch64/bin/lean -DmaxHeartbeats=2000000 -Dweak.linter.unusedSectionVars=false -Dweak.linter.unnecessarySeqFocus=false -Dweak.linter.unusedVariables=false -Dweak.linter.unreachableTactic=false -Dweak.linter.unusedTactic=false -Dweak.linter.defProp=false -Dweak.linter.deprecated=false -Dlinter.deprecated=false -Dweak.linter.tacticAnalysis.introMerge=false -Dweak.linter.constructorNameAsVariable=false --trust=0 -Dweak.linter.unnecessarySimpa=false -Dweak.linter.style.haveILetI=false -Dweak.linter.unusedSimpArgs=false -DwarningAsError=true ./Lean/H0mework/Versions/R71e/ReleaseMaterials/Physics/LowEnergyPhenomenology/ExternalCompositeDecay/MixedSpectatorJointFacts.lean -o ./Lean/.lake/build/lib/lean/H0mework/Versions/R71e/ReleaseMaterials/Physics/LowEnergyPhenomenology/ExternalCompositeDecay/MixedSpectatorJointFacts.olean -i ./Lean/.lake/build/lib/lean/H0mework/Versions/R71e/ReleaseMaterials/Physics/LowEnergyPhenomenology/ExternalCompositeDecay/MixedSpectatorJointFacts.ilean -c ./Lean/.lake/build/ir/H0mework/Versions/R71e/ReleaseMaterials/Physics/LowEnergyPhenomenology/ExternalCompositeDecay/MixedSpectatorJointFacts.c --setup ./Lean/.lake/build/ir/H0mework/Versions/R71e/ReleaseMaterials/Physics/LowEnergyPhenomenology/ExternalCompositeDecay/MixedSpectatorJointFacts.setup.json --json
error: H0mework/Versions/R71e/ReleaseMaterials/Physics/LowEnergyPhenomenology/ExternalCompositeDecay/MixedSpectatorJointFacts.lean:1:0: import H0mework.Versions.R71e.ReleaseMaterials.Physics.LowEnergyPhenomenology.ExternalCompositeDecay.MixedSpectatorSpin failed, environment already contains 'LowEnergy.MixedSpectatorCandidate.instDecidableEqIndex' from H0mework.Versions.R71e.ReleaseMaterials.Physics.LowEnergyPhenomenology.ExternalCompositeDecay.MixedSpectatorColorMatrix
error: Lean exited with code 1
✔ [14362/14622] Built H0mework.Versions.R71e.ReleaseMaterials.Physics.LowEnergyPhenomenology.ExternalCompositeDecay.SourceNamedMatterFourGradeTime (32s)
✔ [14363/14622] Built H0mework.Versions.R71e.ReleaseMaterials.Physics.LowEnergyPhenomenology.ExternalCompositeDecay.MixedSpectatorDynamicResponse (42s)
✔ [14366/14628] Built H0mework.Versions.R71e.ReleaseMaterials.Physics.LowEnergyPhenomenology.ExternalCompositeDecay.SourceYukawaResolventDetection (65s)
✔ [14367/14628] Built H0mework.Versions.R71e.ReleaseMaterials.Physics.LowEnergyPhenomenology.ExternalCompositeDecay.SourceYukawaCorrectionDetection (67s)
✔ [14377/14628] Built H0mework.Versions.R71e.ReleaseMaterials.Physics.LowEnergyPhenomenology.ExternalCompositeDecay.SourceActualSignedSectorProjection (90s)
✔ [14378/14628] Built H0mework.Versions.R71e.ReleaseMaterials.Physics.LowEnergyPhenomenology.ExternalCompositeDecay.SourceNamedMatterFourGradeTimeMeasure (90s)
✔ [14379/14691] Built H0mework.Versions.R71e.ReleaseMaterials.Physics.LowEnergyPhenomenology.ExternalCompositeDecay.MixedSpectatorYukawaColumn (41s)
✔ [14405/14691] Built H0mework.Versions.R71e.ReleaseMaterials.Physics.LowEnergyPhenomenology.ExternalCompositeDecay.SourceActualRetardedOutputNonzero (52s)
✔ [14406/14691] Built H0mework.Versions.R71e.ReleaseMaterials.Physics.LowEnergyPhenomenology.ExternalCompositeDecay.SourceFullYPositiveOutputParseval (63s)
✔ [14407/14691] Built H0mework.Versions.R71e.ReleaseMaterials.Physics.LowEnergyPhenomenology.ExternalCompositeDecay.SourceActualSignedSectorAction (96s)
✔ [14408/14691] Built H0mework.Versions.R71e.ReleaseMaterials.Physics.LowEnergyPhenomenology.ExternalCompositeDecay.MixedSpectatorYukawaMatrix (128s)
✔ [14443/14691] Built H0mework.Versions.R71e.ReleaseMaterials.Physics.LowEnergyPhenomenology.ExternalCompositeDecay.MixedSpectatorYukawaSource (168s)
✔ [14454/14698] Built H0mework.Versions.R71e.ReleaseMaterials.Physics.LowEnergyPhenomenology.ExternalCompositeDecay.SourceNamedMatterPositiveOutputMass (52s)
✔ [14474/14698] Built H0mework.Versions.R71e.ReleaseMaterials.Physics.LowEnergyPhenomenology.ExternalCompositeDecay.SourceActualSignedSectorCompression (50s)
✔ [14503/14698] Built H0mework.Versions.E055.ReleaseMaterials.Physics.LowEnergyPhenomenology.AlphaSource.CanonicalPreparationElectricPairCurrent (41s)
✔ [14521/14698] Built H0mework.Versions.R71e.ReleaseMaterials.Physics.LowEnergyPhenomenology.ExternalCompositeDecay.MixedSpectatorYukawaNonzero (57s)
✔ [14523/14698] Built H0mework.Versions.R71e.ReleaseMaterials.Physics.LowEnergyPhenomenology.ExternalCompositeDecay.SourceActualSignedSectorResolvent (27s)
✔ [14546/14698] Built H0mework.Versions.E055.ReleaseMaterials.Physics.LowEnergyPhenomenology.AlphaSource.CanonicalPreparationElectricCoreWard (35s)
✔ [14547/14698] Built H0mework.Versions.R71e.ReleaseMaterials.Physics.LowEnergyPhenomenology.ExternalCompositeDecay.SourceYukawaPositiveCorrection (36s)
✔ [14554/14698] Built H0mework.Versions.E055.ReleaseMaterials.Physics.LowEnergyPhenomenology.AlphaSource.CanonicalPreparationGaugePreparedPorts (184s)
✔ [14562/14698] Built H0mework.Versions.R71e.ReleaseMaterials.Physics.LowEnergyPhenomenology.ExternalCompositeDecay.SourceActualSignedSectorTime (216s)
✔ [14571/14698] Built H0mework.Versions.R71e.ReleaseMaterials.Physics.LowEnergyPhenomenology.ExternalCompositeDecay.SourceGeneralThreeParticleYukawaOptical (162s)
✔ [14581/14698] Built H0mework.Versions.E055.ReleaseMaterials.Physics.LowEnergyPhenomenology.AlphaSource.CanonicalPreparationActionStateRestriction (380s)
✔ [14582/14698] Built H0mework.Versions.E055.ReleaseMaterials.Physics.LowEnergyPhenomenology.AlphaSource.CanonicalPreparationFieldTangentCurrent (315s)
✔ [14584/14698] Built H0mework.Versions.E055.ReleaseMaterials.Physics.LowEnergyPhenomenology.AlphaSource.CanonicalPreparationYukawaCutoffField (195s)
✔ [14586/14698] Built H0mework.Versions.E055.ReleaseMaterials.Physics.LowEnergyPhenomenology.AlphaSource.CanonicalPreparationActionFieldLift (44s)
✔ [14587/14698] Built H0mework.Versions.E055.ReleaseMaterials.Physics.LowEnergyPhenomenology.AlphaSource.CanonicalPreparationFieldFormCurrent (32s)
✔ [14588/14698] Built H0mework.Versions.E055.ReleaseMaterials.Physics.LowEnergyPhenomenology.AlphaSource.CanonicalPreparationYukawaLocalJets (83s)
✔ [14591/14698] Built H0mework.Versions.E055.ReleaseMaterials.Physics.LowEnergyPhenomenology.AlphaSource.CanonicalPreparationFieldPreparedCovector (98s)
✔ [14593/14698] Built H0mework.Versions.E055.ReleaseMaterials.Physics.LowEnergyPhenomenology.AlphaSource.CanonicalPreparationYukawaFullYResponse (223s)
✔ [14594/14698] Built H0mework.Versions.E055.ReleaseMaterials.Physics.LowEnergyPhenomenology.AlphaSource.CanonicalPreparationYukawaUncutDomain (95s)
✔ [14595/14698] Built H0mework.Versions.E055.ReleaseMaterials.Physics.LowEnergyPhenomenology.AlphaSource.CanonicalPreparationHalfDensityFixedFiber (17s)
ℹ [14596/14698] Built H0mework.Versions.E055.ReleaseMaterials.Physics.LowEnergyPhenomenology.AlphaSource.CanonicalPreparationYukawaCutoffJets (40s)
info: H0mework/Versions/E055/ReleaseMaterials/Physics/LowEnergyPhenomenology/AlphaSource/CanonicalPreparationYukawaCutoffJets.lean:225:4: Try this:
  [apply] ring_nf
  
  The `ring` tactic failed to close the goal. Use `ring_nf` to obtain a normal form.
    
  Note that `ring` works primarily in *commutative* rings. If you have a noncommutative ring, abelian group or module, consider using `noncomm_ring`, `abel` or `module` instead.
info: H0mework/Versions/E055/ReleaseMaterials/Physics/LowEnergyPhenomenology/AlphaSource/CanonicalPreparationYukawaCutoffJets.lean:241:6: Try this:
  [apply] ring_nf
  
  The `ring` tactic failed to close the goal. Use `ring_nf` to obtain a normal form.
    
  Note that `ring` works primarily in *commutative* rings. If you have a noncommutative ring, abelian group or module, consider using `noncomm_ring`, `abel` or `module` instead.
info: H0mework/Versions/E055/ReleaseMaterials/Physics/LowEnergyPhenomenology/AlphaSource/CanonicalPreparationYukawaCutoffJets.lean:245:6: Try this:
  [apply] ring_nf
  
  The `ring` tactic failed to close the goal. Use `ring_nf` to obtain a normal form.
    
  Note that `ring` works primarily in *commutative* rings. If you have a noncommutative ring, abelian group or module, consider using `noncomm_ring`, `abel` or `module` instead.
info: H0mework/Versions/E055/ReleaseMaterials/Physics/LowEnergyPhenomenology/AlphaSource/CanonicalPreparationYukawaCutoffJets.lean:250:6: Try this:
  [apply] ring_nf
  
  The `ring` tactic failed to close the goal. Use `ring_nf` to obtain a normal form.
    
  Note that `ring` works primarily in *commutative* rings. If you have a noncommutative ring, abelian group or module, consider using `noncomm_ring`, `abel` or `module` instead.
✔ [14597/14698] Built H0mework.Versions.E055.ReleaseMaterials.Physics.LowEnergyPhenomenology.AlphaSource.CanonicalPreparationHalfDensitySourceJets (30s)
✔ [14598/14698] Built H0mework.Versions.E055.ReleaseMaterials.Physics.LowEnergyPhenomenology.AlphaSource.CanonicalPreparationSpatialRatioDerivative (24s)
✔ [14599/14702] Built H0mework.Versions.E055.ReleaseMaterials.Physics.LowEnergyPhenomenology.AlphaSource.CanonicalPreparationYukawaObservedLimit (45s)
✔ [14600/14702] Built H0mework.Versions.E055.ReleaseMaterials.Physics.LowEnergyPhenomenology.AlphaSource.CanonicalPreparationSpatialMomentumTransport (28s)
✔ [14601/14702] Built H0mework.Versions.E055.ReleaseMaterials.Physics.LowEnergyPhenomenology.AlphaSource.CanonicalPreparationHalfDensityCompressionFeed (37s)
✔ [14602/14704] Built H0mework.Versions.E055.ReleaseMaterials.Physics.LowEnergyPhenomenology.AlphaSource.CanonicalPreparationSpatialFullFormFeed (34s)
✔ [14603/14707] Built H0mework.Versions.E055.ReleaseMaterials.Physics.LowEnergyPhenomenology.AlphaSource.CanonicalPreparationJointParameterIntegral (30s)
✔ [14604/14710] Built H0mework.Versions.E055.ReleaseMaterials.Physics.LowEnergyPhenomenology.AlphaSource.CanonicalPreparationJointSource (90s)
✔ [14605/14712] Built H0mework.Versions.E055.ReleaseMaterials.Physics.LowEnergyPhenomenology.AlphaSource.CanonicalPreparationJointMixedResponse (50s)
✔ [14607/14712] Built H0mework.Versions.E055.ReleaseMaterials.Physics.LowEnergyPhenomenology.AlphaSource.CanonicalPreparationRawJointReaderCompression (35s)
✔ [14608/14712] Built H0mework.Versions.E055.ReleaseMaterials.Physics.LowEnergyPhenomenology.AlphaSource.CanonicalPreparationRawJointFiveTerms (27s)
✔ [14609/14713] Built H0mework.Versions.E055.ReleaseMaterials.Physics.LowEnergyPhenomenology.AlphaSource.CanonicalPreparationPhysicalRawTimeJets (34s)
✔ [14610/14757] Built H0mework.Versions.E055.ReleaseMaterials.Physics.LowEnergyPhenomenology.AlphaSource.CanonicalSourcePropagationCommonCarrier (25s)
✔ [14611/14858] Built H0mework.Versions.E055.ReleaseMaterials.Physics.LowEnergyPhenomenology.AlphaSource.CanonicalPreparationElectricPreparedWard (49s)
✔ [14612/14858] Built H0mework.Versions.E055.ReleaseMaterials.Physics.LowEnergyPhenomenology.AlphaSource.CanonicalPreparationSourceActionTimeMatrix (22s)
✔ [14613/14950] Built H0mework.Versions.E055.ReleaseMaterials.Physics.LowEnergyPhenomenology.AlphaSource.EmIdentification.PhysicalFullFieldCoefficients (75s)
✔ [14614/14950] Built H0mework.Versions.E055.ReleaseMaterials.Physics.LowEnergyPhenomenology.AlphaSource.CanonicalPreparationOriginalPreparedGreen (2289s)
✔ [14615/14950] Built H0mework.Versions.E055.ReleaseMaterials.Physics.LowEnergyPhenomenology.AlphaSource.EmIdentification.PhysicalFullFieldMixed (25s)
✔ [14617/14950] Built H0mework.Versions.E055.ReleaseMaterials.Physics.LowEnergyPhenomenology.AlphaSource.CanonicalPreparationSourceStaticMixedChannel (41s)
✔ [14621/14950] Built H0mework.Versions.E055.ReleaseMaterials.Physics.LowEnergyPhenomenology.AlphaSource.CanonicalPreparationSourceMixedPrincipal (54s)
✔ [14626/14950] Built H0mework.Versions.E055.ReleaseMaterials.Physics.LowEnergyPhenomenology.AlphaSource.CanonicalPreparationPhysicalActualEnvelopes (23s)
✔ [14628/14950] Built H0mework.Versions.E055.ReleaseMaterials.Physics.LowEnergyPhenomenology.AlphaSource.EmIdentification.PhysicalFullFieldScaling (31s)
✔ [14629/14950] Built H0mework.Versions.E055.ReleaseMaterials.Physics.LowEnergyPhenomenology.AlphaSource.EmIdentification.PhysicalFullFieldContinuity (47s)
✔ [14634/14950] Built H0mework.Versions.E055.ReleaseMaterials.Physics.LowEnergyPhenomenology.AlphaSource.CanonicalPreparationPhysicalFiveSourcePrice (61s)
✔ [14635/14950] Built H0mework.Versions.E055.ReleaseMaterials.Physics.LowEnergyPhenomenology.AlphaSource.CanonicalPreparationOriginalHistoryConjugation (41s)
✔ [14636/14950] Built H0mework.Versions.E055.ReleaseMaterials.Physics.LowEnergyPhenomenology.AlphaSource.CanonicalPreparationPhysicalControlledFieldTail (34s)
✔ [14637/14950] Built H0mework.Versions.E055.ReleaseMaterials.Physics.LowEnergyPhenomenology.AlphaSource.CanonicalPreparationPropagationPencilDynamics (44s)
✔ [14638/14950] Built H0mework.Versions.E055.ReleaseMaterials.Physics.LowEnergyPhenomenology.AlphaSource.CanonicalPreparationOrderedConjugatedSignal (58s)
✔ [14639/14950] Built H0mework.Versions.E055.ReleaseMaterials.Physics.LowEnergyPhenomenology.AlphaSource.CanonicalPreparationPropagationHalfAxisPencil (52s)
✔ [14640/14950] Built H0mework.Versions.E055.ReleaseMaterials.Physics.LowEnergyPhenomenology.AlphaSource.CanonicalPreparationOriginalRealActionFeed (58s)
✔ [14641/14950] Built H0mework.Versions.E055.ReleaseMaterials.Physics.LowEnergyPhenomenology.AlphaSource.CanonicalPreparationPropagationWholeCurvatureReturn (58s)
✔ [14642/14950] Built H0mework.Versions.E055.ReleaseMaterials.Physics.LowEnergyPhenomenology.AlphaSource.CanonicalPreparationNoetherCurrentTimeBalance (59s)
✔ [14645/14950] Built H0mework.Versions.E055.ReleaseMaterials.Physics.LowEnergyPhenomenology.AlphaSource.CanonicalSourcePropagationTwoTimeGroup (38s)
✔ [14646/14950] Built H0mework.Versions.E055.ReleaseMaterials.Physics.LowEnergyPhenomenology.AlphaSource.CanonicalPreparationTemporalChargeNormalization (23s)
✔ [14647/14950] Built H0mework.Versions.E055.ReleaseMaterials.Physics.LowEnergyPhenomenology.AlphaSource.CanonicalPreparationSourcePreparedChargeAction (35s)
✔ [14648/14950] Built H0mework.Versions.E055.ReleaseMaterials.Physics.LowEnergyPhenomenology.AlphaSource.CanonicalPreparationWeightedChargeCoreWard (27s)
✔ [14650/14950] Built H0mework.Versions.E055.ReleaseMaterials.Physics.LowEnergyPhenomenology.AlphaSource.CanonicalPreparationNativeStateContact (15s)
✔ [14651/14950] Built H0mework.Versions.E055.ReleaseMaterials.Physics.LowEnergyPhenomenology.AlphaSource.CanonicalSourcePropagationInverse (83s)
✔ [14652/14950] Built H0mework.Versions.E055.ReleaseMaterials.Physics.LowEnergyPhenomenology.AlphaSource.CanonicalSourcePropagationWholeResolvent (23s)
✔ [14653/14950] Built H0mework.Versions.E055.ReleaseMaterials.Physics.LowEnergyPhenomenology.AlphaSource.CanonicalPreparationNativeActionJets (26s)
✔ [14654/14950] Built H0mework.Versions.E055.ReleaseMaterials.Physics.LowEnergyPhenomenology.AlphaSource.CanonicalPreparationNativePreparedResponse (30s)
✔ [14655/14966] Built H0mework.Versions.E055.ReleaseMaterials.Physics.LowEnergyPhenomenology.AlphaSource.CanonicalSourcePropagationReverseTimeGroup (44s)
✔ [14656/14966] Built H0mework.Versions.E055.ReleaseMaterials.Physics.LowEnergyPhenomenology.AlphaSource.CanonicalPreparationOriginalGaugeScalar (20s)
✔ [14657/14979] Built H0mework.Versions.E055.ReleaseMaterials.Physics.LowEnergyPhenomenology.AlphaSource.CanonicalPreparationPrimitiveColorFields (25s)
✔ [14658/14979] Built H0mework.Versions.E055.ReleaseMaterials.Physics.LowEnergyPhenomenology.AlphaSource.CanonicalPreparationGaugeCurvatureMixed (46s)
✔ [14660/14979] Built H0mework.Versions.E055.ReleaseMaterials.Physics.LowEnergyPhenomenology.AlphaSource.CanonicalSourcePropagationPastInverse (86s)
✔ [14661/14979] Built H0mework.Versions.E055.ReleaseMaterials.Physics.LowEnergyPhenomenology.AlphaSource.CanonicalSourcePropagationAxisReadback (55s)
✔ [14662/14979] Built H0mework.Versions.E055.ReleaseMaterials.Physics.LowEnergyPhenomenology.AlphaSource.CanonicalPreparationSpinConnectionLie (98s)
✔ [14663/14979] Built H0mework.Versions.E055.ReleaseMaterials.Physics.LowEnergyPhenomenology.AlphaSource.CanonicalSourcePropagationActualFieldPencil (88s)
✔ [14664/14979] Built H0mework.Versions.E055.ReleaseMaterials.Physics.LowEnergyPhenomenology.AlphaSource.CanonicalPreparationPrimitiveLorentzFields (111s)
✔ [14665/14979] Built H0mework.Versions.E055.ReleaseMaterials.Physics.LowEnergyPhenomenology.AlphaSource.CanonicalPreparationOriginalSourceColumns (31s)
✔ [14667/14979] Built H0mework.Versions.E055.ReleaseMaterials.Physics.LowEnergyPhenomenology.AlphaSource.CanonicalPreparationSourceChargeSpectrum (62s)
✔ [14668/14979] Built H0mework.Versions.E055.ReleaseMaterials.Physics.LowEnergyPhenomenology.AlphaSource.CanonicalSourcePropagationActualFieldInverse (154s)
✔ [14669/14979] Built H0mework.Versions.E055.ReleaseMaterials.Physics.LowEnergyPhenomenology.AlphaSource.CanonicalPreparationPreparedNativeCarrier (21s)
✔ [14671/14979] Built H0mework.Versions.E055.ReleaseMaterials.Physics.LowEnergyPhenomenology.AlphaSource.CanonicalSourcePropagationFullBackgroundReturn (82s)
✔ [14672/14979] Built H0mework.Versions.E055.ReleaseMaterials.Physics.LowEnergyPhenomenology.AlphaSource.CanonicalPreparationSourceRestPoleSpectrum (125s)
✔ [14673/14979] Built H0mework.Versions.E055.ReleaseMaterials.Physics.LowEnergyPhenomenology.AlphaSource.CanonicalSourcePropagationCoframeInverseJets (45s)
✔ [14674/14979] Built H0mework.Versions.E055.ReleaseMaterials.Physics.LowEnergyPhenomenology.AlphaSource.CanonicalPreparationLorentzCurvatureMixed (39s)
✔ [14675/14979] Built H0mework.Versions.E055.ReleaseMaterials.Physics.LowEnergyPhenomenology.AlphaSource.CanonicalSourcePropagationActualBackgroundEvolution (82s)
✔ [14676/14979] Built H0mework.Versions.E055.ReleaseMaterials.Physics.LowEnergyPhenomenology.AlphaSource.CanonicalPreparationSourceJointLocking (53s)
✔ [14677/14979] Built H0mework.Versions.E055.ReleaseMaterials.Physics.LowEnergyPhenomenology.AlphaSource.CanonicalPreparationSourceRestMatterLight (22s)
✔ [14678/14979] Built H0mework.Versions.E055.ReleaseMaterials.Physics.LowEnergyPhenomenology.AlphaSource.CanonicalSourcePropagationNativeHodgeFlat (101s)
✔ [14679/14979] Built H0mework.Versions.E055.ReleaseMaterials.Physics.LowEnergyPhenomenology.AlphaSource.CanonicalSourcePropagationNativeGravityScalarReturn (398s)
✔ [14680/14979] Built H0mework.Versions.E055.ReleaseMaterials.Physics.LowEnergyPhenomenology.AlphaSource.CanonicalSourcePropagationNativeGaugeRay (87s)
✔ [14681/14979] Built H0mework.Versions.E055.ReleaseMaterials.Physics.LowEnergyPhenomenology.AlphaSource.CanonicalPreparationSourceSimplicityJets (16s)
✔ [14682/14982] Built H0mework.Versions.E055.ReleaseMaterials.Physics.LowEnergyPhenomenology.AlphaSource.CanonicalPreparationSourceRestNativeCurrentCoupling (24s)
✔ [14683/14982] Built H0mework.Versions.E055.ReleaseMaterials.Physics.LowEnergyPhenomenology.AlphaSource.CanonicalSourcePropagationNativeFourierDictionary (12s)
✔ [14684/14982] Built H0mework.Versions.E055.ReleaseMaterials.Physics.LowEnergyPhenomenology.AlphaSource.CanonicalSourcePropagationNearFieldHalfAxis (56s)
✖ [14685/14982] Building H0mework.Versions.E055.ReleaseMaterials.Physics.LowEnergyPhenomenology.AlphaSource.CanonicalSourcePropagationNativeGaugeLiteral (14s)
trace: .> LEAN_PATH=./Lean/.lake/packages/Cli/.lake/build/lib/lean:./Lean/.lake/packages/batteries/.lake/build/lib/lean:./Lean/.lake/packages/Qq/.lake/build/lib/lean:./Lean/.lake/packages/aesop/.lake/build/lib/lean:./Lean/.lake/packages/proofwidgets/.lake/build/lib/lean:./Lean/.lake/packages/importGraph/.lake/build/lib/lean:./Lean/.lake/packages/LeanSearchClient/.lake/build/lib/lean:./Lean/.lake/packages/plausible/.lake/build/lib/lean:./Lean/.lake/packages/mathlib/.lake/build/lib/lean:./Lean/.lake/build/lib/lean runtime/elan/manual/lean-4.33.0-darwin_aarch64/bin/lean -DmaxHeartbeats=2000000 -Dweak.linter.unusedSectionVars=false -Dweak.linter.unnecessarySeqFocus=false -Dweak.linter.unusedVariables=false -Dweak.linter.unreachableTactic=false -Dweak.linter.unusedTactic=false -Dweak.linter.defProp=false -Dweak.linter.deprecated=false -Dlinter.deprecated=false -Dweak.linter.tacticAnalysis.introMerge=false -Dweak.linter.constructorNameAsVariable=false --trust=0 -Dweak.linter.unnecessarySimpa=false -Dweak.linter.style.haveILetI=false -Dweak.linter.unusedSimpArgs=false -DwarningAsError=true ./Lean/H0mework/Versions/E055/ReleaseMaterials/Physics/LowEnergyPhenomenology/AlphaSource/CanonicalSourcePropagationNativeGaugeLiteral.lean -o ./Lean/.lake/build/lib/lean/H0mework/Versions/E055/ReleaseMaterials/Physics/LowEnergyPhenomenology/AlphaSource/CanonicalSourcePropagationNativeGaugeLiteral.olean -i ./Lean/.lake/build/lib/lean/H0mework/Versions/E055/ReleaseMaterials/Physics/LowEnergyPhenomenology/AlphaSource/CanonicalSourcePropagationNativeGaugeLiteral.ilean -c ./Lean/.lake/build/ir/H0mework/Versions/E055/ReleaseMaterials/Physics/LowEnergyPhenomenology/AlphaSource/CanonicalSourcePropagationNativeGaugeLiteral.c --setup ./Lean/.lake/build/ir/H0mework/Versions/E055/ReleaseMaterials/Physics/LowEnergyPhenomenology/AlphaSource/CanonicalSourcePropagationNativeGaugeLiteral.setup.json --json
error: H0mework/Versions/E055/ReleaseMaterials/Physics/LowEnergyPhenomenology/AlphaSource/CanonicalSourcePropagationNativeGaugeLiteral.lean:1:0: import H0mework.Versions.E055.ReleaseMaterials.Physics.LowEnergyPhenomenology.AlphaSource.CanonicalSourcePropagationNativeGravityScalarReturn failed, environment already contains 'LowEnergy.SourcePropagationNativeActionHessian.instNormedSpaceRealLorentzianCoframe_1' from H0mework.Versions.E055.ReleaseMaterials.Physics.LowEnergyPhenomenology.AlphaSource.CanonicalSourcePropagationCoframeInverseJets
error: Lean exited with code 1
✔ [14687/14984] Built H0mework.Versions.E055.ReleaseMaterials.Physics.LowEnergyPhenomenology.AlphaSource.CanonicalSourcePropagationNativeDiracRay (39s)
✔ [14688/14984] Built H0mework.Versions.E055.ReleaseMaterials.Physics.LowEnergyPhenomenology.AlphaSource.CanonicalPreparationSourceBFJets (27s)
✔ [14689/14986] Built H0mework.Versions.E055.ReleaseMaterials.Physics.LowEnergyPhenomenology.AlphaSource.CanonicalSourcePropagationNativeSourceDictionaryNormalization (20s)
✔ [14691/14986] Built H0mework.Versions.E055.ReleaseMaterials.Physics.LowEnergyPhenomenology.AlphaSource.CanonicalPreparationSourceGravityActualCurveReturn (24s)
✔ [14692/14986] Built H0mework.Versions.E055.ReleaseMaterials.Physics.LowEnergyPhenomenology.AlphaSource.CanonicalSourcePropagationPreparedTimeReturn (35s)
✔ [14693/14986] Built H0mework.Versions.E055.ReleaseMaterials.Physics.LowEnergyPhenomenology.AlphaSource.CanonicalSourcePropagationNativeStructuralSourceSort (18s)
✔ [14694/14986] Built H0mework.Versions.E055.ReleaseMaterials.Physics.LowEnergyPhenomenology.AlphaSource.CanonicalPreparationRepairedGravitySourceJets (14s)
✔ [14696/14986] Built H0mework.Versions.E055.ReleaseMaterials.Physics.LowEnergyPhenomenology.AlphaSource.CanonicalPreparationRepairedGravityAuxiliaryGraph (17s)
✔ [14697/14986] Built H0mework.Versions.E055.ReleaseMaterials.Physics.LowEnergyPhenomenology.AlphaSource.CanonicalSourcePropagationActualMomentumPencil (22s)
✔ [14698/14986] Built H0mework.Versions.E055.ReleaseMaterials.Physics.LowEnergyPhenomenology.AlphaSource.CanonicalPreparationRepairedGravityMixedReturn (18s)
✔ [14699/14986] Built H0mework.Versions.E055.ReleaseMaterials.Physics.LowEnergyPhenomenology.AlphaSource.CanonicalSourcePropagationCompressionPolynomial (53s)
✔ [14700/14986] Built H0mework.Versions.E055.ReleaseMaterials.Physics.LowEnergyPhenomenology.AlphaSource.CanonicalPreparationOriginalLorentzQuadratic (39s)
✔ [14701/14986] Built H0mework.Versions.E055.ReleaseMaterials.Physics.LowEnergyPhenomenology.AlphaSource.CanonicalSourcePropagationPreparedMomentumReturn (115s)
✔ [14702/14990] Built H0mework.Versions.E055.ReleaseMaterials.Physics.LowEnergyPhenomenology.AlphaSource.CanonicalSourcePropagationJointSourceAnnihilator (34s)
✔ [14703/14990] Built H0mework.Versions.E055.ReleaseMaterials.Physics.LowEnergyPhenomenology.AlphaSource.CanonicalSourcePropagationPreparedMeromorphicResponse (198s)
✔ [14704/14993] Built H0mework.Versions.E055.ReleaseMaterials.Physics.LowEnergyPhenomenology.AlphaSource.CanonicalSourcePropagationSourceSpectralInverse (47s)
✔ [14705/14993] Built H0mework.Versions.E055.ReleaseMaterials.Physics.LowEnergyPhenomenology.AlphaSource.CanonicalSourcePropagationActualOrderedTimeDrive (35s)
✔ [14706/14993] Built H0mework.Versions.E055.ReleaseMaterials.Physics.LowEnergyPhenomenology.AlphaSource.CanonicalSourcePropagationFullFiveLeading (56s)
✔ [14707/14993] Built H0mework.Versions.E055.ReleaseMaterials.Physics.LowEnergyPhenomenology.AlphaSource.CanonicalSourcePropagationMovingTimeLegendre (18s)
✔ [14708/15000] Built H0mework.Versions.E055.ReleaseMaterials.Physics.LowEnergyPhenomenology.AlphaSource.CanonicalSourcePropagationPreparedHistoryResponse (37s)
✔ [14709/15000] Built H0mework.Versions.E055.ReleaseMaterials.Physics.LowEnergyPhenomenology.AlphaSource.CanonicalSourcePropagationOriginalFieldPoleReturn (12s)
✔ [14710/15009] Built H0mework.Versions.E055.ReleaseMaterials.Physics.LowEnergyPhenomenology.AlphaSource.CanonicalSourcePropagationNoetherHistoryResponse (26s)
✔ [14711/15009] Built H0mework.Versions.E055.ReleaseMaterials.Physics.LowEnergyPhenomenology.AlphaSource.RawActionDensity (13s)
✔ [14712/15016] Built H0mework.Versions.E055.ReleaseMaterials.Physics.LowEnergyPhenomenology.AlphaSource.CanonicalSourcePropagationNoetherEulerReturn (13s)
✔ [14740/15115] Built H0mework.Versions.E055.ReleaseMaterials.Physics.LowEnergyPhenomenology.AlphaSource.CanonicalPreparationSourceOriginalEnergyDensity (15s)
ℹ [14755/15319] Replayed H0mework.Versions.T.ReleaseMaterials.Physics.LowEnergyPhenomenology.FullQuantum.BosonEffective.Consumer
info: H0mework/Versions/T/ReleaseMaterials/Physics/LowEnergyPhenomenology/FullQuantum/BosonEffective/Consumer.lean:47:0: 'SaturationMonoid.PhysicsCore.LowEnergy.BosonEffective.Consumer.source55_matter48_response' depends on axioms: [propext,
 Classical.choice,
 Quot.sound]
info: H0mework/Versions/T/ReleaseMaterials/Physics/LowEnergyPhenomenology/FullQuantum/BosonEffective/Consumer.lean:48:0: 'SaturationMonoid.PhysicsCore.LowEnergy.BosonEffective.Consumer.original168_auxiliary_order' depends on axioms: [propext,
 Classical.choice,
 Quot.sound]
info: H0mework/Versions/T/ReleaseMaterials/Physics/LowEnergyPhenomenology/FullQuantum/BosonEffective/Consumer.lean:49:0: 'SaturationMonoid.PhysicsCore.LowEnergy.BosonEffective.Consumer.heavy42_second_order' depends on axioms: [propext,
 Classical.choice,
 Quot.sound]
info: H0mework/Versions/T/ReleaseMaterials/Physics/LowEnergyPhenomenology/FullQuantum/BosonEffective/Consumer.lean:50:0: 'SaturationMonoid.PhysicsCore.LowEnergy.BosonEffective.Consumer.original289_boson55_propagator' depends on axioms: [propext,
 Classical.choice,
 Quot.sound]
info: H0mework/Versions/T/ReleaseMaterials/Physics/LowEnergyPhenomenology/FullQuantum/BosonEffective/Consumer.lean:51:0: 'SaturationMonoid.PhysicsCore.LowEnergy.BosonEffective.Consumer.source42_cubic_identity' depends on axioms: [propext,
 Classical.choice,
 Quot.sound]
info: H0mework/Versions/T/ReleaseMaterials/Physics/LowEnergyPhenomenology/FullQuantum/BosonEffective/Consumer.lean:52:0: 'SaturationMonoid.PhysicsCore.LowEnergy.BosonEffective.Consumer.true_dynamic_metric_low_ray' depends on axioms: [propext,
 Classical.choice,
 Quot.sound]
info: H0mework/Versions/T/ReleaseMaterials/Physics/LowEnergyPhenomenology/FullQuantum/BosonEffective/Consumer.lean:53:0: 'SaturationMonoid.PhysicsCore.LowEnergy.BosonEffective.Consumer.source_metric_two_limits' depends on axioms: [propext,
 Classical.choice,
 Quot.sound]
ℹ [14762/15319] Replayed H0mework.Versions.T.ReleaseMaterials.Physics.LowEnergyPhenomenology.FullQuantum.LightKernel.Consumer
info: H0mework/Versions/T/ReleaseMaterials/Physics/LowEnergyPhenomenology/FullQuantum/LightKernel/Consumer.lean:55:0: 'LightKernelConsumer.source_phase_coordinates' depends on axioms: [propext, Classical.choice, Quot.sound]
info: H0mework/Versions/T/ReleaseMaterials/Physics/LowEnergyPhenomenology/FullQuantum/LightKernel/Consumer.lean:56:0: 'LightKernelConsumer.first_order_pair_nontrivial' depends on axioms: [propext, Classical.choice, Quot.sound]
info: H0mework/Versions/T/ReleaseMaterials/Physics/LowEnergyPhenomenology/FullQuantum/LightKernel/Consumer.lean:57:0: 'LightKernelConsumer.actual_metric_leg' depends on axioms: [propext, Classical.choice, Quot.sound]
info: H0mework/Versions/T/ReleaseMaterials/Physics/LowEnergyPhenomenology/FullQuantum/LightKernel/Consumer.lean:58:0: 'LightKernelConsumer.actual_degree_eight' depends on axioms: [propext, Classical.choice, Quot.sound]
info: H0mework/Versions/T/ReleaseMaterials/Physics/LowEnergyPhenomenology/FullQuantum/LightKernel/Consumer.lean:59:0: 'LightKernelConsumer.actual_quadratic_frequency' depends on axioms: [propext, Classical.choice, Quot.sound]
info: H0mework/Versions/T/ReleaseMaterials/Physics/LowEnergyPhenomenology/FullQuantum/LightKernel/Consumer.lean:60:0: 'LightKernelConsumer.actual_metric_source_and_contact' depends on axioms: [propext, Classical.choice, Quot.sound]
info: H0mework/Versions/T/ReleaseMaterials/Physics/LowEnergyPhenomenology/FullQuantum/LightKernel/Consumer.lean:61:0: 'LightKernelConsumer.actual_light_graph' depends on axioms: [propext, Classical.choice, Quot.sound]
✔ [14764/15355] Built H0mework.Versions.E055.ReleaseMaterials.Physics.LowEnergyPhenomenology.AlphaSource.CanonicalPreparationOriginalLorentzInverse (590s)
✔ [14765/15362] Built H0mework.Versions.E055.ReleaseMaterials.Physics.LowEnergyPhenomenology.AlphaSource.CanonicalPreparationOriginalLorentzLoad (20s)
✔ [14766/15362] Built H0mework.Versions.E055.ReleaseMaterials.Physics.LowEnergyPhenomenology.AlphaSource.CanonicalPreparationOriginalVelocityLoad (19s)
✔ [14767/15362] Built H0mework.Versions.R3bbcbd59.ReleaseMaterials.Physics.LowEnergyPhenomenology.AlphaSource.CanonicalPreparationSerializedAsset (347s)
✔ [14768/15362] Built H0mework.Versions.E055.ReleaseMaterials.Physics.LowEnergyPhenomenology.AlphaSource.CanonicalPreparationOriginalVelocityPrimary (230s)
✔ [14769/15364] Built H0mework.Versions.R3bbcbd59.ReleaseMaterials.Physics.LowEnergyPhenomenology.AlphaSource.CanonicalPreparationSerializedConsumer (176s)
✔ [14770/15364] Built H0mework.Versions.E055.ReleaseMaterials.Physics.LowEnergyPhenomenology.AlphaSource.CanonicalPreparationOriginalGaussKinetic (188s)
✔ [14771/15364] Built H0mework.Versions.E055.ReleaseMaterials.Physics.LowEnergyPhenomenology.AlphaSource.CanonicalPreparationOriginalSpinCurrent (15s)
✔ [14772/15368] Built H0mework.Versions.R3bbcbd59.ReleaseMaterials.Physics.LowEnergyPhenomenology.AlphaSource.CanonicalPreparationEmitterStages (35s)
✔ [14773/15372] Built H0mework.Versions.E055.ReleaseMaterials.Physics.LowEnergyPhenomenology.AlphaSource.CanonicalPreparationOrderedSpinDensity (9.3s)
✔ [14774/15391] Built H0mework.Versions.R3bbcbd59.ReleaseMaterials.Physics.LowEnergyPhenomenology.AlphaSource.CanonicalPreparationSerializationClockProgram (13s)
✔ [14775/15391] Built H0mework.Versions.E055.ReleaseMaterials.Physics.LowEnergyPhenomenology.AlphaSource.CanonicalPreparationGaussOrderedLoad (14s)
✔ [14776/15397] Built H0mework.Versions.R3bbcbd59.ReleaseMaterials.Physics.LowEnergyPhenomenology.AlphaSource.CanonicalPreparationSerializationDualPool (10s)
✔ [14777/15397] Built H0mework.Versions.E055.ReleaseMaterials.Physics.LowEnergyPhenomenology.AlphaSource.CanonicalPreparationSourceSpinClifford (16s)
✔ [14778/15397] Built H0mework.Versions.R3bbcbd59.ReleaseMaterials.Physics.LowEnergyPhenomenology.AlphaSource.CanonicalPreparationSerializationTableBounds (20s)
✔ [14779/15397] Built H0mework.Versions.E055.ReleaseMaterials.Physics.LowEnergyPhenomenology.AlphaSource.CanonicalPreparationSourceSpinBasis (21s)
✔ [14780/15397] Built H0mework.Versions.R3bbcbd59.ReleaseMaterials.Physics.LowEnergyPhenomenology.AlphaSource.CanonicalPreparationSharedPoolPrefix (19s)
✔ [14781/15397] Built H0mework.Versions.R3bbcbd59.ReleaseMaterials.Physics.LowEnergyPhenomenology.AlphaSource.CanonicalPreparationSharedPoolArena (13s)
✔ [14782/15397] Built H0mework.Versions.R3bbcbd59.ReleaseMaterials.Physics.LowEnergyPhenomenology.AlphaSource.CanonicalPreparationSharedPoolEngine (15s)
✔ [14783/15397] Built H0mework.Versions.R3bbcbd59.ReleaseMaterials.Physics.LowEnergyPhenomenology.AlphaSource.CanonicalPreparationExecutionRuntimeInvariant (19s)
✔ [14784/15397] Built H0mework.Versions.R3bbcbd59.ReleaseMaterials.Physics.LowEnergyPhenomenology.AlphaSource.CanonicalPreparationExecutionEngineInvariant (19s)
✔ [14785/15397] Built H0mework.Versions.R3bbcbd59.ReleaseMaterials.Physics.LowEnergyPhenomenology.AlphaSource.CanonicalPreparationExecutionSourceNative (10s)
✔ [14786/15397] Built H0mework.Versions.R3bbcbd59.ReleaseMaterials.Physics.LowEnergyPhenomenology.AlphaSource.CanonicalPreparationMemoRowExpansion (9.7s)
✔ [14787/15397] Built H0mework.Versions.R3bbcbd59.ReleaseMaterials.Physics.LowEnergyPhenomenology.AlphaSource.CanonicalPreparationMemoNative (9.8s)
✔ [14788/15397] Built H0mework.Versions.R3bbcbd59.ReleaseMaterials.Physics.LowEnergyPhenomenology.AlphaSource.CanonicalPreparationMemoEngineCache (11s)
✔ [14789/15397] Built H0mework.Versions.R3bbcbd59.ReleaseMaterials.Physics.LowEnergyPhenomenology.AlphaSource.CanonicalPreparationSetupAngularValues (13s)
✔ [14790/15397] Built H0mework.Versions.R3bbcbd59.ReleaseMaterials.Physics.LowEnergyPhenomenology.AlphaSource.CanonicalPreparationSetupAngularConvolution (22s)
✔ [14791/15397] Built H0mework.Versions.R3bbcbd59.ReleaseMaterials.Physics.LowEnergyPhenomenology.AlphaSource.CanonicalPreparationSetupJordanValues (13s)
✔ [14792/15397] Built H0mework.Versions.R3bbcbd59.ReleaseMaterials.Physics.LowEnergyPhenomenology.AlphaSource.CanonicalPreparationKernelSourceInputs (12s)
✔ [14793/15397] Built H0mework.Versions.R3bbcbd59.ReleaseMaterials.Physics.LowEnergyPhenomenology.AlphaSource.CanonicalPreparationKernelClockInputs (11s)
✔ [14794/15397] Built H0mework.Versions.E055.ReleaseMaterials.Physics.LowEnergyPhenomenology.AlphaSource.CanonicalPreparationSourceSpinBranches (192s)
✔ [14795/15397] Built H0mework.Versions.E055.ReleaseMaterials.Physics.LowEnergyPhenomenology.AlphaSource.CanonicalPreparationSourceSpinCoefficientTransform (10s)
✔ [14796/15397] Built H0mework.Versions.R3bbcbd59.ReleaseMaterials.Physics.LowEnergyPhenomenology.AlphaSource.CanonicalPreparationKernelOperators (15s)
✔ [14797/15397] Built H0mework.Versions.R3bbcbd59.ReleaseMaterials.Physics.LowEnergyPhenomenology.AlphaSource.CanonicalPreparationRawTableFold (10s)
✔ [14798/15397] Built H0mework.Versions.R3bbcbd59.ReleaseMaterials.Physics.LowEnergyPhenomenology.AlphaSource.CanonicalPreparationRawTableStageArrays (18s)
✔ [14799/15397] Built H0mework.Versions.R3bbcbd59.ReleaseMaterials.Physics.LowEnergyPhenomenology.AlphaSource.CanonicalPreparationRawTableUnitConsumer (9.0s)
✔ [14800/15397] Built H0mework.Versions.R3bbcbd59.ReleaseMaterials.Physics.LowEnergyPhenomenology.AlphaSource.CanonicalPreparationSourceRemainder (9.6s)
✔ [14801/15397] Built H0mework.Versions.R3bbcbd59.ReleaseMaterials.Physics.LowEnergyPhenomenology.AlphaSource.CanonicalPreparationSourcePreparedState (26s)
✔ [14802/15397] Built H0mework.Versions.R3bbcbd59.ReleaseMaterials.Physics.LowEnergyPhenomenology.AlphaSource.CanonicalPreparationSourceBoundarySequence (15s)
✔ [14803/15397] Built H0mework.Versions.R3bbcbd59.ReleaseMaterials.Physics.LowEnergyPhenomenology.AlphaSource.CanonicalPreparationSourceCausalState (8.8s)
✔ [14804/15397] Built H0mework.Versions.R3bbcbd59.ReleaseMaterials.Physics.LowEnergyPhenomenology.AlphaSource.CanonicalPreparationSourceNonlinearState (11s)
✔ [14805/15397] Built H0mework.Versions.R3bbcbd59.ReleaseMaterials.Physics.LowEnergyPhenomenology.AlphaSource.CanonicalPreparationSourceCurvatureReaders (9.9s)
✔ [14806/15397] Built H0mework.Versions.R3bbcbd59.ReleaseMaterials.Physics.LowEnergyPhenomenology.AlphaSource.CanonicalPreparationTemporalWardConsumer (41s)
✔ [14807/15397] Built H0mework.Versions.R3bbcbd59.ReleaseMaterials.Physics.LowEnergyPhenomenology.AlphaSource.CanonicalPreparationFieldSourceFrame (22s)
✔ [14808/15397] Built H0mework.Versions.E055.ReleaseMaterials.Physics.LowEnergyPhenomenology.AlphaSource.CanonicalPreparationSourceSpinTensorValues (198s)
✔ [14809/15397] Built H0mework.Versions.R3bbcbd59.ReleaseMaterials.Physics.LowEnergyPhenomenology.AlphaSource.CanonicalPreparationGaugeFields (17s)
✔ [14810/15397] Built H0mework.Versions.R3bbcbd59.ReleaseMaterials.Physics.LowEnergyPhenomenology.AlphaSource.CanonicalPreparationFieldSourcePairing (19s)
✔ [14811/15397] Built H0mework.Versions.R3bbcbd59.ReleaseMaterials.Physics.LowEnergyPhenomenology.AlphaSource.CanonicalPreparationGaugeSourceInjection (18s)
✔ [14812/15397] Built H0mework.Versions.R3bbcbd59.ReleaseMaterials.Physics.LowEnergyPhenomenology.AlphaSource.CanonicalPreparationFieldFullVertex (34s)
✔ [14813/15397] Built H0mework.Versions.R3bbcbd59.ReleaseMaterials.Physics.LowEnergyPhenomenology.AlphaSource.CanonicalPreparationGaugePreparedPorts (79s)
✔ [14814/15397] Built H0mework.Versions.R3bbcbd59.ReleaseMaterials.Physics.LowEnergyPhenomenology.AlphaSource.CanonicalPreparationGradedDensityTransport (21s)
✔ [14815/15397] Built H0mework.Versions.E055.ReleaseMaterials.Physics.LowEnergyPhenomenology.AlphaSource.CanonicalPreparationSourceSpinMixedReturn (238s)
✔ [14816/15397] Built H0mework.Versions.R3bbcbd59.ReleaseMaterials.Physics.LowEnergyPhenomenology.AlphaSource.CanonicalPreparationGradedSourceForm (32s)
✔ [14817/15397] Built H0mework.Versions.E055.ReleaseMaterials.Physics.LowEnergyPhenomenology.AlphaSource.CanonicalPreparationSourceSpinCarContraction (14s)
✔ [14818/15397] Built H0mework.Versions.R3bbcbd59.ReleaseMaterials.Physics.LowEnergyPhenomenology.AlphaSource.CanonicalPreparationTransportedGraded (50s)
✔ [14819/15397] Built H0mework.Versions.E055.ReleaseMaterials.Physics.LowEnergyPhenomenology.AlphaSource.CanonicalPreparationSourceGeometryCurrentReturn (39s)
✔ [14820/15397] Built H0mework.Versions.R3bbcbd59.ReleaseMaterials.Physics.LowEnergyPhenomenology.AlphaSource.CanonicalPreparationActionStateRestriction (18s)
✔ [14821/15397] Built H0mework.Versions.R3bbcbd59.ReleaseMaterials.Physics.LowEnergyPhenomenology.AlphaSource.CanonicalPreparationFieldTangentCurrent (14s)
✔ [14822/15397] Built H0mework.Versions.R3bbcbd59.ReleaseMaterials.Physics.LowEnergyPhenomenology.AlphaSource.CanonicalPreparationYukawaCutoffField (23s)
✔ [14823/15397] Built H0mework.Versions.E055.ReleaseMaterials.Physics.LowEnergyPhenomenology.AlphaSource.CanonicalPreparationSourceGaussMeasureJets (15s)
✔ [14824/15397] Built H0mework.Versions.R3bbcbd59.ReleaseMaterials.Physics.LowEnergyPhenomenology.AlphaSource.CanonicalPreparationActionFieldLift (15s)
✔ [14825/15397] Built H0mework.Versions.R3bbcbd59.ReleaseMaterials.Physics.LowEnergyPhenomenology.AlphaSource.CanonicalPreparationFieldFormCurrent (12s)
✔ [14826/15397] Built H0mework.Versions.R3bbcbd59.ReleaseMaterials.Physics.LowEnergyPhenomenology.AlphaSource.CanonicalPreparationYukawaLocalJets (46s)
✔ [14827/15397] Built H0mework.Versions.E055.ReleaseMaterials.Physics.LowEnergyPhenomenology.AlphaSource.CanonicalPreparationSourceGaussMomentumReturn (27s)
✔ [14828/15397] Built H0mework.Versions.R3bbcbd59.ReleaseMaterials.Physics.LowEnergyPhenomenology.AlphaSource.CanonicalPreparationFieldPreparedCovector (34s)
✔ [14829/15397] Built H0mework.Versions.R3bbcbd59.ReleaseMaterials.Physics.LowEnergyPhenomenology.AlphaSource.CanonicalPreparationYukawaFullYResponse (52s)
✔ [14830/15397] Built H0mework.Versions.E055.ReleaseMaterials.Physics.LowEnergyPhenomenology.AlphaSource.CanonicalPreparationSourcePreparedGaussKinetic (24s)
✔ [14831/15403] Built H0mework.Versions.R3bbcbd59.ReleaseMaterials.Physics.LowEnergyPhenomenology.AlphaSource.CanonicalPreparationYukawaUncutDomain (46s)
✔ [14832/15406] Built H0mework.Versions.E055.ReleaseMaterials.Physics.LowEnergyPhenomenology.AlphaSource.CanonicalPreparationSourceLegendreSpinSchur (33s)
✔ [14833/15466] Built H0mework.Versions.R3bbcbd59.ReleaseMaterials.Physics.LowEnergyPhenomenology.AlphaSource.CanonicalPreparationHalfDensityFixedFiber (10s)
ℹ [14834/15466] Built H0mework.Versions.R3bbcbd59.ReleaseMaterials.Physics.LowEnergyPhenomenology.AlphaSource.CanonicalPreparationYukawaCutoffJets (26s)
info: H0mework/Versions/R3bbcbd59/ReleaseMaterials/Physics/LowEnergyPhenomenology/AlphaSource/CanonicalPreparationYukawaCutoffJets.lean:225:4: Try this:
  [apply] ring_nf
  
  The `ring` tactic failed to close the goal. Use `ring_nf` to obtain a normal form.
    
  Note that `ring` works primarily in *commutative* rings. If you have a noncommutative ring, abelian group or module, consider using `noncomm_ring`, `abel` or `module` instead.
info: H0mework/Versions/R3bbcbd59/ReleaseMaterials/Physics/LowEnergyPhenomenology/AlphaSource/CanonicalPreparationYukawaCutoffJets.lean:241:6: Try this:
  [apply] ring_nf
  
  The `ring` tactic failed to close the goal. Use `ring_nf` to obtain a normal form.
    
  Note that `ring` works primarily in *commutative* rings. If you have a noncommutative ring, abelian group or module, consider using `noncomm_ring`, `abel` or `module` instead.
info: H0mework/Versions/R3bbcbd59/ReleaseMaterials/Physics/LowEnergyPhenomenology/AlphaSource/CanonicalPreparationYukawaCutoffJets.lean:245:6: Try this:
  [apply] ring_nf
  
  The `ring` tactic failed to close the goal. Use `ring_nf` to obtain a normal form.
    
  Note that `ring` works primarily in *commutative* rings. If you have a noncommutative ring, abelian group or module, consider using `noncomm_ring`, `abel` or `module` instead.
info: H0mework/Versions/R3bbcbd59/ReleaseMaterials/Physics/LowEnergyPhenomenology/AlphaSource/CanonicalPreparationYukawaCutoffJets.lean:250:6: Try this:
  [apply] ring_nf
  
  The `ring` tactic failed to close the goal. Use `ring_nf` to obtain a normal form.
    
  Note that `ring` works primarily in *commutative* rings. If you have a noncommutative ring, abelian group or module, consider using `noncomm_ring`, `abel` or `module` instead.
✔ [14835/15466] Built H0mework.Versions.E055.ReleaseMaterials.Physics.LowEnergyPhenomenology.AlphaSource.CanonicalPreparationSourceHamiltonianSpinReturn (22s)
✔ [14836/15466] Built H0mework.Versions.R3bbcbd59.ReleaseMaterials.Physics.LowEnergyPhenomenology.AlphaSource.CanonicalPreparationElectricPairCurrent (13s)
✔ [14837/15466] Built H0mework.Versions.R3bbcbd59.ReleaseMaterials.Physics.LowEnergyPhenomenology.AlphaSource.CanonicalPreparationHalfDensitySourceJets (18s)
✔ [14838/15466] Built H0mework.Versions.R3bbcbd59.ReleaseMaterials.Physics.LowEnergyPhenomenology.AlphaSource.CanonicalPreparationSpatialRatioDerivative (21s)
✔ [14839/15473] Built H0mework.Versions.R3bbcbd59.ReleaseMaterials.Physics.LowEnergyPhenomenology.AlphaSource.CanonicalPreparationYukawaObservedLimit (32s)
✔ [14840/15473] Built H0mework.Versions.E055.ReleaseMaterials.Physics.LowEnergyPhenomenology.AlphaSource.CanonicalPreparationSourceLegendreLinearCurrent (101s)
✔ [14841/15473] Built H0mework.Versions.R3bbcbd59.ReleaseMaterials.Physics.LowEnergyPhenomenology.AlphaSource.CanonicalPreparationElectricCoreWard (23s)
✔ [14842/15473] Built H0mework.Versions.R3bbcbd59.ReleaseMaterials.Physics.LowEnergyPhenomenology.AlphaSource.CanonicalPreparationSpatialMomentumTransport (15s)
✔ [14843/15473] Built H0mework.Versions.R3bbcbd59.ReleaseMaterials.Physics.LowEnergyPhenomenology.AlphaSource.CanonicalPreparationHalfDensityCompressionFeed (23s)
✔ [14844/15473] Built H0mework.Versions.E055.ReleaseMaterials.Physics.LowEnergyPhenomenology.AlphaSource.CanonicalPreparationSourceOrderedCurrentReturn (35s)
✔ [14845/15473] Built H0mework.Versions.R3bbcbd59.ReleaseMaterials.Physics.LowEnergyPhenomenology.AlphaSource.CanonicalPreparationSpatialFullFormFeed (16s)
✔ [14846/15473] Built H0mework.Versions.E055.ReleaseMaterials.Physics.LowEnergyPhenomenology.AlphaSource.CanonicalPreparationSourceCurrentMomentumContacts (21s)
✔ [14847/15473] Built H0mework.Versions.R3bbcbd59.ReleaseMaterials.Physics.LowEnergyPhenomenology.AlphaSource.CanonicalPreparationJointParameterIntegral (17s)
✔ [14848/15473] Built H0mework.Versions.E055.ReleaseMaterials.Physics.LowEnergyPhenomenology.AlphaSource.CanonicalPreparationSourceRadialCoefficientJets (23s)
✔ [14849/15473] Built H0mework.Versions.R3bbcbd59.ReleaseMaterials.Physics.LowEnergyPhenomenology.AlphaSource.CanonicalPreparationJointSource (57s)
✔ [14850/15473] Built H0mework.Versions.E055.ReleaseMaterials.Physics.LowEnergyPhenomenology.AlphaSource.CanonicalPreparationSourceNumberRadialPairReturn (28s)
✔ [14851/15473] Built H0mework.Versions.R3bbcbd59.ReleaseMaterials.Physics.LowEnergyPhenomenology.AlphaSource.CanonicalPreparationJointMixedResponse (39s)
✔ [14852/15473] Built H0mework.Versions.E055.ReleaseMaterials.Physics.LowEnergyPhenomenology.AlphaSource.CanonicalPreparationSourcePreparedSpinLoadedReturn (35s)
✔ [14853/15473] Built H0mework.Versions.R3bbcbd59.ReleaseMaterials.Physics.LowEnergyPhenomenology.AlphaSource.CanonicalPreparationOriginalPreparedGreen (1183s)
✔ [14854/15473] Built H0mework.Versions.R3bbcbd59.ReleaseMaterials.Physics.LowEnergyPhenomenology.AlphaSource.CanonicalPreparationRawJointFieldSource (29s)
✔ [14855/15473] Built H0mework.Versions.E055.ReleaseMaterials.Physics.LowEnergyPhenomenology.AlphaSource.CanonicalPreparationSourceMovingMeasureJets (23s)
✔ [14856/15473] Built H0mework.Versions.R3bbcbd59.ReleaseMaterials.Physics.LowEnergyPhenomenology.AlphaSource.CanonicalPreparationRawJointReaderCompression (20s)
✔ [14857/15473] Built H0mework.Versions.E055.ReleaseMaterials.Physics.LowEnergyPhenomenology.AlphaSource.CanonicalPreparationSourceMovingCoframeJets (20s)
✔ [14858/15473] Built H0mework.Versions.R3bbcbd59.ReleaseMaterials.Physics.LowEnergyPhenomenology.AlphaSource.CanonicalPreparationRawJointFiveTerms (19s)
✔ [14859/15477] Built H0mework.Versions.R3bbcbd59.ReleaseMaterials.Physics.LowEnergyPhenomenology.AlphaSource.CanonicalPreparationPhysicalRawTimeJets (25s)
✔ [14860/15477] Built H0mework.Versions.E055.ReleaseMaterials.Physics.LowEnergyPhenomenology.AlphaSource.CanonicalPreparationSourceMovingCoframeFormReturn (29s)
✔ [14861/15479] Built H0mework.Versions.E055.ReleaseMaterials.Physics.LowEnergyPhenomenology.AlphaSource.CanonicalPreparationSourceIndependentMomentumTransport (18s)
✔ [14862/15482] Built H0mework.Versions.R3bbcbd59.ReleaseMaterials.Physics.LowEnergyPhenomenology.AlphaSource.CanonicalPreparationPhysicalFullSourceWindow (24s)
✔ [14863/15482] Built H0mework.Versions.E055.ReleaseMaterials.Physics.LowEnergyPhenomenology.AlphaSource.CanonicalPreparationSourceIndependentHalfDensityFields (17s)
✔ [14864/15482] Built H0mework.Versions.R3bbcbd59.ReleaseMaterials.Physics.LowEnergyPhenomenology.AlphaSource.CanonicalPreparationPhysicalFeedbackField (19s)
✔ [14865/15487] Built H0mework.Versions.E055.ReleaseMaterials.Physics.LowEnergyPhenomenology.AlphaSource.CanonicalPreparationSourceIndependentPreparedReturn (21s)
✔ [14866/15487] Built H0mework.Versions.R3bbcbd59.ReleaseMaterials.Physics.LowEnergyPhenomenology.AlphaSource.CanonicalPreparationPhysicalTimePolynomial (21s)
✔ [14867/15487] Built H0mework.Versions.E055.ReleaseMaterials.Physics.LowEnergyPhenomenology.AlphaSource.CanonicalPreparationSourceFixedMomentumHamiltonian (19s)
✔ [14868/15487] Built H0mework.Versions.R3bbcbd59.ReleaseMaterials.Physics.LowEnergyPhenomenology.AlphaSource.CanonicalPreparationPhysicalSourceGrowth (24s)
✔ [14869/15487] Built H0mework.Versions.R3bbcbd59.ReleaseMaterials.Physics.LowEnergyPhenomenology.AlphaSource.CanonicalPreparationPhysicalFullHalfAxis (16s)
✔ [14870/15487] Built H0mework.Versions.E055.ReleaseMaterials.Physics.LowEnergyPhenomenology.AlphaSource.CanonicalPreparationSourceFixedMomentumEuler (28s)
✔ [14871/15487] Built H0mework.Versions.R3bbcbd59.ReleaseMaterials.Physics.LowEnergyPhenomenology.AlphaSource.CanonicalPreparationRealSourceJacobian (17s)
✔ [14872/15487] Built H0mework.Versions.R3bbcbd59.ReleaseMaterials.Physics.LowEnergyPhenomenology.AlphaSource.CanonicalPreparationPhysicalActualEnvelopes (19s)
✔ [14873/15487] Built H0mework.Versions.R3bbcbd59.ReleaseMaterials.Physics.LowEnergyPhenomenology.AlphaSource.CanonicalPreparationOriginalRawActionDensity (19s)
✔ [14874/15487] Built H0mework.Versions.E055.ReleaseMaterials.Physics.LowEnergyPhenomenology.AlphaSource.CanonicalPreparationSourceActionEulerSources (20s)
✔ [14875/15488] Built H0mework.Versions.R3bbcbd59.ReleaseMaterials.Physics.LowEnergyPhenomenology.AlphaSource.CanonicalPreparationOriginalRealReaction (8.9s)
✔ [14876/15488] Built H0mework.Versions.R3bbcbd59.ReleaseMaterials.Physics.LowEnergyPhenomenology.AlphaSource.CanonicalPreparationPhysicalFiveSourcePrice (22s)
✔ [14877/15488] Built H0mework.Versions.R3bbcbd59.ReleaseMaterials.Physics.LowEnergyPhenomenology.AlphaSource.CanonicalPreparationIndependentDensityEvolution (20s)
✔ [14878/15488] Built H0mework.Versions.R3bbcbd59.ReleaseMaterials.Physics.LowEnergyPhenomenology.AlphaSource.CanonicalSourcePropagationCommonCarrier (9.0s)
✔ [14879/15488] Built H0mework.Versions.E055.ReleaseMaterials.Physics.LowEnergyPhenomenology.AlphaSource.CanonicalPreparationSourceActionModeWindow (25s)
✔ [14880/15488] Built H0mework.Versions.R3bbcbd59.ReleaseMaterials.Physics.LowEnergyPhenomenology.AlphaSource.CanonicalPreparationOriginalDensitySourceFeed (20s)
✔ [14881/15488] Built H0mework.Versions.E055.ReleaseMaterials.Physics.LowEnergyPhenomenology.AlphaSource.CanonicalPreparationSourceActionFieldFeed (12s)
✔ [14882/15488] Built H0mework.Versions.R3bbcbd59.ReleaseMaterials.Physics.LowEnergyPhenomenology.AlphaSource.CanonicalPreparationMovingNoetherLegendre (16s)
✔ [14883/15488] Built H0mework.Versions.R3bbcbd59.ReleaseMaterials.Physics.LowEnergyPhenomenology.AlphaSource.CanonicalPreparationMovingNoetherDensityTransport (19s)
✔ [14884/15488] Built H0mework.Versions.E055.ReleaseMaterials.Physics.LowEnergyPhenomenology.AlphaSource.CanonicalPreparationSourceNoetherContactBudget (54s)
✔ [14885/15507] Built H0mework.Versions.R3bbcbd59.ReleaseMaterials.Physics.LowEnergyPhenomenology.AlphaSource.CanonicalPreparationMovingNoetherPreparedContact (27s)
✔ [14886/15511] Built H0mework.Versions.E055.ReleaseMaterials.Physics.LowEnergyPhenomenology.AlphaSource.CanonicalPreparationSourceNoetherModePrice (33s)
✔ [14887/15511] Built H0mework.Versions.R3bbcbd59.ReleaseMaterials.Physics.LowEnergyPhenomenology.AlphaSource.CanonicalPreparationOriginalHistoryConjugation (34s)
✔ [14888/15520] Built H0mework.Versions.R3bbcbd59.ReleaseMaterials.Physics.LowEnergyPhenomenology.AlphaSource.CanonicalPreparationPhysicalControlledFieldTail (17s)
✔ [14889/15522] Built H0mework.Versions.E055.ReleaseMaterials.Physics.LowEnergyPhenomenology.AlphaSource.CanonicalPreparationSourceNoetherControlledTail (13s)
✔ [14890/15526] Built H0mework.Versions.R3bbcbd59.ReleaseMaterials.Physics.LowEnergyPhenomenology.AlphaSource.CanonicalPreparationPropagationPencilDynamics (23s)
✔ [14891/15526] Built H0mework.Versions.R3bbcbd59.ReleaseMaterials.Physics.LowEnergyPhenomenology.AlphaSource.CanonicalPreparationOrderedConjugatedSignal (34s)
✔ [14892/15529] Built H0mework.Versions.E055.ReleaseMaterials.Physics.LowEnergyPhenomenology.AlphaSource.CanonicalPreparationSourceCurrentModeJacobian (14s)
✔ [14895/15529] Built H0mework.Versions.R3bbcbd59.ReleaseMaterials.Physics.LowEnergyPhenomenology.AlphaSource.CanonicalPreparationPropagationHalfAxisPencil (36s)
✔ [14896/15530] Built H0mework.Versions.R3bbcbd59.ReleaseMaterials.Physics.LowEnergyPhenomenology.AlphaSource.CanonicalPreparationOriginalRealActionFeed (36s)
✔ [14897/15530] Built H0mework.Versions.E055.ReleaseMaterials.Physics.LowEnergyPhenomenology.AlphaSource.CanonicalPreparationSourceHalfAxisCurrentOperator (14s)
✔ [14900/15532] Built H0mework.Versions.R3bbcbd59.ReleaseMaterials.Physics.LowEnergyPhenomenology.AlphaSource.CanonicalPreparationPropagationWholeCurvatureReturn (27s)
✔ [14904/15533] Built H0mework.Versions.R3bbcbd59.ReleaseMaterials.Physics.LowEnergyPhenomenology.AlphaSource.CanonicalPreparationNoetherCurrentTimeBalance (38s)
✔ [14909/15550] Built H0mework.Versions.R3bbcbd59.ReleaseMaterials.Physics.LowEnergyPhenomenology.AlphaSource.CanonicalSourcePropagationTwoTimeGroup (33s)
✔ [14913/15550] Built H0mework.Versions.R3bbcbd59.ReleaseMaterials.Physics.LowEnergyPhenomenology.AlphaSource.CanonicalPreparationNoetherSourceWardChannels (21s)
✔ [14918/15550] Built H0mework.Versions.R3bbcbd59.ReleaseMaterials.Physics.LowEnergyPhenomenology.AlphaSource.CanonicalPreparationNoetherSourceInitialReturn (16s)
✔ [14924/15559] Built H0mework.Versions.R3bbcbd59.ReleaseMaterials.Physics.LowEnergyPhenomenology.AlphaSource.CanonicalPreparationTemporalChargeNormalization (26s)
✔ [14929/15559] Built H0mework.Versions.R3bbcbd59.ReleaseMaterials.Physics.LowEnergyPhenomenology.AlphaSource.CanonicalPreparationSourcePreparedChargeAction (21s)
✔ [14942/15566] Built H0mework.Versions.R3bbcbd59.ReleaseMaterials.Physics.LowEnergyPhenomenology.AlphaSource.CanonicalSourcePropagationInverse (80s)
✔ [14950/15566] Built H0mework.Versions.R3bbcbd59.ReleaseMaterials.Physics.LowEnergyPhenomenology.AlphaSource.CanonicalPreparationWeightedChargeCoreWard (26s)
✔ [14956/15566] Built H0mework.Versions.R3bbcbd59.ReleaseMaterials.Physics.LowEnergyPhenomenology.AlphaSource.CanonicalSourcePropagationWholeResolvent (29s)
✔ [14961/15567] Built H0mework.Versions.R3bbcbd59.ReleaseMaterials.Physics.LowEnergyPhenomenology.AlphaSource.CanonicalPreparationWeightedChargePreparedActionReturn (23s)
✔ [14966/15567] Built H0mework.Versions.R3bbcbd59.ReleaseMaterials.Physics.LowEnergyPhenomenology.AlphaSource.CanonicalPreparationNativeStateContact (20s)
✔ [14972/15570] Built H0mework.Versions.R3bbcbd59.ReleaseMaterials.Physics.LowEnergyPhenomenology.AlphaSource.CanonicalSourcePropagationReverseTimeGroup (43s)
✔ [14978/15575] Built H0mework.Versions.R3bbcbd59.ReleaseMaterials.Physics.LowEnergyPhenomenology.AlphaSource.CanonicalPreparationNativeActionJets (26s)
✔ [14987/15575] Built H0mework.Versions.R3bbcbd59.ReleaseMaterials.Physics.LowEnergyPhenomenology.AlphaSource.CanonicalPreparationNativePreparedResponse (26s)
✔ [14994/15580] Built H0mework.Versions.R3bbcbd59.ReleaseMaterials.Physics.LowEnergyPhenomenology.AlphaSource.CanonicalPreparationOriginalGaugeScalar (22s)
✔ [14999/15580] Built H0mework.Versions.R3bbcbd59.ReleaseMaterials.Physics.LowEnergyPhenomenology.AlphaSource.CanonicalSourcePropagationPastInverse (69s)
✔ [15004/15580] Built H0mework.Versions.R3bbcbd59.ReleaseMaterials.Physics.LowEnergyPhenomenology.AlphaSource.CanonicalPreparationPrimitiveColorFields (15s)
✔ [15010/15582] Built H0mework.Versions.R3bbcbd59.ReleaseMaterials.Physics.LowEnergyPhenomenology.AlphaSource.CanonicalPreparationGaugeCurvatureMixed (28s)
✔ [15014/15582] Built H0mework.Versions.R3bbcbd59.ReleaseMaterials.Physics.LowEnergyPhenomenology.AlphaSource.CanonicalSourcePropagationAxisReadback (39s)
✔ [15017/15582] Built H0mework.Versions.R3bbcbd59.ReleaseMaterials.Physics.LowEnergyPhenomenology.AlphaSource.CanonicalPreparationOriginalSpinScalar (21s)
✔ [15022/15590] Built H0mework.Versions.R3bbcbd59.ReleaseMaterials.Physics.LowEnergyPhenomenology.AlphaSource.CanonicalPreparationSourceStaticMixedChannel (35s)
✔ [15027/15602] Built H0mework.Versions.R3bbcbd59.ReleaseMaterials.Physics.LowEnergyPhenomenology.AlphaSource.CanonicalSourcePropagationActualFieldPencil (90s)
✔ [15032/15602] Built H0mework.Versions.R3bbcbd59.ReleaseMaterials.Physics.LowEnergyPhenomenology.AlphaSource.CanonicalPreparationSpinConnectionLie (105s)
✔ [15037/15602] Built H0mework.Versions.R3bbcbd59.ReleaseMaterials.Physics.LowEnergyPhenomenology.AlphaSource.CanonicalSourcePropagationActualFieldInverse (95s)
✔ [15043/15602] Built H0mework.Versions.R3bbcbd59.ReleaseMaterials.Physics.LowEnergyPhenomenology.AlphaSource.CanonicalPreparationPrimitiveLorentzFields (91s)
✔ [15050/15602] Built H0mework.Versions.R3bbcbd59.ReleaseMaterials.Physics.LowEnergyPhenomenology.AlphaSource.CanonicalPreparationOriginalSourceColumns (24s)
✔ [15051/15602] Built H0mework.Versions.R3bbcbd59.ReleaseMaterials.Physics.LowEnergyPhenomenology.AlphaSource.CanonicalSourcePropagationFullBackgroundReturn (56s)
✔ [15052/15602] Built H0mework.Versions.R3bbcbd59.ReleaseMaterials.Physics.LowEnergyPhenomenology.AlphaSource.CanonicalSourcePropagationNativeActionFieldLift (24s)
✔ [15055/15602] Built H0mework.Versions.R3bbcbd59.ReleaseMaterials.Physics.LowEnergyPhenomenology.AlphaSource.CanonicalPreparationSourceChargeSpectrum (36s)
✔ [15056/15602] Built H0mework.Versions.R3bbcbd59.ReleaseMaterials.Physics.LowEnergyPhenomenology.AlphaSource.CanonicalPreparationPreparedNativeCarrier (13s)
✔ [15057/15602] Built H0mework.Versions.R3bbcbd59.ReleaseMaterials.Physics.LowEnergyPhenomenology.AlphaSource.CanonicalSourcePropagationActualBackgroundEvolution (34s)
✔ [15060/15602] Built H0mework.Versions.R3bbcbd59.ReleaseMaterials.Physics.LowEnergyPhenomenology.AlphaSource.CanonicalSourcePropagationNativeActionJets (41s)
✔ [15061/15602] Built H0mework.Versions.R3bbcbd59.ReleaseMaterials.Physics.LowEnergyPhenomenology.AlphaSource.CanonicalPreparationLorentzCurvatureMixed (24s)
✔ [15062/15602] Built H0mework.Versions.R3bbcbd59.ReleaseMaterials.Physics.LowEnergyPhenomenology.AlphaSource.CanonicalPreparationSourceRestPoleSpectrum (95s)
✔ [15063/15602] Built H0mework.Versions.R3bbcbd59.ReleaseMaterials.Physics.LowEnergyPhenomenology.AlphaSource.CanonicalSourcePropagationNearFieldHalfAxis (63s)
✔ [15067/15602] Built H0mework.Versions.R3bbcbd59.ReleaseMaterials.Physics.LowEnergyPhenomenology.AlphaSource.CanonicalSourcePropagationCoframeInverseJets (26s)
✔ [15068/15602] Built H0mework.Versions.R3bbcbd59.ReleaseMaterials.Physics.LowEnergyPhenomenology.AlphaSource.CanonicalPreparationSourceSimplicityJets (16s)
✔ [15069/15602] Built H0mework.Versions.R3bbcbd59.ReleaseMaterials.Physics.LowEnergyPhenomenology.AlphaSource.CanonicalPreparationSourceRestMatterLight (16s)
✔ [15072/15602] Built H0mework.Versions.R3bbcbd59.ReleaseMaterials.Physics.LowEnergyPhenomenology.AlphaSource.CanonicalSourcePropagationPreparedTimeReturn (42s)
✔ [15073/15602] Built H0mework.Versions.R3bbcbd59.ReleaseMaterials.Physics.LowEnergyPhenomenology.AlphaSource.CanonicalSourcePropagationNativeHodgeFlat (84s)
✔ [15075/15602] Built H0mework.Versions.R3bbcbd59.ReleaseMaterials.Physics.LowEnergyPhenomenology.AlphaSource.CanonicalSourcePropagationNativeGaugeRay (22s)
✔ [15076/15602] Built H0mework.Versions.R3bbcbd59.ReleaseMaterials.Physics.LowEnergyPhenomenology.AlphaSource.CanonicalPreparationSourceBFJets (25s)
✔ [15078/15602] Built H0mework.Versions.R3bbcbd59.ReleaseMaterials.Physics.LowEnergyPhenomenology.AlphaSource.CanonicalSourcePropagationActualMomentumPencil (30s)
✔ [15081/15602] Built H0mework.Versions.R3bbcbd59.ReleaseMaterials.Physics.LowEnergyPhenomenology.AlphaSource.CanonicalSourcePropagationNativeGravityScalarReturn (270s)
✔ [15082/15602] Built H0mework.Versions.R3bbcbd59.ReleaseMaterials.Physics.LowEnergyPhenomenology.AlphaSource.CanonicalPreparationSourceGravityActualCurveReturn (25s)
✔ [15083/15602] Built H0mework.Versions.R3bbcbd59.ReleaseMaterials.Physics.LowEnergyPhenomenology.AlphaSource.CanonicalSourcePropagationNativeDiracRay (41s)
✔ [15085/15602] Built H0mework.Versions.R3bbcbd59.ReleaseMaterials.Physics.LowEnergyPhenomenology.AlphaSource.CanonicalSourcePropagationCompressionPolynomial (25s)
✖ [15086/15602] Building H0mework.Versions.R3bbcbd59.ReleaseMaterials.Physics.LowEnergyPhenomenology.AlphaSource.CanonicalSourcePropagationNativeGaugeLiteral (11s)
trace: .> LEAN_PATH=./Lean/.lake/packages/Cli/.lake/build/lib/lean:./Lean/.lake/packages/batteries/.lake/build/lib/lean:./Lean/.lake/packages/Qq/.lake/build/lib/lean:./Lean/.lake/packages/aesop/.lake/build/lib/lean:./Lean/.lake/packages/proofwidgets/.lake/build/lib/lean:./Lean/.lake/packages/importGraph/.lake/build/lib/lean:./Lean/.lake/packages/LeanSearchClient/.lake/build/lib/lean:./Lean/.lake/packages/plausible/.lake/build/lib/lean:./Lean/.lake/packages/mathlib/.lake/build/lib/lean:./Lean/.lake/build/lib/lean runtime/elan/manual/lean-4.33.0-darwin_aarch64/bin/lean -DmaxHeartbeats=2000000 -Dweak.linter.unusedSectionVars=false -Dweak.linter.unnecessarySeqFocus=false -Dweak.linter.unusedVariables=false -Dweak.linter.unreachableTactic=false -Dweak.linter.unusedTactic=false -Dweak.linter.defProp=false -Dweak.linter.deprecated=false -Dlinter.deprecated=false -Dweak.linter.tacticAnalysis.introMerge=false -Dweak.linter.constructorNameAsVariable=false --trust=0 -Dweak.linter.unnecessarySimpa=false -Dweak.linter.style.haveILetI=false -Dweak.linter.unusedSimpArgs=false -DwarningAsError=true ./Lean/H0mework/Versions/R3bbcbd59/ReleaseMaterials/Physics/LowEnergyPhenomenology/AlphaSource/CanonicalSourcePropagationNativeGaugeLiteral.lean -o ./Lean/.lake/build/lib/lean/H0mework/Versions/R3bbcbd59/ReleaseMaterials/Physics/LowEnergyPhenomenology/AlphaSource/CanonicalSourcePropagationNativeGaugeLiteral.olean -i ./Lean/.lake/build/lib/lean/H0mework/Versions/R3bbcbd59/ReleaseMaterials/Physics/LowEnergyPhenomenology/AlphaSource/CanonicalSourcePropagationNativeGaugeLiteral.ilean -c ./Lean/.lake/build/ir/H0mework/Versions/R3bbcbd59/ReleaseMaterials/Physics/LowEnergyPhenomenology/AlphaSource/CanonicalSourcePropagationNativeGaugeLiteral.c --setup ./Lean/.lake/build/ir/H0mework/Versions/R3bbcbd59/ReleaseMaterials/Physics/LowEnergyPhenomenology/AlphaSource/CanonicalSourcePropagationNativeGaugeLiteral.setup.json --json
error: H0mework/Versions/R3bbcbd59/ReleaseMaterials/Physics/LowEnergyPhenomenology/AlphaSource/CanonicalSourcePropagationNativeGaugeLiteral.lean:1:0: import H0mework.Versions.R3bbcbd59.ReleaseMaterials.Physics.LowEnergyPhenomenology.AlphaSource.CanonicalSourcePropagationNativeGravityScalarReturn failed, environment already contains 'LowEnergy.SourcePropagationNativeActionHessian.instNormedSpaceRealLorentzianCoframe_1' from H0mework.Versions.R3bbcbd59.ReleaseMaterials.Physics.LowEnergyPhenomenology.AlphaSource.CanonicalSourcePropagationCoframeInverseJets
error: Lean exited with code 1
✔ [15087/15602] Built H0mework.Versions.R3bbcbd59.ReleaseMaterials.Physics.LowEnergyPhenomenology.AlphaSource.CanonicalPreparationSourceRestNativeCurrentCoupling (33s)
✔ [15089/15602] Built H0mework.Versions.R3bbcbd59.ReleaseMaterials.Physics.LowEnergyPhenomenology.AlphaSource.CanonicalSourcePropagationNativeFourierDictionary (13s)
✔ [15093/15602] Built H0mework.Versions.R3bbcbd59.ReleaseMaterials.Physics.LowEnergyPhenomenology.AlphaSource.CanonicalSourcePropagationPreparedMomentumReturn (105s)
✔ [15094/15602] Built H0mework.Versions.R3bbcbd59.ReleaseMaterials.Physics.LowEnergyPhenomenology.AlphaSource.CanonicalPreparationRepairedGravitySourceJets (16s)
✔ [15099/15602] Built H0mework.Versions.R3bbcbd59.ReleaseMaterials.Physics.LowEnergyPhenomenology.AlphaSource.CanonicalSourcePropagationNativeSourceDictionaryNormalization (10s)
✔ [15101/15602] Built H0mework.Versions.R3bbcbd59.ReleaseMaterials.Physics.LowEnergyPhenomenology.AlphaSource.CanonicalPreparationRepairedGravityAuxiliaryGraph (14s)
✔ [15105/15602] Built H0mework.Versions.R3bbcbd59.ReleaseMaterials.Physics.LowEnergyPhenomenology.AlphaSource.CanonicalSourcePropagationJointSourceAnnihilator (29s)
✔ [15107/15639] Built H0mework.Versions.R3bbcbd59.ReleaseMaterials.Physics.LowEnergyPhenomenology.AlphaSource.CanonicalSourcePropagationNativeStructuralSourceSort (8.4s)
✔ [15115/15639] Built H0mework.Versions.R3bbcbd59.ReleaseMaterials.Physics.LowEnergyPhenomenology.AlphaSource.CanonicalPreparationRepairedGravityMixedReturn (18s)
✔ [15117/15639] Built H0mework.Versions.R3bbcbd59.ReleaseMaterials.Physics.LowEnergyPhenomenology.AlphaSource.CanonicalPreparationSourceMixedPrincipal (49s)
✔ [15125/15647] Built H0mework.Versions.R3bbcbd59.ReleaseMaterials.Physics.LowEnergyPhenomenology.AlphaSource.CanonicalPreparationOriginalLorentzQuadratic (16s)
✔ [15133/15647] Built H0mework.Versions.R3bbcbd59.ReleaseMaterials.Physics.LowEnergyPhenomenology.AlphaSource.CanonicalSourcePropagationPreparedMeromorphicResponse (108s)
✔ [15134/15647] Built H0mework.Versions.R3bbcbd59.ReleaseMaterials.Physics.LowEnergyPhenomenology.AlphaSource.CanonicalSourcePropagationSourceSpectralInverse (22s)
✔ [15139/15647] Built H0mework.Versions.R3bbcbd59.ReleaseMaterials.Physics.LowEnergyPhenomenology.AlphaSource.CanonicalSourcePropagationActualOrderedTimeDrive (33s)
✔ [15140/15647] Built H0mework.Versions.R3bbcbd59.ReleaseMaterials.Physics.LowEnergyPhenomenology.AlphaSource.CanonicalSourcePropagationFullFiveLeading (38s)
✔ [15141/15647] Built H0mework.Versions.R3bbcbd59.ReleaseMaterials.Physics.LowEnergyPhenomenology.AlphaSource.CanonicalSourcePropagationPreparedHistoryResponse (59s)
✔ [15146/15647] Built H0mework.Versions.R3bbcbd59.ReleaseMaterials.Physics.LowEnergyPhenomenology.AlphaSource.CanonicalSourcePropagationMovingTimeLegendre (17s)
✔ [15147/15647] Built H0mework.Versions.R3bbcbd59.ReleaseMaterials.Physics.LowEnergyPhenomenology.AlphaSource.CanonicalSourcePropagationOriginalFieldPoleReturn (19s)
✔ [15152/15647] Built H0mework.Versions.R3bbcbd59.ReleaseMaterials.Physics.LowEnergyPhenomenology.AlphaSource.CanonicalSourcePropagationNoetherHistoryResponse (38s)
✔ [15233/15696] Built H0mework.Versions.R3bbcbd59.ReleaseMaterials.Physics.LowEnergyPhenomenology.AlphaSource.CanonicalSourcePropagationNoetherEulerReturn (19s)
✔ [15264/15696] Built H0mework.Versions.R3bbcbd59.ReleaseMaterials.Physics.LowEnergyPhenomenology.AlphaSource.EmIdentification.PhysicalFullFieldCoefficients (55s)
✔ [15270/15696] Built H0mework.Versions.R3bbcbd59.ReleaseMaterials.Physics.LowEnergyPhenomenology.AlphaSource.EmIdentification.PhysicalFullFieldMixed (24s)
✔ [15273/15696] Built H0mework.Versions.R3bbcbd59.ReleaseMaterials.Physics.LowEnergyPhenomenology.AlphaSource.EmIdentification.PhysicalFullFieldScaling (19s)
✔ [15510/15696] Built H0mework.Versions.R3bbcbd59.ReleaseMaterials.Physics.LowEnergyPhenomenology.AlphaSource.EmIdentification.PhysicalFullFieldContinuity (19s)
✔ [15511/15729] Built H0mework.Versions.R3bbcbd59.ReleaseMaterials.Physics.LowEnergyPhenomenology.AlphaSource.CanonicalPreparationSourceJointLocking (9.9s)
✔ [15512/15753] Built H0mework.Versions.R3bbcbd59.ReleaseMaterials.Physics.LowEnergyPhenomenology.AlphaSource.CanonicalPreparationSourceActionTimeMatrix (12s)
✔ [15513/15790] Built H0mework.Versions.R3bbcbd59.ReleaseMaterials.Physics.LowEnergyPhenomenology.AlphaSource.RawActionDensity (13s)
✔ [15514/15891] Built H0mework.Versions.R3bbcbd59.ReleaseMaterials.Physics.LowEnergyPhenomenology.AlphaSource.CanonicalPreparationSourceOriginalEnergyDensity (17s)
✔ [15515/15955] Built H0mework.Versions.R3bbcbd59.ReleaseMaterials.Physics.LowEnergyPhenomenology.AlphaSource.CanonicalPreparationOriginalLorentzInverse (623s)
✔ [15516/15962] Built H0mework.Versions.R3bbcbd59.ReleaseMaterials.Physics.LowEnergyPhenomenology.AlphaSource.CanonicalPreparationOriginalLorentzLoad (14s)
✔ [15517/15962] Built H0mework.Versions.R3bbcbd59.ReleaseMaterials.Physics.LowEnergyPhenomenology.AlphaSource.CanonicalPreparationOriginalVelocityLoad (15s)
✔ [15518/15962] Built H0mework.Versions.Rf13ed87d.ReleaseMaterials.Physics.LowEnergyPhenomenology.AlphaSource.CanonicalPreparationSerializedAsset (465s)
✔ [15519/15964] Built H0mework.Versions.R3bbcbd59.ReleaseMaterials.Physics.LowEnergyPhenomenology.AlphaSource.CanonicalPreparationOriginalVelocityPrimary (335s)
✔ [15520/15964] Built H0mework.Versions.Rf13ed87d.ReleaseMaterials.Physics.LowEnergyPhenomenology.AlphaSource.CanonicalPreparationSerializedConsumer (183s)
✔ [15521/15964] Built H0mework.Versions.Rf13ed87d.ReleaseMaterials.Physics.LowEnergyPhenomenology.AlphaSource.CanonicalPreparationEmitterStages (41s)
✔ [15522/15968] Built H0mework.Versions.R3bbcbd59.ReleaseMaterials.Physics.LowEnergyPhenomenology.AlphaSource.CanonicalPreparationOriginalGaussKinetic (160s)
✔ [15523/15983] Built H0mework.Versions.Rf13ed87d.ReleaseMaterials.Physics.LowEnergyPhenomenology.AlphaSource.CanonicalPreparationSerializationClockProgram (15s)
✔ [15524/15991] Built H0mework.Versions.R3bbcbd59.ReleaseMaterials.Physics.LowEnergyPhenomenology.AlphaSource.CanonicalPreparationOriginalSpinCurrent (13s)
✔ [15525/15997] Built H0mework.Versions.Rf13ed87d.ReleaseMaterials.Physics.LowEnergyPhenomenology.AlphaSource.CanonicalPreparationSerializationDualPool (15s)
✔ [15526/15997] Built H0mework.Versions.R3bbcbd59.ReleaseMaterials.Physics.LowEnergyPhenomenology.AlphaSource.CanonicalPreparationOrderedSpinDensity (20s)
✔ [15527/15997] Built H0mework.Versions.Rf13ed87d.ReleaseMaterials.Physics.LowEnergyPhenomenology.AlphaSource.CanonicalPreparationSerializationTableBounds (22s)
✔ [15528/15997] Built H0mework.Versions.R3bbcbd59.ReleaseMaterials.Physics.LowEnergyPhenomenology.AlphaSource.CanonicalPreparationGaussOrderedLoad (19s)
✔ [15529/15997] Built H0mework.Versions.Rf13ed87d.ReleaseMaterials.Physics.LowEnergyPhenomenology.AlphaSource.CanonicalPreparationSharedPoolPrefix (19s)
✔ [15530/15997] Built H0mework.Versions.R3bbcbd59.ReleaseMaterials.Physics.LowEnergyPhenomenology.AlphaSource.CanonicalPreparationSourceSpinClifford (23s)
✔ [15531/15997] Built H0mework.Versions.Rf13ed87d.ReleaseMaterials.Physics.LowEnergyPhenomenology.AlphaSource.CanonicalPreparationSharedPoolArena (17s)
✔ [15532/15997] Built H0mework.Versions.Rf13ed87d.ReleaseMaterials.Physics.LowEnergyPhenomenology.AlphaSource.CanonicalPreparationSharedPoolEngine (14s)
✔ [15533/15997] Built H0mework.Versions.R3bbcbd59.ReleaseMaterials.Physics.LowEnergyPhenomenology.AlphaSource.CanonicalPreparationSourceSpinBasis (23s)
✔ [15534/15997] Built H0mework.Versions.Rf13ed87d.ReleaseMaterials.Physics.LowEnergyPhenomenology.AlphaSource.CanonicalPreparationExecutionRuntimeInvariant (10s)
✔ [15535/15997] Built H0mework.Versions.Rf13ed87d.ReleaseMaterials.Physics.LowEnergyPhenomenology.AlphaSource.CanonicalPreparationExecutionEngineInvariant (19s)
✔ [15536/15997] Built H0mework.Versions.Rf13ed87d.ReleaseMaterials.Physics.LowEnergyPhenomenology.AlphaSource.CanonicalPreparationExecutionSourceNative (11s)
✔ [15537/15997] Built H0mework.Versions.Rf13ed87d.ReleaseMaterials.Physics.LowEnergyPhenomenology.AlphaSource.CanonicalPreparationMemoRowExpansion (11s)
✔ [15538/15997] Built H0mework.Versions.Rf13ed87d.ReleaseMaterials.Physics.LowEnergyPhenomenology.AlphaSource.CanonicalPreparationMemoNative (12s)
✔ [15539/15997] Built H0mework.Versions.Rf13ed87d.ReleaseMaterials.Physics.LowEnergyPhenomenology.AlphaSource.CanonicalPreparationMemoEngineCache (22s)
✔ [15540/15997] Built H0mework.Versions.Rf13ed87d.ReleaseMaterials.Physics.LowEnergyPhenomenology.AlphaSource.CanonicalPreparationSetupAngularValues (15s)
✔ [15541/15997] Built H0mework.Versions.Rf13ed87d.ReleaseMaterials.Physics.LowEnergyPhenomenology.AlphaSource.CanonicalPreparationSetupAngularConvolution (13s)
✔ [15542/15997] Built H0mework.Versions.Rf13ed87d.ReleaseMaterials.Physics.LowEnergyPhenomenology.AlphaSource.CanonicalPreparationSetupJordanValues (14s)
✔ [15543/15997] Built H0mework.Versions.Rf13ed87d.ReleaseMaterials.Physics.LowEnergyPhenomenology.AlphaSource.CanonicalPreparationKernelSourceInputs (22s)
✔ [15544/15997] Built H0mework.Versions.Rf13ed87d.ReleaseMaterials.Physics.LowEnergyPhenomenology.AlphaSource.CanonicalPreparationKernelClockInputs (12s)
✔ [15545/15997] Built H0mework.Versions.Rf13ed87d.ReleaseMaterials.Physics.LowEnergyPhenomenology.AlphaSource.CanonicalPreparationKernelOperators (15s)
✔ [15546/15997] Built H0mework.Versions.Rf13ed87d.ReleaseMaterials.Physics.LowEnergyPhenomenology.AlphaSource.CanonicalPreparationRawTableFold (9.0s)
✔ [15547/15997] Built H0mework.Versions.Rf13ed87d.ReleaseMaterials.Physics.LowEnergyPhenomenology.AlphaSource.CanonicalPreparationRawTableStageArrays (10s)
✔ [15548/15997] Built H0mework.Versions.R3bbcbd59.ReleaseMaterials.Physics.LowEnergyPhenomenology.AlphaSource.CanonicalPreparationSourceSpinBranches (209s)
✔ [15549/15997] Built H0mework.Versions.Rf13ed87d.ReleaseMaterials.Physics.LowEnergyPhenomenology.AlphaSource.CanonicalPreparationRawTableUnitConsumer (13s)
✔ [15550/15997] Built H0mework.Versions.R3bbcbd59.ReleaseMaterials.Physics.LowEnergyPhenomenology.AlphaSource.CanonicalPreparationSourceSpinCoefficientTransform (15s)
✔ [15551/15997] Built H0mework.Versions.Rf13ed87d.ReleaseMaterials.Physics.LowEnergyPhenomenology.AlphaSource.CanonicalPreparationSourceRemainder (12s)
✔ [15552/15997] Built H0mework.Versions.Rf13ed87d.ReleaseMaterials.Physics.LowEnergyPhenomenology.AlphaSource.CanonicalPreparationSourcePreparedState (36s)
✔ [15553/15997] Built H0mework.Versions.Rf13ed87d.ReleaseMaterials.Physics.LowEnergyPhenomenology.AlphaSource.CanonicalPreparationSourceBoundarySequence (31s)
✔ [15554/15997] Built H0mework.Versions.Rf13ed87d.ReleaseMaterials.Physics.LowEnergyPhenomenology.AlphaSource.CanonicalPreparationSourceCausalState (20s)
✔ [15555/15997] Built H0mework.Versions.Rf13ed87d.ReleaseMaterials.Physics.LowEnergyPhenomenology.AlphaSource.CanonicalPreparationSourceNonlinearState (28s)
✔ [15556/15997] Built H0mework.Versions.Rf13ed87d.ReleaseMaterials.Physics.LowEnergyPhenomenology.AlphaSource.CanonicalPreparationSourceCurvatureReaders (13s)
✔ [15557/15997] Built H0mework.Versions.Rf13ed87d.ReleaseMaterials.Physics.LowEnergyPhenomenology.AlphaSource.CanonicalPreparationTemporalWardConsumer (40s)
✔ [15558/15997] Built H0mework.Versions.Rf13ed87d.ReleaseMaterials.Physics.LowEnergyPhenomenology.AlphaSource.CanonicalPreparationFieldSourceFrame (21s)
✔ [15559/15997] Built H0mework.Versions.Rf13ed87d.ReleaseMaterials.Physics.LowEnergyPhenomenology.AlphaSource.CanonicalPreparationGaugeFields (31s)
✔ [15560/15997] Built H0mework.Versions.Rf13ed87d.ReleaseMaterials.Physics.LowEnergyPhenomenology.AlphaSource.CanonicalPreparationFieldSourcePairing (22s)
✔ [15561/15997] Built H0mework.Versions.Rf13ed87d.ReleaseMaterials.Physics.LowEnergyPhenomenology.AlphaSource.CanonicalPreparationGaugeSourceInjection (17s)
✔ [15562/15997] Built H0mework.Versions.R3bbcbd59.ReleaseMaterials.Physics.LowEnergyPhenomenology.AlphaSource.CanonicalPreparationSourceSpinTensorValues (267s)
✔ [15563/15997] Built H0mework.Versions.Rf13ed87d.ReleaseMaterials.Physics.LowEnergyPhenomenology.AlphaSource.CanonicalPreparationFieldFullVertex (35s)
✔ [15564/15997] Built H0mework.Versions.Rf13ed87d.ReleaseMaterials.Physics.LowEnergyPhenomenology.AlphaSource.CanonicalPreparationGaugePreparedPorts (83s)
✔ [15565/15997] Built H0mework.Versions.Rf13ed87d.ReleaseMaterials.Physics.LowEnergyPhenomenology.AlphaSource.CanonicalPreparationGradedDensityTransport (29s)
✔ [15566/15997] Built H0mework.Versions.R3bbcbd59.ReleaseMaterials.Physics.LowEnergyPhenomenology.AlphaSource.CanonicalPreparationSourceSpinMixedReturn (362s)
✔ [15567/15997] Built H0mework.Versions.Rf13ed87d.ReleaseMaterials.Physics.LowEnergyPhenomenology.AlphaSource.CanonicalPreparationGradedSourceForm (30s)
✔ [15568/15997] Built H0mework.Versions.R3bbcbd59.ReleaseMaterials.Physics.LowEnergyPhenomenology.AlphaSource.CanonicalPreparationSourceSpinCarContraction (14s)
✔ [15569/15997] Built H0mework.Versions.Rf13ed87d.ReleaseMaterials.Physics.LowEnergyPhenomenology.AlphaSource.CanonicalPreparationTransportedGraded (68s)
✔ [15570/15997] Built H0mework.Versions.R3bbcbd59.ReleaseMaterials.Physics.LowEnergyPhenomenology.AlphaSource.CanonicalPreparationSourceGeometryCurrentReturn (14s)
✔ [15571/15997] Built H0mework.Versions.Rf13ed87d.ReleaseMaterials.Physics.LowEnergyPhenomenology.AlphaSource.CanonicalPreparationActionStateRestriction (27s)
✔ [15572/15997] Built H0mework.Versions.Rf13ed87d.ReleaseMaterials.Physics.LowEnergyPhenomenology.AlphaSource.CanonicalPreparationFieldTangentCurrent (29s)
✔ [15573/15997] Built H0mework.Versions.Rf13ed87d.ReleaseMaterials.Physics.LowEnergyPhenomenology.AlphaSource.CanonicalPreparationYukawaCutoffField (18s)
✔ [15574/15997] Built H0mework.Versions.R3bbcbd59.ReleaseMaterials.Physics.LowEnergyPhenomenology.AlphaSource.CanonicalPreparationSourceGaussMeasureJets (18s)
✔ [15575/15997] Built H0mework.Versions.Rf13ed87d.ReleaseMaterials.Physics.LowEnergyPhenomenology.AlphaSource.CanonicalPreparationActionFieldLift (25s)
✔ [15576/15997] Built H0mework.Versions.Rf13ed87d.ReleaseMaterials.Physics.LowEnergyPhenomenology.AlphaSource.CanonicalPreparationFieldFormCurrent (12s)
✔ [15577/15997] Built H0mework.Versions.Rf13ed87d.ReleaseMaterials.Physics.LowEnergyPhenomenology.AlphaSource.CanonicalPreparationYukawaLocalJets (41s)
✔ [15578/16003] Built H0mework.Versions.R3bbcbd59.ReleaseMaterials.Physics.LowEnergyPhenomenology.AlphaSource.CanonicalPreparationSourceGaussMomentumReturn (14s)
✔ [15579/16003] Built H0mework.Versions.Rf13ed87d.ReleaseMaterials.Physics.LowEnergyPhenomenology.AlphaSource.CanonicalPreparationFieldPreparedCovector (47s)
✔ [15580/16006] Built H0mework.Versions.Rf13ed87d.ReleaseMaterials.Physics.LowEnergyPhenomenology.AlphaSource.CanonicalPreparationYukawaFullYResponse (49s)
✔ [15581/16066] Built H0mework.Versions.R3bbcbd59.ReleaseMaterials.Physics.LowEnergyPhenomenology.AlphaSource.CanonicalPreparationSourcePreparedGaussKinetic (20s)
✔ [15582/16066] Built H0mework.Versions.Rf13ed87d.ReleaseMaterials.Physics.LowEnergyPhenomenology.AlphaSource.CanonicalPreparationYukawaUncutDomain (76s)
✔ [15583/16073] Built H0mework.Versions.Rf13ed87d.ReleaseMaterials.Physics.LowEnergyPhenomenology.AlphaSource.CanonicalPreparationElectricPairCurrent (28s)
✔ [15584/16073] Built H0mework.Versions.R3bbcbd59.ReleaseMaterials.Physics.LowEnergyPhenomenology.AlphaSource.CanonicalPreparationSourceLegendreSpinSchur (52s)
✔ [15585/16073] Built H0mework.Versions.Rf13ed87d.ReleaseMaterials.Physics.LowEnergyPhenomenology.AlphaSource.CanonicalPreparationHalfDensityFixedFiber (19s)
ℹ [15586/16073] Built H0mework.Versions.Rf13ed87d.ReleaseMaterials.Physics.LowEnergyPhenomenology.AlphaSource.CanonicalPreparationYukawaCutoffJets (32s)
info: H0mework/Versions/Rf13ed87d/ReleaseMaterials/Physics/LowEnergyPhenomenology/AlphaSource/CanonicalPreparationYukawaCutoffJets.lean:225:4: Try this:
  [apply] ring_nf
  
  The `ring` tactic failed to close the goal. Use `ring_nf` to obtain a normal form.
    
  Note that `ring` works primarily in *commutative* rings. If you have a noncommutative ring, abelian group or module, consider using `noncomm_ring`, `abel` or `module` instead.
info: H0mework/Versions/Rf13ed87d/ReleaseMaterials/Physics/LowEnergyPhenomenology/AlphaSource/CanonicalPreparationYukawaCutoffJets.lean:241:6: Try this:
  [apply] ring_nf
  
  The `ring` tactic failed to close the goal. Use `ring_nf` to obtain a normal form.
    
  Note that `ring` works primarily in *commutative* rings. If you have a noncommutative ring, abelian group or module, consider using `noncomm_ring`, `abel` or `module` instead.
info: H0mework/Versions/Rf13ed87d/ReleaseMaterials/Physics/LowEnergyPhenomenology/AlphaSource/CanonicalPreparationYukawaCutoffJets.lean:245:6: Try this:
  [apply] ring_nf
  
  The `ring` tactic failed to close the goal. Use `ring_nf` to obtain a normal form.
    
  Note that `ring` works primarily in *commutative* rings. If you have a noncommutative ring, abelian group or module, consider using `noncomm_ring`, `abel` or `module` instead.
info: H0mework/Versions/Rf13ed87d/ReleaseMaterials/Physics/LowEnergyPhenomenology/AlphaSource/CanonicalPreparationYukawaCutoffJets.lean:250:6: Try this:
  [apply] ring_nf
  
  The `ring` tactic failed to close the goal. Use `ring_nf` to obtain a normal form.
    
  Note that `ring` works primarily in *commutative* rings. If you have a noncommutative ring, abelian group or module, consider using `noncomm_ring`, `abel` or `module` instead.
✔ [15587/16073] Built H0mework.Versions.Rf13ed87d.ReleaseMaterials.Physics.LowEnergyPhenomenology.AlphaSource.CanonicalPreparationElectricCoreWard (20s)
✔ [15588/16073] Built H0mework.Versions.R3bbcbd59.ReleaseMaterials.Physics.LowEnergyPhenomenology.AlphaSource.CanonicalPreparationSourceHamiltonianSpinReturn (18s)
✔ [15589/16073] Built H0mework.Versions.Rf13ed87d.ReleaseMaterials.Physics.LowEnergyPhenomenology.AlphaSource.CanonicalPreparationHalfDensitySourceJets (23s)
✔ [15590/16073] Built H0mework.Versions.Rf13ed87d.ReleaseMaterials.Physics.LowEnergyPhenomenology.AlphaSource.CanonicalPreparationSpatialRatioDerivative (23s)
✔ [15591/16073] Built H0mework.Versions.Rf13ed87d.ReleaseMaterials.Physics.LowEnergyPhenomenology.AlphaSource.CanonicalPreparationYukawaObservedLimit (49s)
✔ [15592/16073] Built H0mework.Versions.R3bbcbd59.ReleaseMaterials.Physics.LowEnergyPhenomenology.AlphaSource.CanonicalPreparationSourceLegendreLinearCurrent (118s)
✔ [15593/16073] Built H0mework.Versions.Rf13ed87d.ReleaseMaterials.Physics.LowEnergyPhenomenology.AlphaSource.CanonicalPreparationSpatialMomentumTransport (29s)
✔ [15594/16073] Built H0mework.Versions.Rf13ed87d.ReleaseMaterials.Physics.LowEnergyPhenomenology.AlphaSource.CanonicalPreparationHalfDensityCompressionFeed (31s)
✔ [15595/16073] Built H0mework.Versions.R3bbcbd59.ReleaseMaterials.Physics.LowEnergyPhenomenology.AlphaSource.CanonicalPreparationSourceOrderedCurrentReturn (28s)
✔ [15596/16073] Built H0mework.Versions.Rf13ed87d.ReleaseMaterials.Physics.LowEnergyPhenomenology.AlphaSource.CanonicalPreparationSpatialFullFormFeed (21s)
✔ [15597/16073] Built H0mework.Versions.R3bbcbd59.ReleaseMaterials.Physics.LowEnergyPhenomenology.AlphaSource.CanonicalPreparationSourceCurrentMomentumContacts (21s)
✔ [15598/16073] Built H0mework.Versions.Rf13ed87d.ReleaseMaterials.Physics.LowEnergyPhenomenology.AlphaSource.CanonicalPreparationJointParameterIntegral (13s)
✔ [15599/16073] Built H0mework.Versions.R3bbcbd59.ReleaseMaterials.Physics.LowEnergyPhenomenology.AlphaSource.CanonicalPreparationSourceRadialCoefficientJets (14s)
✔ [15600/16073] Built H0mework.Versions.Rf13ed87d.ReleaseMaterials.Physics.LowEnergyPhenomenology.AlphaSource.CanonicalPreparationJointSource (44s)
✔ [15601/16073] Built H0mework.Versions.R3bbcbd59.ReleaseMaterials.Physics.LowEnergyPhenomenology.AlphaSource.CanonicalPreparationSourceNumberRadialPairReturn (26s)
✔ [15602/16073] Built H0mework.Versions.Rf13ed87d.ReleaseMaterials.Physics.LowEnergyPhenomenology.AlphaSource.CanonicalPreparationOriginalPreparedGreen (1440s)
✔ [15603/16073] Built H0mework.Versions.Rf13ed87d.ReleaseMaterials.Physics.LowEnergyPhenomenology.AlphaSource.CanonicalPreparationJointMixedResponse (35s)
✔ [15604/16073] Built H0mework.Versions.R3bbcbd59.ReleaseMaterials.Physics.LowEnergyPhenomenology.AlphaSource.CanonicalPreparationSourcePreparedSpinLoadedReturn (26s)
✔ [15605/16073] Built H0mework.Versions.Rf13ed87d.ReleaseMaterials.Physics.LowEnergyPhenomenology.AlphaSource.CanonicalPreparationRawJointFieldSource (25s)
✔ [15606/16073] Built H0mework.Versions.R3bbcbd59.ReleaseMaterials.Physics.LowEnergyPhenomenology.AlphaSource.CanonicalPreparationSourceMovingMeasureJets (15s)
✔ [15607/16073] Built H0mework.Versions.Rf13ed87d.ReleaseMaterials.Physics.LowEnergyPhenomenology.AlphaSource.CanonicalPreparationRawJointReaderCompression (17s)
✔ [15608/16073] Built H0mework.Versions.R3bbcbd59.ReleaseMaterials.Physics.LowEnergyPhenomenology.AlphaSource.CanonicalPreparationSourceMovingCoframeJets (11s)
✔ [15609/16077] Built H0mework.Versions.Rf13ed87d.ReleaseMaterials.Physics.LowEnergyPhenomenology.AlphaSource.CanonicalPreparationRawJointFiveTerms (10s)
✔ [15610/16079] Built H0mework.Versions.R3bbcbd59.ReleaseMaterials.Physics.LowEnergyPhenomenology.AlphaSource.CanonicalPreparationSourceMovingCoframeFormReturn (17s)
✔ [15611/16082] Built H0mework.Versions.Rf13ed87d.ReleaseMaterials.Physics.LowEnergyPhenomenology.AlphaSource.CanonicalPreparationPhysicalRawTimeJets (16s)
✔ [15612/16085] Built H0mework.Versions.R3bbcbd59.ReleaseMaterials.Physics.LowEnergyPhenomenology.AlphaSource.CanonicalPreparationSourceIndependentMomentumTransport (12s)
✔ [15613/16087] Built H0mework.Versions.R3bbcbd59.ReleaseMaterials.Physics.LowEnergyPhenomenology.AlphaSource.CanonicalPreparationSourceIndependentHalfDensityFields (10s)
✔ [15614/16087] Built H0mework.Versions.Rf13ed87d.ReleaseMaterials.Physics.LowEnergyPhenomenology.AlphaSource.CanonicalPreparationPhysicalFullSourceWindow (20s)
✔ [15615/16087] Built H0mework.Versions.R3bbcbd59.ReleaseMaterials.Physics.LowEnergyPhenomenology.AlphaSource.CanonicalPreparationSourceIndependentPreparedReturn (25s)
✔ [15616/16087] Built H0mework.Versions.Rf13ed87d.ReleaseMaterials.Physics.LowEnergyPhenomenology.AlphaSource.CanonicalPreparationPhysicalFeedbackField (19s)
✔ [15617/16087] Built H0mework.Versions.R3bbcbd59.ReleaseMaterials.Physics.LowEnergyPhenomenology.AlphaSource.CanonicalPreparationSourceFixedMomentumHamiltonian (11s)
✔ [15618/16088] Built H0mework.Versions.Rf13ed87d.ReleaseMaterials.Physics.LowEnergyPhenomenology.AlphaSource.CanonicalPreparationPhysicalTimePolynomial (18s)
✔ [15619/16088] Built H0mework.Versions.R3bbcbd59.ReleaseMaterials.Physics.LowEnergyPhenomenology.AlphaSource.CanonicalPreparationSourceFixedMomentumEuler (23s)
✔ [15620/16088] Built H0mework.Versions.Rf13ed87d.ReleaseMaterials.Physics.LowEnergyPhenomenology.AlphaSource.CanonicalSourcePropagationCommonCarrier (18s)
✔ [15621/16088] Built H0mework.Versions.R3bbcbd59.ReleaseMaterials.Physics.LowEnergyPhenomenology.AlphaSource.CanonicalPreparationSourceActionEulerSources (16s)
✔ [15622/16088] Built H0mework.Versions.Rf13ed87d.ReleaseMaterials.Physics.LowEnergyPhenomenology.AlphaSource.CanonicalPreparationPhysicalSourceGrowth (18s)
✔ [15623/16088] Built H0mework.Versions.Rf13ed87d.ReleaseMaterials.Physics.LowEnergyPhenomenology.AlphaSource.CanonicalPreparationPhysicalFullHalfAxis (12s)
✔ [15624/16088] Built H0mework.Versions.Rf13ed87d.ReleaseMaterials.Physics.LowEnergyPhenomenology.AlphaSource.CanonicalPreparationPhysicalActualEnvelopes (13s)
✔ [15625/16088] Built H0mework.Versions.R3bbcbd59.ReleaseMaterials.Physics.LowEnergyPhenomenology.AlphaSource.CanonicalPreparationSourceActionModeWindow (27s)
✔ [15626/16088] Built H0mework.Versions.Rf13ed87d.ReleaseMaterials.Physics.LowEnergyPhenomenology.AlphaSource.CanonicalPreparationRealSourceJacobian (15s)
✔ [15627/16088] Built H0mework.Versions.Rf13ed87d.ReleaseMaterials.Physics.LowEnergyPhenomenology.AlphaSource.CanonicalPreparationOriginalRawActionDensity (15s)
✔ [15628/16088] Built H0mework.Versions.R3bbcbd59.ReleaseMaterials.Physics.LowEnergyPhenomenology.AlphaSource.CanonicalPreparationSourceActionFieldFeed (11s)
✔ [15629/16088] Built H0mework.Versions.Rf13ed87d.ReleaseMaterials.Physics.LowEnergyPhenomenology.AlphaSource.CanonicalPreparationPhysicalFiveSourcePrice (24s)
✔ [15630/16088] Built H0mework.Versions.Rf13ed87d.ReleaseMaterials.Physics.LowEnergyPhenomenology.AlphaSource.CanonicalPreparationOriginalRealReaction (11s)
✔ [15631/16088] Built H0mework.Versions.Rf13ed87d.ReleaseMaterials.Physics.LowEnergyPhenomenology.AlphaSource.CanonicalPreparationIndependentDensityEvolution (57s)
✔ [15632/16088] Built H0mework.Versions.Rf13ed87d.ReleaseMaterials.Physics.LowEnergyPhenomenology.AlphaSource.CanonicalPreparationOriginalDensitySourceFeed (19s)
✔ [15633/16088] Built H0mework.Versions.R3bbcbd59.ReleaseMaterials.Physics.LowEnergyPhenomenology.AlphaSource.CanonicalPreparationSourceNoetherContactBudget (84s)
✔ [15634/16088] Built H0mework.Versions.Rf13ed87d.ReleaseMaterials.Physics.LowEnergyPhenomenology.AlphaSource.CanonicalPreparationMovingNoetherLegendre (14s)
✔ [15635/16111] Built H0mework.Versions.R3bbcbd59.ReleaseMaterials.Physics.LowEnergyPhenomenology.AlphaSource.CanonicalPreparationSourceNoetherModePrice (12s)
✔ [15636/16111] Built H0mework.Versions.Rf13ed87d.ReleaseMaterials.Physics.LowEnergyPhenomenology.AlphaSource.CanonicalPreparationPhysicalControlledFieldTail (9.1s)
✔ [15637/16122] Built H0mework.Versions.Rf13ed87d.ReleaseMaterials.Physics.LowEnergyPhenomenology.AlphaSource.CanonicalPreparationMovingNoetherDensityTransport (14s)
✔ [15638/16122] Built H0mework.Versions.R3bbcbd59.ReleaseMaterials.Physics.LowEnergyPhenomenology.AlphaSource.CanonicalPreparationSourceNoetherControlledTail (11s)
✔ [15639/16126] Built H0mework.Versions.Rf13ed87d.ReleaseMaterials.Physics.LowEnergyPhenomenology.AlphaSource.CanonicalPreparationPropagationPencilDynamics (16s)
✔ [15640/16129] Built H0mework.Versions.R3bbcbd59.ReleaseMaterials.Physics.LowEnergyPhenomenology.AlphaSource.CanonicalPreparationSourceCurrentModeJacobian (10s)
✔ [15643/16131] Built H0mework.Versions.Rf13ed87d.ReleaseMaterials.Physics.LowEnergyPhenomenology.AlphaSource.CanonicalPreparationMovingNoetherPreparedContact (17s)
✔ [15644/16131] Built H0mework.Versions.R3bbcbd59.ReleaseMaterials.Physics.LowEnergyPhenomenology.AlphaSource.CanonicalPreparationSourceHalfAxisCurrentOperator (9.2s)
✔ [15647/16133] Built H0mework.Versions.Rf13ed87d.ReleaseMaterials.Physics.LowEnergyPhenomenology.AlphaSource.CanonicalPreparationPropagationHalfAxisPencil (30s)
✔ [15650/16136] Built H0mework.Versions.Rf13ed87d.ReleaseMaterials.Physics.LowEnergyPhenomenology.AlphaSource.CanonicalPreparationOriginalHistoryConjugation (19s)
✔ [15653/16150] Built H0mework.Versions.Rf13ed87d.ReleaseMaterials.Physics.LowEnergyPhenomenology.AlphaSource.CanonicalPreparationPropagationWholeCurvatureReturn (45s)
✔ [15657/16150] Built H0mework.Versions.Rf13ed87d.ReleaseMaterials.Physics.LowEnergyPhenomenology.AlphaSource.CanonicalPreparationOrderedConjugatedSignal (47s)
✔ [15660/16150] Built H0mework.Versions.Rf13ed87d.ReleaseMaterials.Physics.LowEnergyPhenomenology.AlphaSource.CanonicalSourcePropagationTwoTimeGroup (31s)
✔ [15663/16150] Built H0mework.Versions.Rf13ed87d.ReleaseMaterials.Physics.LowEnergyPhenomenology.AlphaSource.CanonicalPreparationOriginalRealActionFeed (30s)
✔ [15667/16150] Built H0mework.Versions.Rf13ed87d.ReleaseMaterials.Physics.LowEnergyPhenomenology.AlphaSource.CanonicalPreparationNoetherCurrentTimeBalance (49s)
✔ [15672/16159] Built H0mework.Versions.Rf13ed87d.ReleaseMaterials.Physics.LowEnergyPhenomenology.AlphaSource.CanonicalPreparationNoetherSourceWardChannels (13s)
✔ [15675/16159] Built H0mework.Versions.Rf13ed87d.ReleaseMaterials.Physics.LowEnergyPhenomenology.AlphaSource.CanonicalSourcePropagationInverse (75s)
✔ [15679/16159] Built H0mework.Versions.Rf13ed87d.ReleaseMaterials.Physics.LowEnergyPhenomenology.AlphaSource.CanonicalPreparationNoetherSourceInitialReturn (11s)
✔ [15684/16166] Built H0mework.Versions.Rf13ed87d.ReleaseMaterials.Physics.LowEnergyPhenomenology.AlphaSource.CanonicalPreparationTemporalChargeNormalization (45s)
✔ [15689/16166] Built H0mework.Versions.Rf13ed87d.ReleaseMaterials.Physics.LowEnergyPhenomenology.AlphaSource.CanonicalSourcePropagationWholeResolvent (49s)
✔ [15695/16167] Built H0mework.Versions.Rf13ed87d.ReleaseMaterials.Physics.LowEnergyPhenomenology.AlphaSource.CanonicalPreparationSourcePreparedChargeAction (59s)
✔ [15702/16170] Built H0mework.Versions.Rf13ed87d.ReleaseMaterials.Physics.LowEnergyPhenomenology.AlphaSource.CanonicalSourcePropagationReverseTimeGroup (66s)
✔ [15708/16175] Built H0mework.Versions.Rf13ed87d.ReleaseMaterials.Physics.LowEnergyPhenomenology.AlphaSource.CanonicalPreparationWeightedChargeCoreWard (16s)
✔ [15713/16180] Built H0mework.Versions.Rf13ed87d.ReleaseMaterials.Physics.LowEnergyPhenomenology.AlphaSource.CanonicalPreparationWeightedChargePreparedActionReturn (20s)
✔ [15718/16180] Built H0mework.Versions.Rf13ed87d.ReleaseMaterials.Physics.LowEnergyPhenomenology.AlphaSource.CanonicalPreparationNativeStateContact (12s)
✔ [15723/16180] Built H0mework.Versions.Rf13ed87d.ReleaseMaterials.Physics.LowEnergyPhenomenology.AlphaSource.CanonicalPreparationNativeActionJets (17s)
✔ [15728/16182] Built H0mework.Versions.Rf13ed87d.ReleaseMaterials.Physics.LowEnergyPhenomenology.AlphaSource.CanonicalSourcePropagationPastInverse (61s)
✔ [15731/16182] Built H0mework.Versions.Rf13ed87d.ReleaseMaterials.Physics.LowEnergyPhenomenology.AlphaSource.CanonicalPreparationNativePreparedResponse (17s)
✔ [15734/16182] Built H0mework.Versions.Rf13ed87d.ReleaseMaterials.Physics.LowEnergyPhenomenology.AlphaSource.CanonicalSourcePropagationAxisReadback (27s)
✔ [15739/16187] Built H0mework.Versions.Rf13ed87d.ReleaseMaterials.Physics.LowEnergyPhenomenology.AlphaSource.CanonicalPreparationSourceStaticMixedChannel (22s)
✔ [15744/16187] Built H0mework.Versions.Rf13ed87d.ReleaseMaterials.Physics.LowEnergyPhenomenology.AlphaSource.CanonicalPreparationOriginalGaugeScalar (11s)
✔ [15751/16187] Built H0mework.Versions.Rf13ed87d.ReleaseMaterials.Physics.LowEnergyPhenomenology.AlphaSource.CanonicalPreparationPrimitiveColorFields (9.9s)
✔ [15762/16187] Built H0mework.Versions.Rf13ed87d.ReleaseMaterials.Physics.LowEnergyPhenomenology.AlphaSource.CanonicalPreparationGaugeCurvatureMixed (26s)
✔ [15769/16187] Built H0mework.Versions.Rf13ed87d.ReleaseMaterials.Physics.LowEnergyPhenomenology.AlphaSource.CanonicalPreparationOriginalSpinScalar (14s)
✔ [15775/16187] Built H0mework.Versions.Rf13ed87d.ReleaseMaterials.Physics.LowEnergyPhenomenology.AlphaSource.CanonicalSourcePropagationActualFieldPencil (73s)
✔ [15781/16187] Built H0mework.Versions.Rf13ed87d.ReleaseMaterials.Physics.LowEnergyPhenomenology.AlphaSource.CanonicalPreparationSpinConnectionLie (88s)
✔ [15786/16187] Built H0mework.Versions.Rf13ed87d.ReleaseMaterials.Physics.LowEnergyPhenomenology.AlphaSource.CanonicalSourcePropagationActualFieldInverse (85s)
✔ [15793/16187] Built H0mework.Versions.Rf13ed87d.ReleaseMaterials.Physics.LowEnergyPhenomenology.AlphaSource.CanonicalSourcePropagationFullBackgroundReturn (49s)
✔ [15798/16187] Built H0mework.Versions.Rf13ed87d.ReleaseMaterials.Physics.LowEnergyPhenomenology.AlphaSource.CanonicalPreparationPrimitiveLorentzFields (78s)
✔ [16035/16187] Built H0mework.Versions.Rf13ed87d.ReleaseMaterials.Physics.LowEnergyPhenomenology.AlphaSource.CanonicalPreparationOriginalSourceColumns (13s)
✔ [16036/16187] Built H0mework.Versions.Rf13ed87d.ReleaseMaterials.Physics.LowEnergyPhenomenology.AlphaSource.CanonicalSourcePropagationActualBackgroundEvolution (34s)
✔ [16037/16187] Built H0mework.Versions.Rf13ed87d.ReleaseMaterials.Physics.LowEnergyPhenomenology.AlphaSource.CanonicalSourcePropagationNativeActionFieldLift (19s)
✔ [16038/16187] Built H0mework.Versions.Rf13ed87d.ReleaseMaterials.Physics.LowEnergyPhenomenology.AlphaSource.CanonicalPreparationSourceChargeSpectrum (31s)
✔ [16039/16187] Built H0mework.Versions.Rf13ed87d.ReleaseMaterials.Physics.LowEnergyPhenomenology.AlphaSource.CanonicalPreparationPreparedNativeCarrier (11s)
✔ [16040/16187] Built H0mework.Versions.Rf13ed87d.ReleaseMaterials.Physics.LowEnergyPhenomenology.AlphaSource.CanonicalSourcePropagationNearFieldHalfAxis (45s)
✔ [16041/16187] Built H0mework.Versions.Rf13ed87d.ReleaseMaterials.Physics.LowEnergyPhenomenology.AlphaSource.CanonicalSourcePropagationNativeActionJets (40s)
✔ [16042/16187] Built H0mework.Versions.Rf13ed87d.ReleaseMaterials.Physics.LowEnergyPhenomenology.AlphaSource.CanonicalPreparationLorentzCurvatureMixed (38s)
✔ [16043/16187] Built H0mework.Versions.Rf13ed87d.ReleaseMaterials.Physics.LowEnergyPhenomenology.AlphaSource.CanonicalSourcePropagationPreparedTimeReturn (33s)
✔ [16044/16187] Built H0mework.Versions.Rf13ed87d.ReleaseMaterials.Physics.LowEnergyPhenomenology.AlphaSource.CanonicalSourcePropagationCoframeInverseJets (30s)
✔ [16045/16202] Built H0mework.Versions.Rf13ed87d.ReleaseMaterials.Physics.LowEnergyPhenomenology.AlphaSource.CanonicalPreparationSourceRestPoleSpectrum (118s)
✔ [16046/16202] Built H0mework.Versions.Rf13ed87d.ReleaseMaterials.Physics.LowEnergyPhenomenology.AlphaSource.CanonicalPreparationSourceSimplicityJets (12s)
✔ [16047/16202] Built H0mework.Versions.Rf13ed87d.ReleaseMaterials.Physics.LowEnergyPhenomenology.AlphaSource.CanonicalSourcePropagationActualMomentumPencil (21s)
✔ [16048/16202] Built H0mework.Versions.Rf13ed87d.ReleaseMaterials.Physics.LowEnergyPhenomenology.AlphaSource.CanonicalSourcePropagationNativeHodgeFlat (77s)
✔ [16049/16202] Built H0mework.Versions.Rf13ed87d.ReleaseMaterials.Physics.LowEnergyPhenomenology.AlphaSource.CanonicalSourcePropagationNativeGaugeRay (18s)
✔ [16050/16202] Built H0mework.Versions.Rf13ed87d.ReleaseMaterials.Physics.LowEnergyPhenomenology.AlphaSource.CanonicalPreparationSourceRestMatterLight (11s)
✔ [16051/16202] Built H0mework.Versions.Rf13ed87d.ReleaseMaterials.Physics.LowEnergyPhenomenology.AlphaSource.CanonicalPreparationSourceBFJets (12s)
✔ [16052/16202] Built H0mework.Versions.Rf13ed87d.ReleaseMaterials.Physics.LowEnergyPhenomenology.AlphaSource.CanonicalSourcePropagationNativeGravityScalarReturn (232s)
✔ [16053/16202] Built H0mework.Versions.Rf13ed87d.ReleaseMaterials.Physics.LowEnergyPhenomenology.AlphaSource.CanonicalSourcePropagationCompressionPolynomial (28s)
✔ [16054/16202] Built H0mework.Versions.Rf13ed87d.ReleaseMaterials.Physics.LowEnergyPhenomenology.AlphaSource.CanonicalSourcePropagationPreparedMomentumReturn (100s)
✔ [16055/16202] Built H0mework.Versions.Rf13ed87d.ReleaseMaterials.Physics.LowEnergyPhenomenology.AlphaSource.CanonicalPreparationSourceGravityActualCurveReturn (20s)
✔ [16056/16202] Built H0mework.Versions.Rf13ed87d.ReleaseMaterials.Physics.LowEnergyPhenomenology.AlphaSource.CanonicalSourcePropagationNativeDiracRay (30s)
✖ [16057/16202] Building H0mework.Versions.Rf13ed87d.ReleaseMaterials.Physics.LowEnergyPhenomenology.AlphaSource.CanonicalSourcePropagationNativeGaugeLiteral (7.3s)
trace: .> LEAN_PATH=./Lean/.lake/packages/Cli/.lake/build/lib/lean:./Lean/.lake/packages/batteries/.lake/build/lib/lean:./Lean/.lake/packages/Qq/.lake/build/lib/lean:./Lean/.lake/packages/aesop/.lake/build/lib/lean:./Lean/.lake/packages/proofwidgets/.lake/build/lib/lean:./Lean/.lake/packages/importGraph/.lake/build/lib/lean:./Lean/.lake/packages/LeanSearchClient/.lake/build/lib/lean:./Lean/.lake/packages/plausible/.lake/build/lib/lean:./Lean/.lake/packages/mathlib/.lake/build/lib/lean:./Lean/.lake/build/lib/lean runtime/elan/manual/lean-4.33.0-darwin_aarch64/bin/lean -DmaxHeartbeats=2000000 -Dweak.linter.unusedSectionVars=false -Dweak.linter.unnecessarySeqFocus=false -Dweak.linter.unusedVariables=false -Dweak.linter.unreachableTactic=false -Dweak.linter.unusedTactic=false -Dweak.linter.defProp=false -Dweak.linter.deprecated=false -Dlinter.deprecated=false -Dweak.linter.tacticAnalysis.introMerge=false -Dweak.linter.constructorNameAsVariable=false --trust=0 -Dweak.linter.unnecessarySimpa=false -Dweak.linter.style.haveILetI=false -Dweak.linter.unusedSimpArgs=false -DwarningAsError=true ./Lean/H0mework/Versions/Rf13ed87d/ReleaseMaterials/Physics/LowEnergyPhenomenology/AlphaSource/CanonicalSourcePropagationNativeGaugeLiteral.lean -o ./Lean/.lake/build/lib/lean/H0mework/Versions/Rf13ed87d/ReleaseMaterials/Physics/LowEnergyPhenomenology/AlphaSource/CanonicalSourcePropagationNativeGaugeLiteral.olean -i ./Lean/.lake/build/lib/lean/H0mework/Versions/Rf13ed87d/ReleaseMaterials/Physics/LowEnergyPhenomenology/AlphaSource/CanonicalSourcePropagationNativeGaugeLiteral.ilean -c ./Lean/.lake/build/ir/H0mework/Versions/Rf13ed87d/ReleaseMaterials/Physics/LowEnergyPhenomenology/AlphaSource/CanonicalSourcePropagationNativeGaugeLiteral.c --setup ./Lean/.lake/build/ir/H0mework/Versions/Rf13ed87d/ReleaseMaterials/Physics/LowEnergyPhenomenology/AlphaSource/CanonicalSourcePropagationNativeGaugeLiteral.setup.json --json
error: H0mework/Versions/Rf13ed87d/ReleaseMaterials/Physics/LowEnergyPhenomenology/AlphaSource/CanonicalSourcePropagationNativeGaugeLiteral.lean:1:0: import H0mework.Versions.Rf13ed87d.ReleaseMaterials.Physics.LowEnergyPhenomenology.AlphaSource.CanonicalSourcePropagationNativeGravityScalarReturn failed, environment already contains 'LowEnergy.SourcePropagationNativeActionHessian.instNormedSpaceRealLorentzianCoframe_1' from H0mework.Versions.Rf13ed87d.ReleaseMaterials.Physics.LowEnergyPhenomenology.AlphaSource.CanonicalSourcePropagationCoframeInverseJets
error: Lean exited with code 1
✔ [16058/16202] Built H0mework.Versions.Rf13ed87d.ReleaseMaterials.Physics.LowEnergyPhenomenology.AlphaSource.CanonicalSourcePropagationNativeFourierDictionary (13s)
✔ [16060/16202] Built H0mework.Versions.Rf13ed87d.ReleaseMaterials.Physics.LowEnergyPhenomenology.AlphaSource.CanonicalPreparationSourceRestNativeCurrentCoupling (28s)
✔ [16061/16202] Built H0mework.Versions.Rf13ed87d.ReleaseMaterials.Physics.LowEnergyPhenomenology.AlphaSource.CanonicalPreparationRepairedGravitySourceJets (17s)
✔ [16063/16202] Built H0mework.Versions.Rf13ed87d.ReleaseMaterials.Physics.LowEnergyPhenomenology.AlphaSource.CanonicalSourcePropagationJointSourceAnnihilator (25s)
✔ [16064/16202] Built H0mework.Versions.Rf13ed87d.ReleaseMaterials.Physics.LowEnergyPhenomenology.AlphaSource.CanonicalSourcePropagationNativeSourceDictionaryNormalization (16s)
✔ [16065/16202] Built H0mework.Versions.Rf13ed87d.ReleaseMaterials.Physics.LowEnergyPhenomenology.AlphaSource.CanonicalPreparationRepairedGravityAuxiliaryGraph (14s)
✔ [16066/16202] Built H0mework.Versions.Rf13ed87d.ReleaseMaterials.Physics.LowEnergyPhenomenology.AlphaSource.CanonicalSourcePropagationNativeStructuralSourceSort (37s)
✔ [16067/16202] Built H0mework.Versions.Rf13ed87d.ReleaseMaterials.Physics.LowEnergyPhenomenology.AlphaSource.CanonicalPreparationRepairedGravityMixedReturn (15s)
✔ [16069/16202] Built H0mework.Versions.Rf13ed87d.ReleaseMaterials.Physics.LowEnergyPhenomenology.AlphaSource.CanonicalPreparationOriginalLorentzQuadratic (20s)
✔ [16070/16202] Built H0mework.Versions.Rf13ed87d.ReleaseMaterials.Physics.LowEnergyPhenomenology.AlphaSource.CanonicalSourcePropagationPreparedMeromorphicResponse (124s)
✔ [16071/16202] Built H0mework.Versions.Rf13ed87d.ReleaseMaterials.Physics.LowEnergyPhenomenology.AlphaSource.CanonicalSourcePropagationSourceSpectralInverse (33s)
✔ [16072/16202] Built H0mework.Versions.Rf13ed87d.ReleaseMaterials.Physics.LowEnergyPhenomenology.AlphaSource.CanonicalSourcePropagationActualOrderedTimeDrive (36s)
✔ [16073/16202] Built H0mework.Versions.Rf13ed87d.ReleaseMaterials.Physics.LowEnergyPhenomenology.AlphaSource.CanonicalSourcePropagationFullFiveLeading (43s)
✔ [16074/16202] Built H0mework.Versions.Rf13ed87d.ReleaseMaterials.Physics.LowEnergyPhenomenology.AlphaSource.CanonicalSourcePropagationMovingTimeLegendre (24s)
✔ [16075/16202] Built H0mework.Versions.Rf13ed87d.ReleaseMaterials.Physics.LowEnergyPhenomenology.AlphaSource.CanonicalSourcePropagationPreparedHistoryResponse (61s)
✔ [16076/16202] Built H0mework.Versions.Rf13ed87d.ReleaseMaterials.Physics.LowEnergyPhenomenology.AlphaSource.CanonicalSourcePropagationOriginalFieldPoleReturn (14s)
✔ [16077/16202] Built H0mework.Versions.Rf13ed87d.ReleaseMaterials.Physics.LowEnergyPhenomenology.AlphaSource.CanonicalSourcePropagationNoetherHistoryResponse (35s)
✔ [16078/16229] Built H0mework.Versions.Rf13ed87d.ReleaseMaterials.Physics.LowEnergyPhenomenology.AlphaSource.CanonicalSourcePropagationNoetherEulerReturn (13s)
✔ [16105/16233] Built H0mework.Versions.Rf13ed87d.ReleaseMaterials.Physics.LowEnergyPhenomenology.AlphaSource.CanonicalPreparationSourceMixedPrincipal (42s)
✔ [16107/16233] Built H0mework.Versions.Rf13ed87d.ReleaseMaterials.Physics.LowEnergyPhenomenology.AlphaSource.CanonicalPreparationElectricPreparedWard (12s)
✔ [16108/16235] Built H0mework.Versions.Rf13ed87d.ReleaseMaterials.Physics.LowEnergyPhenomenology.AlphaSource.CanonicalPreparationSourceActionTimeMatrix (10s)
✔ [16109/16325] Built H0mework.Versions.Rf13ed87d.ReleaseMaterials.Physics.LowEnergyPhenomenology.AlphaSource.CanonicalPreparationSourceJointLocking (11s)
✔ [16110/16325] Built H0mework.Versions.Rf13ed87d.ReleaseMaterials.Physics.LowEnergyPhenomenology.AlphaSource.EmIdentification.PhysicalFullFieldCoefficients (30s)
✔ [16111/16325] Built H0mework.Versions.Rf13ed87d.ReleaseMaterials.Physics.LowEnergyPhenomenology.AlphaSource.EmIdentification.PhysicalFullFieldMixed (12s)
✔ [16112/16325] Built H0mework.Versions.Rf13ed87d.ReleaseMaterials.Physics.LowEnergyPhenomenology.AlphaSource.EmIdentification.PhysicalFullFieldScaling (22s)
✔ [16113/16384] Built H0mework.Versions.Rf13ed87d.ReleaseMaterials.Physics.LowEnergyPhenomenology.AlphaSource.EmIdentification.PhysicalFullFieldContinuity (18s)
✔ [16114/16391] Built H0mework.Versions.Rf13ed87d.ReleaseMaterials.Physics.LowEnergyPhenomenology.AlphaSource.RawActionDensity (9.5s)
✔ [16115/16547] Built H0mework.Versions.Rf13ed87d.ReleaseMaterials.Physics.LowEnergyPhenomenology.AlphaSource.CanonicalPreparationSourceOriginalEnergyDensity (22s)
✔ [16118/16766] Built H0mework.Versions.Rf13ed87d.ReleaseMaterials.Physics.LowEnergyPhenomenology.AlphaSource.CanonicalPreparationOriginalLorentzInverse (551s)
✔ [16119/16766] Built H0mework.Versions.Rf13ed87d.ReleaseMaterials.Physics.LowEnergyPhenomenology.AlphaSource.CanonicalPreparationOriginalLorentzLoad (15s)
✔ [16120/16773] Built H0mework.Versions.Rf13ed87d.ReleaseMaterials.Physics.LowEnergyPhenomenology.AlphaSource.CanonicalPreparationOriginalVelocityLoad (9.7s)
✔ [16121/16773] Built H0mework.Versions.Rf13ed87d.ReleaseMaterials.Physics.LowEnergyPhenomenology.AlphaSource.CanonicalPreparationOriginalVelocityPrimary (267s)
✔ [16122/16773] Built H0mework.Versions.Rc015842c.ReleaseMaterials.Physics.LowEnergyPhenomenology.AlphaSource.CanonicalPreparationSerializedAsset (380s)
✔ [16123/16773] Built H0mework.Versions.Rf13ed87d.ReleaseMaterials.Physics.LowEnergyPhenomenology.AlphaSource.CanonicalPreparationOriginalGaussKinetic (176s)
✔ [16124/16775] Built H0mework.Versions.Rf13ed87d.ReleaseMaterials.Physics.LowEnergyPhenomenology.AlphaSource.CanonicalPreparationOriginalSpinCurrent (12s)
✔ [16125/16775] Built H0mework.Versions.Rc015842c.ReleaseMaterials.Physics.LowEnergyPhenomenology.AlphaSource.CanonicalPreparationSerializedConsumer (152s)
✔ [16126/16775] Built H0mework.Versions.Rf13ed87d.ReleaseMaterials.Physics.LowEnergyPhenomenology.AlphaSource.CanonicalPreparationOrderedSpinDensity (14s)
✔ [16127/16775] Built H0mework.Versions.Rf13ed87d.ReleaseMaterials.Physics.LowEnergyPhenomenology.AlphaSource.CanonicalPreparationGaussOrderedLoad (16s)
✔ [16128/16779] Built H0mework.Versions.Rc015842c.ReleaseMaterials.Physics.LowEnergyPhenomenology.AlphaSource.CanonicalPreparationEmitterStages (35s)
✔ [16129/16783] Built H0mework.Versions.Rf13ed87d.ReleaseMaterials.Physics.LowEnergyPhenomenology.AlphaSource.CanonicalPreparationSourceSpinClifford (14s)
✔ [16130/16783] Built H0mework.Versions.Rc015842c.ReleaseMaterials.Physics.LowEnergyPhenomenology.AlphaSource.CanonicalPreparationSerializationClockProgram (10s)
✔ [16131/16802] Built H0mework.Versions.Rc015842c.ReleaseMaterials.Physics.LowEnergyPhenomenology.AlphaSource.CanonicalPreparationSerializationDualPool (8.7s)
✔ [16132/16802] Built H0mework.Versions.Rf13ed87d.ReleaseMaterials.Physics.LowEnergyPhenomenology.AlphaSource.CanonicalPreparationSourceSpinBasis (16s)
✔ [16133/16808] Built H0mework.Versions.Rc015842c.ReleaseMaterials.Physics.LowEnergyPhenomenology.AlphaSource.CanonicalPreparationSerializationTableBounds (18s)
✔ [16134/16808] Built H0mework.Versions.Rc015842c.ReleaseMaterials.Physics.LowEnergyPhenomenology.AlphaSource.CanonicalPreparationSharedPoolPrefix (15s)
✔ [16135/16808] Built H0mework.Versions.Rc015842c.ReleaseMaterials.Physics.LowEnergyPhenomenology.AlphaSource.CanonicalPreparationSharedPoolArena (9.8s)
✔ [16136/16808] Built H0mework.Versions.Rc015842c.ReleaseMaterials.Physics.LowEnergyPhenomenology.AlphaSource.CanonicalPreparationSharedPoolEngine (11s)
✔ [16137/16808] Built H0mework.Versions.Rc015842c.ReleaseMaterials.Physics.LowEnergyPhenomenology.AlphaSource.CanonicalPreparationExecutionRuntimeInvariant (10s)
✔ [16138/16808] Built H0mework.Versions.Rc015842c.ReleaseMaterials.Physics.LowEnergyPhenomenology.AlphaSource.CanonicalPreparationExecutionEngineInvariant (14s)
✔ [16139/16808] Built H0mework.Versions.Rc015842c.ReleaseMaterials.Physics.LowEnergyPhenomenology.AlphaSource.CanonicalPreparationExecutionSourceNative (9.0s)
✔ [16140/16808] Built H0mework.Versions.Rc015842c.ReleaseMaterials.Physics.LowEnergyPhenomenology.AlphaSource.CanonicalPreparationMemoRowExpansion (7.3s)
✔ [16141/16808] Built H0mework.Versions.Rc015842c.ReleaseMaterials.Physics.LowEnergyPhenomenology.AlphaSource.CanonicalPreparationMemoNative (7.0s)
✔ [16142/16808] Built H0mework.Versions.Rc015842c.ReleaseMaterials.Physics.LowEnergyPhenomenology.AlphaSource.CanonicalPreparationMemoEngineCache (9.1s)
✔ [16143/16808] Built H0mework.Versions.Rc015842c.ReleaseMaterials.Physics.LowEnergyPhenomenology.AlphaSource.CanonicalPreparationSetupAngularValues (9.9s)
✔ [16144/16808] Built H0mework.Versions.Rc015842c.ReleaseMaterials.Physics.LowEnergyPhenomenology.AlphaSource.CanonicalPreparationSetupAngularConvolution (7.5s)
✔ [16145/16808] Built H0mework.Versions.Rc015842c.ReleaseMaterials.Physics.LowEnergyPhenomenology.AlphaSource.CanonicalPreparationSetupJordanValues (11s)
✔ [16146/16808] Built H0mework.Versions.Rf13ed87d.ReleaseMaterials.Physics.LowEnergyPhenomenology.AlphaSource.CanonicalPreparationSourceSpinBranches (150s)
✔ [16147/16808] Built H0mework.Versions.Rc015842c.ReleaseMaterials.Physics.LowEnergyPhenomenology.AlphaSource.CanonicalPreparationKernelSourceInputs (10s)
✔ [16148/16808] Built H0mework.Versions.Rf13ed87d.ReleaseMaterials.Physics.LowEnergyPhenomenology.AlphaSource.CanonicalPreparationSourceSpinCoefficientTransform (30s)
✔ [16149/16808] Built H0mework.Versions.Rc015842c.ReleaseMaterials.Physics.LowEnergyPhenomenology.AlphaSource.CanonicalPreparationKernelClockInputs (30s)
✔ [16150/16808] Built H0mework.Versions.Rc015842c.ReleaseMaterials.Physics.LowEnergyPhenomenology.AlphaSource.CanonicalPreparationKernelOperators (19s)
✔ [16151/16808] Built H0mework.Versions.Rc015842c.ReleaseMaterials.Physics.LowEnergyPhenomenology.AlphaSource.CanonicalPreparationRawTableFold (13s)
✔ [16152/16808] Built H0mework.Versions.Rc015842c.ReleaseMaterials.Physics.LowEnergyPhenomenology.AlphaSource.CanonicalPreparationRawTableStageArrays (9.9s)
✔ [16153/16808] Built H0mework.Versions.Rc015842c.ReleaseMaterials.Physics.LowEnergyPhenomenology.AlphaSource.CanonicalPreparationRawTableUnitConsumer (8.9s)
✔ [16154/16808] Built H0mework.Versions.Rc015842c.ReleaseMaterials.Physics.LowEnergyPhenomenology.AlphaSource.CanonicalPreparationSourceRemainder (11s)
✔ [16155/16808] Built H0mework.Versions.Rc015842c.ReleaseMaterials.Physics.LowEnergyPhenomenology.AlphaSource.CanonicalPreparationSourcePreparedState (25s)
✔ [16156/16808] Built H0mework.Versions.Rc015842c.ReleaseMaterials.Physics.LowEnergyPhenomenology.AlphaSource.CanonicalPreparationSourceBoundarySequence (21s)
✔ [16157/16808] Built H0mework.Versions.Rc015842c.ReleaseMaterials.Physics.LowEnergyPhenomenology.AlphaSource.CanonicalPreparationSourceCausalState (13s)
✔ [16158/16808] Built H0mework.Versions.Rc015842c.ReleaseMaterials.Physics.LowEnergyPhenomenology.AlphaSource.CanonicalPreparationSourceNonlinearState (18s)
✔ [16159/16808] Built H0mework.Versions.Rc015842c.ReleaseMaterials.Physics.LowEnergyPhenomenology.AlphaSource.CanonicalPreparationSourceCurvatureReaders (10s)
✔ [16160/16808] Built H0mework.Versions.Rc015842c.ReleaseMaterials.Physics.LowEnergyPhenomenology.AlphaSource.CanonicalPreparationTemporalWardConsumer (36s)
✔ [16161/16808] Built H0mework.Versions.Rf13ed87d.ReleaseMaterials.Physics.LowEnergyPhenomenology.AlphaSource.CanonicalPreparationSourceSpinTensorValues (199s)
✔ [16162/16808] Built H0mework.Versions.Rc015842c.ReleaseMaterials.Physics.LowEnergyPhenomenology.AlphaSource.CanonicalPreparationFieldSourceFrame (18s)
✔ [16163/16808] Built H0mework.Versions.Rc015842c.ReleaseMaterials.Physics.LowEnergyPhenomenology.AlphaSource.CanonicalPreparationGaugeFields (17s)
✔ [16164/16808] Built H0mework.Versions.Rc015842c.ReleaseMaterials.Physics.LowEnergyPhenomenology.AlphaSource.CanonicalPreparationFieldSourcePairing (22s)
✔ [16165/16808] Built H0mework.Versions.Rc015842c.ReleaseMaterials.Physics.LowEnergyPhenomenology.AlphaSource.CanonicalPreparationGaugeSourceInjection (19s)
✔ [16166/16808] Built H0mework.Versions.Rc015842c.ReleaseMaterials.Physics.LowEnergyPhenomenology.AlphaSource.CanonicalPreparationFieldFullVertex (38s)
✔ [16167/16808] Built H0mework.Versions.Rc015842c.ReleaseMaterials.Physics.LowEnergyPhenomenology.AlphaSource.CanonicalPreparationGaugePreparedPorts (80s)
✔ [16168/16808] Built H0mework.Versions.Rc015842c.ReleaseMaterials.Physics.LowEnergyPhenomenology.AlphaSource.CanonicalPreparationGradedDensityTransport (46s)
✔ [16169/16808] Built H0mework.Versions.Rf13ed87d.ReleaseMaterials.Physics.LowEnergyPhenomenology.AlphaSource.CanonicalPreparationSourceSpinMixedReturn (222s)
✔ [16170/16808] Built H0mework.Versions.Rc015842c.ReleaseMaterials.Physics.LowEnergyPhenomenology.AlphaSource.CanonicalPreparationGradedSourceForm (20s)
✔ [16171/16808] Built H0mework.Versions.Rf13ed87d.ReleaseMaterials.Physics.LowEnergyPhenomenology.AlphaSource.CanonicalPreparationSourceSpinCarContraction (13s)
✔ [16172/16808] Built H0mework.Versions.Rc015842c.ReleaseMaterials.Physics.LowEnergyPhenomenology.AlphaSource.CanonicalPreparationTransportedGraded (48s)
✔ [16173/16808] Built H0mework.Versions.Rf13ed87d.ReleaseMaterials.Physics.LowEnergyPhenomenology.AlphaSource.CanonicalPreparationSourceGeometryCurrentReturn (19s)
✔ [16174/16808] Built H0mework.Versions.Rc015842c.ReleaseMaterials.Physics.LowEnergyPhenomenology.AlphaSource.CanonicalPreparationActionStateRestriction (24s)
✔ [16175/16808] Built H0mework.Versions.Rc015842c.ReleaseMaterials.Physics.LowEnergyPhenomenology.AlphaSource.CanonicalPreparationFieldTangentCurrent (18s)
✔ [16176/16808] Built H0mework.Versions.Rc015842c.ReleaseMaterials.Physics.LowEnergyPhenomenology.AlphaSource.CanonicalPreparationYukawaCutoffField (22s)
✔ [16177/16808] Built H0mework.Versions.Rf13ed87d.ReleaseMaterials.Physics.LowEnergyPhenomenology.AlphaSource.CanonicalPreparationSourceGaussMeasureJets (13s)
✔ [16178/16808] Built H0mework.Versions.Rc015842c.ReleaseMaterials.Physics.LowEnergyPhenomenology.AlphaSource.CanonicalPreparationActionFieldLift (24s)
✔ [16179/16808] Built H0mework.Versions.Rc015842c.ReleaseMaterials.Physics.LowEnergyPhenomenology.AlphaSource.CanonicalPreparationFieldFormCurrent (13s)
✔ [16180/16808] Built H0mework.Versions.Rc015842c.ReleaseMaterials.Physics.LowEnergyPhenomenology.AlphaSource.CanonicalPreparationYukawaLocalJets (34s)
✔ [16181/16814] Built H0mework.Versions.Rf13ed87d.ReleaseMaterials.Physics.LowEnergyPhenomenology.AlphaSource.CanonicalPreparationSourceGaussMomentumReturn (21s)
✔ [16182/16817] Built H0mework.Versions.Rc015842c.ReleaseMaterials.Physics.LowEnergyPhenomenology.AlphaSource.CanonicalPreparationFieldPreparedCovector (19s)
✔ [16183/16817] Built H0mework.Versions.Rc015842c.ReleaseMaterials.Physics.LowEnergyPhenomenology.AlphaSource.CanonicalPreparationYukawaFullYResponse (34s)
✔ [16184/16877] Built H0mework.Versions.Rf13ed87d.ReleaseMaterials.Physics.LowEnergyPhenomenology.AlphaSource.CanonicalPreparationSourcePreparedGaussKinetic (38s)
✔ [16185/16877] Built H0mework.Versions.Rc015842c.ReleaseMaterials.Physics.LowEnergyPhenomenology.AlphaSource.CanonicalPreparationElectricPairCurrent (13s)
✔ [16186/16877] Built H0mework.Versions.Rc015842c.ReleaseMaterials.Physics.LowEnergyPhenomenology.AlphaSource.CanonicalPreparationYukawaUncutDomain (36s)
✔ [16187/16884] Built H0mework.Versions.Rf13ed87d.ReleaseMaterials.Physics.LowEnergyPhenomenology.AlphaSource.CanonicalPreparationSourceLegendreSpinSchur (31s)
✔ [16188/16884] Built H0mework.Versions.Rc015842c.ReleaseMaterials.Physics.LowEnergyPhenomenology.AlphaSource.CanonicalPreparationElectricCoreWard (17s)
✔ [16189/16884] Built H0mework.Versions.Rc015842c.ReleaseMaterials.Physics.LowEnergyPhenomenology.AlphaSource.CanonicalPreparationHalfDensityFixedFiber (13s)
ℹ [16190/16884] Built H0mework.Versions.Rc015842c.ReleaseMaterials.Physics.LowEnergyPhenomenology.AlphaSource.CanonicalPreparationYukawaCutoffJets (28s)
info: H0mework/Versions/Rc015842c/ReleaseMaterials/Physics/LowEnergyPhenomenology/AlphaSource/CanonicalPreparationYukawaCutoffJets.lean:225:4: Try this:
  [apply] ring_nf
  
  The `ring` tactic failed to close the goal. Use `ring_nf` to obtain a normal form.
    
  Note that `ring` works primarily in *commutative* rings. If you have a noncommutative ring, abelian group or module, consider using `noncomm_ring`, `abel` or `module` instead.
info: H0mework/Versions/Rc015842c/ReleaseMaterials/Physics/LowEnergyPhenomenology/AlphaSource/CanonicalPreparationYukawaCutoffJets.lean:241:6: Try this:
  [apply] ring_nf
  
  The `ring` tactic failed to close the goal. Use `ring_nf` to obtain a normal form.
    
  Note that `ring` works primarily in *commutative* rings. If you have a noncommutative ring, abelian group or module, consider using `noncomm_ring`, `abel` or `module` instead.
info: H0mework/Versions/Rc015842c/ReleaseMaterials/Physics/LowEnergyPhenomenology/AlphaSource/CanonicalPreparationYukawaCutoffJets.lean:245:6: Try this:
  [apply] ring_nf
  
  The `ring` tactic failed to close the goal. Use `ring_nf` to obtain a normal form.
    
  Note that `ring` works primarily in *commutative* rings. If you have a noncommutative ring, abelian group or module, consider using `noncomm_ring`, `abel` or `module` instead.
info: H0mework/Versions/Rc015842c/ReleaseMaterials/Physics/LowEnergyPhenomenology/AlphaSource/CanonicalPreparationYukawaCutoffJets.lean:250:6: Try this:
  [apply] ring_nf
  
  The `ring` tactic failed to close the goal. Use `ring_nf` to obtain a normal form.
    
  Note that `ring` works primarily in *commutative* rings. If you have a noncommutative ring, abelian group or module, consider using `noncomm_ring`, `abel` or `module` instead.
✔ [16191/16884] Built H0mework.Versions.Rf13ed87d.ReleaseMaterials.Physics.LowEnergyPhenomenology.AlphaSource.CanonicalPreparationSourceHamiltonianSpinReturn (24s)
✔ [16192/16884] Built H0mework.Versions.Rc015842c.ReleaseMaterials.Physics.LowEnergyPhenomenology.AlphaSource.CanonicalPreparationHalfDensitySourceJets (17s)
✔ [16193/16884] Built H0mework.Versions.Rc015842c.ReleaseMaterials.Physics.LowEnergyPhenomenology.AlphaSource.CanonicalPreparationSpatialRatioDerivative (15s)
✔ [16194/16884] Built H0mework.Versions.Rc015842c.ReleaseMaterials.Physics.LowEnergyPhenomenology.AlphaSource.CanonicalPreparationYukawaObservedLimit (28s)
✔ [16195/16884] Built H0mework.Versions.Rf13ed87d.ReleaseMaterials.Physics.LowEnergyPhenomenology.AlphaSource.CanonicalPreparationSourceLegendreLinearCurrent (71s)
✔ [16196/16884] Built H0mework.Versions.Rc015842c.ReleaseMaterials.Physics.LowEnergyPhenomenology.AlphaSource.CanonicalPreparationSpatialMomentumTransport (14s)
✔ [16197/16884] Built H0mework.Versions.Rc015842c.ReleaseMaterials.Physics.LowEnergyPhenomenology.AlphaSource.CanonicalPreparationHalfDensityCompressionFeed (15s)
✔ [16198/16884] Built H0mework.Versions.Rf13ed87d.ReleaseMaterials.Physics.LowEnergyPhenomenology.AlphaSource.CanonicalPreparationSourceOrderedCurrentReturn (29s)
✔ [16199/16884] Built H0mework.Versions.Rc015842c.ReleaseMaterials.Physics.LowEnergyPhenomenology.AlphaSource.CanonicalPreparationSpatialFullFormFeed (15s)
✔ [16200/16884] Built H0mework.Versions.Rf13ed87d.ReleaseMaterials.Physics.LowEnergyPhenomenology.AlphaSource.CanonicalPreparationSourceCurrentMomentumContacts (19s)
✔ [16201/16884] Built H0mework.Versions.Rc015842c.ReleaseMaterials.Physics.LowEnergyPhenomenology.AlphaSource.CanonicalPreparationJointParameterIntegral (11s)
✔ [16202/16884] Built H0mework.Versions.Rf13ed87d.ReleaseMaterials.Physics.LowEnergyPhenomenology.AlphaSource.CanonicalPreparationSourceRadialCoefficientJets (15s)
✔ [16203/16884] Built H0mework.Versions.Rc015842c.ReleaseMaterials.Physics.LowEnergyPhenomenology.AlphaSource.CanonicalPreparationJointSource (80s)
✔ [16204/16884] Built H0mework.Versions.Rf13ed87d.ReleaseMaterials.Physics.LowEnergyPhenomenology.AlphaSource.CanonicalPreparationSourceNumberRadialPairReturn (40s)
✔ [16205/16884] Built H0mework.Versions.Rc015842c.ReleaseMaterials.Physics.LowEnergyPhenomenology.AlphaSource.CanonicalPreparationJointMixedResponse (33s)
✔ [16206/16884] Built H0mework.Versions.Rf13ed87d.ReleaseMaterials.Physics.LowEnergyPhenomenology.AlphaSource.CanonicalPreparationSourcePreparedSpinLoadedReturn (19s)
✔ [16207/16884] Built H0mework.Versions.Rc015842c.ReleaseMaterials.Physics.LowEnergyPhenomenology.AlphaSource.CanonicalPreparationRawJointFieldSource (30s)
✔ [16208/16884] Built H0mework.Versions.Rf13ed87d.ReleaseMaterials.Physics.LowEnergyPhenomenology.AlphaSource.CanonicalPreparationSourceMovingMeasureJets (17s)
✔ [16209/16884] Built H0mework.Versions.Rc015842c.ReleaseMaterials.Physics.LowEnergyPhenomenology.AlphaSource.CanonicalPreparationOriginalPreparedGreen (1018s)
✔ [16210/16884] Built H0mework.Versions.Rf13ed87d.ReleaseMaterials.Physics.LowEnergyPhenomenology.AlphaSource.CanonicalPreparationSourceMovingCoframeJets (12s)
✔ [16211/16884] Built H0mework.Versions.Rc015842c.ReleaseMaterials.Physics.LowEnergyPhenomenology.AlphaSource.CanonicalPreparationRawJointReaderCompression (18s)
✔ [16212/16884] Built H0mework.Versions.Rc015842c.ReleaseMaterials.Physics.LowEnergyPhenomenology.AlphaSource.CanonicalPreparationRawJointFiveTerms (10s)
✔ [16213/16884] Built H0mework.Versions.Rf13ed87d.ReleaseMaterials.Physics.LowEnergyPhenomenology.AlphaSource.CanonicalPreparationSourceMovingCoframeFormReturn (21s)
✔ [16214/16884] Built H0mework.Versions.Rf13ed87d.ReleaseMaterials.Physics.LowEnergyPhenomenology.AlphaSource.CanonicalPreparationSourceIndependentMomentumTransport (8.6s)
✔ [16215/16888] Built H0mework.Versions.Rc015842c.ReleaseMaterials.Physics.LowEnergyPhenomenology.AlphaSource.CanonicalPreparationPhysicalRawTimeJets (14s)
✔ [16216/16888] Built H0mework.Versions.Rf13ed87d.ReleaseMaterials.Physics.LowEnergyPhenomenology.AlphaSource.CanonicalPreparationSourceIndependentHalfDensityFields (10s)
✔ [16217/16888] Built H0mework.Versions.Rc015842c.ReleaseMaterials.Physics.LowEnergyPhenomenology.AlphaSource.CanonicalPreparationPhysicalFullSourceWindow (13s)
✔ [16218/16893] Built H0mework.Versions.Rf13ed87d.ReleaseMaterials.Physics.LowEnergyPhenomenology.AlphaSource.CanonicalPreparationSourceIndependentPreparedReturn (13s)
✔ [16219/16893] Built H0mework.Versions.Rc015842c.ReleaseMaterials.Physics.LowEnergyPhenomenology.AlphaSource.CanonicalPreparationPhysicalFeedbackField (11s)
✔ [16220/16896] Built H0mework.Versions.Rf13ed87d.ReleaseMaterials.Physics.LowEnergyPhenomenology.AlphaSource.CanonicalPreparationSourceFixedMomentumHamiltonian (17s)
✔ [16221/16898] Built H0mework.Versions.Rc015842c.ReleaseMaterials.Physics.LowEnergyPhenomenology.AlphaSource.CanonicalPreparationPhysicalTimePolynomial (20s)
✔ [16222/16898] Built H0mework.Versions.Rf13ed87d.ReleaseMaterials.Physics.LowEnergyPhenomenology.AlphaSource.CanonicalPreparationSourceFixedMomentumEuler (15s)
✔ [16223/16898] Built H0mework.Versions.Rc015842c.ReleaseMaterials.Physics.LowEnergyPhenomenology.AlphaSource.CanonicalPreparationPhysicalSourceGrowth (18s)
✔ [16224/16898] Built H0mework.Versions.Rf13ed87d.ReleaseMaterials.Physics.LowEnergyPhenomenology.AlphaSource.CanonicalPreparationSourceActionEulerSources (13s)
✔ [16225/16898] Built H0mework.Versions.Rc015842c.ReleaseMaterials.Physics.LowEnergyPhenomenology.AlphaSource.CanonicalPreparationPhysicalFullHalfAxis (10s)
✔ [16226/16898] Built H0mework.Versions.Rc015842c.ReleaseMaterials.Physics.LowEnergyPhenomenology.AlphaSource.CanonicalPreparationPhysicalActualEnvelopes (12s)
✔ [16227/16898] Built H0mework.Versions.Rf13ed87d.ReleaseMaterials.Physics.LowEnergyPhenomenology.AlphaSource.CanonicalPreparationSourceActionModeWindow (24s)
✔ [16228/16899] Built H0mework.Versions.Rc015842c.ReleaseMaterials.Physics.LowEnergyPhenomenology.AlphaSource.CanonicalPreparationRealSourceJacobian (14s)
✔ [16229/16899] Built H0mework.Versions.Rc015842c.ReleaseMaterials.Physics.LowEnergyPhenomenology.AlphaSource.CanonicalPreparationOriginalRawActionDensity (22s)
✔ [16230/16899] Built H0mework.Versions.Rc015842c.ReleaseMaterials.Physics.LowEnergyPhenomenology.AlphaSource.CanonicalPreparationPhysicalFiveSourcePrice (22s)
✔ [16231/16899] Built H0mework.Versions.Rf13ed87d.ReleaseMaterials.Physics.LowEnergyPhenomenology.AlphaSource.CanonicalPreparationSourceActionFieldFeed (11s)
✔ [16232/16899] Built H0mework.Versions.Rc015842c.ReleaseMaterials.Physics.LowEnergyPhenomenology.AlphaSource.CanonicalPreparationOriginalRealReaction (11s)
✔ [16233/16899] Built H0mework.Versions.Rc015842c.ReleaseMaterials.Physics.LowEnergyPhenomenology.AlphaSource.CanonicalSourcePropagationCommonCarrier (11s)
✔ [16234/16899] Built H0mework.Versions.Rc015842c.ReleaseMaterials.Physics.LowEnergyPhenomenology.AlphaSource.CanonicalPreparationIndependentDensityEvolution (25s)
✔ [16235/16899] Built H0mework.Versions.Rc015842c.ReleaseMaterials.Physics.LowEnergyPhenomenology.AlphaSource.CanonicalPreparationOriginalDensitySourceFeed (20s)
✔ [16236/16899] Built H0mework.Versions.Rf13ed87d.ReleaseMaterials.Physics.LowEnergyPhenomenology.AlphaSource.CanonicalPreparationSourceNoetherContactBudget (51s)
✔ [16237/16899] Built H0mework.Versions.Rc015842c.ReleaseMaterials.Physics.LowEnergyPhenomenology.AlphaSource.CanonicalPreparationMovingNoetherLegendre (16s)
✔ [16238/16899] Built H0mework.Versions.Rf13ed87d.ReleaseMaterials.Physics.LowEnergyPhenomenology.AlphaSource.CanonicalPreparationSourceNoetherModePrice (9.9s)
✔ [16239/16899] Built H0mework.Versions.Rc015842c.ReleaseMaterials.Physics.LowEnergyPhenomenology.AlphaSource.CanonicalPreparationMovingNoetherDensityTransport (12s)
✔ [16240/16899] Built H0mework.Versions.Rf13ed87d.ReleaseMaterials.Physics.LowEnergyPhenomenology.AlphaSource.CanonicalPreparationSourceNoetherControlledTail (10s)
✔ [16241/16899] Built H0mework.Versions.Rf13ed87d.ReleaseMaterials.Physics.LowEnergyPhenomenology.AlphaSource.CanonicalPreparationSourceCurrentModeJacobian (15s)
✔ [16244/16899] Built H0mework.Versions.Rc015842c.ReleaseMaterials.Physics.LowEnergyPhenomenology.AlphaSource.CanonicalPreparationMovingNoetherPreparedContact (22s)
✔ [16245/16922] Built H0mework.Versions.Rf13ed87d.ReleaseMaterials.Physics.LowEnergyPhenomenology.AlphaSource.CanonicalPreparationSourceHalfAxisCurrentOperator (15s)
✔ [16423/16931] Built H0mework.Versions.Rc015842c.ReleaseMaterials.Physics.LowEnergyPhenomenology.AlphaSource.CanonicalPreparationOriginalHistoryConjugation (17s)
✔ [16428/16937] Built H0mework.Versions.Rc015842c.ReleaseMaterials.Physics.LowEnergyPhenomenology.AlphaSource.CanonicalPreparationPhysicalControlledFieldTail (22s)
✔ [16433/16941] Built H0mework.Versions.Rc015842c.ReleaseMaterials.Physics.LowEnergyPhenomenology.AlphaSource.CanonicalPreparationOrderedConjugatedSignal (31s)
✔ [16439/16943] Built H0mework.Versions.Rc015842c.ReleaseMaterials.Physics.LowEnergyPhenomenology.AlphaSource.CanonicalPreparationPropagationPencilDynamics (18s)
✔ [16444/16944] Built H0mework.Versions.Rc015842c.ReleaseMaterials.Physics.LowEnergyPhenomenology.AlphaSource.CanonicalPreparationOriginalRealActionFeed (31s)
✔ [16450/16961] Built H0mework.Versions.Rc015842c.ReleaseMaterials.Physics.LowEnergyPhenomenology.AlphaSource.CanonicalPreparationPropagationHalfAxisPencil (32s)
✔ [16454/16961] Built H0mework.Versions.Rc015842c.ReleaseMaterials.Physics.LowEnergyPhenomenology.AlphaSource.CanonicalPreparationPropagationWholeCurvatureReturn (24s)
✔ [16459/16961] Built H0mework.Versions.Rc015842c.ReleaseMaterials.Physics.LowEnergyPhenomenology.AlphaSource.CanonicalPreparationNoetherCurrentTimeBalance (33s)
✔ [16462/16961] Built H0mework.Versions.Rc015842c.ReleaseMaterials.Physics.LowEnergyPhenomenology.AlphaSource.CanonicalPreparationNoetherSourceWardChannels (19s)
✔ [16466/16970] Built H0mework.Versions.Rc015842c.ReleaseMaterials.Physics.LowEnergyPhenomenology.AlphaSource.CanonicalSourcePropagationTwoTimeGroup (34s)
✔ [16472/16970] Built H0mework.Versions.Rc015842c.ReleaseMaterials.Physics.LowEnergyPhenomenology.AlphaSource.CanonicalPreparationNoetherSourceInitialReturn (20s)
✔ [16479/16970] Built H0mework.Versions.Rc015842c.ReleaseMaterials.Physics.LowEnergyPhenomenology.AlphaSource.CanonicalPreparationTemporalChargeNormalization (14s)
✔ [16488/16977] Built H0mework.Versions.Rc015842c.ReleaseMaterials.Physics.LowEnergyPhenomenology.AlphaSource.CanonicalPreparationSourcePreparedChargeAction (26s)
✔ [16492/16977] Built H0mework.Versions.Rc015842c.ReleaseMaterials.Physics.LowEnergyPhenomenology.AlphaSource.CanonicalSourcePropagationInverse (79s)
✔ [16495/16977] Built H0mework.Versions.Rc015842c.ReleaseMaterials.Physics.LowEnergyPhenomenology.AlphaSource.CanonicalSourcePropagationWholeResolvent (30s)
✔ [16498/16978] Built H0mework.Versions.Rc015842c.ReleaseMaterials.Physics.LowEnergyPhenomenology.AlphaSource.CanonicalPreparationWeightedChargeCoreWard (56s)
✔ [16503/16981] Built H0mework.Versions.Rc015842c.ReleaseMaterials.Physics.LowEnergyPhenomenology.AlphaSource.CanonicalPreparationWeightedChargePreparedActionReturn (43s)
✔ [16507/16986] Built H0mework.Versions.Rc015842c.ReleaseMaterials.Physics.LowEnergyPhenomenology.AlphaSource.CanonicalSourcePropagationReverseTimeGroup (52s)
✔ [16510/16986] Built H0mework.Versions.Rc015842c.ReleaseMaterials.Physics.LowEnergyPhenomenology.AlphaSource.CanonicalPreparationNativeStateContact (9.9s)
✔ [16517/16991] Built H0mework.Versions.Rc015842c.ReleaseMaterials.Physics.LowEnergyPhenomenology.AlphaSource.CanonicalPreparationNativeActionJets (12s)
✔ [16521/16991] Built H0mework.Versions.Rc015842c.ReleaseMaterials.Physics.LowEnergyPhenomenology.AlphaSource.CanonicalPreparationNativePreparedResponse (16s)
✔ [16524/16991] Built H0mework.Versions.Rc015842c.ReleaseMaterials.Physics.LowEnergyPhenomenology.AlphaSource.CanonicalPreparationOriginalGaugeScalar (13s)
✔ [16527/16993] Built H0mework.Versions.Rc015842c.ReleaseMaterials.Physics.LowEnergyPhenomenology.AlphaSource.CanonicalSourcePropagationPastInverse (53s)
✔ [16529/16993] Built H0mework.Versions.Rc015842c.ReleaseMaterials.Physics.LowEnergyPhenomenology.AlphaSource.CanonicalPreparationPrimitiveColorFields (10s)
✔ [16531/16993] Built H0mework.Versions.Rc015842c.ReleaseMaterials.Physics.LowEnergyPhenomenology.AlphaSource.CanonicalPreparationSourceStaticMixedChannel (27s)
✔ [16532/16993] Built H0mework.Versions.Rc015842c.ReleaseMaterials.Physics.LowEnergyPhenomenology.AlphaSource.CanonicalSourcePropagationAxisReadback (32s)
✔ [16539/16998] Built H0mework.Versions.Rc015842c.ReleaseMaterials.Physics.LowEnergyPhenomenology.AlphaSource.CanonicalPreparationGaugeCurvatureMixed (19s)
✔ [16544/16998] Built H0mework.Versions.Rc015842c.ReleaseMaterials.Physics.LowEnergyPhenomenology.AlphaSource.CanonicalPreparationOriginalSpinScalar (8.7s)
✔ [16550/16998] Built H0mework.Versions.Rc015842c.ReleaseMaterials.Physics.LowEnergyPhenomenology.AlphaSource.CanonicalSourcePropagationActualFieldPencil (54s)
✔ [16554/16998] Built H0mework.Versions.Rc015842c.ReleaseMaterials.Physics.LowEnergyPhenomenology.AlphaSource.CanonicalPreparationSpinConnectionLie (63s)
✔ [16559/16998] Built H0mework.Versions.Rc015842c.ReleaseMaterials.Physics.LowEnergyPhenomenology.AlphaSource.CanonicalSourcePropagationActualFieldInverse (61s)
✔ [16564/16998] Built H0mework.Versions.Rc015842c.ReleaseMaterials.Physics.LowEnergyPhenomenology.AlphaSource.CanonicalPreparationPrimitiveLorentzFields (59s)
✔ [16569/16998] Built H0mework.Versions.Rc015842c.ReleaseMaterials.Physics.LowEnergyPhenomenology.AlphaSource.CanonicalSourcePropagationFullBackgroundReturn (34s)
✔ [16574/16998] Built H0mework.Versions.Rc015842c.ReleaseMaterials.Physics.LowEnergyPhenomenology.AlphaSource.CanonicalPreparationOriginalSourceColumns (9.0s)
✔ [16575/16998] Built H0mework.Versions.Rc015842c.ReleaseMaterials.Physics.LowEnergyPhenomenology.AlphaSource.CanonicalSourcePropagationActualBackgroundEvolution (27s)
✔ [16576/16998] Built H0mework.Versions.Rc015842c.ReleaseMaterials.Physics.LowEnergyPhenomenology.AlphaSource.CanonicalPreparationSourceChargeSpectrum (27s)
✔ [16579/16998] Built H0mework.Versions.Rc015842c.ReleaseMaterials.Physics.LowEnergyPhenomenology.AlphaSource.CanonicalPreparationPreparedNativeCarrier (8.6s)
✔ [16580/16998] Built H0mework.Versions.Rc015842c.ReleaseMaterials.Physics.LowEnergyPhenomenology.AlphaSource.CanonicalSourcePropagationNativeActionFieldLift (14s)
✔ [16581/16998] Built H0mework.Versions.Rc015842c.ReleaseMaterials.Physics.LowEnergyPhenomenology.AlphaSource.CanonicalSourcePropagationNearFieldHalfAxis (42s)
✔ [16586/16998] Built H0mework.Versions.Rc015842c.ReleaseMaterials.Physics.LowEnergyPhenomenology.AlphaSource.CanonicalPreparationLorentzCurvatureMixed (12s)
✔ [16587/16998] Built H0mework.Versions.Rc015842c.ReleaseMaterials.Physics.LowEnergyPhenomenology.AlphaSource.CanonicalPreparationSourceRestPoleSpectrum (70s)
✔ [16588/16998] Built H0mework.Versions.Rc015842c.ReleaseMaterials.Physics.LowEnergyPhenomenology.AlphaSource.CanonicalSourcePropagationNativeActionJets (32s)
✔ [16593/16998] Built H0mework.Versions.Rc015842c.ReleaseMaterials.Physics.LowEnergyPhenomenology.AlphaSource.CanonicalSourcePropagationPreparedTimeReturn (22s)
✔ [16594/16998] Built H0mework.Versions.Rc015842c.ReleaseMaterials.Physics.LowEnergyPhenomenology.AlphaSource.CanonicalPreparationSourceSimplicityJets (8.2s)
✔ [16595/16998] Built H0mework.Versions.Rc015842c.ReleaseMaterials.Physics.LowEnergyPhenomenology.AlphaSource.CanonicalPreparationSourceRestMatterLight (8.4s)
✔ [16596/16998] Built H0mework.Versions.Rc015842c.ReleaseMaterials.Physics.LowEnergyPhenomenology.AlphaSource.CanonicalSourcePropagationCoframeInverseJets (15s)
✔ [16602/16998] Built H0mework.Versions.Rc015842c.ReleaseMaterials.Physics.LowEnergyPhenomenology.AlphaSource.CanonicalSourcePropagationActualMomentumPencil (16s)
✔ [16603/17013] Built H0mework.Versions.Rc015842c.ReleaseMaterials.Physics.LowEnergyPhenomenology.AlphaSource.CanonicalPreparationSourceBFJets (9.4s)
✔ [16604/17013] Built H0mework.Versions.Rc015842c.ReleaseMaterials.Physics.LowEnergyPhenomenology.AlphaSource.CanonicalSourcePropagationNativeHodgeFlat (52s)
✔ [16605/17013] Built H0mework.Versions.Rc015842c.ReleaseMaterials.Physics.LowEnergyPhenomenology.AlphaSource.CanonicalSourcePropagationNativeGaugeRay (16s)
✔ [16606/17013] Built H0mework.Versions.Rc015842c.ReleaseMaterials.Physics.LowEnergyPhenomenology.AlphaSource.CanonicalSourcePropagationNativeGravityScalarReturn (182s)
✔ [16612/17013] Built H0mework.Versions.Rc015842c.ReleaseMaterials.Physics.LowEnergyPhenomenology.AlphaSource.CanonicalSourcePropagationPreparedMomentumReturn (84s)
✔ [16613/17013] Built H0mework.Versions.Rc015842c.ReleaseMaterials.Physics.LowEnergyPhenomenology.AlphaSource.CanonicalSourcePropagationCompressionPolynomial (14s)
✔ [16614/17013] Built H0mework.Versions.Rc015842c.ReleaseMaterials.Physics.LowEnergyPhenomenology.AlphaSource.CanonicalPreparationSourceGravityActualCurveReturn (14s)
✖ [16615/17013] Building H0mework.Versions.Rc015842c.ReleaseMaterials.Physics.LowEnergyPhenomenology.AlphaSource.CanonicalSourcePropagationNativeGaugeLiteral (4.2s)
trace: .> LEAN_PATH=./Lean/.lake/packages/Cli/.lake/build/lib/lean:./Lean/.lake/packages/batteries/.lake/build/lib/lean:./Lean/.lake/packages/Qq/.lake/build/lib/lean:./Lean/.lake/packages/aesop/.lake/build/lib/lean:./Lean/.lake/packages/proofwidgets/.lake/build/lib/lean:./Lean/.lake/packages/importGraph/.lake/build/lib/lean:./Lean/.lake/packages/LeanSearchClient/.lake/build/lib/lean:./Lean/.lake/packages/plausible/.lake/build/lib/lean:./Lean/.lake/packages/mathlib/.lake/build/lib/lean:./Lean/.lake/build/lib/lean runtime/elan/manual/lean-4.33.0-darwin_aarch64/bin/lean -DmaxHeartbeats=2000000 -Dweak.linter.unusedSectionVars=false -Dweak.linter.unnecessarySeqFocus=false -Dweak.linter.unusedVariables=false -Dweak.linter.unreachableTactic=false -Dweak.linter.unusedTactic=false -Dweak.linter.defProp=false -Dweak.linter.deprecated=false -Dlinter.deprecated=false -Dweak.linter.tacticAnalysis.introMerge=false -Dweak.linter.constructorNameAsVariable=false --trust=0 -Dweak.linter.unnecessarySimpa=false -Dweak.linter.style.haveILetI=false -Dweak.linter.unusedSimpArgs=false -DwarningAsError=true ./Lean/H0mework/Versions/Rc015842c/ReleaseMaterials/Physics/LowEnergyPhenomenology/AlphaSource/CanonicalSourcePropagationNativeGaugeLiteral.lean -o ./Lean/.lake/build/lib/lean/H0mework/Versions/Rc015842c/ReleaseMaterials/Physics/LowEnergyPhenomenology/AlphaSource/CanonicalSourcePropagationNativeGaugeLiteral.olean -i ./Lean/.lake/build/lib/lean/H0mework/Versions/Rc015842c/ReleaseMaterials/Physics/LowEnergyPhenomenology/AlphaSource/CanonicalSourcePropagationNativeGaugeLiteral.ilean -c ./Lean/.lake/build/ir/H0mework/Versions/Rc015842c/ReleaseMaterials/Physics/LowEnergyPhenomenology/AlphaSource/CanonicalSourcePropagationNativeGaugeLiteral.c --setup ./Lean/.lake/build/ir/H0mework/Versions/Rc015842c/ReleaseMaterials/Physics/LowEnergyPhenomenology/AlphaSource/CanonicalSourcePropagationNativeGaugeLiteral.setup.json --json
error: H0mework/Versions/Rc015842c/ReleaseMaterials/Physics/LowEnergyPhenomenology/AlphaSource/CanonicalSourcePropagationNativeGaugeLiteral.lean:1:0: import H0mework.Versions.Rc015842c.ReleaseMaterials.Physics.LowEnergyPhenomenology.AlphaSource.CanonicalSourcePropagationNativeGravityScalarReturn failed, environment already contains 'LowEnergy.SourcePropagationNativeActionHessian.instNormedSpaceRealLorentzianCoframe_1' from H0mework.Versions.Rc015842c.ReleaseMaterials.Physics.LowEnergyPhenomenology.AlphaSource.CanonicalSourcePropagationCoframeInverseJets
error: Lean exited with code 1
✔ [16616/17013] Built H0mework.Versions.Rc015842c.ReleaseMaterials.Physics.LowEnergyPhenomenology.AlphaSource.CanonicalSourcePropagationNativeDiracRay (22s)
✔ [16624/17013] Built H0mework.Versions.Rc015842c.ReleaseMaterials.Physics.LowEnergyPhenomenology.AlphaSource.CanonicalPreparationSourceRestNativeCurrentCoupling (18s)
✔ [16625/17013] Built H0mework.Versions.Rc015842c.ReleaseMaterials.Physics.LowEnergyPhenomenology.AlphaSource.CanonicalSourcePropagationNativeFourierDictionary (8.2s)
✔ [16628/17013] Built H0mework.Versions.Rc015842c.ReleaseMaterials.Physics.LowEnergyPhenomenology.AlphaSource.CanonicalPreparationRepairedGravitySourceJets (10s)
✔ [16631/17013] Built H0mework.Versions.Rc015842c.ReleaseMaterials.Physics.LowEnergyPhenomenology.AlphaSource.CanonicalSourcePropagationJointSourceAnnihilator (19s)
✔ [16637/17013] Built H0mework.Versions.Rc015842c.ReleaseMaterials.Physics.LowEnergyPhenomenology.AlphaSource.CanonicalSourcePropagationNativeSourceDictionaryNormalization (8.0s)
✔ [16638/17013] Built H0mework.Versions.Rc015842c.ReleaseMaterials.Physics.LowEnergyPhenomenology.AlphaSource.CanonicalPreparationRepairedGravityAuxiliaryGraph (10s)
✔ [16644/17013] Built H0mework.Versions.Rc015842c.ReleaseMaterials.Physics.LowEnergyPhenomenology.AlphaSource.CanonicalSourcePropagationNativeStructuralSourceSort (7.1s)
✔ [16651/17013] Built H0mework.Versions.Rc015842c.ReleaseMaterials.Physics.LowEnergyPhenomenology.AlphaSource.CanonicalPreparationRepairedGravityMixedReturn (12s)
✔ [16656/17013] Built H0mework.Versions.Rc015842c.ReleaseMaterials.Physics.LowEnergyPhenomenology.AlphaSource.CanonicalPreparationOriginalLorentzQuadratic (9.2s)
✔ [16662/17013] Built H0mework.Versions.Rc015842c.ReleaseMaterials.Physics.LowEnergyPhenomenology.AlphaSource.CanonicalSourcePropagationPreparedMeromorphicResponse (82s)
✔ [16663/17013] Built H0mework.Versions.Rc015842c.ReleaseMaterials.Physics.LowEnergyPhenomenology.AlphaSource.CanonicalSourcePropagationSourceSpectralInverse (31s)
✔ [16671/17013] Built H0mework.Versions.Rc015842c.ReleaseMaterials.Physics.LowEnergyPhenomenology.AlphaSource.CanonicalSourcePropagationActualOrderedTimeDrive (34s)
✔ [16672/17013] Built H0mework.Versions.Rc015842c.ReleaseMaterials.Physics.LowEnergyPhenomenology.AlphaSource.CanonicalSourcePropagationFullFiveLeading (31s)
✔ [16673/17013] Built H0mework.Versions.Rc015842c.ReleaseMaterials.Physics.LowEnergyPhenomenology.AlphaSource.CanonicalSourcePropagationPreparedHistoryResponse (41s)
✔ [16679/17013] Built H0mework.Versions.Rc015842c.ReleaseMaterials.Physics.LowEnergyPhenomenology.AlphaSource.CanonicalSourcePropagationMovingTimeLegendre (21s)
✔ [16680/17013] Built H0mework.Versions.Rc015842c.ReleaseMaterials.Physics.LowEnergyPhenomenology.AlphaSource.CanonicalSourcePropagationOriginalFieldPoleReturn (19s)
✔ [16696/17013] Built H0mework.Versions.Rc015842c.ReleaseMaterials.Physics.LowEnergyPhenomenology.AlphaSource.CanonicalSourcePropagationNoetherHistoryResponse (31s)
✔ [16706/17040] Built H0mework.Versions.Rc015842c.ReleaseMaterials.Physics.LowEnergyPhenomenology.AlphaSource.CanonicalSourcePropagationNoetherEulerReturn (8.0s)
✔ [16730/17044] Built H0mework.Versions.Rc015842c.ReleaseMaterials.Physics.LowEnergyPhenomenology.AlphaSource.CanonicalPreparationSourceMixedPrincipal (31s)
✔ [16738/17044] Built H0mework.Versions.Rc015842c.ReleaseMaterials.Physics.LowEnergyPhenomenology.AlphaSource.CanonicalPreparationElectricPreparedWard (7.9s)
✔ [16741/17044] Built H0mework.Versions.Rc015842c.ReleaseMaterials.Physics.LowEnergyPhenomenology.AlphaSource.CanonicalPreparationSourceActionTimeMatrix (9.1s)
✔ [16878/17046] Built H0mework.Versions.Rc015842c.ReleaseMaterials.Physics.LowEnergyPhenomenology.AlphaSource.CanonicalPreparationSourceJointLocking (8.7s)
✔ [16921/17136] Built H0mework.Versions.Rc015842c.ReleaseMaterials.Physics.LowEnergyPhenomenology.AlphaSource.EmIdentification.PhysicalFullFieldCoefficients (26s)
✔ [16922/17136] Built H0mework.Versions.Rc015842c.ReleaseMaterials.Physics.LowEnergyPhenomenology.AlphaSource.EmIdentification.PhysicalFullFieldMixed (12s)
✔ [16923/17136] Built H0mework.Versions.Rc015842c.ReleaseMaterials.Physics.LowEnergyPhenomenology.AlphaSource.EmIdentification.PhysicalFullFieldScaling (13s)
✔ [16924/17148] Built H0mework.Versions.Rc015842c.ReleaseMaterials.Physics.LowEnergyPhenomenology.AlphaSource.EmIdentification.PhysicalFullFieldContinuity (13s)
✔ [16925/17202] Built H0mework.Versions.Rc015842c.ReleaseMaterials.Physics.LowEnergyPhenomenology.AlphaSource.RawActionDensity (6.2s)
✔ [16926/17337] Built H0mework.Versions.Rc015842c.ReleaseMaterials.Physics.LowEnergyPhenomenology.AlphaSource.CanonicalPreparationSourceOriginalEnergyDensity (8.9s)
ℹ [16940/17606] Replayed H0mework.Checks.Physics.LowEnergy.ClosedLoops.Consumer
info: H0mework/Checks/Physics/LowEnergy/ClosedLoops/Consumer.lean:30:0: 'SaturationMonoid.PhysicsCore.LowEnergy.FullQuantum.ClosedLoops.Consumer.actual_regular_loop_exists' depends on axioms: [propext,
 Classical.choice,
 Quot.sound]
info: H0mework/Checks/Physics/LowEnergy/ClosedLoops/Consumer.lean:31:0: 'SaturationMonoid.PhysicsCore.LowEnergy.FullQuantum.ClosedLoops.Consumer.actual_whole_word_readback' depends on axioms: [propext,
 Classical.choice,
 Quot.sound]
ℹ [16974/17606] Replayed H0mework.Checks.Physics.LowEnergy.PreparedLoops.Consumer
info: H0mework/Checks/Physics/LowEnergy/PreparedLoops/Consumer.lean:54:0: 'SaturationMonoid.PhysicsCore.LowEnergy.FullQuantum.PreparedLoops.Consumer.actual_unit_word' depends on axioms: [propext,
 Classical.choice,
 Quot.sound]
info: H0mework/Checks/Physics/LowEnergy/PreparedLoops/Consumer.lean:55:0: 'SaturationMonoid.PhysicsCore.LowEnergy.FullQuantum.PreparedLoops.Consumer.actual_weight_is_not_bare_trace' depends on axioms: [propext,
 Classical.choice,
 Quot.sound]
info: H0mework/Checks/Physics/LowEnergy/PreparedLoops/Consumer.lean:56:0: 'SaturationMonoid.PhysicsCore.LowEnergy.FullQuantum.PreparedLoops.Consumer.native_weighted_all_words' depends on axioms: [propext,
 Classical.choice,
 Quot.sound]
info: H0mework/Checks/Physics/LowEnergy/PreparedLoops/Consumer.lean:57:0: 'SaturationMonoid.PhysicsCore.LowEnergy.FullQuantum.PreparedLoops.Consumer.actual_scalar_weighted_zero' depends on axioms: [propext,
 Classical.choice,
 Quot.sound]
info: H0mework/Checks/Physics/LowEnergy/PreparedLoops/Consumer.lean:58:0: 'SaturationMonoid.PhysicsCore.LowEnergy.FullQuantum.PreparedLoops.Consumer.source_reader_raw_identity' depends on axioms: [propext,
 Classical.choice,
 Quot.sound]
info: H0mework/Checks/Physics/LowEnergy/PreparedLoops/Consumer.lean:60:0: 'SaturationMonoid.PhysicsCore.LowEnergy.FullQuantum.PreparedLoops.Consumer.source_scalar_transfer_vanishes' depends on axioms: [propext,
 Classical.choice,
 Quot.sound]
info: H0mework/Checks/Physics/LowEnergy/PreparedLoops/Consumer.lean:61:0: 'SaturationMonoid.PhysicsCore.LowEnergy.FullQuantum.PreparedLoops.Consumer.original_return_stays_visible' depends on axioms: [propext,
 Classical.choice,
 Quot.sound]
ℹ [16984/17714] Replayed H0mework.Physics.LowEnergy.LightInteraction.Pole
info: H0mework/Physics/LowEnergy/LightInteraction/Pole.lean:22:4: Try this:
  [apply] ring_nf
  
  The `ring` tactic failed to close the goal. Use `ring_nf` to obtain a normal form.
    
  Note that `ring` works primarily in *commutative* rings. If you have a noncommutative ring, abelian group or module, consider using `noncomm_ring`, `abel` or `module` instead.
ℹ [17089/17769] Replayed H0mework.Physics.LowEnergy.PacketNoise.Modulation
info: H0mework/Physics/LowEnergy/PacketNoise/Modulation.lean:121:2: Try this:
  [apply] ring_nf
  
  The `ring` tactic failed to close the goal. Use `ring_nf` to obtain a normal form.
    
  Note that `ring` works primarily in *commutative* rings. If you have a noncommutative ring, abelian group or module, consider using `noncomm_ring`, `abel` or `module` instead.
✔ [17138/17769] Built H0mework.Versions.R30218c1a.Physics.LowEnergyScalarBlock.Fields (6.9s)
✔ [17152/17769] Built H0mework.Versions.R30218c1a.Physics.LowEnergyScalarBlock.Euler (5.0s)
✔ [17153/17769] Built H0mework.Versions.Rc015842c.ReleaseMaterials.Physics.LowEnergyPhenomenology.AlphaSource.CanonicalPreparationOriginalLorentzInverse (444s)
✔ [17154/17769] Built H0mework.Versions.Rc015842c.ReleaseMaterials.Physics.LowEnergyPhenomenology.AlphaSource.CanonicalPreparationOriginalLorentzLoad (8.2s)
✔ [17155/17769] Built H0mework.Versions.Rc015842c.ReleaseMaterials.Physics.LowEnergyPhenomenology.AlphaSource.CanonicalPreparationOriginalVelocityLoad (7.6s)
✔ [17156/17769] Built H0mework.Versions.Rc015842c.ReleaseMaterials.Physics.LowEnergyPhenomenology.AlphaSource.CanonicalPreparationOriginalVelocityPrimary (152s)
✔ [17157/17769] Built H0mework.Versions.Rc015842c.ReleaseMaterials.Physics.LowEnergyPhenomenology.AlphaSource.CanonicalPreparationOriginalGaussKinetic (91s)
✔ [17158/17769] Built H0mework.Versions.Rc015842c.ReleaseMaterials.Physics.LowEnergyPhenomenology.AlphaSource.CanonicalPreparationOriginalSpinCurrent (7.6s)
✔ [17159/17769] Built H0mework.Versions.Rc015842c.ReleaseMaterials.Physics.LowEnergyPhenomenology.AlphaSource.CanonicalPreparationOrderedSpinDensity (7.4s)
✔ [17160/17769] Built H0mework.Versions.Rc015842c.ReleaseMaterials.Physics.LowEnergyPhenomenology.AlphaSource.CanonicalPreparationGaussOrderedLoad (13s)
✔ [17161/17769] Built H0mework.Versions.Rc015842c.ReleaseMaterials.Physics.LowEnergyPhenomenology.AlphaSource.CanonicalPreparationSourceSpinClifford (10s)
✔ [17162/17769] Built H0mework.Versions.Rc015842c.ReleaseMaterials.Physics.LowEnergyPhenomenology.AlphaSource.CanonicalPreparationSourceSpinBasis (15s)
✔ [17163/17769] Built H0mework.Versions.Rc015842c.ReleaseMaterials.Physics.LowEnergyPhenomenology.AlphaSource.CanonicalPreparationSourceSpinBranches (133s)
✔ [17164/17769] Built H0mework.Versions.Rc015842c.ReleaseMaterials.Physics.LowEnergyPhenomenology.AlphaSource.CanonicalPreparationSourceSpinCoefficientTransform (20s)
✔ [17165/17769] Built H0mework.Versions.Rc015842c.ReleaseMaterials.Physics.LowEnergyPhenomenology.AlphaSource.CanonicalPreparationSourceSpinTensorValues (134s)
✔ [17166/17769] Built H0mework.Versions.Rc015842c.ReleaseMaterials.Physics.LowEnergyPhenomenology.AlphaSource.CanonicalPreparationSourceSpinMixedReturn (138s)
✔ [17167/17769] Built H0mework.Versions.Rc015842c.ReleaseMaterials.Physics.LowEnergyPhenomenology.AlphaSource.CanonicalPreparationSourceSpinCarContraction (9.5s)
✔ [17168/17769] Built H0mework.Versions.Rc015842c.ReleaseMaterials.Physics.LowEnergyPhenomenology.AlphaSource.CanonicalPreparationSourceGeometryCurrentReturn (7.9s)
✔ [17169/17769] Built H0mework.Versions.Rc015842c.ReleaseMaterials.Physics.LowEnergyPhenomenology.AlphaSource.CanonicalPreparationSourceGaussMeasureJets (7.8s)
✔ [17170/17769] Built H0mework.Versions.Rc015842c.ReleaseMaterials.Physics.LowEnergyPhenomenology.AlphaSource.CanonicalPreparationSourceGaussMomentumReturn (9.8s)
✔ [17171/17769] Built H0mework.Versions.Rc015842c.ReleaseMaterials.Physics.LowEnergyPhenomenology.AlphaSource.CanonicalPreparationSourcePreparedGaussKinetic (10s)
✔ [17172/17769] Built H0mework.Versions.Rc015842c.ReleaseMaterials.Physics.LowEnergyPhenomenology.AlphaSource.CanonicalPreparationSourceLegendreSpinSchur (20s)
✔ [17173/17769] Built H0mework.Versions.Rc015842c.ReleaseMaterials.Physics.LowEnergyPhenomenology.AlphaSource.CanonicalPreparationSourceHamiltonianSpinReturn (24s)
✔ [17174/17769] Built H0mework.Versions.Rc015842c.ReleaseMaterials.Physics.LowEnergyPhenomenology.AlphaSource.CanonicalPreparationSourceLegendreLinearCurrent (51s)
✔ [17175/17769] Built H0mework.Versions.Rc015842c.ReleaseMaterials.Physics.LowEnergyPhenomenology.AlphaSource.CanonicalPreparationSourceOrderedCurrentReturn (16s)
✔ [17176/17769] Built H0mework.Versions.Rc015842c.ReleaseMaterials.Physics.LowEnergyPhenomenology.AlphaSource.CanonicalPreparationSourceCurrentMomentumContacts (12s)
✔ [17177/17769] Built H0mework.Versions.Rc015842c.ReleaseMaterials.Physics.LowEnergyPhenomenology.AlphaSource.CanonicalPreparationSourceRadialCoefficientJets (8.6s)
✔ [17178/17769] Built H0mework.Versions.Rc015842c.ReleaseMaterials.Physics.LowEnergyPhenomenology.AlphaSource.CanonicalPreparationSourceNumberRadialPairReturn (24s)
✔ [17179/17769] Built H0mework.Versions.Rc015842c.ReleaseMaterials.Physics.LowEnergyPhenomenology.AlphaSource.CanonicalPreparationSourcePreparedSpinLoadedReturn (15s)
✔ [17180/17769] Built H0mework.Versions.Rc015842c.ReleaseMaterials.Physics.LowEnergyPhenomenology.AlphaSource.CanonicalPreparationSourceMovingMeasureJets (11s)
✔ [17181/17769] Built H0mework.Versions.Rc015842c.ReleaseMaterials.Physics.LowEnergyPhenomenology.AlphaSource.CanonicalPreparationSourceMovingCoframeJets (8.4s)
✔ [17182/17769] Built H0mework.Versions.Rc015842c.ReleaseMaterials.Physics.LowEnergyPhenomenology.AlphaSource.CanonicalPreparationSourceMovingCoframeFormReturn (15s)
✔ [17183/17769] Built H0mework.Versions.Rc015842c.ReleaseMaterials.Physics.LowEnergyPhenomenology.AlphaSource.CanonicalPreparationSourceIndependentMomentumTransport (7.4s)
✔ [17184/17769] Built H0mework.Versions.Rc015842c.ReleaseMaterials.Physics.LowEnergyPhenomenology.AlphaSource.CanonicalPreparationSourceIndependentHalfDensityFields (16s)
✔ [17185/17769] Built H0mework.Versions.Rc015842c.ReleaseMaterials.Physics.LowEnergyPhenomenology.AlphaSource.CanonicalPreparationSourceIndependentPreparedReturn (11s)
✔ [17186/17769] Built H0mework.Versions.Rc015842c.ReleaseMaterials.Physics.LowEnergyPhenomenology.AlphaSource.CanonicalPreparationSourceFixedMomentumHamiltonian (17s)
✔ [17187/17769] Built H0mework.Versions.Rc015842c.ReleaseMaterials.Physics.LowEnergyPhenomenology.AlphaSource.CanonicalPreparationSourceFixedMomentumEuler (15s)
✔ [17188/17769] Built H0mework.Versions.Rc015842c.ReleaseMaterials.Physics.LowEnergyPhenomenology.AlphaSource.CanonicalPreparationSourceActionEulerSources (19s)
✔ [17189/17769] Built H0mework.Versions.Rc015842c.ReleaseMaterials.Physics.LowEnergyPhenomenology.AlphaSource.CanonicalPreparationSourceActionModeWindow (18s)
✔ [17190/17769] Built H0mework.Versions.Rc015842c.ReleaseMaterials.Physics.LowEnergyPhenomenology.AlphaSource.CanonicalPreparationSourceActionFieldFeed (6.0s)
✔ [17191/17769] Built H0mework.Versions.Rc015842c.ReleaseMaterials.Physics.LowEnergyPhenomenology.AlphaSource.CanonicalPreparationSourceNoetherContactBudget (36s)
✔ [17192/17769] Built H0mework.Versions.Rc015842c.ReleaseMaterials.Physics.LowEnergyPhenomenology.AlphaSource.CanonicalPreparationSourceNoetherModePrice (8.1s)
✔ [17193/17769] Built H0mework.Versions.Rc015842c.ReleaseMaterials.Physics.LowEnergyPhenomenology.AlphaSource.CanonicalPreparationSourceNoetherControlledTail (9.9s)
✔ [17194/17769] Built H0mework.Versions.Rc015842c.ReleaseMaterials.Physics.LowEnergyPhenomenology.AlphaSource.CanonicalPreparationSourceCurrentModeJacobian (12s)
✔ [17197/17769] Built H0mework.Versions.Rc015842c.ReleaseMaterials.Physics.LowEnergyPhenomenology.AlphaSource.CanonicalPreparationSourceHalfAxisCurrentOperator (10s)
Some required targets logged failures:
- H0mework.Versions.R71e.ReleaseMaterials.Physics.LowEnergyPhenomenology.AlphaSource.EmIdentification.PhysicalPreparedCharge
- H0mework.Versions.R71e.ReleaseMaterials.Physics.LowEnergyPhenomenology.AlphaSource.CanonicalSourcePropagationNativeGravityScalarReturn
- H0mework.Versions.R71e.ReleaseMaterials.Physics.LowEnergyPhenomenology.ExternalCompositeDecay.MixedSpectatorJointFacts
- H0mework.Versions.E055.ReleaseMaterials.Physics.LowEnergyPhenomenology.AlphaSource.CanonicalSourcePropagationNativeGaugeLiteral
- H0mework.Versions.R3bbcbd59.ReleaseMaterials.Physics.LowEnergyPhenomenology.AlphaSource.CanonicalSourcePropagationNativeGaugeLiteral
- H0mework.Versions.Rf13ed87d.ReleaseMaterials.Physics.LowEnergyPhenomenology.AlphaSource.CanonicalSourcePropagationNativeGaugeLiteral
- H0mework.Versions.Rc015842c.ReleaseMaterials.Physics.LowEnergyPhenomenology.AlphaSource.CanonicalSourcePropagationNativeGaugeLiteral
error: build failed
