warning: mathlib: repository './Lean/.lake/packages/mathlib' has local changes
warning: batteries: repository './Lean/.lake/packages/batteries' has local changes
ℹ [10172/10251] Replayed H0mework.Foundation.Source.Root
info: H0mework/Foundation/Source/Root.lean:544:0: 'SaturationMonoid.ResponsibilityLifecycle.LivingLawEvolution.ConstructiveRoot.LedgerEntryEvolutionAt.toDebtLineage' does not depend on any axioms
ℹ [10193/10251] Replayed H0mework.Foundation.Semantics.TheoryState
info: H0mework/Foundation/Semantics/TheoryState.lean:137:0: 'SaturationMonoid.ResponsibilityLifecycle.LivingLawEvolution.TheoryState.rootSemantic_actualExpressibilityFailure_isEmpty' does not depend on any axioms
ℹ [10328/10391] Replayed H0mework.Physics.ElectricEC.FixedFullOccurrenceOriginSettlement
info: H0mework/Physics/ElectricEC/FixedFullOccurrenceOriginSettlement.lean:649:2: Try this:
  [apply] abel_nf
info: H0mework/Physics/ElectricEC/FixedFullOccurrenceOriginSettlement.lean:682:2: Try this:
  [apply] abel_nf
info: H0mework/Physics/ElectricEC/FixedFullOccurrenceOriginSettlement.lean:715:2: Try this:
  [apply] abel_nf
ℹ [10339/10391] Replayed H0mework.Physics.ScalarJets.FixedJointP286AlgebraicMatterScalarDelta
info: H0mework/Physics/ScalarJets/FixedJointP286AlgebraicMatterScalarDelta.lean:906:2: Try this:
  [apply] abel_nf
info: H0mework/Physics/ScalarJets/FixedJointP286AlgebraicMatterScalarDelta.lean:926:2: Try this:
  [apply] abel_nf
ℹ [10349/10391] Replayed H0mework.Physics.FullOccurrence.FixedMatterAdjointTemporalSupport
info: H0mework/Physics/FullOccurrence/FixedMatterAdjointTemporalSupport.lean:289:2: Try this:
  [apply] abel_nf
info: H0mework/Physics/FullOccurrence/FixedMatterAdjointTemporalSupport.lean:310:2: Try this:
  [apply] abel_nf
ℹ [10364/10391] Replayed H0mework.Physics.ActionForcing.FixedOccurrenceP286ZeroSliceActionProfile
info: H0mework/Physics/ActionForcing/FixedOccurrenceP286ZeroSliceActionProfile.lean:188:2: Try this:
  [apply] ring_nf
  
  The `ring` tactic failed to close the goal. Use `ring_nf` to obtain a normal form.
    
  Note that `ring` works primarily in *commutative* rings. If you have a noncommutative ring, abelian group or module, consider using `noncomm_ring`, `abel` or `module` instead.
ℹ [10365/10391] Replayed H0mework.Physics.FixedJoint.FixedP286RadialRequiredExteriorAnchor
info: H0mework/Physics/FixedJoint/FixedP286RadialRequiredExteriorAnchor.lean:160:2: Try this:
  [apply] ring_nf
  
  The `ring` tactic failed to close the goal. Use `ring_nf` to obtain a normal form.
    
  Note that `ring` works primarily in *commutative* rings. If you have a noncommutative ring, abelian group or module, consider using `noncomm_ring`, `abel` or `module` instead.
ℹ [10462/10550] Replayed H0mework.Physics.ActionGeneration.SameHessianCauchySafeRealization
info: H0mework/Physics/ActionGeneration/SameHessianCauchySafeRealization.lean:107:0: 'SaturationMonoid.PhysicsCore.StageNineSourceActionGeneratedSameHessianCauchySafeRealization.SameHessianCauchySafeRealizationOccurrence.after_eq_actionWrite' depends on axioms: [propext,
 Classical.choice,
 Quot.sound]
ℹ [10484/10550] Replayed H0mework.Physics.Coframe.CoframeNativeConjugateMatterGlobalRadialRegularity
info: H0mework/Physics/Coframe/CoframeNativeConjugateMatterGlobalRadialRegularity.lean:871:0: 'SaturationMonoid.PhysicsCore.StageNineCoframeNativeConjugateMatterGlobalRadialRegularity.coframeNativeGlobalConjugateMatterResponseOneForm_contDiff' depends on axioms: [propext,
 Classical.choice,
 Quot.sound]
info: H0mework/Physics/Coframe/CoframeNativeConjugateMatterGlobalRadialRegularity.lean:872:0: 'SaturationMonoid.PhysicsCore.StageNineCoframeNativeConjugateMatterGlobalRadialRegularity.actionGeneratedGlobalFrameMatterDualActual_smooth' depends on axioms: [propext,
 Classical.choice,
 Quot.sound]
info: H0mework/Physics/Coframe/CoframeNativeConjugateMatterGlobalRadialRegularity.lean:873:0: 'SaturationMonoid.PhysicsCore.StageNineCoframeNativeConjugateMatterGlobalRadialRegularity.installFormNativeGravityReaction_smooth' depends on axioms: [propext,
 Classical.choice,
 Quot.sound]
ℹ [10485/10550] Replayed H0mework.Physics.SafeCauchy.FixedJointGlobalSmooth
info: H0mework/Physics/SafeCauchy/FixedJointGlobalSmooth.lean:107:0: 'SaturationMonoid.PhysicsCore.StageNineDiracDualFormNativeFixedP506CartanECConstraintCauchySafeJointGlobalSmooth.fixedP506L0CartanECConstraintCauchySafeJointGlobalECPath_conjugateMatterResponseOneForm_contDiff' depends on axioms: [propext,
 Classical.choice,
 Quot.sound]
info: H0mework/Physics/SafeCauchy/FixedJointGlobalSmooth.lean:109:0: 'SaturationMonoid.PhysicsCore.StageNineDiracDualFormNativeFixedP506CartanECConstraintCauchySafeJointGlobalSmooth.fixedP506L0CartanECConstraintCauchySafeJointGlobalPrimal_conjugateMatterRadialIncrement_contDiff' depends on axioms: [propext,
 Classical.choice,
 Quot.sound]
info: H0mework/Physics/SafeCauchy/FixedJointGlobalSmooth.lean:111:0: 'SaturationMonoid.PhysicsCore.StageNineDiracDualFormNativeFixedP506CartanECConstraintCauchySafeJointGlobalSmooth.fixedP506L0CartanECConstraintCauchySafeJointGlobalMatterDual_smooth' depends on axioms: [propext,
 Classical.choice,
 Quot.sound]
info: H0mework/Physics/SafeCauchy/FixedJointGlobalSmooth.lean:113:0: 'SaturationMonoid.PhysicsCore.StageNineDiracDualFormNativeFixedP506CartanECConstraintCauchySafeJointGlobalSmooth.fixedP506L0CartanECConstraintCauchySafeJointGlobalActual_smooth' depends on axioms: [propext,
 Classical.choice,
 Quot.sound]
ℹ [10486/10550] Replayed H0mework.Physics.SafeCauchy.FixedECPathGravityTailInputRegularity
info: H0mework/Physics/SafeCauchy/FixedECPathGravityTailInputRegularity.lean:526:0: 'SaturationMonoid.PhysicsCore.StageNineDiracDualFormNativeFixedP506CartanECConstraintCauchySafeECPathGravityTailInputRegularity.cartanECSynchronizedGravityTailBase_smooth_of_currentSmooth' depends on axioms: [propext,
 Classical.choice,
 Quot.sound]
info: H0mework/Physics/SafeCauchy/FixedECPathGravityTailInputRegularity.lean:527:0: 'SaturationMonoid.PhysicsCore.StageNineDiracDualFormNativeFixedP506CartanECConstraintCauchySafeECPathGravityTailInputRegularity.fixedP506L0CartanECConstraintCauchySafeJointFinalGravityTailBase_smooth' depends on axioms: [propext,
 Classical.choice,
 Quot.sound]
info: H0mework/Physics/SafeCauchy/FixedECPathGravityTailInputRegularity.lean:529:0: 'SaturationMonoid.PhysicsCore.StageNineDiracDualFormNativeFixedP506CartanECConstraintCauchySafeECPathGravityTailInputRegularity.fixedP506L0CartanECConstraintCauchySafeJointFinalGravityTailBase_nondegenerate_origin' depends on axioms: [propext,
 Classical.choice,
 Quot.sound]
info: H0mework/Physics/SafeCauchy/FixedECPathGravityTailInputRegularity.lean:531:0: 'SaturationMonoid.PhysicsCore.StageNineDiracDualFormNativeFixedP506CartanECConstraintCauchySafeECPathGravityTailInputRegularity.fixedP506L0CartanECConstraintCauchySafeJointFinalGravityTailCoframeJetCoordinateCLM_contDiffAt_origin' depends on axioms: [propext,
 Classical.choice,
 Quot.sound]
info: H0mework/Physics/SafeCauchy/FixedECPathGravityTailInputRegularity.lean:533:0: 'SaturationMonoid.PhysicsCore.StageNineDiracDualFormNativeFixedP506CartanECConstraintCauchySafeECPathGravityTailInputRegularity.fixedP506L0CartanECConstraintCauchySafeJointFinalGravityTailCoframeFirstJet_origin_eq_identity' depends on axioms: [propext,
 Classical.choice,
 Quot.sound]
info: H0mework/Physics/SafeCauchy/FixedECPathGravityTailInputRegularity.lean:535:0: 'SaturationMonoid.PhysicsCore.StageNineDiracDualFormNativeFixedP506CartanECConstraintCauchySafeECPathGravityTailInputRegularity.fixedP506L0CartanECConstraintCauchySafeJointFinalGravityTailBase_coframe_eq_one' depends on axioms: [propext,
 Classical.choice,
 Quot.sound]
info: H0mework/Physics/SafeCauchy/FixedECPathGravityTailInputRegularity.lean:537:0: 'SaturationMonoid.PhysicsCore.StageNineDiracDualFormNativeFixedP506CartanECConstraintCauchySafeECPathGravityTailInputRegularity.fixedP506L0CartanECConstraintCauchySafeJointFinalGravityTailBase_nondegenerate' depends on axioms: [propext,
 Classical.choice,
 Quot.sound]
info: H0mework/Physics/SafeCauchy/FixedECPathGravityTailInputRegularity.lean:539:0: 'SaturationMonoid.PhysicsCore.StageNineDiracDualFormNativeFixedP506CartanECConstraintCauchySafeECPathGravityTailInputRegularity.fixedP506L0CartanECConstraintCauchySafeJointFinalGravityTailCoframeJetCoordinateCLM_contDiff' depends on axioms: [propext,
 Classical.choice,
 Quot.sound]
ℹ [10504/10550] Replayed H0mework.Physics.JointVariation.DirectPrimitivePathGLSmooth
info: H0mework/Physics/JointVariation/DirectPrimitivePathGLSmooth.lean:234:0: 'SaturationMonoid.PhysicsCore.StageNineDiracDualFormNativeCompleteJointDirectPrimitivePathGLSmooth.sourceActionGeneratedDiracDualGLDirectPrimitivePathWrite_smooth_of_materialRegularity' depends on axioms: [propext,
 Classical.choice,
 Quot.sound]
info: H0mework/Physics/JointVariation/DirectPrimitivePathGLSmooth.lean:236:0: 'SaturationMonoid.PhysicsCore.StageNineDiracDualFormNativeCompleteJointDirectPrimitivePathGLSmooth.sourceActionGeneratedDiracDualGLDirectPrimitivePathWrite_smooth' depends on axioms: [propext,
 Classical.choice,
 Quot.sound]
ℹ [10508/10550] Replayed H0mework.Versions.R2.Physics.ConstrainedCauchy.FixedFirstAssemblyGeneratedJointNormalForm
info: H0mework/Versions/R2/Physics/ConstrainedCauchy/FixedFirstAssemblyGeneratedJointNormalForm.lean:135:0: 'SaturationMonoid.PhysicsCore.StageNineDiracDualFormNativeFixedP506CartanECConstraintCauchyFirstAssemblyGeneratedJointNormalForm.root_firstAssembly_classicalJoint_eq_generatedNormalForm_section' depends on axioms: [propext,
 Classical.choice,
 Quot.sound]
info: H0mework/Versions/R2/Physics/ConstrainedCauchy/FixedFirstAssemblyGeneratedJointNormalForm.lean:136:0: 'SaturationMonoid.PhysicsCore.StageNineDiracDualFormNativeFixedP506CartanECConstraintCauchyFirstAssemblyGeneratedJointNormalForm.firstAssemblyGeneratedPointwiseJointNormalForm_gravityMultiplier_zero' depends on axioms: [propext,
 Classical.choice,
 Quot.sound]
info: H0mework/Versions/R2/Physics/ConstrainedCauchy/FixedFirstAssemblyGeneratedJointNormalForm.lean:138:0: 'SaturationMonoid.PhysicsCore.StageNineDiracDualFormNativeFixedP506CartanECConstraintCauchyFirstAssemblyGeneratedJointNormalForm.firstAssemblyGeneratedPointwiseJointNormalForm_gravityAuxiliary_zero' depends on axioms: [propext,
 Classical.choice,
 Quot.sound]
info: H0mework/Versions/R2/Physics/ConstrainedCauchy/FixedFirstAssemblyGeneratedJointNormalForm.lean:140:0: 'SaturationMonoid.PhysicsCore.StageNineDiracDualFormNativeFixedP506CartanECConstraintCauchyFirstAssemblyGeneratedJointNormalForm.firstAssemblyGeneratedPointwiseJointNormalForm_p286GaugeAuxiliary_zero' depends on axioms: [propext,
 Classical.choice,
 Quot.sound]
ℹ [10509/10550] Replayed H0mework.Versions.R2.Physics.ConstrainedCauchy.FixedFirstAssemblyP286ConnectionEvaluatorNormalForm
info: H0mework/Versions/R2/Physics/ConstrainedCauchy/FixedFirstAssemblyP286ConnectionEvaluatorNormalForm.lean:225:0: 'SaturationMonoid.PhysicsCore.StageNineDiracDualFormNativeFixedP506CartanECConstraintCauchyFirstAssemblyP286ConnectionEvaluatorNormalForm.firstAssembly_p286Stage_eq_sourceEulerStep' depends on axioms: [propext,
 Classical.choice,
 Quot.sound]
info: H0mework/Versions/R2/Physics/ConstrainedCauchy/FixedFirstAssemblyP286ConnectionEvaluatorNormalForm.lean:226:0: 'SaturationMonoid.PhysicsCore.StageNineDiracDualFormNativeFixedP506CartanECConstraintCauchyFirstAssemblyP286ConnectionEvaluatorNormalForm.firstAssembly_configuration_eq_p286Refreshed' depends on axioms: [propext,
 Classical.choice,
 Quot.sound]
info: H0mework/Versions/R2/Physics/ConstrainedCauchy/FixedFirstAssemblyP286ConnectionEvaluatorNormalForm.lean:227:0: 'SaturationMonoid.PhysicsCore.StageNineDiracDualFormNativeFixedP506CartanECConstraintCauchyFirstAssemblyP286ConnectionEvaluatorNormalForm.firstAssembly_p286Refreshed_gaugeConnection_eq_p286Stage' depends on axioms: [propext,
 Classical.choice,
 Quot.sound]
info: H0mework/Versions/R2/Physics/ConstrainedCauchy/FixedFirstAssemblyP286ConnectionEvaluatorNormalForm.lean:228:0: 'SaturationMonoid.PhysicsCore.StageNineDiracDualFormNativeFixedP506CartanECConstraintCauchyFirstAssemblyP286ConnectionEvaluatorNormalForm.firstAssembly_p286Stage_connectionCoordinate_eq_source_sub_gradient' depends on axioms: [propext,
 Classical.choice,
 Quot.sound]
info: H0mework/Versions/R2/Physics/ConstrainedCauchy/FixedFirstAssemblyP286ConnectionEvaluatorNormalForm.lean:230:0: 'SaturationMonoid.PhysicsCore.StageNineDiracDualFormNativeFixedP506CartanECConstraintCauchyFirstAssemblyP286ConnectionEvaluatorNormalForm.firstAssembly_p286Refreshed_auxiliary_eq_generatedConstitutive' depends on axioms: [propext,
 Classical.choice,
 Quot.sound]
info: H0mework/Versions/R2/Physics/ConstrainedCauchy/FixedFirstAssemblyP286ConnectionEvaluatorNormalForm.lean:232:0: 'SaturationMonoid.PhysicsCore.StageNineDiracDualFormNativeFixedP506CartanECConstraintCauchyFirstAssemblyP286ConnectionEvaluatorNormalForm.firstAssembly_connectionEvaluatorDefect_eq_refreshedEuler' depends on axioms: [propext,
 Classical.choice,
 Quot.sound]
info: H0mework/Versions/R2/Physics/ConstrainedCauchy/FixedFirstAssemblyP286ConnectionEvaluatorNormalForm.lean:233:0: 'SaturationMonoid.PhysicsCore.StageNineDiracDualFormNativeFixedP506CartanECConstraintCauchyFirstAssemblyP286ConnectionEvaluatorNormalForm.firstAssembly_connectionEvaluatorDefect_allPoint_zero_iff_yangMills' depends on axioms: [propext,
 Classical.choice,
 Quot.sound]
info: H0mework/Versions/R2/Physics/ConstrainedCauchy/FixedFirstAssemblyP286ConnectionEvaluatorNormalForm.lean:235:0: 'SaturationMonoid.PhysicsCore.StageNineDiracDualFormNativeFixedP506CartanECConstraintCauchyFirstAssemblyP286ConnectionEvaluatorNormalForm.firstAssembly_connectionEvaluatorDefect_allPoint_zero_iff_wholeField' depends on axioms: [propext,
 Classical.choice,
 Quot.sound]
info: H0mework/Versions/R2/Physics/ConstrainedCauchy/FixedFirstAssemblyP286ConnectionEvaluatorNormalForm.lean:237:0: 'SaturationMonoid.PhysicsCore.StageNineDiracDualFormNativeFixedP506CartanECConstraintCauchyFirstAssemblyP286ConnectionEvaluatorNormalForm.firstAssemblyGeneratedP286ConnectionActionDefect_nonnegative' depends on axioms: [propext,
 Classical.choice,
 Quot.sound]
info: H0mework/Versions/R2/Physics/ConstrainedCauchy/FixedFirstAssemblyP286ConnectionEvaluatorNormalForm.lean:239:0: 'SaturationMonoid.PhysicsCore.StageNineDiracDualFormNativeFixedP506CartanECConstraintCauchyFirstAssemblyP286ConnectionEvaluatorNormalForm.firstAssemblyGeneratedP286ConnectionActionDefect_eq_zero_iff_evaluator_zero' depends on axioms: [propext,
 Classical.choice,
 Quot.sound]
info: H0mework/Versions/R2/Physics/ConstrainedCauchy/FixedFirstAssemblyP286ConnectionEvaluatorNormalForm.lean:241:0: 'SaturationMonoid.PhysicsCore.StageNineDiracDualFormNativeFixedP506CartanECConstraintCauchyFirstAssemblyP286ConnectionEvaluatorNormalForm.firstAssemblyGeneratedP286ConnectionActionDefect_pos_iff_evaluator_nonzero' depends on axioms: [propext,
 Classical.choice,
 Quot.sound]
ℹ [10510/10550] Replayed H0mework.Physics.SafeCauchy.FixedDynamicScalarSourceContact
info: H0mework/Physics/SafeCauchy/FixedDynamicScalarSourceContact.lean:138:0: 'SaturationMonoid.PhysicsCore.StageNineDiracDualFormNativeFixedP506CartanECConstraintCauchySafeDynamicScalarSourceContact.fixedP506L0CartanECConstraintCauchySafeJointGlobalActual_scalar_origin_generatedVacuum' depends on axioms: [propext,
 Classical.choice,
 Quot.sound]
ℹ [10511/10550] Replayed H0mework.Physics.SafeCauchy.FixedClassicalCandidateFamily
info: H0mework/Physics/SafeCauchy/FixedClassicalCandidateFamily.lean:127:0: 'SaturationMonoid.PhysicsCore.StageNineDiracDualFormNativeFixedP506CartanECConstraintCauchySafeClassicalWorldCandidateFamily.safeFinalClassicalWorldCandidateActual_gravityConnectionLorentzAdmissible' depends on axioms: [propext,
 Classical.choice,
 Quot.sound]
info: H0mework/Physics/SafeCauchy/FixedClassicalCandidateFamily.lean:129:0: 'SaturationMonoid.PhysicsCore.StageNineDiracDualFormNativeFixedP506CartanECConstraintCauchySafeClassicalWorldCandidateFamily.safeFinalClassicalWorldCandidateActual_acceptance_iff' depends on axioms: [propext,
 Classical.choice,
 Quot.sound]
ℹ [10512/10550] Replayed H0mework.Physics.SafeCauchy.FixedJointGlobalFiveSectorClosure
info: H0mework/Physics/SafeCauchy/FixedJointGlobalFiveSectorClosure.lean:436:0: 'SaturationMonoid.PhysicsCore.StageNineDiracDualFormNativeFixedP506CartanECConstraintCauchySafeJointGlobalFiveSectorClosure.fixedP506L0CartanECConstraintCauchySafeJointGlobalActual_gaugeCurvature_origin_ne_zero' depends on axioms: [propext,
 Classical.choice,
 Quot.sound]
info: H0mework/Physics/SafeCauchy/FixedJointGlobalFiveSectorClosure.lean:438:0: 'SaturationMonoid.PhysicsCore.StageNineDiracDualFormNativeFixedP506CartanECConstraintCauchySafeJointGlobalFiveSectorClosure.fixedP506L0CartanECConstraintCauchySafeJointGlobalActual_matterCurrentNonzeroAt_origin' depends on axioms: [propext,
 Classical.choice,
 Quot.sound]
info: H0mework/Physics/SafeCauchy/FixedJointGlobalFiveSectorClosure.lean:440:0: 'SaturationMonoid.PhysicsCore.StageNineDiracDualFormNativeFixedP506CartanECConstraintCauchySafeJointGlobalFiveSectorClosure.fixedP506L0CartanECConstraintCauchySafeJointGlobalActual_nonGravityFiveSectorClosure' depends on axioms: [propext,
 Classical.choice,
 Quot.sound]
ℹ [10539/10678] Replayed H0mework.Versions.AB.Physics.LowEnergy.Quantum.GaussHistoryHilbert
info: H0mework/Versions/AB/Physics/LowEnergy/Quantum/GaussHistoryHilbert.lean:238:0: 'LowEnergy.GaussHistoryHilbert.source_jacobian_pos' depends on axioms: [propext, Classical.choice, Quot.sound]
info: H0mework/Versions/AB/Physics/LowEnergy/Quantum/GaussHistoryHilbert.lean:239:0: 'LowEnergy.GaussHistoryHilbert.relative_source' depends on axioms: [propext, Classical.choice, Quot.sound]
info: H0mework/Versions/AB/Physics/LowEnergy/Quantum/GaussHistoryHilbert.lean:240:0: 'LowEnergy.GaussHistoryHilbert.jacobian_source' depends on axioms: [propext, Classical.choice, Quot.sound]
info: H0mework/Versions/AB/Physics/LowEnergy/Quantum/GaussHistoryHilbert.lean:241:0: 'LowEnergy.GaussHistoryHilbert.relativeMatrix_smooth' depends on axioms: [propext, Classical.choice, Quot.sound]
info: H0mework/Versions/AB/Physics/LowEnergy/Quantum/GaussHistoryHilbert.lean:242:0: 'LowEnergy.GaussHistoryHilbert.coordinate_finrank' depends on axioms: [propext, Classical.choice, Quot.sound]
info: H0mework/Versions/AB/Physics/LowEnergy/Quantum/GaussHistoryHilbert.lean:243:0: 'LowEnergy.GaussHistoryHilbert.sourcePoint' depends on axioms: [propext, Classical.choice, Quot.sound]
info: H0mework/Versions/AB/Physics/LowEnergy/Quantum/GaussHistoryHilbert.lean:244:0: 'LowEnergy.GaussHistoryHilbert.numberWeight_pos' depends on axioms: [propext, Classical.choice, Quot.sound]
info: H0mework/Versions/AB/Physics/LowEnergy/Quantum/GaussHistoryHilbert.lean:245:0: 'LowEnergy.GaussHistoryHilbert.fockTestDomain_dense' depends on axioms: [propext, Classical.choice, Quot.sound]
ℹ [10540/10678] Replayed H0mework.Versions.AB.Physics.LowEnergy.AlphaSource.CanonicalPreparationGaugeCoordinates
info: H0mework/Versions/AB/Physics/LowEnergy/AlphaSource/CanonicalPreparationGaugeCoordinates.lean:124:0: 'LowEnergy.PreparationCoordinates.rawCoordinates' depends on axioms: [propext, Classical.choice, Quot.sound]
info: H0mework/Versions/AB/Physics/LowEnergy/AlphaSource/CanonicalPreparationGaugeCoordinates.lean:125:0: 'LowEnergy.PreparationCoordinates.gaugeFreeContinuous' depends on axioms: [propext, Classical.choice, Quot.sound]
info: H0mework/Versions/AB/Physics/LowEnergy/AlphaSource/CanonicalPreparationGaugeCoordinates.lean:126:0: 'LowEnergy.PreparationCoordinates.decode_original_rows' depends on axioms: [propext, Classical.choice, Quot.sound]
ℹ [10541/10678] Replayed H0mework.Versions.AB.Physics.LowEnergy.Quantum.GaussLiveMomentum
info: H0mework/Versions/AB/Physics/LowEnergy/Quantum/GaussLiveMomentum.lean:281:0: 'LowEnergy.GaussLiveMomentum.splitMap_injective' depends on axioms: [propext, Classical.choice, Quot.sound]
info: H0mework/Versions/AB/Physics/LowEnergy/Quantum/GaussLiveMomentum.lean:282:0: 'LowEnergy.GaussLiveMomentum.splitEquiv' depends on axioms: [propext, Classical.choice, Quot.sound]
info: H0mework/Versions/AB/Physics/LowEnergy/Quantum/GaussLiveMomentum.lean:283:0: 'LowEnergy.GaussLiveMomentum.split_right_inverse' depends on axioms: [propext, Classical.choice, Quot.sound]
info: H0mework/Versions/AB/Physics/LowEnergy/Quantum/GaussLiveMomentum.lean:284:0: 'LowEnergy.GaussLiveMomentum.inverse_smooth' depends on axioms: [propext, Classical.choice, Quot.sound]
info: H0mework/Versions/AB/Physics/LowEnergy/Quantum/GaussLiveMomentum.lean:285:0: 'LowEnergy.GaussLiveMomentum.inverse_derivative' depends on axioms: [propext, Classical.choice, Quot.sound]
info: H0mework/Versions/AB/Physics/LowEnergy/Quantum/GaussLiveMomentum.lean:286:0: 'LowEnergy.GaussLiveMomentum.momentum_unique' depends on axioms: [propext, Classical.choice, Quot.sound]
info: H0mework/Versions/AB/Physics/LowEnergy/Quantum/GaussLiveMomentum.lean:287:0: 'LowEnergy.GaussLiveMomentum.momentum_orbit' depends on axioms: [propext, Classical.choice, Quot.sound]
info: H0mework/Versions/AB/Physics/LowEnergy/Quantum/GaussLiveMomentum.lean:288:0: 'LowEnergy.GaussLiveMomentum.momentum_slice' depends on axioms: [propext, Classical.choice, Quot.sound]
ℹ [10560/10678] Replayed H0mework.Physics.SynchronizedJoint.FixedDiracVectorCurrentTemporalRateZeroSlice
info: H0mework/Physics/SynchronizedJoint/FixedDiracVectorCurrentTemporalRateZeroSlice.lean:2215:6: Try this:
  [apply] ring_nf
  
  The `ring` tactic failed to close the goal. Use `ring_nf` to obtain a normal form.
    
  Note that `ring` works primarily in *commutative* rings. If you have a noncommutative ring, abelian group or module, consider using `noncomm_ring`, `abel` or `module` instead.
info: H0mework/Physics/SynchronizedJoint/FixedDiracVectorCurrentTemporalRateZeroSlice.lean:2215:6: Try this:
  [apply] ring_nf
  
  The `ring` tactic failed to close the goal. Use `ring_nf` to obtain a normal form.
    
  Note that `ring` works primarily in *commutative* rings. If you have a noncommutative ring, abelian group or module, consider using `noncomm_ring`, `abel` or `module` instead.
ℹ [10605/10678] Replayed H0mework.Versions.R2.Foundation.Source.SequentialAction
info: H0mework/Versions/R2/Foundation/Source/SequentialAction.lean:348:0: 'SaturationMonoid.ResponsibilityLifecycle.LivingLawEvolution.ConstructiveRoot.RootInquiryCompletion.SourceNativeSequentialActualActionTargetAt.initialOpenLedger_injective' does not depend on any axioms
info: H0mework/Versions/R2/Foundation/Source/SequentialAction.lean:349:0: 'SaturationMonoid.ResponsibilityLifecycle.LivingLawEvolution.ConstructiveRoot.RootInquiryCompletion.SourceNativeSequentialActualActionTargetAt.targetAnswerAndNext_next_eq' does not depend on any axioms
ℹ [10618/10678] Replayed H0mework.Physics.GaugeSource.CenteredReducedEntropyIteration
info: H0mework/Physics/GaugeSource/CenteredReducedEntropyIteration.lean:610:0: 'SaturationMonoid.PhysicsCore.StageNineP286SourceNativeCenteredReducedEntropyIteration.p286CenteredReducedNext_smooth' depends on axioms: [propext,
 Classical.choice,
 Quot.sound]
info: H0mework/Physics/GaugeSource/CenteredReducedEntropyIteration.lean:611:0: 'SaturationMonoid.PhysicsCore.StageNineP286SourceNativeCenteredReducedEntropyIteration.P286CenteredReducedEntropyStateAt.reducedBase_eq' depends on axioms: [propext,
 Classical.choice,
 Quot.sound]
info: H0mework/Physics/GaugeSource/CenteredReducedEntropyIteration.lean:612:0: 'SaturationMonoid.PhysicsCore.StageNineP286SourceNativeCenteredReducedEntropyIteration.p286CenteredReducedEntropyPaymentAt_eq_zero_iff_defectAt_eq_zero' depends on axioms: [propext,
 Classical.choice,
 Quot.sound]
info: H0mework/Physics/GaugeSource/CenteredReducedEntropyIteration.lean:614:0: 'SaturationMonoid.PhysicsCore.StageNineP286SourceNativeCenteredReducedEntropyIteration.p286CenteredReducedEntropy_defectZero_or_generatedProgress' depends on axioms: [propext,
 Classical.choice,
 Quot.sound]
info: H0mework/Physics/GaugeSource/CenteredReducedEntropyIteration.lean:616:0: 'SaturationMonoid.PhysicsCore.StageNineP286SourceNativeCenteredReducedEntropyIteration.p286CenteredReducedNormalizedEntropy_eq_neg_accumulatedPayment' depends on axioms: [propext,
 Classical.choice,
 Quot.sound]
info: H0mework/Physics/GaugeSource/CenteredReducedEntropyIteration.lean:618:0: 'SaturationMonoid.PhysicsCore.StageNineP286SourceNativeCenteredReducedEntropyIteration.p286CenteredReducedEntropyPayment_cofinalDisposition' depends on axioms: [propext,
 Classical.choice,
 Quot.sound]
info: H0mework/Physics/GaugeSource/CenteredReducedEntropyIteration.lean:619:0: 'SaturationMonoid.PhysicsCore.StageNineP286SourceNativeCenteredReducedEntropyIteration.p286CenteredReducedEntropyPayment_summable_of_floor' depends on axioms: [propext,
 Classical.choice,
 Quot.sound]
info: H0mework/Physics/GaugeSource/CenteredReducedEntropyIteration.lean:620:0: 'SaturationMonoid.PhysicsCore.StageNineP286SourceNativeCenteredReducedEntropyIteration.p286CenteredReducedEntropyDefect_tendsto_zero_of_cofinalMaterial' depends on axioms: [propext,
 Classical.choice,
 Quot.sound]
ℹ [10628/10678] Replayed H0mework.Foundation.Ledger.OriginOrBirth
info: H0mework/Foundation/Ledger/OriginOrBirth.lean:141:0: 'SaturationMonoid.ResponsibilityLifecycle.LivingLawEvolution.ConstructiveRoot.ExactTargetDebtOriginAt.excludesFresh' does not depend on any axioms
info: H0mework/Foundation/Ledger/OriginOrBirth.lean:142:0: 'SaturationMonoid.ResponsibilityLifecycle.LivingLawEvolution.ConstructiveRoot.LedgerWriteEvolutionAt.targetOldOrigin' does not depend on any axioms
info: H0mework/Foundation/Ledger/OriginOrBirth.lean:143:0: 'SaturationMonoid.ResponsibilityLifecycle.LivingLawEvolution.ConstructiveRoot.LedgerWriteEvolutionAt.excludesTargetFresh' does not depend on any axioms
info: H0mework/Foundation/Ledger/OriginOrBirth.lean:144:0: 'SaturationMonoid.ResponsibilityLifecycle.LivingLawEvolution.ConstructiveRoot.ExactTargetOldOriginProvenanceAt.excludesBirthFreshness' does not depend on any axioms
ℹ [10629/10678] Replayed H0mework.Realization.Audit.DebtFirstWrite
info: H0mework/Realization/Audit/DebtFirstWrite.lean:187:0: 'SaturationMonoid.ResponsibilityLifecycle.LivingLawEvolution.ConstructiveRoot.DebtAdmissionFirstWrite.SourceGeneratedDebtAdmissionFirstWriteAt.initialBudget_positive' depends on axioms: [propext]
info: H0mework/Realization/Audit/DebtFirstWrite.lean:188:0: 'SaturationMonoid.ResponsibilityLifecycle.LivingLawEvolution.ConstructiveRoot.DebtAdmissionFirstWrite.ordinaryEvolution_cannot_admit' depends on axioms: [propext]
ℹ [10632/10678] Replayed H0mework.Versions.R2.Foundation.Inquiry.SemanticRevision
info: H0mework/Versions/R2/Foundation/Inquiry/SemanticRevision.lean:842:0: 'SaturationMonoid.ResponsibilityLifecycle.LivingLawEvolution.ConstructiveRoot.TypedSemanticWorldNetworkU8.GeneratedTypedSemanticWorldNetworkRevisionAt.SourceGeneratedFirstWriteGenuineSplitAt.ofCompilerSelectedSplit' does not depend on any axioms
info: H0mework/Versions/R2/Foundation/Inquiry/SemanticRevision.lean:843:0: 'SaturationMonoid.ResponsibilityLifecycle.LivingLawEvolution.ConstructiveRoot.TypedSemanticWorldNetworkU8.FieldGroundedTypedSemanticWorldNetworkRevisionAt.ofSourceGeneratedRestructuring' does not depend on any axioms
info: H0mework/Versions/R2/Foundation/Inquiry/SemanticRevision.lean:844:0: 'SaturationMonoid.ResponsibilityLifecycle.LivingLawEvolution.ConstructiveRoot.TypedSemanticWorldNetworkU8.FieldGroundedTypedSemanticWorldNetworkRevisionAt.eq_of_generate_eq' does not depend on any axioms
ℹ [10635/10678] Replayed H0mework.Versions.R2.Foundation.Inquiry.Protocol
info: H0mework/Versions/R2/Foundation/Inquiry/Protocol.lean:1356:0: 'SaturationMonoid.ResponsibilityLifecycle.LivingLawEvolution.ConstructiveRoot.RootInquiryCompletion.SourceNativeInquiryCofaceRealizationAt.ofExactCofaceSource' does not depend on any axioms
info: H0mework/Versions/R2/Foundation/Inquiry/Protocol.lean:1357:0: 'SaturationMonoid.ResponsibilityLifecycle.LivingLawEvolution.ConstructiveRoot.RootInquiryCompletion.SourceNativeInquiryCofaceRealizationAt.ofGeneratedRevision' does not depend on any axioms
ℹ [10640/10678] Replayed H0mework.Versions.R2.Physics.RootHistory.PhysicalRootRuntime
info: H0mework/Versions/R2/Physics/RootHistory/PhysicalRootRuntime.lean:243:0: 'SaturationMonoid.PhysicsCore.StageTenPhysicalRoot.physicalRuntimeSeed_tick_eq_closure_initial' depends on axioms: [propext,
 Classical.choice,
 Quot.sound]
info: H0mework/Versions/R2/Physics/RootHistory/PhysicalRootRuntime.lean:244:0: 'SaturationMonoid.PhysicsCore.StageTenPhysicalRoot.physicalRuntimeAfterBoundary_tick_eq_closure_coface' depends on axioms: [propext,
 Classical.choice,
 Quot.sound]
info: H0mework/Versions/R2/Physics/RootHistory/PhysicalRootRuntime.lean:245:0: 'SaturationMonoid.PhysicsCore.StageTenPhysicalRoot.physicalRuntimeAfterCoface_tick_eq_closure_gravity' depends on axioms: [propext,
 Classical.choice,
 Quot.sound]
info: H0mework/Versions/R2/Physics/RootHistory/PhysicalRootRuntime.lean:246:0: 'SaturationMonoid.PhysicsCore.StageTenPhysicalRoot.physicalRuntimeAfterGravity_tick_eq_closure_assembly' depends on axioms: [propext,
 Classical.choice,
 Quot.sound]
info: H0mework/Versions/R2/Physics/RootHistory/PhysicalRootRuntime.lean:247:0: 'SaturationMonoid.PhysicsCore.StageTenPhysicalRoot.physicalRuntimeAfterAssembly_tick_eq_closure_postAssembly' depends on axioms: [propext,
 Classical.choice,
 Quot.sound]
info: H0mework/Versions/R2/Physics/RootHistory/PhysicalRootRuntime.lean:248:0: 'SaturationMonoid.PhysicsCore.StageTenPhysicalRoot.physicalRuntime_boundaryU7_resumes_at_firstGravity' depends on axioms: [propext,
 Classical.choice,
 Quot.sound]
info: H0mework/Versions/R2/Physics/RootHistory/PhysicalRootRuntime.lean:249:0: 'SaturationMonoid.PhysicsCore.StageTenPhysicalRoot.physicalRuntimeAfterPostAssembly_tick_eq_secondAssemblyEvent' depends on axioms: [propext,
 Classical.choice,
 Quot.sound]
ℹ [10648/10678] Replayed H0mework.Versions.R2.Foundation.Inquiry.Engine
info: H0mework/Versions/R2/Foundation/Inquiry/Engine.lean:1341:0: 'SaturationMonoid.ResponsibilityLifecycle.LivingLawEvolution.ConstructiveRoot.RootInquiryCompletion.RootInquiryProcessNode.active_directlyAnswered_successor_valid' depends on axioms: [propext]
info: H0mework/Versions/R2/Foundation/Inquiry/Engine.lean:1342:0: 'SaturationMonoid.ResponsibilityLifecycle.LivingLawEvolution.ConstructiveRoot.RootInquiryCompletion.RootInquiryProcessNode.active_directlyAnswered_terminalHandoff_successor_valid' depends on axioms: [propext]
info: H0mework/Versions/R2/Foundation/Inquiry/Engine.lean:1343:0: 'SaturationMonoid.ResponsibilityLifecycle.LivingLawEvolution.ConstructiveRoot.RootInquiryCompletion.RootInquiryProcessNode.active_actualAction_successor_valid' depends on axioms: [propext]
ℹ [10809/10827] Replayed H0mework.Versions.AB.Physics.LowEnergy.AlphaSource.CanonicalPreparationCutoff
info: H0mework/Versions/AB/Physics/LowEnergy/AlphaSource/CanonicalPreparationCutoff.lean:277:0: 'LowEnergy.CanonicalPreparationCutoff.actual_source_cutoff' depends on axioms: [propext, Classical.choice, Quot.sound]
ℹ [10820/10903] Replayed H0mework.Versions.AB.Physics.LowEnergy.Quantum.GaussNativeMatter
info: H0mework/Versions/AB/Physics/LowEnergy/Quantum/GaussNativeMatter.lean:105:0: 'LowEnergy.GaussNativeMatter.nativeFull_stabilizer' depends on axioms: [propext, Classical.choice, Quot.sound]
info: H0mework/Versions/AB/Physics/LowEnergy/Quantum/GaussNativeMatter.lean:106:0: 'LowEnergy.GaussNativeMatter.nativeFock' depends on axioms: [propext, Classical.choice, Quot.sound]
info: H0mework/Versions/AB/Physics/LowEnergy/Quantum/GaussNativeMatter.lean:107:0: 'LowEnergy.GaussNativeMatter.nativeFock_skew' depends on axioms: [propext, Classical.choice, Quot.sound]
ℹ [10821/10903] Replayed H0mework.Versions.AB.Physics.LowEnergy.Quantum.GaussCoreDifferential
info: H0mework/Versions/AB/Physics/LowEnergy/Quantum/GaussCoreDifferential.lean:150:0: 'LowEnergy.GaussCoreDifferential.direction_smooth' depends on axioms: [propext, Classical.choice, Quot.sound]
info: H0mework/Versions/AB/Physics/LowEnergy/Quantum/GaussCoreDifferential.lean:151:0: 'LowEnergy.GaussCoreDifferential.directional' depends on axioms: [propext, Classical.choice, Quot.sound]
info: H0mework/Versions/AB/Physics/LowEnergy/Quantum/GaussCoreDifferential.lean:152:0: 'LowEnergy.GaussCoreDifferential.covariantMomentum' depends on axioms: [propext, Classical.choice, Quot.sound]
info: H0mework/Versions/AB/Physics/LowEnergy/Quantum/GaussCoreDifferential.lean:153:0: 'LowEnergy.GaussCoreDifferential.covariantMomentum_orbit' depends on axioms: [propext, Classical.choice, Quot.sound]
info: H0mework/Versions/AB/Physics/LowEnergy/Quantum/GaussCoreDifferential.lean:154:0: 'LowEnergy.GaussCoreDifferential.covariantMomentum_slice' depends on axioms: [propext, Classical.choice, Quot.sound]
ℹ [10822/10903] Replayed H0mework.Versions.AB.Physics.LowEnergy.Quantum.GaussCoreHilbert
info: H0mework/Versions/AB/Physics/LowEnergy/Quantum/GaussCoreHilbert.lean:170:0: 'LowEnergy.GaussCoreHilbert.embed_injective' depends on axioms: [propext, Classical.choice, Quot.sound]
info: H0mework/Versions/AB/Physics/LowEnergy/Quantum/GaussCoreHilbert.lean:171:0: 'LowEnergy.GaussCoreHilbert.coreEquiv' depends on axioms: [propext, Classical.choice, Quot.sound]
info: H0mework/Versions/AB/Physics/LowEnergy/Quantum/GaussCoreHilbert.lean:172:0: 'LowEnergy.GaussCoreHilbert.realize_preserves_core' depends on axioms: [propext, Classical.choice, Quot.sound]
info: H0mework/Versions/AB/Physics/LowEnergy/Quantum/GaussCoreHilbert.lean:173:0: 'LowEnergy.GaussCoreHilbert.momentum_on_test' depends on axioms: [propext, Classical.choice, Quot.sound]
ℹ [10823/10903] Replayed H0mework.Versions.AB.Physics.LowEnergy.Quantum.GaussDensityCore
info: H0mework/Versions/AB/Physics/LowEnergy/Quantum/GaussDensityCore.lean:257:0: 'LowEnergy.GaussDensityCore.density_smooth' depends on axioms: [propext, Classical.choice, Quot.sound]
info: H0mework/Versions/AB/Physics/LowEnergy/Quantum/GaussDensityCore.lean:258:0: 'LowEnergy.GaussDensityCore.weightedTranspose' depends on axioms: [propext, Classical.choice, Quot.sound]
info: H0mework/Versions/AB/Physics/LowEnergy/Quantum/GaussDensityCore.lean:259:0: 'LowEnergy.GaussDensityCore.weightedTranspose_apply' depends on axioms: [propext, Classical.choice, Quot.sound]
info: H0mework/Versions/AB/Physics/LowEnergy/Quantum/GaussDensityCore.lean:260:0: 'LowEnergy.GaussDensityCore.weighted_transpose_pair' depends on axioms: [propext, Classical.choice, Quot.sound]
info: H0mework/Versions/AB/Physics/LowEnergy/Quantum/GaussDensityCore.lean:261:0: 'LowEnergy.GaussDensityCore.weighted_transpose_hilbert' depends on axioms: [propext, Classical.choice, Quot.sound]
ℹ [10825/10903] Replayed H0mework.Versions.AB.Physics.LowEnergy.AlphaSource.CanonicalPreparationGaugeRead
info: H0mework/Versions/AB/Physics/LowEnergy/AlphaSource/CanonicalPreparationGaugeRead.lean:118:0: 'LowEnergy.PreparationCoordinates.actual_sourcePoint' depends on axioms: [propext, Classical.choice, Quot.sound]
info: H0mework/Versions/AB/Physics/LowEnergy/AlphaSource/CanonicalPreparationGaugeRead.lean:119:0: 'LowEnergy.PreparationCoordinates.displaced_cartan' depends on axioms: [propext, Classical.choice, Quot.sound]
info: H0mework/Versions/AB/Physics/LowEnergy/AlphaSource/CanonicalPreparationGaugeRead.lean:120:0: 'LowEnergy.PreparationCoordinates.original_measure_doubles_cubically' depends on axioms: [propext,
 Classical.choice,
 Quot.sound]
info: H0mework/Versions/AB/Physics/LowEnergy/AlphaSource/CanonicalPreparationGaugeRead.lean:121:0: 'LowEnergy.PreparationCoordinates.raw_cartan_pair' depends on axioms: [propext, Classical.choice, Quot.sound]
ℹ [10834/10903] Replayed H0mework.Versions.AB.Physics.LowEnergy.AlphaSource.BoundedRemainder
info: H0mework/Versions/AB/Physics/LowEnergy/AlphaSource/BoundedRemainder.lean:213:0: 'SaturationMonoid.Quantum.Forms.BoundedRemainder.augmented_closed' depends on axioms: [propext,
 Classical.choice,
 Quot.sound]
info: H0mework/Versions/AB/Physics/LowEnergy/AlphaSource/BoundedRemainder.lean:214:0: 'SaturationMonoid.Quantum.Forms.BoundedRemainder.riesz_pair' depends on axioms: [propext, Classical.choice, Quot.sound]
info: H0mework/Versions/AB/Physics/LowEnergy/AlphaSource/BoundedRemainder.lean:215:0: 'SaturationMonoid.Quantum.Forms.BoundedRemainder.riesz_pair_right' depends on axioms: [propext,
 Classical.choice,
 Quot.sound]
info: H0mework/Versions/AB/Physics/LowEnergy/AlphaSource/BoundedRemainder.lean:216:0: 'SaturationMonoid.Quantum.Forms.BoundedRemainder.operator_form' depends on axioms: [propext,
 Classical.choice,
 Quot.sound]
info: H0mework/Versions/AB/Physics/LowEnergy/AlphaSource/BoundedRemainder.lean:217:0: 'SaturationMonoid.Quantum.Forms.BoundedRemainder.operator_resolvent' depends on axioms: [propext,
 Classical.choice,
 Quot.sound]
info: H0mework/Versions/AB/Physics/LowEnergy/AlphaSource/BoundedRemainder.lean:218:0: 'SaturationMonoid.Quantum.Forms.BoundedRemainder.normalized_approximate' depends on axioms: [propext,
 Classical.choice,
 Quot.sound]
info: H0mework/Versions/AB/Physics/LowEnergy/AlphaSource/BoundedRemainder.lean:219:0: 'SaturationMonoid.Quantum.Forms.BoundedRemainder.form_preparation' depends on axioms: [propext,
 Classical.choice,
 Quot.sound]
ℹ [10835/10903] Replayed H0mework.Versions.AB.Physics.LowEnergy.Quantum.GaussScalarTransport
info: H0mework/Versions/AB/Physics/LowEnergy/Quantum/GaussScalarTransport.lean:111:0: 'LowEnergy.GaussScalarTransport.fieldDerivative_apply' depends on axioms: [propext, Classical.choice, Quot.sound]
info: H0mework/Versions/AB/Physics/LowEnergy/Quantum/GaussScalarTransport.lean:112:0: 'LowEnergy.GaussScalarTransport.field_transpose_hilbert' depends on axioms: [propext, Classical.choice, Quot.sound]
ℹ [10836/10903] Replayed H0mework.Versions.AB.Physics.LowEnergy.Quantum.GaussFockWeights
info: H0mework/Versions/AB/Physics/LowEnergy/Quantum/GaussFockWeights.lean:103:0: 'LowEnergy.GaussFockWeights.native_number_commute' depends on axioms: [propext, Classical.choice, Quot.sound]
info: H0mework/Versions/AB/Physics/LowEnergy/Quantum/GaussFockWeights.lean:104:0: 'LowEnergy.GaussFockWeights.native_weight_commute' depends on axioms: [propext, Classical.choice, Quot.sound]
info: H0mework/Versions/AB/Physics/LowEnergy/Quantum/GaussFockWeights.lean:105:0: 'LowEnergy.GaussFockWeights.native_weighted_skew' depends on axioms: [propext, Classical.choice, Quot.sound]
ℹ [10837/10903] Replayed H0mework.Versions.AB.Physics.LowEnergy.Quantum.GaussFockPair
info: H0mework/Versions/AB/Physics/LowEnergy/Quantum/GaussFockPair.lean:77:0: 'LowEnergy.GaussFockPair.sourcePair_integral' depends on axioms: [propext, Classical.choice, Quot.sound]
info: H0mework/Versions/AB/Physics/LowEnergy/Quantum/GaussFockPair.lean:78:0: 'LowEnergy.GaussFockPair.connection_pair_skew' depends on axioms: [propext, Classical.choice, Quot.sound]
ℹ [10839/10903] Replayed H0mework.Versions.AB.Physics.LowEnergy.Quantum.GaussMomentumAdjoint
info: H0mework/Versions/AB/Physics/LowEnergy/Quantum/GaussMomentumAdjoint.lean:111:0: 'LowEnergy.GaussMomentumAdjoint.component_directional' depends on axioms: [propext, Classical.choice, Quot.sound]
info: H0mework/Versions/AB/Physics/LowEnergy/Quantum/GaussMomentumAdjoint.lean:112:0: 'LowEnergy.GaussMomentumAdjoint.derivative_pair' depends on axioms: [propext, Classical.choice, Quot.sound]
info: H0mework/Versions/AB/Physics/LowEnergy/Quantum/GaussMomentumAdjoint.lean:113:0: 'LowEnergy.GaussMomentumAdjoint.momentum_pair' depends on axioms: [propext, Classical.choice, Quot.sound]
info: H0mework/Versions/AB/Physics/LowEnergy/Quantum/GaussMomentumAdjoint.lean:114:0: 'LowEnergy.GaussMomentumAdjoint.original_formal_adjoint' depends on axioms: [propext, Classical.choice, Quot.sound]
ℹ [10840/10903] Replayed H0mework.Versions.AB.Physics.LowEnergy.Quantum.GaussNativeEnergy
info: H0mework/Versions/AB/Physics/LowEnergy/Quantum/GaussNativeEnergy.lean:278:0: 'LowEnergy.GaussNativeEnergy.source_time_generated' depends on axioms: [propext, Classical.choice, Quot.sound]
info: H0mework/Versions/AB/Physics/LowEnergy/Quantum/GaussNativeEnergy.lean:279:0: 'LowEnergy.GaussNativeEnergy.source_sigma_generated' depends on axioms: [propext, Classical.choice, Quot.sound]
info: H0mework/Versions/AB/Physics/LowEnergy/Quantum/GaussNativeEnergy.lean:280:0: 'LowEnergy.GaussNativeEnergy.triad_inverse_right' depends on axioms: [propext, Classical.choice, Quot.sound]
info: H0mework/Versions/AB/Physics/LowEnergy/Quantum/GaussNativeEnergy.lean:281:0: 'LowEnergy.GaussNativeEnergy.scalarWeight_smooth' depends on axioms: [propext, Classical.choice, Quot.sound]
info: H0mework/Versions/AB/Physics/LowEnergy/Quantum/GaussNativeEnergy.lean:282:0: 'LowEnergy.GaussNativeEnergy.gaugeWeight_smooth' depends on axioms: [propext, Classical.choice, Quot.sound]
info: H0mework/Versions/AB/Physics/LowEnergy/Quantum/GaussNativeEnergy.lean:283:0: 'LowEnergy.GaussNativeEnergy.source_electric_kernel' depends on axioms: [propext, Classical.choice, Quot.sound]
info: H0mework/Versions/AB/Physics/LowEnergy/Quantum/GaussNativeEnergy.lean:284:0: 'LowEnergy.GaussNativeEnergy.gaugeWeight_inverse' depends on axioms: [propext, Classical.choice, Quot.sound]
info: H0mework/Versions/AB/Physics/LowEnergy/Quantum/GaussNativeEnergy.lean:285:0: 'LowEnergy.GaussNativeEnergy.source_magnetic_kernel' depends on axioms: [propext, Classical.choice, Quot.sound]
info: H0mework/Versions/AB/Physics/LowEnergy/Quantum/GaussNativeEnergy.lean:286:0: 'LowEnergy.GaussNativeEnergy.source_scalar_weight' depends on axioms: [propext, Classical.choice, Quot.sound]
info: H0mework/Versions/AB/Physics/LowEnergy/Quantum/GaussNativeEnergy.lean:287:0: 'LowEnergy.GaussNativeEnergy.source_scalar_spatial' depends on axioms: [propext, Classical.choice, Quot.sound]
ℹ [10845/10903] Replayed H0mework.Versions.AB.Physics.LowEnergy.Quantum.SourceQuantumRadialCore
info: H0mework/Versions/AB/Physics/LowEnergy/Quantum/SourceQuantumRadialCore.lean:106:0: 'LowEnergy.SourceRadialCore.source_weight_preserves_test' depends on axioms: [propext, Classical.choice, Quot.sound]
info: H0mework/Versions/AB/Physics/LowEnergy/Quantum/SourceQuantumRadialCore.lean:107:0: 'LowEnergy.SourceRadialCore.source_inverse_preserves_test' depends on axioms: [propext, Classical.choice, Quot.sound]
info: H0mework/Versions/AB/Physics/LowEnergy/Quantum/SourceQuantumRadialCore.lean:108:0: 'LowEnergy.SourceRadialCore.original_full_core_preserved' depends on axioms: [propext, Classical.choice, Quot.sound]
info: H0mework/Versions/AB/Physics/LowEnergy/Quantum/SourceQuantumRadialCore.lean:109:0: 'LowEnergy.SourceRadialCore.pairing_return' depends on axioms: [propext, Classical.choice, Quot.sound]
ℹ [10846/10903] Replayed H0mework.Versions.AB.Physics.LowEnergy.Quantum.SourceCartanCubic
info: H0mework/Versions/AB/Physics/LowEnergy/Quantum/SourceCartanCubic.lean:136:0: 'LowEnergy.SourceCartanCubic.original_orbit_derivative' depends on axioms: [propext, Classical.choice, Quot.sound]
info: H0mework/Versions/AB/Physics/LowEnergy/Quantum/SourceCartanCubic.lean:137:0: 'LowEnergy.SourceCartanCubic.first_variation' depends on axioms: [propext, Classical.choice, Quot.sound]
info: H0mework/Versions/AB/Physics/LowEnergy/Quantum/SourceCartanCubic.lean:138:0: 'LowEnergy.SourceCartanCubic.cubic_curve_derivative' depends on axioms: [propext, Classical.choice, Quot.sound]
info: H0mework/Versions/AB/Physics/LowEnergy/Quantum/SourceCartanCubic.lean:139:0: 'LowEnergy.SourceCartanCubic.sourceWeight_preserves_test' depends on axioms: [propext, Classical.choice, Quot.sound]
info: H0mework/Versions/AB/Physics/LowEnergy/Quantum/SourceCartanCubic.lean:140:0: 'LowEnergy.SourceCartanCubic.sourceWeight_preserves_full_core' depends on axioms: [propext,
 Classical.choice,
 Quot.sound]
info: H0mework/Versions/AB/Physics/LowEnergy/Quantum/SourceCartanCubic.lean:141:0: 'LowEnergy.SourceCartanCubic.pairing_return' depends on axioms: [propext, Classical.choice, Quot.sound]
ℹ [10847/10903] Replayed H0mework.Versions.AB.Physics.LowEnergy.Quantum.GaussNativePotential
info: H0mework/Versions/AB/Physics/LowEnergy/Quantum/GaussNativePotential.lean:114:0: 'LowEnergy.GaussNativePotential.scalar_potential_source' depends on axioms: [propext, Classical.choice, Quot.sound]
info: H0mework/Versions/AB/Physics/LowEnergy/Quantum/GaussNativePotential.lean:115:0: 'LowEnergy.GaussNativePotential.magnetic_potential_source' depends on axioms: [propext, Classical.choice, Quot.sound]
info: H0mework/Versions/AB/Physics/LowEnergy/Quantum/GaussNativePotential.lean:116:0: 'LowEnergy.GaussNativePotential.potential_smooth' depends on axioms: [propext, Classical.choice, Quot.sound]
ℹ [10848/10903] Replayed H0mework.Versions.AB.Physics.LowEnergy.Quantum.GaussNativeForm
info: H0mework/Versions/AB/Physics/LowEnergy/Quantum/GaussNativeForm.lean:143:0: 'LowEnergy.GaussNativeForm.nativeAction' depends on axioms: [propext, Classical.choice, Quot.sound]
info: H0mework/Versions/AB/Physics/LowEnergy/Quantum/GaussNativeForm.lean:144:0: 'LowEnergy.GaussNativeForm.native_core_pair' depends on axioms: [propext, Classical.choice, Quot.sound]
ℹ [10849/10903] Replayed H0mework.Versions.AB.Physics.LowEnergy.Quantum.GaussCoframeCore
info: H0mework/Versions/AB/Physics/LowEnergy/Quantum/GaussCoframeCore.lean:93:0: 'LowEnergy.GaussCoframeCore.component_derivative' depends on axioms: [propext, Classical.choice, Quot.sound]
info: H0mework/Versions/AB/Physics/LowEnergy/Quantum/GaussCoframeCore.lean:94:0: 'LowEnergy.GaussCoframeCore.momentum_pair' depends on axioms: [propext, Classical.choice, Quot.sound]
ℹ [10850/10903] Replayed H0mework.Versions.AB.Physics.LowEnergy.Quantum.GaussCoframeKinetic
info: H0mework/Versions/AB/Physics/LowEnergy/Quantum/GaussCoframeKinetic.lean:145:0: 'LowEnergy.GaussCoframeKinetic.coefficient_smooth' depends on axioms: [propext, Classical.choice, Quot.sound]
info: H0mework/Versions/AB/Physics/LowEnergy/Quantum/GaussCoframeKinetic.lean:146:0: 'LowEnergy.GaussCoframeKinetic.kinetic_pair' depends on axioms: [propext, Classical.choice, Quot.sound]
ℹ [10851/10903] Replayed H0mework.Versions.AB.Physics.LowEnergy.Quantum.GaussQuantumMultiplier
info: H0mework/Versions/AB/Physics/LowEnergy/Quantum/GaussQuantumMultiplier.lean:112:0: 'LowEnergy.GaussQuantumMultiplier.action_pair' depends on axioms: [propext, Classical.choice, Quot.sound]
ℹ [10852/10903] Replayed H0mework.Versions.AB.Physics.LowEnergy.Quantum.GaussCoframeSpin
info: H0mework/Versions/AB/Physics/LowEnergy/Quantum/GaussCoframeSpin.lean:140:0: 'LowEnergy.GaussCoframeSpin.spinLift_source' depends on axioms: [propext, Classical.choice, Quot.sound]
info: H0mework/Versions/AB/Physics/LowEnergy/Quantum/GaussCoframeSpin.lean:141:0: 'LowEnergy.GaussCoframeSpin.full_hermitian' depends on axioms: [propext, Classical.choice, Quot.sound]
info: H0mework/Versions/AB/Physics/LowEnergy/Quantum/GaussCoframeSpin.lean:142:0: 'LowEnergy.GaussCoframeSpin.current_pair' depends on axioms: [propext, Classical.choice, Quot.sound]
ℹ [10853/10903] Replayed H0mework.Versions.AB.Physics.LowEnergy.Quantum.GaussCoframeForm
info: H0mework/Versions/AB/Physics/LowEnergy/Quantum/GaussCoframeForm.lean:147:0: 'LowEnergy.GaussCoframeForm.number_apply' depends on axioms: [propext, Classical.choice, Quot.sound]
info: H0mework/Versions/AB/Physics/LowEnergy/Quantum/GaussCoframeForm.lean:148:0: 'LowEnergy.GaussCoframeForm.coframeAction' depends on axioms: [propext, Classical.choice, Quot.sound]
info: H0mework/Versions/AB/Physics/LowEnergy/Quantum/GaussCoframeForm.lean:149:0: 'LowEnergy.GaussCoframeForm.coframeAction_pair' depends on axioms: [propext, Classical.choice, Quot.sound]
ℹ [10854/10903] Replayed H0mework.Versions.AB.Physics.LowEnergy.Quantum.GaussMatterCore
info: H0mework/Versions/AB/Physics/LowEnergy/Quantum/GaussMatterCore.lean:101:0: 'LowEnergy.GaussMatterCore.spin_native_commute' depends on axioms: [propext, Classical.choice, Quot.sound]
info: H0mework/Versions/AB/Physics/LowEnergy/Quantum/GaussMatterCore.lean:102:0: 'LowEnergy.GaussMatterCore.matrixTerm_hermitian' depends on axioms: [propext, Classical.choice, Quot.sound]
info: H0mework/Versions/AB/Physics/LowEnergy/Quantum/GaussMatterCore.lean:103:0: 'LowEnergy.GaussMatterCore.matter_pair' depends on axioms: [propext, Classical.choice, Quot.sound]
ℹ [10855/10903] Replayed H0mework.Physics.LowEnergy.Quantum.SourceRetardedGraph
info: H0mework/Physics/LowEnergy/Quantum/SourceRetardedGraph.lean:262:0: 'LowEnergy.SourceRetardedGraph.closed_graph_pairing_both' depends on axioms: [propext, Classical.choice, Quot.sound]
info: H0mework/Physics/LowEnergy/Quantum/SourceRetardedGraph.lean:263:0: 'LowEnergy.SourceRetardedGraph.cayley_equal_norm' depends on axioms: [propext, Classical.choice, Quot.sound]
info: H0mework/Physics/LowEnergy/Quantum/SourceRetardedGraph.lean:264:0: 'LowEnergy.SourceRetardedGraph.lower_graph_bound' depends on axioms: [propext, Classical.choice, Quot.sound]
info: H0mework/Physics/LowEnergy/Quantum/SourceRetardedGraph.lean:265:0: 'LowEnergy.SourceRetardedGraph.cayleyRange' depends on axioms: [propext, Classical.choice, Quot.sound]
info: H0mework/Physics/LowEnergy/Quantum/SourceRetardedGraph.lean:266:0: 'LowEnergy.SourceRetardedGraph.incoming_range_closed' depends on axioms: [propext, Classical.choice, Quot.sound]
info: H0mework/Physics/LowEnergy/Quantum/SourceRetardedGraph.lean:267:0: 'LowEnergy.SourceRetardedGraph.mem_defect_iff_core' depends on axioms: [propext, Classical.choice, Quot.sound]
info: H0mework/Physics/LowEnergy/Quantum/SourceRetardedGraph.lean:268:0: 'LowEnergy.SourceRetardedGraph.range_resolvent_graph' depends on axioms: [propext, Classical.choice, Quot.sound]
info: H0mework/Physics/LowEnergy/Quantum/SourceRetardedGraph.lean:269:0: 'LowEnergy.SourceRetardedGraph.range_resolvent_bound' depends on axioms: [propext, Classical.choice, Quot.sound]
info: H0mework/Physics/LowEnergy/Quantum/SourceRetardedGraph.lean:270:0: 'LowEnergy.SourceRetardedGraph.mem_range_iff_defect' depends on axioms: [propext, Classical.choice, Quot.sound]
info: H0mework/Physics/LowEnergy/Quantum/SourceRetardedGraph.lean:271:0: 'LowEnergy.SourceRetardedGraph.range_step_norm' depends on axioms: [propext, Classical.choice, Quot.sound]
info: H0mework/Physics/LowEnergy/Quantum/SourceRetardedGraph.lean:272:0: 'LowEnergy.SourceRetardedGraph.range_step_midpoint' depends on axioms: [propext, Classical.choice, Quot.sound]
info: H0mework/Physics/LowEnergy/Quantum/SourceRetardedGraph.lean:273:0: 'LowEnergy.SourceRetardedGraph.source_mu_large' depends on axioms: [propext, Classical.choice, Quot.sound]
ℹ [10856/10903] Replayed H0mework.Physics.LowEnergy.Quantum.FiniteCoreEvolution
info: H0mework/Physics/LowEnergy/Quantum/FiniteCoreEvolution.lean:198:0: 'LowEnergy.FiniteCoreEvolution.compression_selfAdjoint' depends on axioms: [propext, Classical.choice, Quot.sound]
info: H0mework/Physics/LowEnergy/Quantum/FiniteCoreEvolution.lean:199:0: 'LowEnergy.FiniteCoreEvolution.compression_core' depends on axioms: [propext, Classical.choice, Quot.sound]
info: H0mework/Physics/LowEnergy/Quantum/FiniteCoreEvolution.lean:200:0: 'LowEnergy.FiniteCoreEvolution.compression_core_bound' depends on axioms: [propext, Classical.choice, Quot.sound]
info: H0mework/Physics/LowEnergy/Quantum/FiniteCoreEvolution.lean:201:0: 'LowEnergy.FiniteCoreEvolution.evolution_norm' depends on axioms: [propext, Classical.choice, Quot.sound]
info: H0mework/Physics/LowEnergy/Quantum/FiniteCoreEvolution.lean:202:0: 'LowEnergy.FiniteCoreEvolution.evolution_core_uniform' depends on axioms: [propext, Classical.choice, Quot.sound]
info: H0mework/Physics/LowEnergy/Quantum/FiniteCoreEvolution.lean:203:0: 'LowEnergy.FiniteCoreEvolution.compression_tendsto' depends on axioms: [propext, Classical.choice, Quot.sound]
info: H0mework/Physics/LowEnergy/Quantum/FiniteCoreEvolution.lean:204:0: 'LowEnergy.FiniteCoreEvolution.evolution_core_remainder' depends on axioms: [propext, Classical.choice, Quot.sound]
ℹ [10857/10903] Replayed H0mework.Physics.LowEnergy.Quantum.WeakCoreEvolution
info: H0mework/Physics/LowEnergy/Quantum/WeakCoreEvolution.lean:303:0: 'LowEnergy.WeakCoreEvolution.coefficient_tendsto' depends on axioms: [propext, Classical.choice, Quot.sound]
info: H0mework/Physics/LowEnergy/Quantum/WeakCoreEvolution.lean:304:0: 'LowEnergy.WeakCoreEvolution.coefficient_bound' depends on axioms: [propext, Classical.choice, Quot.sound]
info: H0mework/Physics/LowEnergy/Quantum/WeakCoreEvolution.lean:305:0: 'LowEnergy.WeakCoreEvolution.coefficient_add_right' depends on axioms: [propext, Classical.choice, Quot.sound]
info: H0mework/Physics/LowEnergy/Quantum/WeakCoreEvolution.lean:306:0: 'LowEnergy.WeakCoreEvolution.weak_evolution_pair' depends on axioms: [propext, Classical.choice, Quot.sound]
info: H0mework/Physics/LowEnergy/Quantum/WeakCoreEvolution.lean:307:0: 'LowEnergy.WeakCoreEvolution.weak_evolution_contraction' depends on axioms: [propext, Classical.choice, Quot.sound]
info: H0mework/Physics/LowEnergy/Quantum/WeakCoreEvolution.lean:308:0: 'LowEnergy.WeakCoreEvolution.weak_evolution_zero' depends on axioms: [propext, Classical.choice, Quot.sound]
info: H0mework/Physics/LowEnergy/Quantum/WeakCoreEvolution.lean:309:0: 'LowEnergy.WeakCoreEvolution.weak_evolution_core_uniform' depends on axioms: [propext, Classical.choice, Quot.sound]
info: H0mework/Physics/LowEnergy/Quantum/WeakCoreEvolution.lean:310:0: 'LowEnergy.WeakCoreEvolution.weak_evolution_continuous' depends on axioms: [propext, Classical.choice, Quot.sound]
info: H0mework/Physics/LowEnergy/Quantum/WeakCoreEvolution.lean:311:0: 'LowEnergy.WeakCoreEvolution.weak_evolution_core_remainder' depends on axioms: [propext, Classical.choice, Quot.sound]
info: H0mework/Physics/LowEnergy/Quantum/WeakCoreEvolution.lean:312:0: 'LowEnergy.WeakCoreEvolution.weak_evolution_core_derivative' depends on axioms: [propext, Classical.choice, Quot.sound]
info: H0mework/Physics/LowEnergy/Quantum/WeakCoreEvolution.lean:313:0: 'LowEnergy.WeakCoreEvolution.weak_evolution_original_pairing' depends on axioms: [propext, Classical.choice, Quot.sound]
info: H0mework/Physics/LowEnergy/Quantum/WeakCoreEvolution.lean:314:0: 'LowEnergy.WeakCoreEvolution.weak_evolution_pair_derivative' depends on axioms: [propext, Classical.choice, Quot.sound]
info: H0mework/Physics/LowEnergy/Quantum/WeakCoreEvolution.lean:315:0: 'LowEnergy.WeakCoreEvolution.retarded_test_identity' depends on axioms: [propext, Classical.choice, Quot.sound]
ℹ [10858/10903] Replayed H0mework.Versions.AB.Physics.LowEnergy.Quantum.GaussDiagonalHistory
info: H0mework/Versions/AB/Physics/LowEnergy/Quantum/GaussDiagonalHistory.lean:68:0: 'LowEnergy.GaussDiagonalHistory.diagonal_pair' depends on axioms: [propext, Classical.choice, Quot.sound]
info: H0mework/Versions/AB/Physics/LowEnergy/Quantum/GaussDiagonalHistory.lean:69:0: 'LowEnergy.GaussDiagonalHistory.history' depends on axioms: [propext, Classical.choice, Quot.sound]
info: H0mework/Versions/AB/Physics/LowEnergy/Quantum/GaussDiagonalHistory.lean:70:0: 'LowEnergy.GaussDiagonalHistory.history_derivative' depends on axioms: [propext, Classical.choice, Quot.sound]
info: H0mework/Versions/AB/Physics/LowEnergy/Quantum/GaussDiagonalHistory.lean:71:0: 'LowEnergy.GaussDiagonalHistory.retarded_source' depends on axioms: [propext, Classical.choice, Quot.sound]
ℹ [10859/10903] Replayed H0mework.Versions.AB.Physics.LowEnergy.Quantum.SourceQuantumGradeTransport
info: H0mework/Versions/AB/Physics/LowEnergy/Quantum/SourceQuantumGradeTransport.lean:108:0: 'LowEnergy.SourceGradeTransport.original_yukawa_conjugate' depends on axioms: [propext, Classical.choice, Quot.sound]
info: H0mework/Versions/AB/Physics/LowEnergy/Quantum/SourceQuantumGradeTransport.lean:109:0: 'LowEnergy.SourceGradeTransport.pairing_return' depends on axioms: [propext, Classical.choice, Quot.sound]
ℹ [10860/10903] Replayed H0mework.Versions.AB.Physics.LowEnergy.Quantum.GaussHalfDensity
info: H0mework/Versions/AB/Physics/LowEnergy/Quantum/GaussHalfDensity.lean:147:0: 'LowEnergy.GaussHalfDensity.fockHalfDensityEquiv' depends on axioms: [propext, Classical.choice, Quot.sound]
info: H0mework/Versions/AB/Physics/LowEnergy/Quantum/GaussHalfDensity.lean:148:0: 'LowEnergy.GaussHalfDensity.source_halfDensity_native' depends on axioms: [propext, Classical.choice, Quot.sound]
ℹ [10861/10903] Replayed H0mework.Versions.AB.Physics.LowEnergy.Quantum.NativeHistoryGrade
info: H0mework/Versions/AB/Physics/LowEnergy/Quantum/NativeHistoryGrade.lean:281:0: 'LowEnergy.NativeHistoryGrade.projection_symmetric' depends on axioms: [propext, Classical.choice, Quot.sound]
info: H0mework/Versions/AB/Physics/LowEnergy/Quantum/NativeHistoryGrade.lean:282:0: 'LowEnergy.NativeHistoryGrade.projection_product' depends on axioms: [propext, Classical.choice, Quot.sound]
info: H0mework/Versions/AB/Physics/LowEnergy/Quantum/NativeHistoryGrade.lean:283:0: 'LowEnergy.NativeHistoryGrade.projection_resolution' depends on axioms: [propext, Classical.choice, Quot.sound]
info: H0mework/Versions/AB/Physics/LowEnergy/Quantum/NativeHistoryGrade.lean:284:0: 'LowEnergy.NativeHistoryGrade.projection_preserves_core' depends on axioms: [propext, Classical.choice, Quot.sound]
info: H0mework/Versions/AB/Physics/LowEnergy/Quantum/NativeHistoryGrade.lean:285:0: 'LowEnergy.NativeHistoryGrade.history_contraction' depends on axioms: [propext, Classical.choice, Quot.sound]
info: H0mework/Versions/AB/Physics/LowEnergy/Quantum/NativeHistoryGrade.lean:286:0: 'LowEnergy.NativeHistoryGrade.history_zero' depends on axioms: [propext, Classical.choice, Quot.sound]
info: H0mework/Versions/AB/Physics/LowEnergy/Quantum/NativeHistoryGrade.lean:287:0: 'LowEnergy.NativeHistoryGrade.history_left_block' depends on axioms: [propext, Classical.choice, Quot.sound]
info: H0mework/Versions/AB/Physics/LowEnergy/Quantum/NativeHistoryGrade.lean:288:0: 'LowEnergy.NativeHistoryGrade.history_right_block' depends on axioms: [propext, Classical.choice, Quot.sound]
info: H0mework/Versions/AB/Physics/LowEnergy/Quantum/NativeHistoryGrade.lean:289:0: 'LowEnergy.NativeHistoryGrade.history_continuous' depends on axioms: [propext, Classical.choice, Quot.sound]
info: H0mework/Versions/AB/Physics/LowEnergy/Quantum/NativeHistoryGrade.lean:290:0: 'LowEnergy.NativeHistoryGrade.history_core_derivative' depends on axioms: [propext, Classical.choice, Quot.sound]
info: H0mework/Versions/AB/Physics/LowEnergy/Quantum/NativeHistoryGrade.lean:291:0: 'LowEnergy.NativeHistoryGrade.history_original_pairing' depends on axioms: [propext, Classical.choice, Quot.sound]
info: H0mework/Versions/AB/Physics/LowEnergy/Quantum/NativeHistoryGrade.lean:292:0: 'LowEnergy.NativeHistoryGrade.history_retarded_identity' depends on axioms: [propext, Classical.choice, Quot.sound]
info: H0mework/Versions/AB/Physics/LowEnergy/Quantum/NativeHistoryGrade.lean:293:0: 'LowEnergy.NativeHistoryGrade.flatHistory_pairing' depends on axioms: [propext, Classical.choice, Quot.sound]
ℹ [10862/10903] Replayed H0mework.Versions.AB.Physics.LowEnergy.Quantum.GaussFockLabel
info: H0mework/Versions/AB/Physics/LowEnergy/Quantum/GaussFockLabel.lean:188:0: 'LowEnergy.GaussFockLabel.native_preserves' depends on axioms: [propext, Classical.choice, Quot.sound]
info: H0mework/Versions/AB/Physics/LowEnergy/Quantum/GaussFockLabel.lean:189:0: 'LowEnergy.GaussFockLabel.spin_preserves' depends on axioms: [propext, Classical.choice, Quot.sound]
info: H0mework/Versions/AB/Physics/LowEnergy/Quantum/GaussFockLabel.lean:190:0: 'LowEnergy.GaussFockLabel.matter_preserves' depends on axioms: [propext, Classical.choice, Quot.sound]
info: H0mework/Versions/AB/Physics/LowEnergy/Quantum/GaussFockLabel.lean:191:0: 'LowEnergy.GaussFockLabel.entry_label' depends on axioms: [propext, Classical.choice, Quot.sound]
info: H0mework/Versions/AB/Physics/LowEnergy/Quantum/GaussFockLabel.lean:192:0: 'LowEnergy.GaussFockLabel.blockWeight_quantized' depends on axioms: [propext, Classical.choice, Quot.sound]
ℹ [10863/10903] Replayed H0mework.Versions.AB.Physics.LowEnergy.Quantum.GaussCoreLabel
info: H0mework/Versions/AB/Physics/LowEnergy/Quantum/GaussCoreLabel.lean:117:0: 'LowEnergy.GaussCoreLabel.embed_project' depends on axioms: [propext, Classical.choice, Quot.sound]
info: H0mework/Versions/AB/Physics/LowEnergy/Quantum/GaussCoreLabel.lean:118:0: 'LowEnergy.GaussCoreLabel.commutes_adjoint' depends on axioms: [propext, Classical.choice, Quot.sound]
info: H0mework/Versions/AB/Physics/LowEnergy/Quantum/GaussCoreLabel.lean:119:0: 'LowEnergy.GaussCoreLabel.commutes_matrix' depends on axioms: [propext, Classical.choice, Quot.sound]
ℹ [10864/10903] Replayed H0mework.Versions.AB.Physics.LowEnergy.Quantum.GaussDiagonalGrade
info: H0mework/Versions/AB/Physics/LowEnergy/Quantum/GaussDiagonalGrade.lean:123:0: 'LowEnergy.GaussDiagonalGrade.diagonal_commutes' depends on axioms: [propext, Classical.choice, Quot.sound]
info: H0mework/Versions/AB/Physics/LowEnergy/Quantum/GaussDiagonalGrade.lean:124:0: 'LowEnergy.GaussDiagonalGrade.history_derivative' depends on axioms: [propext, Classical.choice, Quot.sound]
info: H0mework/Versions/AB/Physics/LowEnergy/Quantum/GaussDiagonalGrade.lean:125:0: 'LowEnergy.GaussDiagonalGrade.retarded_source' depends on axioms: [propext, Classical.choice, Quot.sound]
ℹ [10865/10903] Replayed H0mework.Versions.AB.Physics.LowEnergy.Quantum.GaussAdjointHistory
info: H0mework/Versions/AB/Physics/LowEnergy/Quantum/GaussAdjointHistory.lean:142:0: 'LowEnergy.GaussAdjointHistory.maximalAdjoint_graph' depends on axioms: [propext, Classical.choice, Quot.sound]
info: H0mework/Versions/AB/Physics/LowEnergy/Quantum/GaussAdjointHistory.lean:143:0: 'LowEnergy.GaussAdjointHistory.graph_closed' depends on axioms: [propext, Classical.choice, Quot.sound]
info: H0mework/Versions/AB/Physics/LowEnergy/Quantum/GaussAdjointHistory.lean:144:0: 'LowEnergy.GaussAdjointHistory.history_domain' depends on axioms: [propext, Classical.choice, Quot.sound]
info: H0mework/Versions/AB/Physics/LowEnergy/Quantum/GaussAdjointHistory.lean:145:0: 'LowEnergy.GaussAdjointHistory.adjoint_history' depends on axioms: [propext, Classical.choice, Quot.sound]
info: H0mework/Versions/AB/Physics/LowEnergy/Quantum/GaussAdjointHistory.lean:146:0: 'LowEnergy.GaussAdjointHistory.jet_graph' depends on axioms: [propext, Classical.choice, Quot.sound]
info: H0mework/Versions/AB/Physics/LowEnergy/Quantum/GaussAdjointHistory.lean:147:0: 'LowEnergy.GaussAdjointHistory.history_smooth' depends on axioms: [propext, Classical.choice, Quot.sound]
info: H0mework/Versions/AB/Physics/LowEnergy/Quantum/GaussAdjointHistory.lean:148:0: 'LowEnergy.GaussAdjointHistory.twoLeg_left' depends on axioms: [propext, Classical.choice, Quot.sound]
info: H0mework/Versions/AB/Physics/LowEnergy/Quantum/GaussAdjointHistory.lean:149:0: 'LowEnergy.GaussAdjointHistory.twoLeg_right' depends on axioms: [propext, Classical.choice, Quot.sound]
ℹ [10866/10903] Replayed H0mework.Versions.AB.Physics.LowEnergy.Quantum.SourceQuantumCARBound
info: H0mework/Versions/AB/Physics/LowEnergy/Quantum/SourceQuantumCARBound.lean:109:0: 'LowEnergy.SourceCARBound.matrix_unit_norm_le' depends on axioms: [propext, Classical.choice, Quot.sound]
info: H0mework/Versions/AB/Physics/LowEnergy/Quantum/SourceQuantumCARBound.lean:110:0: 'LowEnergy.SourceCARBound.quantized_norm_le_sum' depends on axioms: [propext, Classical.choice, Quot.sound]
info: H0mework/Versions/AB/Physics/LowEnergy/Quantum/SourceQuantumCARBound.lean:111:0: 'LowEnergy.SourceCARBound.quantized_norm_sq_le_support' depends on axioms: [propext, Classical.choice, Quot.sound]
ℹ [10867/10903] Replayed H0mework.Versions.AB.Physics.LowEnergy.Quantum.GaussFockLift
info: H0mework/Versions/AB/Physics/LowEnergy/Quantum/GaussFockLift.lean:148:0: 'LowEnergy.GaussFockLift.flatLift_identity' depends on axioms: [propext, Classical.choice, Quot.sound]
info: H0mework/Versions/AB/Physics/LowEnergy/Quantum/GaussFockLift.lean:149:0: 'LowEnergy.GaussFockLift.flatLift_mul' depends on axioms: [propext, Classical.choice, Quot.sound]
info: H0mework/Versions/AB/Physics/LowEnergy/Quantum/GaussFockLift.lean:150:0: 'LowEnergy.GaussFockLift.lift_pair' depends on axioms: [propext, Classical.choice, Quot.sound]
ℹ [10868/10903] Replayed H0mework.Versions.AB.Physics.LowEnergy.Quantum.GaussCARHistory
info: H0mework/Versions/AB/Physics/LowEnergy/Quantum/GaussCARHistory.lean:109:0: 'LowEnergy.GaussCARHistory.car' depends on axioms: [propext, Classical.choice, Quot.sound]
info: H0mework/Versions/AB/Physics/LowEnergy/Quantum/GaussCARHistory.lean:110:0: 'LowEnergy.GaussCARHistory.norm_partition' depends on axioms: [propext, Classical.choice, Quot.sound]
info: H0mework/Versions/AB/Physics/LowEnergy/Quantum/GaussCARHistory.lean:111:0: 'LowEnergy.GaussCARHistory.kernel_pair' depends on axioms: [propext, Classical.choice, Quot.sound]
info: H0mework/Versions/AB/Physics/LowEnergy/Quantum/GaussCARHistory.lean:112:0: 'LowEnergy.GaussCARHistory.response_left' depends on axioms: [propext, Classical.choice, Quot.sound]
info: H0mework/Versions/AB/Physics/LowEnergy/Quantum/GaussCARHistory.lean:113:0: 'LowEnergy.GaussCARHistory.response_right' depends on axioms: [propext, Classical.choice, Quot.sound]
info: H0mework/Versions/AB/Physics/LowEnergy/Quantum/GaussCARHistory.lean:114:0: 'LowEnergy.GaussCARHistory.annihilator_response_bound' depends on axioms: [propext, Classical.choice, Quot.sound]
ℹ [10871/10903] Replayed H0mework.Versions.AB.Physics.LowEnergy.Quantum.GaussUnitaryHistory
info: H0mework/Versions/AB/Physics/LowEnergy/Quantum/GaussUnitaryHistory.lean:138:0: 'LowEnergy.GaussUnitaryHistory.time_add' depends on axioms: [propext, Classical.choice, Quot.sound]
info: H0mework/Versions/AB/Physics/LowEnergy/Quantum/GaussUnitaryHistory.lean:139:0: 'LowEnergy.GaussUnitaryHistory.time_norm' depends on axioms: [propext, Classical.choice, Quot.sound]
info: H0mework/Versions/AB/Physics/LowEnergy/Quantum/GaussUnitaryHistory.lean:140:0: 'LowEnergy.GaussUnitaryHistory.weak_readback' depends on axioms: [propext, Classical.choice, Quot.sound]
info: H0mework/Versions/AB/Physics/LowEnergy/Quantum/GaussUnitaryHistory.lean:141:0: 'LowEnergy.GaussUnitaryHistory.car_all_time' depends on axioms: [propext, Classical.choice, Quot.sound]
ℹ [10872/10903] Replayed H0mework.Versions.AB.Physics.LowEnergy.Quantum.GaussUnitaryCore
info: H0mework/Versions/AB/Physics/LowEnergy/Quantum/GaussUnitaryCore.lean:132:0: 'LowEnergy.GaussUnitaryCore.core_remainder' depends on axioms: [propext, Classical.choice, Quot.sound]
info: H0mework/Versions/AB/Physics/LowEnergy/Quantum/GaussUnitaryCore.lean:133:0: 'LowEnergy.GaussUnitaryCore.core_derivative' depends on axioms: [propext, Classical.choice, Quot.sound]
info: H0mework/Versions/AB/Physics/LowEnergy/Quantum/GaussUnitaryCore.lean:134:0: 'LowEnergy.GaussUnitaryCore.core_smooth' depends on axioms: [propext, Classical.choice, Quot.sound]
info: H0mework/Versions/AB/Physics/LowEnergy/Quantum/GaussUnitaryCore.lean:135:0: 'LowEnergy.GaussUnitaryCore.source_continuous' depends on axioms: [propext, Classical.choice, Quot.sound]
info: H0mework/Versions/AB/Physics/LowEnergy/Quantum/GaussUnitaryCore.lean:136:0: 'LowEnergy.GaussUnitaryCore.response_left' depends on axioms: [propext, Classical.choice, Quot.sound]
info: H0mework/Versions/AB/Physics/LowEnergy/Quantum/GaussUnitaryCore.lean:137:0: 'LowEnergy.GaussUnitaryCore.response_right' depends on axioms: [propext, Classical.choice, Quot.sound]
ℹ [10873/10903] Replayed H0mework.Versions.AB.Physics.LowEnergy.Quantum.GaussGradedCompression
info: H0mework/Versions/AB/Physics/LowEnergy/Quantum/GaussGradedCompression.lean:109:0: 'LowEnergy.GaussGradedCompression.compression_selfAdjoint' depends on axioms: [propext, Classical.choice, Quot.sound]
info: H0mework/Versions/AB/Physics/LowEnergy/Quantum/GaussGradedCompression.lean:110:0: 'LowEnergy.GaussGradedCompression.compression_commutes' depends on axioms: [propext, Classical.choice, Quot.sound]
info: H0mework/Versions/AB/Physics/LowEnergy/Quantum/GaussGradedCompression.lean:111:0: 'LowEnergy.GaussGradedCompression.compression_core_bound' depends on axioms: [propext, Classical.choice, Quot.sound]
info: H0mework/Versions/AB/Physics/LowEnergy/Quantum/GaussGradedCompression.lean:112:0: 'LowEnergy.GaussGradedCompression.eventually_exact' depends on axioms: [propext, Classical.choice, Quot.sound]
ℹ [10874/10903] Replayed H0mework.Versions.AB.Physics.LowEnergy.Quantum.SourceFiniteUnitary
info: H0mework/Versions/AB/Physics/LowEnergy/Quantum/SourceFiniteUnitary.lean:74:0: 'LowEnergy.SourceFiniteUnitary.time_unitary' depends on axioms: [propext, Classical.choice, Quot.sound]
info: H0mework/Versions/AB/Physics/LowEnergy/Quantum/SourceFiniteUnitary.lean:75:0: 'LowEnergy.SourceFiniteUnitary.time_commutes' depends on axioms: [propext, Classical.choice, Quot.sound]
info: H0mework/Versions/AB/Physics/LowEnergy/Quantum/SourceFiniteUnitary.lean:76:0: 'LowEnergy.SourceFiniteUnitary.time_remainder' depends on axioms: [propext, Classical.choice, Quot.sound]
ℹ [10875/10903] Replayed H0mework.Versions.AB.Physics.LowEnergy.Quantum.GaussGradedUnitary
info: H0mework/Versions/AB/Physics/LowEnergy/Quantum/GaussGradedUnitary.lean:170:0: 'LowEnergy.GaussGradedUnitary.time_add' depends on axioms: [propext, Classical.choice, Quot.sound]
info: H0mework/Versions/AB/Physics/LowEnergy/Quantum/GaussGradedUnitary.lean:171:0: 'LowEnergy.GaussGradedUnitary.time_norm' depends on axioms: [propext, Classical.choice, Quot.sound]
info: H0mework/Versions/AB/Physics/LowEnergy/Quantum/GaussGradedUnitary.lean:172:0: 'LowEnergy.GaussGradedUnitary.time_blocks' depends on axioms: [propext, Classical.choice, Quot.sound]
info: H0mework/Versions/AB/Physics/LowEnergy/Quantum/GaussGradedUnitary.lean:173:0: 'LowEnergy.GaussGradedUnitary.core_derivative' depends on axioms: [propext, Classical.choice, Quot.sound]
info: H0mework/Versions/AB/Physics/LowEnergy/Quantum/GaussGradedUnitary.lean:174:0: 'LowEnergy.GaussGradedUnitary.core_smooth' depends on axioms: [propext, Classical.choice, Quot.sound]
info: H0mework/Versions/AB/Physics/LowEnergy/Quantum/GaussGradedUnitary.lean:175:0: 'LowEnergy.GaussGradedUnitary.source_continuous' depends on axioms: [propext, Classical.choice, Quot.sound]
info: H0mework/Versions/AB/Physics/LowEnergy/Quantum/GaussGradedUnitary.lean:176:0: 'LowEnergy.GaussGradedUnitary.response_left' depends on axioms: [propext, Classical.choice, Quot.sound]
info: H0mework/Versions/AB/Physics/LowEnergy/Quantum/GaussGradedUnitary.lean:177:0: 'LowEnergy.GaussGradedUnitary.response_right' depends on axioms: [propext, Classical.choice, Quot.sound]
ℹ [10876/10903] Replayed H0mework.Versions.AB.Physics.LowEnergy.Quantum.GaussGradedRetarded
info: H0mework/Versions/AB/Physics/LowEnergy/Quantum/GaussGradedRetarded.lean:128:0: 'LowEnergy.GaussGradedRetarded.shadow_blocks' depends on axioms: [propext, Classical.choice, Quot.sound]
info: H0mework/Versions/AB/Physics/LowEnergy/Quantum/GaussGradedRetarded.lean:129:0: 'LowEnergy.GaussGradedRetarded.shadow_derivative' depends on axioms: [propext, Classical.choice, Quot.sound]
info: H0mework/Versions/AB/Physics/LowEnergy/Quantum/GaussGradedRetarded.lean:130:0: 'LowEnergy.GaussGradedRetarded.shadow_left_equation' depends on axioms: [propext, Classical.choice, Quot.sound]
info: H0mework/Versions/AB/Physics/LowEnergy/Quantum/GaussGradedRetarded.lean:131:0: 'LowEnergy.GaussGradedRetarded.retarded_source' depends on axioms: [propext, Classical.choice, Quot.sound]
ℹ [10877/10903] Replayed H0mework.Versions.AB.Physics.LowEnergy.Quantum.GaussYukawaCoefficient
info: H0mework/Versions/AB/Physics/LowEnergy/Quantum/GaussYukawaCoefficient.lean:105:0: 'LowEnergy.GaussYukawaCoefficient.source_map_return' depends on axioms: [propext, Classical.choice, Quot.sound]
info: H0mework/Versions/AB/Physics/LowEnergy/Quantum/GaussYukawaCoefficient.lean:106:0: 'LowEnergy.GaussYukawaCoefficient.normalized_bound' depends on axioms: [propext, Classical.choice, Quot.sound]
info: H0mework/Versions/AB/Physics/LowEnergy/Quantum/GaussYukawaCoefficient.lean:107:0: 'LowEnergy.GaussYukawaCoefficient.radius_return' depends on axioms: [propext, Classical.choice, Quot.sound]
ℹ [10878/10903] Replayed H0mework.Versions.AB.Physics.LowEnergy.Quantum.SourceGraphCompactFlux
info: H0mework/Versions/AB/Physics/LowEnergy/Quantum/SourceGraphCompactFlux.lean:217:0: 'LowEnergy.FullYSourceGraphCompactFlux.columns_eventually_exact' depends on axioms: [propext,
 Classical.choice,
 Quot.sound]
info: H0mework/Versions/AB/Physics/LowEnergy/Quantum/SourceGraphCompactFlux.lean:218:0: 'LowEnergy.FullYSourceGraphCompactFlux.original_flux_uniform' depends on axioms: [propext, Classical.choice, Quot.sound]
info: H0mework/Versions/AB/Physics/LowEnergy/Quantum/SourceGraphCompactFlux.lean:219:0: 'LowEnergy.FullYSourceGraphCompactFlux.source_graph_pair' depends on axioms: [propext, Classical.choice, Quot.sound]
info: H0mework/Versions/AB/Physics/LowEnergy/Quantum/SourceGraphCompactFlux.lean:220:0: 'LowEnergy.FullYSourceGraphCompactFlux.whole_carrier_graph_pair' depends on axioms: [propext,
 Classical.choice,
 Quot.sound]
info: H0mework/Versions/AB/Physics/LowEnergy/Quantum/SourceGraphCompactFlux.lean:221:0: 'LowEnergy.FullYSourceGraphCompactFlux.source_observable_derivative' depends on axioms: [propext,
 Classical.choice,
 Quot.sound]
ℹ [10879/10903] Replayed H0mework.Versions.AB.Physics.LowEnergy.Quantum.SourceResolventGraphSplice
info: H0mework/Versions/AB/Physics/LowEnergy/Quantum/SourceResolventGraphSplice.lean:249:0: 'LowEnergy.FullYSourceResolventGraphSplice.resolvent_norm' depends on axioms: [propext, Classical.choice, Quot.sound]
info: H0mework/Versions/AB/Physics/LowEnergy/Quantum/SourceResolventGraphSplice.lean:250:0: 'LowEnergy.FullYSourceResolventGraphSplice.graph_splice_uniform' depends on axioms: [propext,
 Classical.choice,
 Quot.sound]
info: H0mework/Versions/AB/Physics/LowEnergy/Quantum/SourceResolventGraphSplice.lean:251:0: 'LowEnergy.FullYSourceResolventGraphSplice.graph_splice_tendsto' depends on axioms: [propext,
 Classical.choice,
 Quot.sound]
info: H0mework/Versions/AB/Physics/LowEnergy/Quantum/SourceResolventGraphSplice.lean:252:0: 'LowEnergy.FullYSourceResolventGraphSplice.whole_carrier_graph_splice' depends on axioms: [propext,
 Classical.choice,
 Quot.sound]
info: H0mework/Versions/AB/Physics/LowEnergy/Quantum/SourceResolventGraphSplice.lean:253:0: 'LowEnergy.FullYSourceResolventGraphSplice.whole_carrier_remainder_splice' depends on axioms: [propext,
 Classical.choice,
 Quot.sound]
ℹ [10880/10903] Replayed H0mework.Versions.AB.Physics.LowEnergy.Quantum.SourceMinimalGraphParticular
info: H0mework/Versions/AB/Physics/LowEnergy/Quantum/SourceMinimalGraphParticular.lean:278:0: 'LowEnergy.SourceMinimalGraphParticular.source_particular_graph' depends on axioms: [propext,
 Classical.choice,
 Quot.sound]
info: H0mework/Versions/AB/Physics/LowEnergy/Quantum/SourceMinimalGraphParticular.lean:279:0: 'LowEnergy.SourceMinimalGraphParticular.source_particular_norm' depends on axioms: [propext,
 Classical.choice,
 Quot.sound]
info: H0mework/Versions/AB/Physics/LowEnergy/Quantum/SourceMinimalGraphParticular.lean:280:0: 'LowEnergy.SourceMinimalGraphParticular.source_original_adjoint_defect' depends on axioms: [propext,
 Classical.choice,
 Quot.sound]
info: H0mework/Versions/AB/Physics/LowEnergy/Quantum/SourceMinimalGraphParticular.lean:281:0: 'LowEnergy.SourceMinimalGraphParticular.source_adjoint_particular_equation' depends on axioms: [propext,
 Classical.choice,
 Quot.sound]
info: H0mework/Versions/AB/Physics/LowEnergy/Quantum/SourceMinimalGraphParticular.lean:282:0: 'LowEnergy.SourceMinimalGraphParticular.finite_resolvent_original_split' depends on axioms: [propext,
 Classical.choice,
 Quot.sound]
info: H0mework/Versions/AB/Physics/LowEnergy/Quantum/SourceMinimalGraphParticular.lean:283:0: 'LowEnergy.SourceMinimalGraphParticular.source_retained_remainder' depends on axioms: [propext,
 Classical.choice,
 Quot.sound]
ℹ [10881/10903] Replayed H0mework.Versions.AB.Physics.LowEnergy.Quantum.SourceBoundaryGram
info: H0mework/Versions/AB/Physics/LowEnergy/Quantum/SourceBoundaryGram.lean:173:0: 'LowEnergy.SourceBoundaryGram.whole_carrier_source_pair' depends on axioms: [propext, Classical.choice, Quot.sound]
info: H0mework/Versions/AB/Physics/LowEnergy/Quantum/SourceBoundaryGram.lean:174:0: 'LowEnergy.SourceBoundaryGram.whole_carrier_boundary_gram' depends on axioms: [propext, Classical.choice, Quot.sound]
info: H0mework/Versions/AB/Physics/LowEnergy/Quantum/SourceBoundaryGram.lean:175:0: 'LowEnergy.SourceBoundaryGram.boundary_return_bound' depends on axioms: [propext, Classical.choice, Quot.sound]
info: H0mework/Versions/AB/Physics/LowEnergy/Quantum/SourceBoundaryGram.lean:176:0: 'LowEnergy.SourceBoundaryGram.weighted_boundary_gram' depends on axioms: [propext, Classical.choice, Quot.sound]
ℹ [10884/10903] Replayed H0mework.Versions.AB.Physics.LowEnergy.Quantum.GaussBoundedMultiplier
info: H0mework/Versions/AB/Physics/LowEnergy/Quantum/GaussBoundedMultiplier.lean:141:0: 'LowEnergy.GaussBoundedMultiplier.action_bound' depends on axioms: [propext, Classical.choice, Quot.sound]
info: H0mework/Versions/AB/Physics/LowEnergy/Quantum/GaussBoundedMultiplier.lean:142:0: 'LowEnergy.GaussBoundedMultiplier.extension_core' depends on axioms: [propext, Classical.choice, Quot.sound]
ℹ [10885/10903] Replayed H0mework.Versions.AB.Physics.LowEnergy.Quantum.GaussYukawaOperator
info: H0mework/Versions/AB/Physics/LowEnergy/Quantum/GaussYukawaOperator.lean:65:0: 'LowEnergy.GaussYukawaOperator.bounded_core' depends on axioms: [propext, Classical.choice, Quot.sound]
info: H0mework/Versions/AB/Physics/LowEnergy/Quantum/GaussYukawaOperator.lean:66:0: 'LowEnergy.GaussYukawaOperator.bounded_norm' depends on axioms: [propext, Classical.choice, Quot.sound]
info: H0mework/Versions/AB/Physics/LowEnergy/Quantum/GaussYukawaOperator.lean:67:0: 'LowEnergy.GaussYukawaOperator.originalY_factor' depends on axioms: [propext, Classical.choice, Quot.sound]
info: H0mework/Versions/AB/Physics/LowEnergy/Quantum/GaussYukawaOperator.lean:68:0: 'LowEnergy.GaussYukawaOperator.common_core' depends on axioms: [propext, Classical.choice, Quot.sound]
ℹ [10886/10903] Replayed H0mework.Versions.AB.Physics.LowEnergy.Quantum.GaussRadialDomain
info: H0mework/Versions/AB/Physics/LowEnergy/Quantum/GaussRadialDomain.lean:128:0: 'LowEnergy.GaussRadialDomain.inverse_dense' depends on axioms: [propext, Classical.choice, Quot.sound]
info: H0mework/Versions/AB/Physics/LowEnergy/Quantum/GaussRadialDomain.lean:129:0: 'LowEnergy.GaussRadialDomain.inverse_injective' depends on axioms: [propext, Classical.choice, Quot.sound]
info: H0mework/Versions/AB/Physics/LowEnergy/Quantum/GaussRadialDomain.lean:130:0: 'LowEnergy.GaussRadialDomain.graph_closed' depends on axioms: [propext, Classical.choice, Quot.sound]
info: H0mework/Versions/AB/Physics/LowEnergy/Quantum/GaussRadialDomain.lean:131:0: 'LowEnergy.GaussRadialDomain.closedY_dense' depends on axioms: [propext, Classical.choice, Quot.sound]
info: H0mework/Versions/AB/Physics/LowEnergy/Quantum/GaussRadialDomain.lean:132:0: 'LowEnergy.GaussRadialDomain.closedY_core' depends on axioms: [propext, Classical.choice, Quot.sound]
ℹ [10887/10903] Replayed H0mework.Versions.AB.Physics.LowEnergy.Quantum.GaussFullHamiltonian
info: H0mework/Versions/AB/Physics/LowEnergy/Quantum/GaussFullHamiltonian.lean:119:0: 'LowEnergy.GaussFullHamiltonian.yukawa_pair' depends on axioms: [propext, Classical.choice, Quot.sound]
info: H0mework/Versions/AB/Physics/LowEnergy/Quantum/GaussFullHamiltonian.lean:120:0: 'LowEnergy.GaussFullHamiltonian.formal_pair' depends on axioms: [propext, Classical.choice, Quot.sound]
info: H0mework/Versions/AB/Physics/LowEnergy/Quantum/GaussFullHamiltonian.lean:121:0: 'LowEnergy.GaussFullHamiltonian.native_dense' depends on axioms: [propext, Classical.choice, Quot.sound]
info: H0mework/Versions/AB/Physics/LowEnergy/Quantum/GaussFullHamiltonian.lean:122:0: 'LowEnergy.GaussFullHamiltonian.native_core' depends on axioms: [propext, Classical.choice, Quot.sound]
info: H0mework/Versions/AB/Physics/LowEnergy/Quantum/GaussFullHamiltonian.lean:123:0: 'LowEnergy.GaussFullHamiltonian.sharp_core' depends on axioms: [propext, Classical.choice, Quot.sound]
info: H0mework/Versions/AB/Physics/LowEnergy/Quantum/GaussFullHamiltonian.lean:124:0: 'LowEnergy.GaussFullHamiltonian.nativeClosed_graph' depends on axioms: [propext, Classical.choice, Quot.sound]
info: H0mework/Versions/AB/Physics/LowEnergy/Quantum/GaussFullHamiltonian.lean:125:0: 'LowEnergy.GaussFullHamiltonian.sharpClosed_graph' depends on axioms: [propext, Classical.choice, Quot.sound]
info: H0mework/Versions/AB/Physics/LowEnergy/Quantum/GaussFullHamiltonian.lean:126:0: 'LowEnergy.GaussFullHamiltonian.closed_pair' depends on axioms: [propext, Classical.choice, Quot.sound]
info: H0mework/Versions/AB/Physics/LowEnergy/Quantum/GaussFullHamiltonian.lean:127:0: 'LowEnergy.GaussFullHamiltonian.nativeClosed_minimal' depends on axioms: [propext, Classical.choice, Quot.sound]
info: H0mework/Versions/AB/Physics/LowEnergy/Quantum/GaussFullHamiltonian.lean:128:0: 'LowEnergy.GaussFullHamiltonian.closed_yukawa_consumed' depends on axioms: [propext, Classical.choice, Quot.sound]
ℹ [10888/10903] Replayed H0mework.Versions.AB.Physics.LowEnergy.Quantum.GaussYukawaGrade
info: H0mework/Versions/AB/Physics/LowEnergy/Quantum/GaussYukawaGrade.lean:140:0: 'LowEnergy.GaussYukawaGrade.matrix_raises' depends on axioms: [propext, Classical.choice, Quot.sound]
info: H0mework/Versions/AB/Physics/LowEnergy/Quantum/GaussYukawaGrade.lean:141:0: 'LowEnergy.GaussYukawaGrade.fiber_source_grade' depends on axioms: [propext, Classical.choice, Quot.sound]
info: H0mework/Versions/AB/Physics/LowEnergy/Quantum/GaussYukawaGrade.lean:142:0: 'LowEnergy.GaussYukawaGrade.grade_core' depends on axioms: [propext, Classical.choice, Quot.sound]
info: H0mework/Versions/AB/Physics/LowEnergy/Quantum/GaussYukawaGrade.lean:143:0: 'LowEnergy.GaussYukawaGrade.bounded_raises' depends on axioms: [propext, Classical.choice, Quot.sound]
info: H0mework/Versions/AB/Physics/LowEnergy/Quantum/GaussYukawaGrade.lean:144:0: 'LowEnergy.GaussYukawaGrade.inverse_blocks' depends on axioms: [propext, Classical.choice, Quot.sound]
info: H0mework/Versions/AB/Physics/LowEnergy/Quantum/GaussYukawaGrade.lean:145:0: 'LowEnergy.GaussYukawaGrade.closed_graph_grade' depends on axioms: [propext, Classical.choice, Quot.sound]
ℹ [10889/10903] Replayed H0mework.Versions.AB.Physics.LowEnergy.Quantum.FiniteGradeModule
info: H0mework/Versions/AB/Physics/LowEnergy/Quantum/FiniteGradeModule.lean:64:0: 'LowEnergy.FiniteGradeModule.word_zero' depends on axioms: [propext, Classical.choice, Quot.sound]
ℹ [10890/10903] Replayed H0mework.Versions.AB.Physics.LowEnergy.Quantum.FiniteGradeAlgebra
info: H0mework/Versions/AB/Physics/LowEnergy/Quantum/FiniteGradeAlgebra.lean:153:0: 'LowEnergy.FiniteGradeAlgebra.words_zero' depends on axioms: [propext, Classical.choice, Quot.sound]
info: H0mework/Versions/AB/Physics/LowEnergy/Quantum/FiniteGradeAlgebra.lean:154:0: 'LowEnergy.FiniteGradeAlgebra.commutator_words_zero' depends on axioms: [propext, Classical.choice, Quot.sound]
ℹ [10891/10903] Replayed H0mework.Versions.AB.Physics.LowEnergy.Quantum.GaussYukawaInteraction
info: H0mework/Versions/AB/Physics/LowEnergy/Quantum/GaussYukawaInteraction.lean:107:0: 'LowEnergy.GaussYukawaInteraction.block_resolution' depends on axioms: [propext, Classical.choice, Quot.sound]
info: H0mework/Versions/AB/Physics/LowEnergy/Quantum/GaussYukawaInteraction.lean:108:0: 'LowEnergy.GaussYukawaInteraction.block_grade_left' depends on axioms: [propext, Classical.choice, Quot.sound]
info: H0mework/Versions/AB/Physics/LowEnergy/Quantum/GaussYukawaInteraction.lean:109:0: 'LowEnergy.GaussYukawaInteraction.time_grade' depends on axioms: [propext, Classical.choice, Quot.sound]
info: H0mework/Versions/AB/Physics/LowEnergy/Quantum/GaussYukawaInteraction.lean:110:0: 'LowEnergy.GaussYukawaInteraction.interaction_raises' depends on axioms: [propext, Classical.choice, Quot.sound]
info: H0mework/Versions/AB/Physics/LowEnergy/Quantum/GaussYukawaInteraction.lean:111:0: 'LowEnergy.GaussYukawaInteraction.state_words_zero' depends on axioms: [propext, Classical.choice, Quot.sound]
info: H0mework/Versions/AB/Physics/LowEnergy/Quantum/GaussYukawaInteraction.lean:112:0: 'LowEnergy.GaussYukawaInteraction.response_words_zero' depends on axioms: [propext, Classical.choice, Quot.sound]
ℹ [10892/10903] Replayed H0mework.Versions.AB.Physics.LowEnergy.Quantum.SourceCutoffVolterra
info: H0mework/Versions/AB/Physics/LowEnergy/Quantum/SourceCutoffVolterra.lean:686:0: 'LowEnergy.FullYSourceCutoffVolterra.cutoff_graph_residual' depends on axioms: [propext, Classical.choice, Quot.sound]
info: H0mework/Versions/AB/Physics/LowEnergy/Quantum/SourceCutoffVolterra.lean:687:0: 'LowEnergy.FullYSourceCutoffVolterra.cutoff_raises' depends on axioms: [propext, Classical.choice, Quot.sound]
info: H0mework/Versions/AB/Physics/LowEnergy/Quantum/SourceCutoffVolterra.lean:688:0: 'LowEnergy.FullYSourceCutoffVolterra.cutoff_core_mem' depends on axioms: [propext, Classical.choice, Quot.sound]
info: H0mework/Versions/AB/Physics/LowEnergy/Quantum/SourceCutoffVolterra.lean:689:0: 'LowEnergy.FullYSourceCutoffVolterra.orderedIntegral_derivative' depends on axioms: [propext,
 Classical.choice,
 Quot.sound]
info: H0mework/Versions/AB/Physics/LowEnergy/Quantum/SourceCutoffVolterra.lean:690:0: 'LowEnergy.FullYSourceCutoffVolterra.orderedIntegral_homogeneous' depends on axioms: [propext,
 Classical.choice,
 Quot.sound]
info: H0mework/Versions/AB/Physics/LowEnergy/Quantum/SourceCutoffVolterra.lean:691:0: 'LowEnergy.FullYSourceCutoffVolterra.finitePrefix_right_derivative' depends on axioms: [propext,
 Classical.choice,
 Quot.sound]
info: H0mework/Versions/AB/Physics/LowEnergy/Quantum/SourceCutoffVolterra.lean:692:0: 'LowEnergy.FullYSourceCutoffVolterra.finitePrefix_initial' depends on axioms: [propext, Classical.choice, Quot.sound]
info: H0mework/Versions/AB/Physics/LowEnergy/Quantum/SourceCutoffVolterra.lean:693:0: 'LowEnergy.FullYSourceCutoffVolterra.finitePrefix_homogeneous' depends on axioms: [propext,
 Classical.choice,
 Quot.sound]
info: H0mework/Versions/AB/Physics/LowEnergy/Quantum/SourceCutoffVolterra.lean:694:0: 'LowEnergy.FullYSourceCutoffVolterra.finitePrefix_bound' depends on axioms: [propext, Classical.choice, Quot.sound]
info: H0mework/Versions/AB/Physics/LowEnergy/Quantum/SourceCutoffVolterra.lean:695:0: 'LowEnergy.FullYSourceCutoffVolterra.sourcePrefix_zero_order' depends on axioms: [propext, Classical.choice, Quot.sound]
info: H0mework/Versions/AB/Physics/LowEnergy/Quantum/SourceCutoffVolterra.lean:696:0: 'LowEnergy.FullYSourceCutoffVolterra.sourcePrefix_above56' depends on axioms: [propext, Classical.choice, Quot.sound]
info: H0mework/Versions/AB/Physics/LowEnergy/Quantum/SourceCutoffVolterra.lean:697:0: 'LowEnergy.FullYSourceCutoffVolterra.source_partialEvolution_derivative' depends on axioms: [propext,
 Classical.choice,
 Quot.sound]
info: H0mework/Versions/AB/Physics/LowEnergy/Quantum/SourceCutoffVolterra.lean:698:0: 'LowEnergy.FullYSourceCutoffVolterra.source_finite_evolution_return' depends on axioms: [propext,
 Classical.choice,
 Quot.sound]
info: H0mework/Versions/AB/Physics/LowEnergy/Quantum/SourceCutoffVolterra.lean:699:0: 'LowEnergy.FullYSourceCutoffVolterra.sourceEvolution_zero' depends on axioms: [propext, Classical.choice, Quot.sound]
info: H0mework/Versions/AB/Physics/LowEnergy/Quantum/SourceCutoffVolterra.lean:700:0: 'LowEnergy.FullYSourceCutoffVolterra.sourceEvolution_add' depends on axioms: [propext, Classical.choice, Quot.sound]
info: H0mework/Versions/AB/Physics/LowEnergy/Quantum/SourceCutoffVolterra.lean:701:0: 'LowEnergy.FullYSourceCutoffVolterra.source_evolution_sharp_pair' depends on axioms: [propext,
 Classical.choice,
 Quot.sound]
info: H0mework/Versions/AB/Physics/LowEnergy/Quantum/SourceCutoffVolterra.lean:702:0: 'LowEnergy.FullYSourceCutoffVolterra.source_finite_sharp_return' depends on axioms: [propext,
 Classical.choice,
 Quot.sound]
info: H0mework/Versions/AB/Physics/LowEnergy/Quantum/SourceCutoffVolterra.lean:703:0: 'LowEnergy.FullYSourceCutoffVolterra.source_cutoff_graph_limit' depends on axioms: [propext,
 Classical.choice,
 Quot.sound]
info: H0mework/Versions/AB/Physics/LowEnergy/Quantum/SourceCutoffVolterra.lean:704:0: 'LowEnergy.FullYSourceCutoffVolterra.source_core_derivative' depends on axioms: [propext, Classical.choice, Quot.sound]
info: H0mework/Versions/AB/Physics/LowEnergy/Quantum/SourceCutoffVolterra.lean:705:0: 'LowEnergy.FullYSourceCutoffVolterra.source_core_smooth' depends on axioms: [propext, Classical.choice, Quot.sound]
ℹ [10940/11063] Replayed H0mework.Versions.AB.Physics.LowEnergy.AlphaSource.CanonicalCompletedSector
info: H0mework/Versions/AB/Physics/LowEnergy/AlphaSource/CanonicalCompletedSector.lean:145:0: 'LowEnergy.CanonicalCompletedSector.projection_commutes' depends on axioms: [propext, Classical.choice, Quot.sound]
info: H0mework/Versions/AB/Physics/LowEnergy/AlphaSource/CanonicalCompletedSector.lean:146:0: 'LowEnergy.CanonicalCompletedSector.projection_core' depends on axioms: [propext, Classical.choice, Quot.sound]
info: H0mework/Versions/AB/Physics/LowEnergy/AlphaSource/CanonicalCompletedSector.lean:147:0: 'LowEnergy.CanonicalCompletedSector.projection_symmetric' depends on axioms: [propext, Classical.choice, Quot.sound]
ℹ [10941/11063] Replayed H0mework.Versions.AB.Physics.LowEnergy.AlphaSource.CanonicalGradedCurrentSeed
info: H0mework/Versions/AB/Physics/LowEnergy/AlphaSource/CanonicalGradedCurrentSeed.lean:55:0: 'LowEnergy.CanonicalGradedCurrent.canonical_seed_N1_G0' depends on axioms: [propext, Classical.choice, Quot.sound]
ℹ [10945/11063] Replayed H0mework.Versions.AB.Physics.LowEnergy.Quantum.GaussYukawaRetarded
info: H0mework/Versions/AB/Physics/LowEnergy/Quantum/GaussYukawaRetarded.lean:64:0: 'LowEnergy.GaussYukawaRetarded.response_left' depends on axioms: [propext, Classical.choice, Quot.sound]
info: H0mework/Versions/AB/Physics/LowEnergy/Quantum/GaussYukawaRetarded.lean:65:0: 'LowEnergy.GaussYukawaRetarded.response_right' depends on axioms: [propext, Classical.choice, Quot.sound]
info: H0mework/Versions/AB/Physics/LowEnergy/Quantum/GaussYukawaRetarded.lean:66:0: 'LowEnergy.GaussYukawaRetarded.source_retarded' depends on axioms: [propext, Classical.choice, Quot.sound]
ℹ [10946/11063] Replayed H0mework.Versions.AB.Physics.LowEnergy.Quantum.SourceNativeRadial
info: H0mework/Versions/AB/Physics/LowEnergy/Quantum/SourceNativeRadial.lean:64:0: 'LowEnergy.SourceNativeHistoryRadial.radial_orbit_zero' depends on axioms: [propext, Classical.choice, Quot.sound]
info: H0mework/Versions/AB/Physics/LowEnergy/Quantum/SourceNativeRadial.lean:65:0: 'LowEnergy.SourceNativeHistoryRadial.source_ray_regular' depends on axioms: [propext, Classical.choice, Quot.sound]
info: H0mework/Versions/AB/Physics/LowEnergy/Quantum/SourceNativeRadial.lean:66:0: 'LowEnergy.SourceNativeHistoryRadial.radial_square_bound' depends on axioms: [propext, Classical.choice, Quot.sound]
ℹ [10947/11063] Replayed H0mework.Versions.AB.Physics.LowEnergy.Quantum.GaussRadialMomentum
info: H0mework/Versions/AB/Physics/LowEnergy/Quantum/GaussRadialMomentum.lean:73:0: 'LowEnergy.GaussRadialMomentum.inverse_radial' depends on axioms: [propext, Classical.choice, Quot.sound]
info: H0mework/Versions/AB/Physics/LowEnergy/Quantum/GaussRadialMomentum.lean:74:0: 'LowEnergy.GaussRadialMomentum.direction_reciprocal' depends on axioms: [propext, Classical.choice, Quot.sound]
info: H0mework/Versions/AB/Physics/LowEnergy/Quantum/GaussRadialMomentum.lean:75:0: 'LowEnergy.GaussRadialMomentum.radialDerivative_bound' depends on axioms: [propext, Classical.choice, Quot.sound]
info: H0mework/Versions/AB/Physics/LowEnergy/Quantum/GaussRadialMomentum.lean:150:0: 'LowEnergy.GaussRadialMomentum.core_commutator' depends on axioms: [propext, Classical.choice, Quot.sound]
info: H0mework/Versions/AB/Physics/LowEnergy/Quantum/GaussRadialMomentum.lean:151:0: 'LowEnergy.GaussRadialMomentum.boundedCommutator_core' depends on axioms: [propext, Classical.choice, Quot.sound]
info: H0mework/Versions/AB/Physics/LowEnergy/Quantum/GaussRadialMomentum.lean:152:0: 'LowEnergy.GaussRadialMomentum.boundedCommutator_norm' depends on axioms: [propext, Classical.choice, Quot.sound]
ℹ [10948/11063] Replayed H0mework.Versions.AB.Physics.LowEnergy.Quantum.ClosedGraphMultiplier
info: H0mework/Versions/AB/Physics/LowEnergy/Quantum/ClosedGraphMultiplier.lean:54:0: 'LowEnergy.ClosedGraphMultiplier.closure_preserved' depends on axioms: [propext, Classical.choice, Quot.sound]
info: H0mework/Versions/AB/Physics/LowEnergy/Quantum/ClosedGraphMultiplier.lean:55:0: 'LowEnergy.ClosedGraphMultiplier.closed_preserved' depends on axioms: [propext, Classical.choice, Quot.sound]
ℹ [10949/11063] Replayed H0mework.Versions.AB.Physics.LowEnergy.Quantum.GaussRadialMomentumDomain
info: H0mework/Versions/AB/Physics/LowEnergy/Quantum/GaussRadialMomentumDomain.lean:158:0: 'LowEnergy.GaussRadialMomentumDomain.closed_graph' depends on axioms: [propext, Classical.choice, Quot.sound]
info: H0mework/Versions/AB/Physics/LowEnergy/Quantum/GaussRadialMomentumDomain.lean:159:0: 'LowEnergy.GaussRadialMomentumDomain.closed_commutator' depends on axioms: [propext, Classical.choice, Quot.sound]
info: H0mework/Versions/AB/Physics/LowEnergy/Quantum/GaussRadialMomentumDomain.lean:160:0: 'LowEnergy.GaussRadialMomentumDomain.closed_graph_bound' depends on axioms: [propext, Classical.choice, Quot.sound]
info: H0mework/Versions/AB/Physics/LowEnergy/Quantum/GaussRadialMomentumDomain.lean:161:0: 'LowEnergy.GaussRadialMomentumDomain.gauge_closed_commutes' depends on axioms: [propext, Classical.choice, Quot.sound]
info: H0mework/Versions/AB/Physics/LowEnergy/Quantum/GaussRadialMomentumDomain.lean:162:0: 'LowEnergy.GaussRadialMomentumDomain.adjoint_core_commutator' depends on axioms: [propext, Classical.choice, Quot.sound]
info: H0mework/Versions/AB/Physics/LowEnergy/Quantum/GaussRadialMomentumDomain.lean:163:0: 'LowEnergy.GaussRadialMomentumDomain.adjoint_closed_graph' depends on axioms: [propext, Classical.choice, Quot.sound]
ℹ [10950/11063] Replayed H0mework.Versions.AB.Physics.LowEnergy.Quantum.GaussRadialHamiltonian
info: H0mework/Versions/AB/Physics/LowEnergy/Quantum/GaussRadialHamiltonian.lean:243:0: 'LowEnergy.GaussRadialHamiltonian.coframe_commutes' depends on axioms: [propext, Classical.choice, Quot.sound]
info: H0mework/Versions/AB/Physics/LowEnergy/Quantum/GaussRadialHamiltonian.lean:244:0: 'LowEnergy.GaussRadialHamiltonian.matter_commutes' depends on axioms: [propext, Classical.choice, Quot.sound]
info: H0mework/Versions/AB/Physics/LowEnergy/Quantum/GaussRadialHamiltonian.lean:245:0: 'LowEnergy.GaussRadialHamiltonian.diagonal_commutator' depends on axioms: [propext, Classical.choice, Quot.sound]
info: H0mework/Versions/AB/Physics/LowEnergy/Quantum/GaussRadialHamiltonian.lean:246:0: 'LowEnergy.GaussRadialHamiltonian.full_commutator' depends on axioms: [propext, Classical.choice, Quot.sound]
info: H0mework/Versions/AB/Physics/LowEnergy/Quantum/GaussRadialHamiltonian.lean:247:0: 'LowEnergy.GaussRadialHamiltonian.sharp_commutator' depends on axioms: [propext, Classical.choice, Quot.sound]
info: H0mework/Versions/AB/Physics/LowEnergy/Quantum/GaussRadialHamiltonian.lean:248:0: 'LowEnergy.GaussRadialHamiltonian.radial_form' depends on axioms: [propext, Classical.choice, Quot.sound]
info: H0mework/Versions/AB/Physics/LowEnergy/Quantum/GaussRadialHamiltonian.lean:249:0: 'LowEnergy.GaussRadialHamiltonian.full_paired_radial' depends on axioms: [propext, Classical.choice, Quot.sound]
ℹ [10951/11063] Replayed H0mework.Versions.AB.Physics.LowEnergy.Quantum.GaussRadialRetarded
info: H0mework/Versions/AB/Physics/LowEnergy/Quantum/GaussRadialRetarded.lean:92:0: 'LowEnergy.GaussRadialRetarded.diagTest_action' depends on axioms: [propext, Classical.choice, Quot.sound]
info: H0mework/Versions/AB/Physics/LowEnergy/Quantum/GaussRadialRetarded.lean:93:0: 'LowEnergy.GaussRadialRetarded.diagonal_radial_core' depends on axioms: [propext, Classical.choice, Quot.sound]
info: H0mework/Versions/AB/Physics/LowEnergy/Quantum/GaussRadialRetarded.lean:94:0: 'LowEnergy.GaussRadialRetarded.radial_response_left' depends on axioms: [propext, Classical.choice, Quot.sound]
info: H0mework/Versions/AB/Physics/LowEnergy/Quantum/GaussRadialRetarded.lean:95:0: 'LowEnergy.GaussRadialRetarded.radial_retarded_source' depends on axioms: [propext, Classical.choice, Quot.sound]
ℹ [10952/11063] Replayed H0mework.Versions.AB.Physics.LowEnergy.Quantum.GaussOriginalYRetarded
info: H0mework/Versions/AB/Physics/LowEnergy/Quantum/GaussOriginalYRetarded.lean:114:0: 'LowEnergy.GaussOriginalYRetarded.response_left' depends on axioms: [propext, Classical.choice, Quot.sound]
info: H0mework/Versions/AB/Physics/LowEnergy/Quantum/GaussOriginalYRetarded.lean:115:0: 'LowEnergy.GaussOriginalYRetarded.dual_response_left' depends on axioms: [propext, Classical.choice, Quot.sound]
info: H0mework/Versions/AB/Physics/LowEnergy/Quantum/GaussOriginalYRetarded.lean:116:0: 'LowEnergy.GaussOriginalYRetarded.retarded_source' depends on axioms: [propext, Classical.choice, Quot.sound]
info: H0mework/Versions/AB/Physics/LowEnergy/Quantum/GaussOriginalYRetarded.lean:117:0: 'LowEnergy.GaussOriginalYRetarded.dual_retarded_source' depends on axioms: [propext, Classical.choice, Quot.sound]
ℹ [10953/11063] Replayed H0mework.Versions.AB.Physics.LowEnergy.Quantum.GaussFullRetarded
info: H0mework/Versions/AB/Physics/LowEnergy/Quantum/GaussFullRetarded.lean:80:0: 'LowEnergy.GaussFullRetarded.diagonal_time_split' depends on axioms: [propext, Classical.choice, Quot.sound]
info: H0mework/Versions/AB/Physics/LowEnergy/Quantum/GaussFullRetarded.lean:81:0: 'LowEnergy.GaussFullRetarded.response_left' depends on axioms: [propext, Classical.choice, Quot.sound]
info: H0mework/Versions/AB/Physics/LowEnergy/Quantum/GaussFullRetarded.lean:82:0: 'LowEnergy.GaussFullRetarded.retarded_source' depends on axioms: [propext, Classical.choice, Quot.sound]
ℹ [10955/11063] Replayed H0mework.Versions.AB.Physics.LowEnergy.AlphaSource.CanonicalGradedCurrent
info: H0mework/Versions/AB/Physics/LowEnergy/AlphaSource/CanonicalGradedCurrent.lean:189:0: 'LowEnergy.CanonicalGradedCurrent.cutoff_left_return' depends on axioms: [propext, Classical.choice, Quot.sound]
info: H0mework/Versions/AB/Physics/LowEnergy/AlphaSource/CanonicalGradedCurrent.lean:190:0: 'LowEnergy.CanonicalGradedCurrent.cutoff_sharp_on_source' depends on axioms: [propext, Classical.choice, Quot.sound]
info: H0mework/Versions/AB/Physics/LowEnergy/AlphaSource/CanonicalGradedCurrent.lean:191:0: 'LowEnergy.CanonicalGradedCurrent.gauge_word_return' depends on axioms: [propext, Classical.choice, Quot.sound]
info: H0mework/Versions/AB/Physics/LowEnergy/AlphaSource/CanonicalGradedCurrent.lean:192:0: 'LowEnergy.CanonicalGradedCurrent.observable_cutoff_limit' depends on axioms: [propext, Classical.choice, Quot.sound]
ℹ [10956/11063] Replayed H0mework.Versions.AB.Physics.LowEnergy.AlphaSource.CanonicalGradedCurrentSource
info: H0mework/Versions/AB/Physics/LowEnergy/AlphaSource/CanonicalGradedCurrentSource.lean:188:0: 'LowEnergy.CanonicalGradedCurrent.gaugeReader_blocks' depends on axioms: [propext, Classical.choice, Quot.sound]
info: H0mework/Versions/AB/Physics/LowEnergy/AlphaSource/CanonicalGradedCurrentSource.lean:189:0: 'LowEnergy.CanonicalGradedCurrent.source_gauge_cutoff_limit' depends on axioms: [propext, Classical.choice, Quot.sound]
info: H0mework/Versions/AB/Physics/LowEnergy/AlphaSource/CanonicalGradedCurrentSource.lean:190:0: 'LowEnergy.CanonicalGradedCurrent.twoCurrent_independent_dual' depends on axioms: [propext,
 Classical.choice,
 Quot.sound]
info: H0mework/Versions/AB/Physics/LowEnergy/AlphaSource/CanonicalGradedCurrentSource.lean:191:0: 'LowEnergy.CanonicalGradedCurrent.twoCurrent_cutoff_return' depends on axioms: [propext, Classical.choice, Quot.sound]
info: H0mework/Versions/AB/Physics/LowEnergy/AlphaSource/CanonicalGradedCurrentSource.lean:192:0: 'LowEnergy.CanonicalGradedCurrent.configurationForce_blocks' depends on axioms: [propext, Classical.choice, Quot.sound]
info: H0mework/Versions/AB/Physics/LowEnergy/AlphaSource/CanonicalGradedCurrentSource.lean:193:0: 'LowEnergy.CanonicalGradedCurrent.fullSpatialGaugeForce_blocks' depends on axioms: [propext,
 Classical.choice,
 Quot.sound]
ℹ [10958/11063] Replayed H0mework.Versions.AB.Physics.LowEnergy.AlphaSource.CanonicalGradedGaugeVariation
info: H0mework/Versions/AB/Physics/LowEnergy/AlphaSource/CanonicalGradedGaugeVariation.lean:114:0: 'LowEnergy.CanonicalGradedGaugeVariation.gaugeReader_selfAdjoint' depends on axioms: [propext,
 Classical.choice,
 Quot.sound]
info: H0mework/Versions/AB/Physics/LowEnergy/AlphaSource/CanonicalGradedGaugeVariation.lean:115:0: 'LowEnergy.CanonicalGradedGaugeVariation.gaugeTime_derivative' depends on axioms: [propext,
 Classical.choice,
 Quot.sound]
info: H0mework/Versions/AB/Physics/LowEnergy/AlphaSource/CanonicalGradedGaugeVariation.lean:116:0: 'LowEnergy.CanonicalGradedGaugeVariation.currentObservation_derivative' depends on axioms: [propext,
 Classical.choice,
 Quot.sound]
ℹ [10959/11063] Replayed H0mework.Versions.AB.Physics.LowEnergy.AlphaSource.CanonicalGradedGaugeReturn
info: H0mework/Versions/AB/Physics/LowEnergy/AlphaSource/CanonicalGradedGaugeReturn.lean:229:0: 'LowEnergy.CanonicalGradedGaugeReturn.fullObservation_derivative' depends on axioms: [propext,
 Classical.choice,
 Quot.sound]
info: H0mework/Versions/AB/Physics/LowEnergy/AlphaSource/CanonicalGradedGaugeReturn.lean:230:0: 'LowEnergy.CanonicalGradedGaugeReturn.fullObservation_cutoff_independent' depends on axioms: [propext,
 Classical.choice,
 Quot.sound]
info: H0mework/Versions/AB/Physics/LowEnergy/AlphaSource/CanonicalGradedGaugeReturn.lean:232:0: 'LowEnergy.CanonicalGradedGaugeReturn.finite_parameter_return' depends on axioms: [propext,
 Classical.choice,
 Quot.sound]
info: H0mework/Versions/AB/Physics/LowEnergy/AlphaSource/CanonicalGradedGaugeReturn.lean:233:0: 'LowEnergy.CanonicalGradedGaugeReturn.fullProjected_derivative' depends on axioms: [propext,
 Classical.choice,
 Quot.sound]
ℹ [10966/11063] Replayed H0mework.Versions.AB.Physics.LowEnergy.AlphaSource.CanonicalGradedSpatialSource
info: H0mework/Versions/AB/Physics/LowEnergy/AlphaSource/CanonicalGradedSpatialSource.lean:230:0: 'LowEnergy.CanonicalGradedSpatialSource.hamiltonian_source_principal' depends on axioms: [propext,
 Classical.choice,
 Quot.sound]
info: H0mework/Versions/AB/Physics/LowEnergy/AlphaSource/CanonicalGradedSpatialSource.lean:231:0: 'LowEnergy.CanonicalGradedSpatialSource.momentumMatrix_branches' depends on axioms: [propext,
 Classical.choice,
 Quot.sound]
info: H0mework/Versions/AB/Physics/LowEnergy/AlphaSource/CanonicalGradedSpatialSource.lean:232:0: 'LowEnergy.CanonicalGradedSpatialSource.momentumMatrix_preserves' depends on axioms: [propext,
 Classical.choice,
 Quot.sound]
ℹ [11023/11063] Replayed H0mework.Versions.AB.Physics.LowEnergy.AlphaSource.CanonicalGradedFrequency
info: H0mework/Versions/AB/Physics/LowEnergy/AlphaSource/CanonicalGradedFrequency.lean:494:0: 'LowEnergy.CanonicalGradedFrequency.finiteResponse_bound' depends on axioms: [propext, Classical.choice, Quot.sound]
info: H0mework/Versions/AB/Physics/LowEnergy/AlphaSource/CanonicalGradedFrequency.lean:495:0: 'LowEnergy.CanonicalGradedFrequency.derivativeFamily_return' depends on axioms: [propext, Classical.choice, Quot.sound]
info: H0mework/Versions/AB/Physics/LowEnergy/AlphaSource/CanonicalGradedFrequency.lean:496:0: 'LowEnergy.CanonicalGradedFrequency.response_truncation_tail' depends on axioms: [propext, Classical.choice, Quot.sound]
info: H0mework/Versions/AB/Physics/LowEnergy/AlphaSource/CanonicalGradedFrequency.lean:497:0: 'LowEnergy.CanonicalGradedFrequency.response_source_readback' depends on axioms: [propext, Classical.choice, Quot.sound]
info: H0mework/Versions/AB/Physics/LowEnergy/AlphaSource/CanonicalGradedFrequency.lean:498:0: 'LowEnergy.CanonicalGradedFrequency.truncation_tendsto' depends on axioms: [propext, Classical.choice, Quot.sound]
info: H0mework/Versions/AB/Physics/LowEnergy/AlphaSource/CanonicalGradedFrequency.lean:499:0: 'LowEnergy.CanonicalGradedFrequency.fullFiniteDerivative_return' depends on axioms: [propext,
 Classical.choice,
 Quot.sound]
info: H0mework/Versions/AB/Physics/LowEnergy/AlphaSource/CanonicalGradedFrequency.lean:500:0: 'LowEnergy.CanonicalGradedFrequency.fullResponse_return' depends on axioms: [propext, Classical.choice, Quot.sound]
info: H0mework/Versions/AB/Physics/LowEnergy/AlphaSource/CanonicalGradedFrequency.lean:501:0: 'LowEnergy.CanonicalGradedFrequency.fullResponse_cutoff_independent' depends on axioms: [propext,
 Classical.choice,
 Quot.sound]
info: H0mework/Versions/AB/Physics/LowEnergy/AlphaSource/CanonicalGradedFrequency.lean:502:0: 'LowEnergy.CanonicalGradedFrequency.fullResponse_truncation_tail' depends on axioms: [propext,
 Classical.choice,
 Quot.sound]
info: H0mework/Versions/AB/Physics/LowEnergy/AlphaSource/CanonicalGradedFrequency.lean:503:0: 'LowEnergy.CanonicalGradedFrequency.fullResponse_source_readback' depends on axioms: [propext,
 Classical.choice,
 Quot.sound]
ℹ [11024/11063] Replayed H0mework.Versions.AB.Physics.LowEnergy.AlphaSource.CanonicalGradedKernel
info: H0mework/Versions/AB/Physics/LowEnergy/AlphaSource/CanonicalGradedKernel.lean:396:0: 'LowEnergy.CanonicalGradedKernel.derivative_kernel_integral' depends on axioms: [propext, Classical.choice, Quot.sound]
info: H0mework/Versions/AB/Physics/LowEnergy/AlphaSource/CanonicalGradedKernel.lean:397:0: 'LowEnergy.CanonicalGradedKernel.finiteResponse_bound' depends on axioms: [propext, Classical.choice, Quot.sound]
info: H0mework/Versions/AB/Physics/LowEnergy/AlphaSource/CanonicalGradedKernel.lean:398:0: 'LowEnergy.CanonicalGradedKernel.fullKernel_return' depends on axioms: [propext, Classical.choice, Quot.sound]
info: H0mework/Versions/AB/Physics/LowEnergy/AlphaSource/CanonicalGradedKernel.lean:399:0: 'LowEnergy.CanonicalGradedKernel.fullResponse_source_readback' depends on axioms: [propext,
 Classical.choice,
 Quot.sound]
info: H0mework/Versions/AB/Physics/LowEnergy/AlphaSource/CanonicalGradedKernel.lean:400:0: 'LowEnergy.CanonicalGradedKernel.fullResponse_cutoff_independent' depends on axioms: [propext,
 Classical.choice,
 Quot.sound]
info: H0mework/Versions/AB/Physics/LowEnergy/AlphaSource/CanonicalGradedKernel.lean:401:0: 'LowEnergy.CanonicalGradedKernel.lifted_tail_bound' depends on axioms: [propext, Classical.choice, Quot.sound]
ℹ [11025/11063] Replayed H0mework.Versions.AB.Physics.LowEnergy.AlphaSource.CanonicalGradedSpatial
info: H0mework/Versions/AB/Physics/LowEnergy/AlphaSource/CanonicalGradedSpatial.lean:317:0: 'LowEnergy.CanonicalGradedSpatial.momentumReader_original_core' depends on axioms: [propext,
 Classical.choice,
 Quot.sound]
info: H0mework/Versions/AB/Physics/LowEnergy/AlphaSource/CanonicalGradedSpatial.lean:318:0: 'LowEnergy.CanonicalGradedSpatial.finiteHamiltonian_selfAdjoint' depends on axioms: [propext,
 Classical.choice,
 Quot.sound]
info: H0mework/Versions/AB/Physics/LowEnergy/AlphaSource/CanonicalGradedSpatial.lean:319:0: 'LowEnergy.CanonicalGradedSpatial.finiteHamiltonian_shift' depends on axioms: [propext, Classical.choice, Quot.sound]
info: H0mework/Versions/AB/Physics/LowEnergy/AlphaSource/CanonicalGradedSpatial.lean:320:0: 'LowEnergy.CanonicalGradedSpatial.spatialTime_zero' depends on axioms: [propext, Classical.choice, Quot.sound]
info: H0mework/Versions/AB/Physics/LowEnergy/AlphaSource/CanonicalGradedSpatial.lean:321:0: 'LowEnergy.CanonicalGradedSpatial.fullSpatialTime_return' depends on axioms: [propext, Classical.choice, Quot.sound]
ℹ [11032/11063] Replayed H0mework.Versions.AB.Physics.LowEnergy.AlphaSource.CanonicalGradedSpatialKernel
info: H0mework/Versions/AB/Physics/LowEnergy/AlphaSource/CanonicalGradedSpatialKernel.lean:327:0: 'LowEnergy.CanonicalGradedSpatialKernel.finite_truncation_tail' depends on axioms: [propext,
 Classical.choice,
 Quot.sound]
info: H0mework/Versions/AB/Physics/LowEnergy/AlphaSource/CanonicalGradedSpatialKernel.lean:328:0: 'LowEnergy.CanonicalGradedSpatialKernel.fullFiniteKernel_return' depends on axioms: [propext,
 Classical.choice,
 Quot.sound]
info: H0mework/Versions/AB/Physics/LowEnergy/AlphaSource/CanonicalGradedSpatialKernel.lean:329:0: 'LowEnergy.CanonicalGradedSpatialKernel.fullResponse_return' depends on axioms: [propext, Classical.choice, Quot.sound]
info: H0mework/Versions/AB/Physics/LowEnergy/AlphaSource/CanonicalGradedSpatialKernel.lean:330:0: 'LowEnergy.CanonicalGradedSpatialKernel.fullResponse_source_readback' depends on axioms: [propext,
 Classical.choice,
 Quot.sound]
ℹ [11042/11063] Replayed H0mework.Versions.AB.Physics.LowEnergy.AlphaSource.CanonicalCompletedSectorCore
info: H0mework/Versions/AB/Physics/LowEnergy/AlphaSource/CanonicalCompletedSectorCore.lean:184:0: 'LowEnergy.CanonicalCompletedSector.diagonal_commutes' depends on axioms: [propext, Classical.choice, Quot.sound]
info: H0mework/Versions/AB/Physics/LowEnergy/AlphaSource/CanonicalCompletedSectorCore.lean:185:0: 'LowEnergy.CanonicalCompletedSector.projection_idempotent' depends on axioms: [propext, Classical.choice, Quot.sound]
ℹ [11043/11063] Replayed H0mework.Versions.AB.Physics.LowEnergy.AlphaSource.CanonicalCompletedSectorGraph
info: H0mework/Versions/AB/Physics/LowEnergy/AlphaSource/CanonicalCompletedSectorGraph.lean:173:0: 'LowEnergy.CanonicalCompletedSector.closed_graph_project' depends on axioms: [propext, Classical.choice, Quot.sound]
info: H0mework/Versions/AB/Physics/LowEnergy/AlphaSource/CanonicalCompletedSectorGraph.lean:174:0: 'LowEnergy.CanonicalCompletedSector.particular_commutes' depends on axioms: [propext, Classical.choice, Quot.sound]
info: H0mework/Versions/AB/Physics/LowEnergy/AlphaSource/CanonicalCompletedSectorGraph.lean:175:0: 'LowEnergy.CanonicalCompletedSector.actual_cross_boundary' depends on axioms: [propext, Classical.choice, Quot.sound]
ℹ [11044/11063] Replayed H0mework.Versions.AB.Physics.LowEnergy.AlphaSource.CanonicalCompletedSectorReturn
info: H0mework/Versions/AB/Physics/LowEnergy/AlphaSource/CanonicalCompletedSectorReturn.lean:98:0: 'LowEnergy.CanonicalCompletedSector.same_resolvent_shifted_core' depends on axioms: [propext,
 Classical.choice,
 Quot.sound]
info: H0mework/Versions/AB/Physics/LowEnergy/AlphaSource/CanonicalCompletedSectorReturn.lean:99:0: 'LowEnergy.CanonicalCompletedSector.sourceCross_shifted_range' depends on axioms: [propext,
 Classical.choice,
 Quot.sound]
info: H0mework/Versions/AB/Physics/LowEnergy/AlphaSource/CanonicalCompletedSectorReturn.lean:100:0: 'LowEnergy.CanonicalCompletedSector.sourceCross_deficiency' depends on axioms: [propext, Classical.choice, Quot.sound]
info: H0mework/Versions/AB/Physics/LowEnergy/AlphaSource/CanonicalCompletedSectorReturn.lean:101:0: 'LowEnergy.CanonicalCompletedSector.sourceCross_deficiency_bound' depends on axioms: [propext,
 Classical.choice,
 Quot.sound]
ℹ [11045/11063] Replayed H0mework.Versions.AB.Physics.LowEnergy.Quantum.SourceSupportLeakage
info: H0mework/Versions/AB/Physics/LowEnergy/Quantum/SourceSupportLeakage.lean:250:0: 'LowEnergy.SourceRetardedIncrement.compression_escape_zero' depends on axioms: [propext, Classical.choice, Quot.sound]
info: H0mework/Versions/AB/Physics/LowEnergy/Quantum/SourceSupportLeakage.lean:251:0: 'LowEnergy.SourceRetardedIncrement.source_resolvent_eventually_mem_support' depends on axioms: [propext,
 Classical.choice,
 Quot.sound]
info: H0mework/Versions/AB/Physics/LowEnergy/Quantum/SourceSupportLeakage.lean:252:0: 'LowEnergy.SourceRetardedIncrement.resolvent_escape' depends on axioms: [propext, Classical.choice, Quot.sound]
info: H0mework/Versions/AB/Physics/LowEnergy/Quantum/SourceSupportLeakage.lean:253:0: 'LowEnergy.SourceRetardedIncrement.source_increment_norm_square' depends on axioms: [propext,
 Classical.choice,
 Quot.sound]
info: H0mework/Versions/AB/Physics/LowEnergy/Quantum/SourceSupportLeakage.lean:254:0: 'LowEnergy.SourceRetardedIncrement.escape_eventually_core_pair_zero' depends on axioms: [propext,
 Classical.choice,
 Quot.sound]
info: H0mework/Versions/AB/Physics/LowEnergy/Quantum/SourceSupportLeakage.lean:255:0: 'LowEnergy.SourceRetardedIncrement.source_escape_seed_return' depends on axioms: [propext, Classical.choice, Quot.sound]
info: H0mework/Versions/AB/Physics/LowEnergy/Quantum/SourceSupportLeakage.lean:256:0: 'LowEnergy.SourceRetardedIncrement.escaped_source_pair_zero' depends on axioms: [propext, Classical.choice, Quot.sound]
info: H0mework/Versions/AB/Physics/LowEnergy/Quantum/SourceSupportLeakage.lean:257:0: 'LowEnergy.SourceRetardedIncrement.same_resolvent_escaped' depends on axioms: [propext, Classical.choice, Quot.sound]
ℹ [11046/11063] Replayed H0mework.Versions.AB.Physics.LowEnergy.Quantum.SourceEscapeDefectFeed
info: H0mework/Versions/AB/Physics/LowEnergy/Quantum/SourceEscapeDefectFeed.lean:119:0: 'LowEnergy.SourceEscapeDefectFeed.resolvent_minimal_graph' depends on axioms: [propext, Classical.choice, Quot.sound]
info: H0mework/Versions/AB/Physics/LowEnergy/Quantum/SourceEscapeDefectFeed.lean:120:0: 'LowEnergy.SourceEscapeDefectFeed.source_right_particular_split' depends on axioms: [propext,
 Classical.choice,
 Quot.sound]
info: H0mework/Versions/AB/Physics/LowEnergy/Quantum/SourceEscapeDefectFeed.lean:121:0: 'LowEnergy.SourceEscapeDefectFeed.escaped_inclusion_zero' depends on axioms: [propext, Classical.choice, Quot.sound]
info: H0mework/Versions/AB/Physics/LowEnergy/Quantum/SourceEscapeDefectFeed.lean:122:0: 'LowEnergy.SourceEscapeDefectFeed.escape_original_defect_feed' depends on axioms: [propext,
 Classical.choice,
 Quot.sound]
ℹ [11047/11063] Replayed H0mework.Versions.AB.Physics.LowEnergy.AlphaSource.CanonicalGradedFullForce
info: H0mework/Versions/AB/Physics/LowEnergy/AlphaSource/CanonicalGradedFullForce.lean:38:2: Try this:
  [apply] abel_nf
ℹ [11065/11220] Replayed H0mework.Versions.AB.Physics.LowEnergy.AlphaSource.CanonicalPreparationSquareCutoff
info: H0mework/Versions/AB/Physics/LowEnergy/AlphaSource/CanonicalPreparationSquareCutoff.lean:234:0: 'LowEnergy.CanonicalPreparationSquareCutoff.sourceThetaRoot_smooth' depends on axioms: [propext,
 Classical.choice,
 Quot.sound]
info: H0mework/Versions/AB/Physics/LowEnergy/AlphaSource/CanonicalPreparationSquareCutoff.lean:235:0: 'LowEnergy.CanonicalPreparationSquareCutoff.sourceThetaRoot_square' depends on axioms: [propext,
 Classical.choice,
 Quot.sound]
info: H0mework/Versions/AB/Physics/LowEnergy/AlphaSource/CanonicalPreparationSquareCutoff.lean:236:0: 'LowEnergy.CanonicalPreparationSquareCutoff.factorWeight_smooth' depends on axioms: [propext,
 Classical.choice,
 Quot.sound]
info: H0mework/Versions/AB/Physics/LowEnergy/AlphaSource/CanonicalPreparationSquareCutoff.lean:237:0: 'LowEnergy.CanonicalPreparationSquareCutoff.factorWeight_square' depends on axioms: [propext,
 Classical.choice,
 Quot.sound]
ℹ [11097/11220] Replayed H0mework.Versions.AB.Physics.LowEnergy.AlphaSource.CanonicalPreparationLowerTensorFlux
info: H0mework/Versions/AB/Physics/LowEnergy/AlphaSource/CanonicalPreparationLowerTensorFlux.lean:126:2: Try this:
  [apply] ring_nf
  
  The `ring` tactic failed to close the goal. Use `ring_nf` to obtain a normal form.
    
  Note that `ring` works primarily in *commutative* rings. If you have a noncommutative ring, abelian group or module, consider using `noncomm_ring`, `abel` or `module` instead.
ℹ [11256/11292] Replayed H0mework.Versions.AB.Physics.LowEnergy.AlphaSource.CanonicalGradedMixed
info: H0mework/Versions/AB/Physics/LowEnergy/AlphaSource/CanonicalGradedMixed.lean:173:0: 'LowEnergy.CanonicalGradedMixed.fullWord_selected' depends on axioms: [propext, Classical.choice, Quot.sound]
info: H0mework/Versions/AB/Physics/LowEnergy/AlphaSource/CanonicalGradedMixed.lean:175:0: 'LowEnergy.CanonicalGradedMixed.wordTerm_unbalanced' depends on axioms: [propext, Classical.choice, Quot.sound]
ℹ [11257/11292] Replayed H0mework.Versions.AB.Physics.LowEnergy.AlphaSource.CanonicalGradedMixedReturn
info: H0mework/Versions/AB/Physics/LowEnergy/AlphaSource/CanonicalGradedMixedReturn.lean:208:0: 'LowEnergy.CanonicalGradedMixedReturn.fullWord_bound' depends on axioms: [propext, Classical.choice, Quot.sound]
info: H0mework/Versions/AB/Physics/LowEnergy/AlphaSource/CanonicalGradedMixedReturn.lean:210:0: 'LowEnergy.CanonicalGradedMixedReturn.fullWord_selected' depends on axioms: [propext, Classical.choice, Quot.sound]
ℹ [11332/11347] Replayed H0mework.Foundation.Relations.ConsumerFace
info: H0mework/Foundation/Relations/ConsumerFace.lean:219:0: 'SaturationMonoid.NoIslandNoMagic.Consciousness.Representation.IndependentConsumerSystem.canonicalKernelExact' depends on axioms: [Quot.sound]
info: H0mework/Foundation/Relations/ConsumerFace.lean:220:0: 'SaturationMonoid.NoIslandNoMagic.Consciousness.Representation.IndependentConsumerSystem.canonicalQuotientEquivRange' depends on axioms: [propext,
 Classical.choice,
 Quot.sound]
info: H0mework/Foundation/Relations/ConsumerFace.lean:221:0: 'SaturationMonoid.NoIslandNoMagic.Consciousness.Representation.IndependentConsumerSystem.readoutCompatible_iff_uniqueFactorization' depends on axioms: [propext,
 Classical.choice,
 Quot.sound]
info: H0mework/Foundation/Relations/ConsumerFace.lean:222:0: 'SaturationMonoid.NoIslandNoMagic.Consciousness.Representation.IndependentConsumerSystem.completeCarrier_uniqueIso' depends on axioms: [propext,
 Classical.choice,
 Quot.sound]
ℹ [11343/11347] Replayed H0mework.Chemistry.LAlanineSource.TargetErasedBondDensity
info: H0mework/Chemistry/LAlanineSource/TargetErasedBondDensity.lean:251:0: 'SaturationMonoid.NoIslandNoMagic.Consciousness.Immortality.Embodied.Molecule.LAlanine40K2025.Calculation.sourceGeneratedTargetErasedLAlanine40KBondDensity_crown' depends on axioms: [propext,
 Classical.choice,
 Quot.sound]
ℹ [11344/11347] Replayed H0mework.Chemistry.LAlanineSource.GeneratedPhysicalChemicalBondIncidence
info: H0mework/Chemistry/LAlanineSource/GeneratedPhysicalChemicalBondIncidence.lean:453:0: 'SaturationMonoid.NoIslandNoMagic.Consciousness.Immortality.Embodied.Molecule.LAlanine40K2025.Producer.physicalBondIncidence_commutes' does not depend on any axioms
info: H0mework/Chemistry/LAlanineSource/GeneratedPhysicalChemicalBondIncidence.lean:454:0: 'SaturationMonoid.NoIslandNoMagic.Consciousness.Immortality.Embodied.Molecule.LAlanine40K2025.Producer.registeredChemicalIncidence_uniqueFactorization' depends on axioms: [propext,
 Classical.choice,
 Quot.sound]
info: H0mework/Chemistry/LAlanineSource/GeneratedPhysicalChemicalBondIncidence.lean:455:0: 'SaturationMonoid.NoIslandNoMagic.Consciousness.Immortality.Embodied.Molecule.LAlanine40K2025.Producer.sourceGeneratedLAlanine40KPhysicalChemicalBondIncidence_crown' depends on axioms: [propext,
 Classical.choice,
 Quot.sound]
ℹ [11500/11596] Replayed H0mework.Versions.AB.Chemistry.LAlanineReentry.RegressionNuclear
info: H0mework/Versions/AB/Chemistry/LAlanineReentry/RegressionNuclear.lean:33:0: 'SaturationMonoid.NoIslandNoMagic.Consciousness.Immortality.Embodied.Molecule.LAlanine40K2025.Reentry.Producer.sourceGeneratedNuclearReentry' depends on axioms: [propext,
 Classical.choice,
 Quot.sound]
info: H0mework/Versions/AB/Chemistry/LAlanineReentry/RegressionNuclear.lean:34:0: 'SaturationMonoid.NoIslandNoMagic.Consciousness.Immortality.Embodied.Molecule.LAlanine40K2025.Reentry.NuclearRegression.current_not_previous_ingress' depends on axioms: [propext,
 Classical.choice,
 Quot.sound]
info: H0mework/Versions/AB/Chemistry/LAlanineReentry/RegressionNuclear.lean:35:0: 'SaturationMonoid.NoIslandNoMagic.Consciousness.Immortality.Embodied.Molecule.LAlanine40K2025.Reentry.NuclearRegression.target_force_not_parent_copy' depends on axioms: [propext,
 Classical.choice,
 Quot.sound]
info: H0mework/Versions/AB/Chemistry/LAlanineReentry/RegressionNuclear.lean:36:0: 'SaturationMonoid.NoIslandNoMagic.Consciousness.Immortality.Embodied.Molecule.LAlanine40K2025.Reentry.NuclearRegression.discrete_position_residual_not_erased' depends on axioms: [propext,
 Classical.choice,
 Quot.sound]
info: H0mework/Versions/AB/Chemistry/LAlanineReentry/RegressionNuclear.lean:37:0: 'SaturationMonoid.NoIslandNoMagic.Consciousness.Immortality.Embodied.Molecule.LAlanine40K2025.Reentry.NuclearRegression.whole_energy_row_residual_not_erased' depends on axioms: [propext,
 Classical.choice,
 Quot.sound]
ℹ [11608/11734] Replayed H0mework.Versions.AB.Physics.MotherSource.StaticGreen.TranslatedDecay
info: H0mework/Versions/AB/Physics/MotherSource/StaticGreen/TranslatedDecay.lean:56:6: Try this:
  [apply] ring_nf
  
  The `ring` tactic failed to close the goal. Use `ring_nf` to obtain a normal form.
    
  Note that `ring` works primarily in *commutative* rings. If you have a noncommutative ring, abelian group or module, consider using `noncomm_ring`, `abel` or `module` instead.
ℹ [11761/11890] Replayed H0mework.Versions.AB.Arithmetic.PrimeShadow.NoIslandNoMagic.Consciousness.Immortality.Embodied.Molecule.LAlanine40K2025.Unified.Orbitals.Frame.Occupation.Factor.ProjectionError
info: H0mework/Versions/AB/Arithmetic/PrimeShadow/NoIslandNoMagic/Consciousness/Immortality/Embodied/Molecule/LAlanine40K2025/Unified/Orbitals/Frame/Occupation/Factor/ProjectionError.lean:44:6: Try this:
  [apply] abel_nf
info: H0mework/Versions/AB/Arithmetic/PrimeShadow/NoIslandNoMagic/Consciousness/Immortality/Embodied/Molecule/LAlanine40K2025/Unified/Orbitals/Frame/Occupation/Factor/ProjectionError.lean:110:4: Try this:
  [apply] abel_nf
ℹ [12388/12465] Replayed H0mework.Versions.AB.Arithmetic.PrimeShadow.NoIslandNoMagic.Consciousness.Immortality.Embodied.Molecule.LAlanine40K2025.Unified.Orbitals.Source.Inputs
info: H0mework/Versions/AB/Arithmetic/PrimeShadow/NoIslandNoMagic/Consciousness/Immortality/Embodied/Molecule/LAlanine40K2025/Unified/Orbitals/Source/Inputs.lean:8:0: original radial inputs: 630 square roots, 3654 exponentials, 3859 combined kernels
ℹ [12507/12674] Replayed H0mework.Versions.AB.Arithmetic.PrimeShadow.NoIslandNoMagic.Consciousness.Immortality.Embodied.Molecule.LAlanine40K2025.Unified.Orbitals.Frame.Occupation.Factor.Physical
info: H0mework/Versions/AB/Arithmetic/PrimeShadow/NoIslandNoMagic/Consciousness/Immortality/Embodied/Molecule/LAlanine40K2025/Unified/Orbitals/Frame/Occupation/Factor/Physical.lean:27:4: Try this:
  [apply] abel_nf
ℹ [12791/12818] Replayed H0mework.Versions.R9c73a630.Physics.LowEnergy.AlphaSource.CanonicalPreparationYukawaCutoffJets
info: H0mework/Versions/R9c73a630/Physics/LowEnergy/AlphaSource/CanonicalPreparationYukawaCutoffJets.lean:225:4: Try this:
  [apply] ring_nf
  
  The `ring` tactic failed to close the goal. Use `ring_nf` to obtain a normal form.
    
  Note that `ring` works primarily in *commutative* rings. If you have a noncommutative ring, abelian group or module, consider using `noncomm_ring`, `abel` or `module` instead.
info: H0mework/Versions/R9c73a630/Physics/LowEnergy/AlphaSource/CanonicalPreparationYukawaCutoffJets.lean:241:6: Try this:
  [apply] ring_nf
  
  The `ring` tactic failed to close the goal. Use `ring_nf` to obtain a normal form.
    
  Note that `ring` works primarily in *commutative* rings. If you have a noncommutative ring, abelian group or module, consider using `noncomm_ring`, `abel` or `module` instead.
info: H0mework/Versions/R9c73a630/Physics/LowEnergy/AlphaSource/CanonicalPreparationYukawaCutoffJets.lean:245:6: Try this:
  [apply] ring_nf
  
  The `ring` tactic failed to close the goal. Use `ring_nf` to obtain a normal form.
    
  Note that `ring` works primarily in *commutative* rings. If you have a noncommutative ring, abelian group or module, consider using `noncomm_ring`, `abel` or `module` instead.
info: H0mework/Versions/R9c73a630/Physics/LowEnergy/AlphaSource/CanonicalPreparationYukawaCutoffJets.lean:250:6: Try this:
  [apply] ring_nf
  
  The `ring` tactic failed to close the goal. Use `ring_nf` to obtain a normal form.
    
  Note that `ring` works primarily in *commutative* rings. If you have a noncommutative ring, abelian group or module, consider using `noncomm_ring`, `abel` or `module` instead.
ℹ [12840/12921] Replayed H0mework.Versions.AB.Physics.LowEnergy.Quantum.SourceCutoffSharpCore
info: H0mework/Versions/AB/Physics/LowEnergy/Quantum/SourceCutoffSharpCore.lean:157:0: 'LowEnergy.FullYSourceCutoffSharp.bounded_sharp_core' depends on axioms: [propext, Classical.choice, Quot.sound]
info: H0mework/Versions/AB/Physics/LowEnergy/Quantum/SourceCutoffSharpCore.lean:158:0: 'LowEnergy.FullYSourceCutoffSharp.cutoff_sharp_core_mem' depends on axioms: [propext, Classical.choice, Quot.sound]
info: H0mework/Versions/AB/Physics/LowEnergy/Quantum/SourceCutoffSharpCore.lean:159:0: 'LowEnergy.FullYSourceCutoffSharp.source_full_core_pair' depends on axioms: [propext, Classical.choice, Quot.sound]
info: H0mework/Versions/AB/Physics/LowEnergy/Quantum/SourceCutoffSharpCore.lean:160:0: 'LowEnergy.FullYSourceCutoffSharp.source_sharp_core_derivative' depends on axioms: [propext,
 Classical.choice,
 Quot.sound]
info: H0mework/Versions/AB/Physics/LowEnergy/Quantum/SourceCutoffSharpCore.lean:161:0: 'LowEnergy.FullYSourceCutoffSharp.source_sharp_core_smooth' depends on axioms: [propext, Classical.choice, Quot.sound]
ℹ [12841/12921] Replayed H0mework.Versions.AB.Physics.LowEnergy.Quantum.SourceEscapeSeedTail
info: H0mework/Versions/AB/Physics/LowEnergy/Quantum/SourceEscapeSeedTail.lean:206:0: 'LowEnergy.SourceEscapeSeedTail.source_power_return' depends on axioms: [propext, Classical.choice, Quot.sound]
info: H0mework/Versions/AB/Physics/LowEnergy/Quantum/SourceEscapeSeedTail.lean:207:0: 'LowEnergy.SourceEscapeSeedTail.source_escape_spectral_bound' depends on axioms: [propext, Classical.choice, Quot.sound]
info: H0mework/Versions/AB/Physics/LowEnergy/Quantum/SourceEscapeSeedTail.lean:208:0: 'LowEnergy.SourceEscapeSeedTail.source_escape_high_frequency' depends on axioms: [propext, Classical.choice, Quot.sound]
ℹ [12842/12921] Replayed H0mework.Versions.AB.Physics.LowEnergy.Quantum.SourceSignedRadiusBalance
info: H0mework/Versions/AB/Physics/LowEnergy/Quantum/SourceSignedRadiusBalance.lean:170:0: 'LowEnergy.SourceSignedRadiusBalance.cutoff_radius_factor' depends on axioms: [propext, Classical.choice, Quot.sound]
info: H0mework/Versions/AB/Physics/LowEnergy/Quantum/SourceSignedRadiusBalance.lean:171:0: 'LowEnergy.SourceSignedRadiusBalance.sharp_radius_factor' depends on axioms: [propext, Classical.choice, Quot.sound]
info: H0mework/Versions/AB/Physics/LowEnergy/Quantum/SourceSignedRadiusBalance.lean:172:0: 'LowEnergy.SourceSignedRadiusBalance.finite_resolvent_balance' depends on axioms: [propext,
 Classical.choice,
 Quot.sound]
info: H0mework/Versions/AB/Physics/LowEnergy/Quantum/SourceSignedRadiusBalance.lean:173:0: 'LowEnergy.SourceSignedRadiusBalance.finite_resolvent_signed_bound' depends on axioms: [propext,
 Classical.choice,
 Quot.sound]
info: H0mework/Versions/AB/Physics/LowEnergy/Quantum/SourceSignedRadiusBalance.lean:174:0: 'LowEnergy.SourceSignedRadiusBalance.original_projection_current' depends on axioms: [propext,
 Classical.choice,
 Quot.sound]
ℹ [12843/12921] Replayed H0mework.Versions.AB.Physics.LowEnergy.Quantum.SourceBoundaryRadiusAction
info: H0mework/Versions/AB/Physics/LowEnergy/Quantum/SourceBoundaryRadiusAction.lean:156:0: 'LowEnergy.SourceBoundaryRadiusAction.radius_mem_core' depends on axioms: [propext, Classical.choice, Quot.sound]
info: H0mework/Versions/AB/Physics/LowEnergy/Quantum/SourceBoundaryRadiusAction.lean:157:0: 'LowEnergy.SourceBoundaryRadiusAction.original_quadratic_boundary_action' depends on axioms: [propext,
 Classical.choice,
 Quot.sound]
info: H0mework/Versions/AB/Physics/LowEnergy/Quantum/SourceBoundaryRadiusAction.lean:158:0: 'LowEnergy.SourceBoundaryRadiusAction.original_quadratic_boundary_bound' depends on axioms: [propext,
 Classical.choice,
 Quot.sound]
info: H0mework/Versions/AB/Physics/LowEnergy/Quantum/SourceBoundaryRadiusAction.lean:159:0: 'LowEnergy.SourceBoundaryRadiusAction.original_quadratic_cross_leg' depends on axioms: [propext,
 Classical.choice,
 Quot.sound]
info: H0mework/Versions/AB/Physics/LowEnergy/Quantum/SourceBoundaryRadiusAction.lean:160:0: 'LowEnergy.SourceBoundaryRadiusAction.quadratic_compressed_weak_limit' depends on axioms: [propext,
 Classical.choice,
 Quot.sound]
info: H0mework/Versions/AB/Physics/LowEnergy/Quantum/SourceBoundaryRadiusAction.lean:161:0: 'LowEnergy.SourceBoundaryRadiusAction.body_preimage_original_graph' depends on axioms: [propext,
 Classical.choice,
 Quot.sound]
info: H0mework/Versions/AB/Physics/LowEnergy/Quantum/SourceBoundaryRadiusAction.lean:162:0: 'LowEnergy.SourceBoundaryRadiusAction.body_preimage_shift' depends on axioms: [propext, Classical.choice, Quot.sound]
ℹ [12844/12921] Replayed H0mework.Versions.AB.Physics.LowEnergy.Quantum.SourceEscapeCurrent
info: H0mework/Versions/AB/Physics/LowEnergy/Quantum/SourceEscapeCurrent.lean:106:0: 'LowEnergy.SourceEscapeCurrent.actual_source_mass' depends on axioms: [propext, Classical.choice, Quot.sound]
info: H0mework/Versions/AB/Physics/LowEnergy/Quantum/SourceEscapeCurrent.lean:107:0: 'LowEnergy.SourceEscapeCurrent.actual_escape_balance' depends on axioms: [propext, Classical.choice, Quot.sound]
ℹ [12864/12921] Replayed H0mework.Versions.AB.Physics.LowEnergy.Quantum.SourceCutoffNormConvergence
info: H0mework/Versions/AB/Physics/LowEnergy/Quantum/SourceCutoffNormConvergence.lean:209:0: 'LowEnergy.FullYSourceCutoffNorm.partial_strong_limit' depends on axioms: [propext, Classical.choice, Quot.sound]
info: H0mework/Versions/AB/Physics/LowEnergy/Quantum/SourceCutoffNormConvergence.lean:210:0: 'LowEnergy.FullYSourceCutoffNorm.source_cutoff_distance' depends on axioms: [propext, Classical.choice, Quot.sound]
info: H0mework/Versions/AB/Physics/LowEnergy/Quantum/SourceCutoffNormConvergence.lean:211:0: 'LowEnergy.FullYSourceCutoffNorm.source_graph_of_bounded' depends on axioms: [propext, Classical.choice, Quot.sound]
ℹ [12865/12921] Replayed H0mework.Versions.AB.Physics.LowEnergy.Quantum.SourceCutoffTimeGraph
info: H0mework/Versions/AB/Physics/LowEnergy/Quantum/SourceCutoffTimeGraph.lean:121:0: 'LowEnergy.FullYSourceCutoffTimeGraph.time_strong_limit' depends on axioms: [propext, Classical.choice, Quot.sound]
info: H0mework/Versions/AB/Physics/LowEnergy/Quantum/SourceCutoffTimeGraph.lean:122:0: 'LowEnergy.FullYSourceCutoffTimeGraph.time_graph_of_bounded' depends on axioms: [propext, Classical.choice, Quot.sound]
ℹ [12866/12921] Replayed H0mework.Versions.AB.Physics.LowEnergy.Quantum.SourceFamilyLinearMap
info: H0mework/Versions/AB/Physics/LowEnergy/Quantum/SourceFamilyLinearMap.lean:60:0: 'LowEnergy.FullYSourceFamilyLinearMap.lift_coe' depends on axioms: [propext, Classical.choice, Quot.sound]
info: H0mework/Versions/AB/Physics/LowEnergy/Quantum/SourceFamilyLinearMap.lean:61:0: 'LowEnergy.FullYSourceFamilyLinearMap.lift_bound' depends on axioms: [propext, Classical.choice, Quot.sound]
ℹ [12867/12921] Replayed H0mework.Versions.AB.Physics.LowEnergy.Quantum.SourceFiniteTimeIntegral
info: H0mework/Versions/AB/Physics/LowEnergy/Quantum/SourceFiniteTimeIntegral.lean:145:0: 'LowEnergy.FullYSourceFiniteTimeIntegral.integral_pair' depends on axioms: [propext, Classical.choice, Quot.sound]
info: H0mework/Versions/AB/Physics/LowEnergy/Quantum/SourceFiniteTimeIntegral.lean:146:0: 'LowEnergy.FullYSourceFiniteTimeIntegral.integral_return' depends on axioms: [propext, Classical.choice, Quot.sound]
info: H0mework/Versions/AB/Physics/LowEnergy/Quantum/SourceFiniteTimeIntegral.lean:147:0: 'LowEnergy.FullYSourceFiniteTimeIntegral.source_integral_bound' depends on axioms: [propext,
 Classical.choice,
 Quot.sound]
ℹ [12868/12921] Replayed H0mework.Versions.AB.Physics.LowEnergy.Quantum.SourceTimeFamilyGraph
info: H0mework/Versions/AB/Physics/LowEnergy/Quantum/SourceTimeFamilyGraph.lean:109:0: 'LowEnergy.FullYSourceTimeFamilyGraph.family_cutoff_distance' depends on axioms: [propext, Classical.choice, Quot.sound]
info: H0mework/Versions/AB/Physics/LowEnergy/Quantum/SourceTimeFamilyGraph.lean:110:0: 'LowEnergy.FullYSourceTimeFamilyGraph.retarded_limit_of_bounded' depends on axioms: [propext,
 Classical.choice,
 Quot.sound]
ℹ [12869/12921] Replayed H0mework.Versions.AB.Physics.LowEnergy.Quantum.SourceRelativePowerTail
info: H0mework/Versions/AB/Physics/LowEnergy/Quantum/SourceRelativePowerTail.lean:268:0: 'LowEnergy.SourceRelativePowerTail.source_inverse_nonnegative' depends on axioms: [propext,
 Classical.choice,
 Quot.sound]
info: H0mework/Versions/AB/Physics/LowEnergy/Quantum/SourceRelativePowerTail.lean:269:0: 'LowEnergy.SourceRelativePowerTail.history_power_distance' depends on axioms: [propext, Classical.choice, Quot.sound]
info: H0mework/Versions/AB/Physics/LowEnergy/Quantum/SourceRelativePowerTail.lean:270:0: 'LowEnergy.SourceRelativePowerTail.whole_history_relative_tail' depends on axioms: [propext,
 Classical.choice,
 Quot.sound]
info: H0mework/Versions/AB/Physics/LowEnergy/Quantum/SourceRelativePowerTail.lean:271:0: 'LowEnergy.SourceRelativePowerTail.time_power_distance' depends on axioms: [propext, Classical.choice, Quot.sound]
info: H0mework/Versions/AB/Physics/LowEnergy/Quantum/SourceRelativePowerTail.lean:272:0: 'LowEnergy.SourceRelativePowerTail.time_space_relative_tail' depends on axioms: [propext, Classical.choice, Quot.sound]
ℹ [12885/12921] Replayed H0mework.Versions.AB.Physics.LowEnergy.Quantum.SourceResolventBandLimit
info: H0mework/Versions/AB/Physics/LowEnergy/Quantum/SourceResolventBandLimit.lean:252:0: 'LowEnergy.SourceResolventBandLimit.resolvent_difference' depends on axioms: [propext, Classical.choice, Quot.sound]
info: H0mework/Versions/AB/Physics/LowEnergy/Quantum/SourceResolventBandLimit.lean:253:0: 'LowEnergy.SourceResolventBandLimit.word_difference' depends on axioms: [propext, Classical.choice, Quot.sound]
info: H0mework/Versions/AB/Physics/LowEnergy/Quantum/SourceResolventBandLimit.lean:254:0: 'LowEnergy.SourceResolventBandLimit.whole_word_cons' depends on axioms: [propext, Classical.choice, Quot.sound]
info: H0mework/Versions/AB/Physics/LowEnergy/Quantum/SourceResolventBandLimit.lean:255:0: 'LowEnergy.SourceResolventBandLimit.original_mixed_band_limit' depends on axioms: [propext,
 Classical.choice,
 Quot.sound]
ℹ [12886/12921] Replayed H0mework.Versions.AB.Physics.LowEnergy.Quantum.SourceRelativeTailCurrent
info: H0mework/Versions/AB/Physics/LowEnergy/Quantum/SourceRelativeTailCurrent.lean:149:0: 'LowEnergy.SourceRelativeTailCurrent.adjoint_family_return' depends on axioms: [propext, Classical.choice, Quot.sound]
info: H0mework/Versions/AB/Physics/LowEnergy/Quantum/SourceRelativeTailCurrent.lean:150:0: 'LowEnergy.SourceRelativeTailCurrent.current_boundary_return' depends on axioms: [propext, Classical.choice, Quot.sound]
info: H0mework/Versions/AB/Physics/LowEnergy/Quantum/SourceRelativeTailCurrent.lean:151:0: 'LowEnergy.SourceRelativeTailCurrent.original_core_current_return' depends on axioms: [propext,
 Classical.choice,
 Quot.sound]
info: H0mework/Versions/AB/Physics/LowEnergy/Quantum/SourceRelativeTailCurrent.lean:152:0: 'LowEnergy.SourceRelativeTailCurrent.finite_current_bound' depends on axioms: [propext, Classical.choice, Quot.sound]
info: H0mework/Versions/AB/Physics/LowEnergy/Quantum/SourceRelativeTailCurrent.lean:153:0: 'LowEnergy.SourceRelativeTailCurrent.finite_current_lintegral_bound' depends on axioms: [propext,
 Classical.choice,
 Quot.sound]
info: H0mework/Versions/AB/Physics/LowEnergy/Quantum/SourceRelativeTailCurrent.lean:154:0: 'LowEnergy.SourceRelativeTailCurrent.original_tail_current_return' depends on axioms: [propext,
 Classical.choice,
 Quot.sound]
info: H0mework/Versions/AB/Physics/LowEnergy/Quantum/SourceRelativeTailCurrent.lean:155:0: 'LowEnergy.SourceRelativeTailCurrent.finite_tail_current_lintegral_bound' depends on axioms: [propext,
 Classical.choice,
 Quot.sound]
ℹ [12887/12921] Replayed H0mework.Versions.AB.Physics.LowEnergy.Quantum.SourceParticularFrequency
info: H0mework/Versions/AB/Physics/LowEnergy/Quantum/SourceParticularFrequency.lean:179:0: 'LowEnergy.SourceParticularFrequency.particular_two_frequency' depends on axioms: [propext,
 Classical.choice,
 Quot.sound]
info: H0mework/Versions/AB/Physics/LowEnergy/Quantum/SourceParticularFrequency.lean:180:0: 'LowEnergy.SourceParticularFrequency.defect_adjoint_particular_two_frequency' depends on axioms: [propext,
 Classical.choice,
 Quot.sound]
info: H0mework/Versions/AB/Physics/LowEnergy/Quantum/SourceParticularFrequency.lean:181:0: 'LowEnergy.SourceParticularFrequency.original_particular_frequency_lipschitz' depends on axioms: [propext,
 Classical.choice,
 Quot.sound]
info: H0mework/Versions/AB/Physics/LowEnergy/Quantum/SourceParticularFrequency.lean:182:0: 'LowEnergy.SourceParticularFrequency.whole_mixed_word_continuous' depends on axioms: [propext,
 Classical.choice,
 Quot.sound]
info: H0mework/Versions/AB/Physics/LowEnergy/Quantum/SourceParticularFrequency.lean:183:0: 'LowEnergy.SourceParticularFrequency.original_body_frequency_continuous' depends on axioms: [propext,
 Classical.choice,
 Quot.sound]
ℹ [12888/12921] Replayed H0mework.Versions.AB.Physics.LowEnergy.Quantum.SourceRetardedBandCurrent
info: H0mework/Versions/AB/Physics/LowEnergy/Quantum/SourceRetardedBandCurrent.lean:364:0: 'LowEnergy.SourceRetardedBandCurrent.finite_input_memLp' depends on axioms: [propext, Classical.choice, Quot.sound]
info: H0mework/Versions/AB/Physics/LowEnergy/Quantum/SourceRetardedBandCurrent.lean:365:0: 'LowEnergy.SourceRetardedBandCurrent.actual_retarded_relative_tail' depends on axioms: [propext,
 Classical.choice,
 Quot.sound]
info: H0mework/Versions/AB/Physics/LowEnergy/Quantum/SourceRetardedBandCurrent.lean:366:0: 'LowEnergy.SourceRetardedBandCurrent.actual_current_norm' depends on axioms: [propext, Classical.choice, Quot.sound]
info: H0mework/Versions/AB/Physics/LowEnergy/Quantum/SourceRetardedBandCurrent.lean:367:0: 'LowEnergy.SourceRetardedBandCurrent.actual_retarded_current_tail' depends on axioms: [propext,
 Classical.choice,
 Quot.sound]
info: H0mework/Versions/AB/Physics/LowEnergy/Quantum/SourceRetardedBandCurrent.lean:368:0: 'LowEnergy.SourceRetardedBandCurrent.actual_current_spectral_tail' depends on axioms: [propext,
 Classical.choice,
 Quot.sound]
info: H0mework/Versions/AB/Physics/LowEnergy/Quantum/SourceRetardedBandCurrent.lean:369:0: 'LowEnergy.SourceRetardedBandCurrent.actual_current_high_frequency' depends on axioms: [propext,
 Classical.choice,
 Quot.sound]
info: H0mework/Versions/AB/Physics/LowEnergy/Quantum/SourceRetardedBandCurrent.lean:370:0: 'LowEnergy.SourceRetardedBandCurrent.actual_current_full_frequency_tail' depends on axioms: [propext,
 Classical.choice,
 Quot.sound]
ℹ [12917/12965] Replayed H0mework.Versions.AB.Physics.LowEnergy.Quantum.SourceScalarDoubleCurrent
info: H0mework/Versions/AB/Physics/LowEnergy/Quantum/SourceScalarDoubleCurrent.lean:821:2: Try this:
  [apply] ring_nf
  
  The `ring` tactic failed to close the goal. Use `ring_nf` to obtain a normal form.
    
  Note that `ring` works primarily in *commutative* rings. If you have a noncommutative ring, abelian group or module, consider using `noncomm_ring`, `abel` or `module` instead.
ℹ [12942/13020] Replayed H0mework.Versions.R3bbcbd59.ReleaseMaterials.Physics.LowEnergyPhenomenology.ExternalCompositeDecay.SourceMatterForceAbsorption
info: H0mework/Versions/R3bbcbd59/ReleaseMaterials/Physics/LowEnergyPhenomenology/ExternalCompositeDecay/SourceMatterForceAbsorption.lean:132:4: Try this:
  [apply] ring_nf
  
  The `ring` tactic failed to close the goal. Use `ring_nf` to obtain a normal form.
    
  Note that `ring` works primarily in *commutative* rings. If you have a noncommutative ring, abelian group or module, consider using `noncomm_ring`, `abel` or `module` instead.
✔ [13036/13111] Built H0mework.Versions.R9c73a630.Physics.LowEnergy.AlphaSource.CanonicalPreparationPhysicalActualEnvelopes (11s)
✔ [13037/13111] Built H0mework.Versions.R9c73a630.Physics.LowEnergy.AlphaSource.CanonicalPreparationPreparedNativeCarrier (12s)
✔ [13039/13111] Built H0mework.Versions.R9c73a630.Physics.LowEnergy.AlphaSource.CanonicalPreparationLorentzCurvatureMixed (12s)
✔ [13041/13111] Built H0mework.Versions.R9c73a630.Physics.LowEnergy.AlphaSource.CanonicalPreparationSourceSimplicityJets (8.5s)
✔ [13047/13111] Built H0mework.Versions.R9c73a630.Physics.LowEnergy.AlphaSource.CanonicalPreparationPhysicalFiveSourcePrice (22s)
✔ [13063/13120] Built H0mework.Versions.R9c73a630.Physics.LowEnergy.AlphaSource.CanonicalSourcePropagationNativeFourierDictionary (10s)
✔ [13064/13120] Built H0mework.Versions.R9c73a630.Physics.LowEnergy.AlphaSource.CanonicalPreparationSourceBFJets (13s)
✔ [13066/13120] Built H0mework.Versions.R9c73a630.Physics.LowEnergy.AlphaSource.CanonicalPreparationSourceGravityActualCurveReturn (27s)
✔ [13068/13123] Built H0mework.Versions.R9c73a630.Physics.LowEnergy.AlphaSource.CanonicalSourcePropagationCoframeInverseJets (36s)
✔ [13069/13123] Built H0mework.Versions.R9c73a630.Physics.LowEnergy.AlphaSource.CanonicalPreparationRepairedGravitySourceJets (16s)
✔ [13070/13123] Built H0mework.Versions.R9c73a630.Physics.LowEnergy.AlphaSource.CanonicalSourcePropagationNativeSourceDictionaryNormalization (15s)
✔ [13071/13125] Built H0mework.Versions.R9c73a630.Physics.LowEnergy.AlphaSource.CanonicalSourcePropagationNativeGaugeRay (24s)
✔ [13072/13125] Built H0mework.Versions.R9c73a630.Physics.LowEnergy.AlphaSource.CanonicalPreparationRepairedGravityAuxiliaryGraph (20s)
✔ [13073/13125] Built H0mework.Versions.R9c73a630.Physics.LowEnergy.AlphaSource.CanonicalSourcePropagationNativeStructuralSourceSort (11s)
✔ [13074/13125] Built H0mework.Versions.R9c73a630.Physics.LowEnergy.AlphaSource.CanonicalSourcePropagationNativeDiracRay (35s)
✔ [13075/13125] Built H0mework.Versions.R9c73a630.Physics.LowEnergy.AlphaSource.CanonicalSourcePropagationNativeHodgeFlat (100s)
✔ [13076/13125] Built H0mework.Versions.R9c73a630.Physics.LowEnergy.AlphaSource.CanonicalPreparationRepairedGravityMixedReturn (12s)
✔ [13077/13125] Built H0mework.Versions.R9c73a630.Physics.LowEnergy.AlphaSource.CanonicalPreparationOriginalLorentzQuadratic (9.1s)
✔ [13078/13125] Built H0mework.Versions.R9c73a630.Physics.LowEnergy.AlphaSource.CanonicalSourcePropagationNativeGaugeLiteral (166s)
✔ [13079/13125] Built H0mework.Versions.R9c73a630.Physics.LowEnergy.AlphaSource.CanonicalSourcePropagationNativeSourceRecords (26s)
✔ [13080/13126] Built H0mework.Versions.R9c73a630.Physics.LowEnergy.AlphaSource.CanonicalSourcePropagationNativeDiracLiteral (271s)
✔ [13081/13126] Built H0mework.Versions.R9c73a630.Physics.LowEnergy.AlphaSource.CanonicalPreparationOriginalLorentzInverse (501s)
✔ [13082/13126] Built H0mework.Versions.R9c73a630.Physics.LowEnergy.AlphaSource.CanonicalSourcePropagationCommonCarrier (9.0s)
✔ [13083/13126] Built H0mework.Versions.R9c73a630.Physics.LowEnergy.AlphaSource.CanonicalPreparationOriginalLorentzLoad (10s)
✔ [13084/13126] Built H0mework.Versions.R9c73a630.Physics.LowEnergy.AlphaSource.CanonicalPreparationOriginalVelocityLoad (8.5s)
✔ [13085/13149] Built H0mework.Versions.R9c73a630.Physics.LowEnergy.AlphaSource.CanonicalSourcePropagationNativeOriginalDictionaryIdentity (99s)
✔ [13086/13155] Built H0mework.Versions.R9c73a630.Physics.LowEnergy.AlphaSource.CanonicalPreparationPhysicalControlledFieldTail (8.8s)
✔ [13087/13161] Built H0mework.Versions.R9c73a630.Physics.LowEnergy.AlphaSource.CanonicalPreparationPropagationPencilDynamics (15s)
✔ [13089/13168] Built H0mework.Versions.R9c73a630.Physics.LowEnergy.AlphaSource.CanonicalPreparationPropagationHalfAxisPencil (25s)
✔ [13090/13169] Built H0mework.Versions.R9c73a630.Physics.LowEnergy.AlphaSource.CanonicalPreparationPropagationWholeCurvatureReturn (20s)
✔ [13091/13171] Built H0mework.Versions.R9c73a630.Physics.LowEnergy.AlphaSource.CanonicalSourcePropagationTwoTimeGroup (22s)
✔ [13092/13175] Built H0mework.Versions.R9c73a630.Physics.LowEnergy.AlphaSource.CanonicalSourcePropagationInverse (45s)
✔ [13093/13189] Built H0mework.Versions.R9c73a630.Physics.LowEnergy.AlphaSource.CanonicalSourcePropagationWholeResolvent (12s)
✔ [13094/13189] Built H0mework.Versions.R9c73a630.Physics.LowEnergy.AlphaSource.CanonicalPreparationOriginalVelocityPrimary (188s)
✔ [13095/13189] Built H0mework.Versions.R9c73a630.Physics.LowEnergy.AlphaSource.CanonicalSourcePropagationReverseTimeGroup (25s)
✔ [13096/13189] Built H0mework.Versions.R9c73a630.Physics.LowEnergy.AlphaSource.CanonicalSourcePropagationPastInverse (55s)
✔ [13097/13189] Built H0mework.Versions.R9c73a630.Physics.LowEnergy.AlphaSource.CanonicalSourcePropagationAxisReadback (28s)
✔ [13098/13189] Built H0mework.Versions.R9c73a630.Physics.LowEnergy.AlphaSource.CanonicalPreparationOriginalGaussKinetic (119s)
✔ [13099/13189] Built H0mework.Versions.R9c73a630.Physics.LowEnergy.AlphaSource.CanonicalPreparationOriginalSpinCurrent (8.1s)
✔ [13100/13200] Built H0mework.Versions.R9c73a630.Physics.LowEnergy.AlphaSource.CanonicalPreparationOrderedSpinDensity (13s)
✔ [13101/13200] Built H0mework.Versions.R9c73a630.Physics.LowEnergy.AlphaSource.CanonicalSourcePropagationActualFieldPencil (62s)
✔ [13103/13200] Built H0mework.Versions.R9c73a630.Physics.LowEnergy.AlphaSource.CanonicalPreparationGaussOrderedLoad (13s)
✔ [13105/13207] Built H0mework.Versions.R9c73a630.Physics.LowEnergy.AlphaSource.CanonicalPreparationSourceSpinClifford (13s)
✔ [13106/13207] Built H0mework.Versions.R9c73a630.Physics.LowEnergy.AlphaSource.CanonicalPreparationSourceChargeSpectrum (24s)
✔ [13107/13207] Built H0mework.Versions.R9c73a630.Physics.LowEnergy.AlphaSource.CanonicalPreparationSourceSpinBasis (16s)
✔ [13108/13207] Built H0mework.Versions.R9c73a630.Physics.LowEnergy.AlphaSource.CanonicalSourcePropagationActualFieldInverse (72s)
✔ [13109/13208] Built H0mework.Versions.R9c73a630.Physics.LowEnergy.AlphaSource.CanonicalPreparationSourceRestPoleSpectrum (65s)
✔ [13110/13208] Built H0mework.Versions.R9c73a630.Physics.LowEnergy.AlphaSource.CanonicalSourcePropagationFullBackgroundReturn (41s)
✔ [13111/13216] Built H0mework.Versions.R9c73a630.Physics.LowEnergy.AlphaSource.CanonicalPreparationSourceRestMatterLight (7.4s)
✔ [13112/13216] Built H0mework.Versions.R9c73a630.Physics.LowEnergy.AlphaSource.CanonicalSourcePropagationActualBackgroundEvolution (26s)
✔ [13113/13216] Built H0mework.Versions.R9c73a630.Physics.LowEnergy.AlphaSource.CanonicalPreparationSourceRestNativeCurrentCoupling (22s)
✔ [13114/13216] Built H0mework.Versions.R9c73a630.Physics.LowEnergy.AlphaSource.CanonicalPreparationSourceSpinBranches (155s)
✔ [13115/13221] Built H0mework.Versions.R9c73a630.Physics.LowEnergy.AlphaSource.CanonicalPreparationSourceSpinCoefficientTransform (7.7s)
✔ [13116/13221] Built H0mework.Versions.R9c73a630.Physics.LowEnergy.AlphaSource.CanonicalSourcePropagationNearFieldHalfAxis (44s)
✔ [13117/13223] Built H0mework.Versions.R9c73a630.Physics.LowEnergy.AlphaSource.CanonicalSourcePropagationPreparedTimeReturn (29s)
✔ [13118/13223] Built H0mework.Versions.R9c73a630.Physics.LowEnergy.AlphaSource.CanonicalPreparationSourceStaticMixedChannel (21s)
✔ [13119/13231] Built H0mework.Versions.R9c73a630.Physics.LowEnergy.AlphaSource.CanonicalSourcePropagationActualMomentumPencil (18s)
✔ [13120/13231] Built H0mework.Versions.R9c73a630.Physics.LowEnergy.AlphaSource.CanonicalSourcePropagationPreparedMomentumReturn (102s)
✔ [13121/13243] Built H0mework.Versions.R9c73a630.Physics.LowEnergy.AlphaSource.CanonicalPreparationSourceSpinTensorValues (224s)
✔ [13122/13243] Built H0mework.Versions.R9c73a630.Physics.LowEnergy.AlphaSource.CanonicalSourcePropagationCompressionPolynomial (23s)
✔ [13123/13243] Built H0mework.Versions.R9c73a630.Physics.LowEnergy.AlphaSource.CanonicalSourcePropagationJointSourceAnnihilator (32s)
✔ [13124/13243] Built H0mework.Versions.R9c73a630.Physics.LowEnergy.AlphaSource.CanonicalSourcePropagationPreparedMeromorphicResponse (121s)
✔ [13125/13243] Built H0mework.Versions.R9c73a630.Physics.LowEnergy.AlphaSource.CanonicalSourcePropagationSourceSpectralInverse (14s)
✔ [13126/13243] Built H0mework.Versions.R9c73a630.Physics.LowEnergy.AlphaSource.CanonicalSourcePropagationActualOrderedTimeDrive (21s)
✔ [13127/13243] Built H0mework.Versions.R9c73a630.Physics.LowEnergy.AlphaSource.CanonicalSourcePropagationFullFiveLeading (25s)
✔ [13128/13243] Built H0mework.Versions.R9c73a630.Physics.LowEnergy.AlphaSource.CanonicalPreparationSourceSpinMixedReturn (229s)
✔ [13129/13243] Built H0mework.Versions.R9c73a630.Physics.LowEnergy.AlphaSource.CanonicalSourcePropagationMovingTimeLegendre (11s)
✔ [13130/13243] Built H0mework.Versions.R9c73a630.Physics.LowEnergy.AlphaSource.CanonicalSourcePropagationOriginalFieldPoleReturn (9.6s)
✔ [13131/13243] Built H0mework.Versions.R9c73a630.Physics.LowEnergy.AlphaSource.CanonicalSourcePropagationPreparedHistoryResponse (34s)
✔ [13132/13243] Built H0mework.Versions.R9c73a630.Physics.LowEnergy.AlphaSource.CanonicalPreparationSourceSpinCarContraction (13s)
✔ [13133/13243] Built H0mework.Versions.R9c73a630.Physics.LowEnergy.AlphaSource.CanonicalPreparationSourceGeometryCurrentReturn (10s)
✔ [13134/13243] Built H0mework.Versions.R9c73a630.Physics.LowEnergy.AlphaSource.CanonicalSourcePropagationNoetherHistoryResponse (22s)
✔ [13135/13243] Built H0mework.Versions.R9c73a630.Physics.LowEnergy.AlphaSource.CanonicalSourcePropagationNoetherEulerReturn (10s)
✔ [13136/13243] Built H0mework.Versions.R9c73a630.Physics.LowEnergy.AlphaSource.CanonicalPreparationSourceGaussMeasureJets (12s)
✔ [13137/13243] Built H0mework.Versions.R9c73a630.Physics.LowEnergy.AlphaSource.CanonicalSourcePropagationOriginalHessianReturn (14s)
✔ [13138/13243] Built H0mework.Versions.R9c73a630.Physics.LowEnergy.AlphaSource.CanonicalPreparationSourceGaussMomentumReturn (15s)
✔ [13139/13243] Built H0mework.Versions.R9c73a630.Physics.LowEnergy.AlphaSource.CanonicalPreparationSourceStaticNativeMode (13s)
✔ [13140/13243] Built H0mework.Versions.R9c73a630.Physics.LowEnergy.AlphaSource.CanonicalPreparationSourceRestGaugeVertex (13s)
✔ [13141/13243] Built H0mework.Versions.R9c73a630.Physics.LowEnergy.AlphaSource.CanonicalSourcePropagationNativeEulerJet (10s)
✔ [13142/13243] Built H0mework.Versions.R9c73a630.Physics.LowEnergy.AlphaSource.CanonicalPreparationSourcePreparedGaussKinetic (14s)
✔ [13143/13280] Built H0mework.Versions.R9c73a630.Physics.LowEnergy.AlphaSource.CanonicalSourcePropagationActualHistoryEuler (24s)
✔ [13144/13280] Built H0mework.Versions.R9c73a630.Physics.LowEnergy.AlphaSource.CanonicalPreparationSourceMovingPoleCurrent (37s)
✔ [13145/13280] Built H0mework.Versions.R9c73a630.Physics.LowEnergy.AlphaSource.CanonicalPreparationSourceLegendreSpinSchur (33s)
✔ [13146/13288] Built H0mework.Versions.R9c73a630.Physics.LowEnergy.AlphaSource.CanonicalSourcePropagationActualPreparedHistoryVariation (33s)
✔ [13147/13288] Built H0mework.Versions.R9c73a630.Physics.LowEnergy.AlphaSource.CanonicalPreparationSourceMovingPoleGaussPreparation (12s)
✔ [13148/13288] Built H0mework.Versions.R9c73a630.Physics.LowEnergy.AlphaSource.CanonicalPreparationSourceHamiltonianSpinReturn (14s)
✔ [13149/13288] Built H0mework.Versions.R9c73a630.Physics.LowEnergy.AlphaSource.CanonicalPreparationSourceMixedPrincipal (37s)
✔ [13150/13288] Built H0mework.Versions.R9c73a630.Physics.LowEnergy.AlphaSource.CanonicalPreparationSourceMovingPoleGaussVertex (9.8s)
✔ [13151/13288] Built H0mework.Versions.R9c73a630.Physics.LowEnergy.AlphaSource.CanonicalSourcePropagationActualNativeHistoryReturn (19s)
✔ [13152/13288] Built H0mework.Versions.R9c73a630.Physics.LowEnergy.AlphaSource.CanonicalPreparationSourceNativePrincipal (13s)
✔ [13153/13288] Built H0mework.Versions.R9c73a630.Physics.LowEnergy.AlphaSource.CanonicalSourcePropagationNativeLocalAction (11s)
✔ [13154/13288] Built H0mework.Versions.R9c73a630.Physics.LowEnergy.AlphaSource.CanonicalSourcePropagationNativeLocalBosonJets (11s)
✔ [13155/13288] Built H0mework.Versions.R9c73a630.Physics.LowEnergy.AlphaSource.CanonicalSourcePropagationNativeLocalDiracJets (16s)
✔ [13156/13288] Built H0mework.Versions.R9c73a630.Physics.LowEnergy.AlphaSource.CanonicalSourcePropagationNativeSignalGerm (16s)
✔ [13157/13288] Built H0mework.Versions.R9c73a630.Physics.LowEnergy.AlphaSource.CanonicalPreparationSourceLegendreLinearCurrent (85s)
✔ [13158/13288] Built H0mework.Versions.R9c73a630.Physics.LowEnergy.AlphaSource.CanonicalSourcePropagationOriginalEulerDirections (11s)
✔ [13159/13288] Built H0mework.Versions.R9c73a630.Physics.LowEnergy.AlphaSource.CanonicalSourcePropagationPreparedCoupledEuler (12s)
✔ [13160/13288] Built H0mework.Versions.R9c73a630.Physics.LowEnergy.AlphaSource.CanonicalSourcePropagationMotherAlgebraicDirections (10s)
✔ [13161/13288] Built H0mework.Versions.R9c73a630.Physics.LowEnergy.AlphaSource.CanonicalPreparationSourceOrderedCurrentReturn (25s)
✔ [13162/13288] Built H0mework.Versions.R9c73a630.Physics.LowEnergy.AlphaSource.CanonicalSourcePropagationMotherResidualPullback (11s)
✔ [13163/13288] Built H0mework.Versions.R9c73a630.Physics.LowEnergy.AlphaSource.CanonicalPreparationSourceCurrentMomentumContacts (20s)
✔ [13164/13288] Built H0mework.Versions.R9c73a630.Physics.LowEnergy.AlphaSource.CanonicalSourcePropagationMotherConnectionDirections (11s)
✔ [13165/13288] Built H0mework.Versions.R9c73a630.Physics.LowEnergy.AlphaSource.CanonicalPreparationSourceRadialCoefficientJets (12s)
✔ [13166/13288] Built H0mework.Versions.R9c73a630.Physics.LowEnergy.AlphaSource.CanonicalSourcePropagationSectorEulerIdentification (14s)
✔ [13167/13318] Built H0mework.Versions.R9c73a630.Physics.LowEnergy.AlphaSource.CanonicalSourcePropagationNativeVariationDirections (9.4s)
✔ [13168/13318] Built H0mework.Versions.R9c73a630.Physics.LowEnergy.AlphaSource.CanonicalPreparationSourceNumberRadialPairReturn (23s)
✔ [13169/13318] Built H0mework.Versions.R9c73a630.Physics.LowEnergy.AlphaSource.CanonicalSourcePropagationNativeAlgebraicEulerIdentification (14s)
✔ [13170/13332] Built H0mework.Versions.R9c73a630.Physics.LowEnergy.AlphaSource.CanonicalSourcePropagationNativeScalarEulerIdentification (10s)
✔ [13171/13332] Built H0mework.Versions.R9c73a630.Physics.LowEnergy.AlphaSource.CanonicalPreparationSourcePreparedSpinLoadedReturn (20s)
✔ [13172/13332] Built H0mework.Versions.R9c73a630.Physics.LowEnergy.AlphaSource.CanonicalSourcePropagationNativePrimalEulerIdentification (20s)
✔ [13173/13337] Built H0mework.Versions.R9c73a630.Physics.LowEnergy.AlphaSource.CanonicalSourcePropagationNativeConnectionEulerIdentification (21s)
✔ [13174/13337] Built H0mework.Versions.R9c73a630.Physics.LowEnergy.AlphaSource.CanonicalPreparationSourceMovingMeasureJets (17s)
✔ [13175/13337] Built H0mework.Versions.R9c73a630.Physics.LowEnergy.AlphaSource.CanonicalSourcePropagationPreparedMotherEulerReturn (21s)
✔ [13176/13337] Built H0mework.Versions.R9c73a630.Physics.LowEnergy.AlphaSource.CanonicalPreparationSourceMovingCoframeJets (13s)
✔ [13177/13337] Built H0mework.Versions.R9c73a630.ReleaseMaterials.Physics.LowEnergyPhenomenology.AlphaSource.EmIdentification.PhysicalFullFieldCoefficients (35s)
✔ [13178/13337] Built H0mework.Versions.R9c73a630.ReleaseMaterials.Physics.LowEnergyPhenomenology.AlphaSource.EmIdentification.PhysicalFullFieldMixed (10s)
✔ [13179/13337] Built H0mework.Versions.R9c73a630.Physics.LowEnergy.AlphaSource.CanonicalPreparationSourceMovingCoframeFormReturn (19s)
✔ [13180/13337] Built H0mework.Versions.R9c73a630.Physics.LowEnergy.AlphaSource.CanonicalPreparationSourceIndependentMomentumTransport (10s)
✔ [13181/13337] Built H0mework.Versions.R9c73a630.ReleaseMaterials.Physics.LowEnergyPhenomenology.AlphaSource.EmIdentification.PhysicalFullFieldScaling (16s)
✔ [13182/13337] Built H0mework.Versions.R9c73a630.Physics.LowEnergy.AlphaSource.CanonicalPreparationSourceIndependentHalfDensityFields (10s)
✔ [13183/13337] Built H0mework.Versions.R9c73a630.ReleaseMaterials.Physics.LowEnergyPhenomenology.AlphaSource.EmIdentification.PhysicalFullFieldContinuity (17s)
✔ [13184/13365] Built H0mework.Versions.R9c73a630.Physics.LowEnergy.AlphaSource.CanonicalPreparationSourceIndependentPreparedReturn (16s)
✔ [13185/13370] Built H0mework.Versions.R9c73a630.ReleaseMaterials.Physics.LowEnergyPhenomenology.AlphaSource.CanonicalPreparationSourceJointLocking (11s)
✔ [13186/13370] Built H0mework.Versions.R9c73a630.Physics.LowEnergy.AlphaSource.CanonicalPreparationSourceFixedMomentumHamiltonian (9.1s)
✔ [13187/13415] Built H0mework.Versions.R9c73a630.ReleaseMaterials.Physics.LowEnergyPhenomenology.AlphaSource.CanonicalPreparationSourceActionTimeMatrix (11s)
✔ [13188/13419] Built H0mework.Versions.R9c73a630.ReleaseMaterials.Physics.LowEnergyPhenomenology.AlphaSource.RawActionDensity (7.0s)
✔ [13189/13419] Built H0mework.Versions.R9c73a630.Physics.LowEnergy.AlphaSource.CanonicalPreparationSourceFixedMomentumEuler (16s)
✔ [13190/13419] Built H0mework.Versions.R9c73a630.Physics.LowEnergy.AlphaSource.CanonicalPreparationSourceActionEulerSources (13s)
✔ [13191/13422] Built H0mework.Versions.R9c73a630.ReleaseMaterials.Physics.LowEnergyPhenomenology.AlphaSource.CanonicalPreparationSourceOriginalEnergyDensity (14s)
ℹ [13283/13589] Replayed H0mework.Versions.R3bbcbd59.Physics.LowEnergy.PacketNoise.Modulation
info: H0mework/Versions/R3bbcbd59/Physics/LowEnergy/PacketNoise/Modulation.lean:121:2: Try this:
  [apply] ring_nf
  
  The `ring` tactic failed to close the goal. Use `ring_nf` to obtain a normal form.
    
  Note that `ring` works primarily in *commutative* rings. If you have a noncommutative ring, abelian group or module, consider using `noncomm_ring`, `abel` or `module` instead.
ℹ [13291/13691] Replayed H0mework.Versions.R71e.ReleaseMaterials.Physics.LowEnergyPhenomenology.AlphaSource.CanonicalRadialForce
info: H0mework/Versions/R71e/ReleaseMaterials/Physics/LowEnergyPhenomenology/AlphaSource/CanonicalRadialForce.lean:151:4: Try this:
  [apply] abel_nf
info: H0mework/Versions/R71e/ReleaseMaterials/Physics/LowEnergyPhenomenology/AlphaSource/CanonicalRadialForce.lean:171:4: Try this:
  [apply] abel_nf
ℹ [13292/13691] Replayed H0mework.Versions.R71e.ReleaseMaterials.Physics.LowEnergyPhenomenology.AlphaSource.CanonicalRadialRead
info: H0mework/Versions/R71e/ReleaseMaterials/Physics/LowEnergyPhenomenology/AlphaSource/CanonicalRadialRead.lean:272:2: Try this:
  [apply] abel_nf
info: H0mework/Versions/R71e/ReleaseMaterials/Physics/LowEnergyPhenomenology/AlphaSource/CanonicalRadialRead.lean:291:2: Try this:
  [apply] abel_nf
ℹ [13296/13691] Replayed H0mework.Versions.R71e.ReleaseMaterials.Physics.LowEnergyPhenomenology.AlphaSource.EmIdentification.PhysicalPreparedCoulomb
info: H0mework/Versions/R71e/ReleaseMaterials/Physics/LowEnergyPhenomenology/AlphaSource/EmIdentification/PhysicalPreparedCoulomb.lean:263:6: Try this:
  [apply] abel_nf
✔ [13297/13691] Built H0mework.Versions.R9c73a630.Physics.LowEnergy.AlphaSource.CanonicalPreparationElectricPreparedWard (11s)
✔ [13298/13691] Built H0mework.Versions.R9c73a630.Physics.LowEnergy.AlphaSource.CanonicalPreparationSourceActionModeWindow (25s)
✔ [13299/13691] Built H0mework.Versions.R9c73a630.Physics.LowEnergy.AlphaSource.CanonicalPreparationSourceActionFieldFeed (11s)
✔ [13300/13792] Built H0mework.Versions.R9c73a630.ReleaseMaterials.Physics.LowEnergyPhenomenology.AlphaSource.EmIdentification.PhysicalPreparedWard (28s)
✔ [13301/13820] Built H0mework.Versions.R9c73a630.ReleaseMaterials.Physics.LowEnergyPhenomenology.AlphaSource.CanonicalPreparationSourceRestFieldPoleTensor (11s)
✔ [13303/13909] Built H0mework.Versions.R9c73a630.Physics.LowEnergy.AlphaSource.CanonicalPreparationElectricWeightedGraph (14s)
✔ [13304/13909] Built H0mework.Versions.R9c73a630.Physics.LowEnergy.AlphaSource.CanonicalPreparationSourceNoetherContactBudget (54s)
✔ [13305/13909] Built H0mework.Versions.R9c73a630.ReleaseMaterials.Verification.Physics.LowEnergyPhenomenology.AlphaSource.EmIdentification.PhysicalDressedScalarSkew (7.5s)
✔ [13306/13947] Built H0mework.Versions.R9c73a630.ReleaseMaterials.Verification.Physics.LowEnergyPhenomenology.AlphaSource.EmIdentification.PhysicalDressedScalarColumns (40s)
ℹ [13316/13947] Replayed H0mework.Versions.R71e.ReleaseMaterials.Physics.LowEnergyPhenomenology.ExternalCompositeDecay.GaussInverseSecond
info: H0mework/Versions/R71e/ReleaseMaterials/Physics/LowEnergyPhenomenology/ExternalCompositeDecay/GaussInverseSecond.lean:138:0: 'LowEnergy.GaussInverseSecond.ambient_bracket' depends on axioms: [propext, Classical.choice, Quot.sound]
info: H0mework/Versions/R71e/ReleaseMaterials/Physics/LowEnergyPhenomenology/ExternalCompositeDecay/GaussInverseSecond.lean:139:0: 'LowEnergy.GaussInverseSecond.inverse_curvature_transport' depends on axioms: [propext, Classical.choice, Quot.sound]
info: H0mework/Versions/R71e/ReleaseMaterials/Physics/LowEnergyPhenomenology/ExternalCompositeDecay/GaussInverseSecond.lean:140:0: 'LowEnergy.GaussInverseSecond.orbit_curve_derivative' depends on axioms: [propext, Classical.choice, Quot.sound]
info: H0mework/Versions/R71e/ReleaseMaterials/Physics/LowEnergyPhenomenology/ExternalCompositeDecay/GaussInverseSecond.lean:141:0: 'LowEnergy.GaussInverseSecond.orbit_curve_second' depends on axioms: [propext, Classical.choice, Quot.sound]
✔ [13363/14025] Built H0mework.Versions.R9c73a630.Physics.LowEnergy.AlphaSource.CanonicalPreparationSourceNoetherModePrice (11s)
✔ [13364/14027] Built H0mework.Versions.R9c73a630.Physics.LowEnergy.AlphaSource.CanonicalPreparationSourceNoetherControlledTail (9.0s)
✔ [13365/14027] Built H0mework.Versions.R9c73a630.Physics.LowEnergy.AlphaSource.CanonicalPreparationSourceCurrentModeJacobian (12s)
✔ [13366/14027] Built H0mework.Versions.R9c73a630.ReleaseMaterials.Verification.Physics.LowEnergyPhenomenology.AlphaSource.EmIdentification.ActualDressedNoetherSylvester (26s)
✔ [13367/14035] Built H0mework.Versions.R9c73a630.Physics.LowEnergy.AlphaSource.CanonicalPreparationSourceHalfAxisCurrentOperator (17s)
✔ [13368/14035] Built H0mework.Versions.R9c73a630.Physics.LowEnergy.AlphaSource.CanonicalPreparationSourceCurrentFieldSquare (18s)
✔ [13369/14035] Built H0mework.Versions.R9c73a630.Physics.LowEnergy.AlphaSource.CanonicalPreparationSourceCurrentSpectralReality (15s)
✔ [13370/14035] Built H0mework.Versions.R9c73a630.Physics.LowEnergy.AlphaSource.CanonicalPreparationFullDensityCurrent (22s)
✔ [13371/14035] Built H0mework.Versions.R9c73a630.Physics.LowEnergy.AlphaSource.CanonicalPreparationSourceHalfAxisFieldOperator (14s)
✔ [13372/14035] Built H0mework.Versions.R9c73a630.Physics.LowEnergy.AlphaSource.CanonicalPreparationSourceNativeRealFourierSignal (12s)
✔ [13373/14035] Built H0mework.Versions.R9c73a630.Physics.LowEnergy.AlphaSource.CanonicalPreparationPreparedCurrentRead (26s)
✔ [13374/14035] Built H0mework.Versions.R9c73a630.Physics.LowEnergy.AlphaSource.CanonicalPreparationSourceNativeFourierHistory (12s)
✔ [13375/14035] Built H0mework.Versions.R9c73a630.Physics.LowEnergy.AlphaSource.CanonicalPreparationSourcePreparedSignalEuler (11s)
✔ [13376/14046] Built H0mework.Versions.R9c73a630.Physics.LowEnergy.AlphaSource.CanonicalPreparationElectricResolvedConstraint (21s)
✔ [13377/14133] Built H0mework.Versions.R9c73a630.ReleaseMaterials.Verification.Physics.LowEnergyPhenomenology.AlphaSource.EmIdentification.ActualDressedFifthLaplacePrice (3.5s)
✔ [13378/14146] Built H0mework.Versions.R9c73a630.ReleaseMaterials.Verification.Physics.LowEnergyPhenomenology.AlphaSource.EmIdentification.ActualDressedCubicLaplacePrice (3.7s)
✔ [13380/14181] Built H0mework.Versions.R9c73a630.Physics.LowEnergy.AlphaSource.CanonicalPreparationSourceOrderedSignalOperator (77s)
✔ [13381/14181] Built H0mework.Versions.R9c73a630.Physics.LowEnergy.AlphaSource.CanonicalPreparationSourceSignalOperatorPrice (81s)
✔ [13382/14181] Built H0mework.Versions.R9c73a630.Physics.LowEnergy.AlphaSource.CanonicalPreparationSourceSignalCausalResponse (16s)
✔ [13383/14181] Built H0mework.Versions.R9c73a630.Physics.LowEnergy.AlphaSource.CanonicalPreparationSourceNativeTemporalPencil (12s)
✔ [13384/14181] Built H0mework.Versions.R9c73a630.Physics.LowEnergy.AlphaSource.CanonicalPreparationSourceMovingPoleJointObservation (39s)
✔ [13385/14181] Built H0mework.Versions.R9c73a630.Physics.LowEnergy.AlphaSource.CanonicalPreparationSourceNativeSignalLaplaceReturn (17s)
✔ [13386/14181] Built H0mework.Versions.R9c73a630.Physics.LowEnergy.AlphaSource.CanonicalPreparationSourceNativeCurrentLaplaceCarrier (16s)
✔ [13387/14181] Built H0mework.Versions.R9c73a630.Physics.LowEnergy.AlphaSource.CanonicalPreparationSourceCurrentComplexMatrix (12s)
✔ [13388/14181] Built H0mework.Versions.R9c73a630.Physics.LowEnergy.AlphaSource.CanonicalPreparationSourceCurrentFeedbackAdjugate (16s)
✔ [13389/14181] Built H0mework.Versions.R9c73a630.Physics.LowEnergy.AlphaSource.CanonicalPreparationSourceConstrainedCurrentResponse (11s)
✔ [13390/14181] Built H0mework.Versions.R9c73a630.Physics.LowEnergy.AlphaSource.CanonicalPreparationSourcePhysicalCurrentWave (12s)
✔ [13391/14181] Built H0mework.Versions.R9c73a630.Physics.LowEnergy.AlphaSource.CanonicalPreparationSourceJointSpectralBudget (47s)
✔ [13392/14181] Built H0mework.Versions.R9c73a630.Physics.LowEnergy.AlphaSource.CanonicalPreparationSourcePhysicalCurrentResponse (19s)
✔ [13393/14181] Built H0mework.Versions.R9c73a630.Physics.LowEnergy.AlphaSource.CanonicalPreparationSourceMaterialResponseSuppression (56s)
✔ [13394/14181] Built H0mework.Versions.R9c73a630.Physics.LowEnergy.AlphaSource.CanonicalPreparationSourcePhysicalMaterialMomentum (14s)
✔ [13395/14181] Built H0mework.Versions.R9c73a630.Physics.LowEnergy.AlphaSource.CanonicalPreparationSourceQuantumPoleDuhamel (31s)
✔ [13396/14181] Built H0mework.Versions.R9c73a630.Physics.LowEnergy.AlphaSource.CanonicalPreparationSourceMovingCurrentConservation (168s)
✔ [13397/14181] Built H0mework.Versions.R9c73a630.Physics.LowEnergy.AlphaSource.CanonicalPreparationSourcePhysicalPolePreparedReturn (43s)
✔ [13398/14181] Built H0mework.Versions.R9c73a630.Physics.LowEnergy.AlphaSource.CanonicalPreparationSourceMovingCurrentInitialWard (31s)
✔ [13399/14181] Built H0mework.Versions.R9c73a630.Physics.LowEnergy.AlphaSource.CanonicalPreparationSourcePhysicalPoleEulerPrice (23s)
✔ [13400/14181] Built H0mework.Versions.R9c73a630.Physics.LowEnergy.AlphaSource.CanonicalPreparationSourcePhysicalPoleLaplace (18s)
✔ [13401/14181] Built H0mework.Versions.R9c73a630.Physics.LowEnergy.AlphaSource.CanonicalPreparationSourcePoleQuantumWard (39s)
✔ [13402/14181] Built H0mework.Versions.R9c73a630.Physics.LowEnergy.AlphaSource.CanonicalPreparationSourcePhysicalPoleDressedReturn (21s)
✔ [13403/14181] Built H0mework.Versions.R9c73a630.Physics.LowEnergy.AlphaSource.CanonicalPreparationSourceQuantumMixedRead (30s)
✔ [13404/14181] Built H0mework.Versions.R9c73a630.Physics.LowEnergy.AlphaSource.CanonicalPreparationSourceMaterialPoleAmputation (34s)
✔ [13405/14181] Built H0mework.Versions.R9c73a630.Physics.LowEnergy.AlphaSource.CanonicalPreparationSourceAmputatedPreparedVertex (43s)
✔ [13406/14181] Built H0mework.Versions.R9c73a630.Physics.LowEnergy.AlphaSource.CanonicalPreparationPrincipalHistory (39s)
✔ [13407/14181] Built H0mework.Versions.R9c73a630.Physics.LowEnergy.AlphaSource.CanonicalPreparationActualCurrentWard (18s)
✔ [13408/14181] Built H0mework.Versions.R9c73a630.Physics.LowEnergy.AlphaSource.CanonicalPreparationPrincipalLaplace (20s)
✔ [13409/14181] Built H0mework.Versions.R9c73a630.Physics.LowEnergy.AlphaSource.CanonicalPreparationPhiGrade (16s)
✔ [13410/14181] Built H0mework.Versions.R9c73a630.Physics.LowEnergy.AlphaSource.CanonicalPreparationSourceCurrentPrincipal (17s)
✔ [13411/14181] Built H0mework.Versions.R9c73a630.Physics.LowEnergy.AlphaSource.CanonicalPreparationSourceProjectionReturn (26s)
✔ [13412/14181] Built H0mework.Versions.R9c73a630.ReleaseMaterials.Physics.LowEnergyPhenomenology.AlphaSource.EmIdentification.PhysicalPoleCharge (55s)
✔ [13413/14181] Built H0mework.Versions.R9c73a630.Physics.LowEnergy.AlphaSource.CanonicalPreparationGaugeBand (37s)
✔ [13414/14181] Built H0mework.Versions.R9c73a630.Physics.LowEnergy.AlphaSource.CanonicalPreparationActualSpectralCurrent (43s)
✔ [13415/14181] Built H0mework.Versions.R9c73a630.Physics.LowEnergy.AlphaSource.CanonicalPreparationSourceNumberRange (26s)
✔ [13416/14181] Built H0mework.Versions.R9c73a630.Physics.LowEnergy.AlphaSource.CanonicalPreparationAbelZeroRead (15s)
✔ [13417/14181] Built H0mework.Versions.R9c73a630.Physics.LowEnergy.AlphaSource.CanonicalPreparationSourceNumberHistory (21s)
✔ [13418/14181] Built H0mework.Versions.R9c73a630.Physics.LowEnergy.AlphaSource.CanonicalPreparationSourceStaticInterval (16s)
✔ [13419/14181] Built H0mework.Versions.R9c73a630.Physics.LowEnergy.AlphaSource.CanonicalPreparationSourceWholeCurrent (20s)
✔ [13420/14181] Built H0mework.Versions.R9c73a630.Physics.LowEnergy.AlphaSource.SourceStaticInterval (12s)
✔ [13421/14181] Built H0mework.Versions.R9c73a630.Physics.LowEnergy.AlphaSource.CanonicalPreparationSourceCurrentSupport (16s)
✔ [13422/14181] Built H0mework.Versions.R9c73a630.Physics.LowEnergy.AlphaSource.CanonicalPreparationSourceConstraintRead (13s)
✔ [13423/14181] Built H0mework.Versions.R9c73a630.Physics.LowEnergy.AlphaSource.CanonicalPreparationSourceConstraintBoundary (21s)
✔ [13424/14181] Built H0mework.Versions.R9c73a630.Physics.LowEnergy.AlphaSource.CanonicalPreparationSourceColorMatrix (13s)
✔ [13425/14181] Built H0mework.Versions.R9c73a630.Physics.LowEnergy.AlphaSource.CanonicalPreparationSourceColorCurrent (36s)
✔ [13426/14181] Built H0mework.Versions.R9c73a630.Physics.LowEnergy.AlphaSource.CanonicalPreparationSourceColorBalance (21s)
✔ [13427/14181] Built H0mework.Versions.R9c73a630.Physics.LowEnergy.AlphaSource.CanonicalPreparationSourceComplementInverse (347s)
✔ [13428/14181] Built H0mework.Versions.R9c73a630.Physics.LowEnergy.AlphaSource.CanonicalPreparationSourceColorCoreWard (10s)
✔ [13429/14181] Built H0mework.Versions.R9c73a630.Physics.LowEnergy.AlphaSource.CanonicalPreparationSourceMixedSchur (10s)
✔ [13430/14181] Built H0mework.Versions.R9c73a630.Physics.LowEnergy.AlphaSource.CanonicalPreparationSourceColorPreparedWard (50s)
✔ [13431/14181] Built H0mework.Versions.R9c73a630.Physics.LowEnergy.AlphaSource.CanonicalPreparationSourceColorBoundaryWard (24s)
✔ [13432/14181] Built H0mework.Versions.R9c73a630.Physics.LowEnergy.AlphaSource.CanonicalPreparationSourceN1Dynamics (15s)
✔ [13433/14181] Built H0mework.Versions.R9c73a630.Physics.LowEnergy.AlphaSource.CanonicalPreparationSourceN1Prepared (22s)
✔ [13434/14181] Built H0mework.Versions.R9c73a630.ReleaseMaterials.Physics.LowEnergyPhenomenology.AlphaSource.CanonicalPreparationSourceGaussActionTimeReturn (25s)
✔ [13435/14181] Built H0mework.Versions.R9c73a630.Physics.LowEnergy.AlphaSource.CanonicalPreparationSourceActualEffective (145s)
✔ [13436/14181] Built H0mework.Versions.R9c73a630.Physics.LowEnergy.AlphaSource.CanonicalPreparationSourceCoefficientPrice (12s)
✔ [13437/14181] Built H0mework.Versions.R9c73a630.Physics.LowEnergy.AlphaSource.CanonicalPreparationSourceN1NormalWard (33s)
✔ [13438/14181] Built H0mework.Versions.R9c73a630.Physics.LowEnergy.AlphaSource.CanonicalPreparationSourceNeumannDomain (14s)
✔ [13439/14181] Built H0mework.Versions.R9c73a630.Physics.LowEnergy.AlphaSource.CanonicalPreparationSourceEffectiveLeading (39s)
✔ [13440/14181] Built H0mework.Versions.R9c73a630.Physics.LowEnergy.AlphaSource.CanonicalPreparationSourceWholeOriginFrame (43s)
✔ [13441/14181] Built H0mework.Versions.R9c73a630.Physics.LowEnergy.AlphaSource.CanonicalPreparationSourceDualSchur (91s)
✔ [13442/14181] Built H0mework.Versions.R9c73a630.Physics.LowEnergy.AlphaSource.CanonicalPreparationSourceWholeOriginCurrent (43s)
✔ [13443/14181] Built H0mework.Versions.R9c73a630.Physics.LowEnergy.AlphaSource.CanonicalPreparationSourceFullOriginInverse (158s)
✔ [13444/14181] Built H0mework.Versions.R9c73a630.Physics.LowEnergy.AlphaSource.CanonicalPreparationSourceFullOriginSchur (53s)
✔ [13445/14181] Built H0mework.Versions.R9c73a630.Physics.LowEnergy.AlphaSource.CanonicalPreparationSourceFullOriginCurrent (24s)
✔ [13446/14181] Built H0mework.Versions.R9c73a630.Physics.LowEnergy.AlphaSource.CanonicalPreparationSourceStaticPoleDomain (9.3s)
✔ [13447/14181] Built H0mework.Versions.R9c73a630.Physics.LowEnergy.AlphaSource.CanonicalPreparationSourceStaticOriginalGreen (23s)
✔ [13448/14181] Built H0mework.Versions.R9c73a630.Physics.LowEnergy.AlphaSource.CanonicalPreparationSourceStaticActualPole (15s)
✔ [13449/14181] Built H0mework.Versions.R9c73a630.ReleaseMaterials.Physics.LowEnergyPhenomenology.AlphaSource.SourceStaticActualPole (10s)
✔ [13450/14181] Built H0mework.Versions.R9c73a630.Physics.LowEnergy.AlphaSource.CanonicalPreparationSourceRestSpatialAction (21s)
✔ [13451/14181] Built H0mework.Versions.R9c73a630.Physics.LowEnergy.AlphaSource.SourceRestSpatialAction (6.6s)
✔ [13452/14181] Built H0mework.Versions.R9c73a630.Physics.LowEnergy.AlphaSource.CanonicalPreparationSourceModeGaugeAction (7.9s)
✔ [13453/14181] Built H0mework.Versions.R9c73a630.ReleaseMaterials.Physics.LowEnergyPhenomenology.AlphaSource.CanonicalPreparationSourceLockedPoleCurrent (97s)
✔ [13454/14181] Built H0mework.Versions.R9c73a630.ReleaseMaterials.Verification.Physics.LowEnergyPhenomenology.AlphaSource.SourceModeGaugeAction (14s)
✔ [13455/14181] Built H0mework.Versions.R9c73a630.ReleaseMaterials.Verification.Physics.LowEnergyPhenomenology.AlphaSource.SourceLockedPoleCurrent (102s)
✔ [13456/14181] Built H0mework.Versions.R9c73a630.ReleaseMaterials.Physics.LowEnergyPhenomenology.AlphaSource.CanonicalPreparationSourceReferenceContact (12s)
✔ [13457/14181] Built H0mework.Versions.R9c73a630.Physics.LowEnergy.AlphaSource.CanonicalPreparationSourceModeCurrent (32s)
✔ [13458/14181] Built H0mework.Versions.R9c73a630.ReleaseMaterials.Verification.Physics.LowEnergyPhenomenology.AlphaSource.SourceModeCurrent (29s)
✔ [13459/14181] Built H0mework.Versions.R9c73a630.ReleaseMaterials.Physics.LowEnergyPhenomenology.AlphaSource.CanonicalPreparationSourceModeNativeSymbol (10s)
✔ [13460/14181] Built H0mework.Versions.R9c73a630.ReleaseMaterials.Physics.LowEnergyPhenomenology.AlphaSource.CanonicalPreparationSourceMovingCarrier (12s)
✔ [13461/14181] Built H0mework.Versions.R9c73a630.ReleaseMaterials.Verification.Physics.LowEnergyPhenomenology.AlphaSource.SourceMovingCarrier (10s)
✔ [13462/14181] Built H0mework.Versions.R9c73a630.ReleaseMaterials.Physics.LowEnergyPhenomenology.AlphaSource.CanonicalPreparationSourcePreparedTensor (10s)
✔ [13463/14181] Built H0mework.Versions.R9c73a630.ReleaseMaterials.Physics.LowEnergyPhenomenology.AlphaSource.CanonicalPreparationSourceModeContactRead (26s)
✔ [13464/14181] Built H0mework.Versions.R9c73a630.ReleaseMaterials.Verification.Physics.LowEnergyPhenomenology.AlphaSource.SourcePreparedTensor (11s)
✔ [13465/14181] Built H0mework.Versions.R9c73a630.ReleaseMaterials.Physics.LowEnergyPhenomenology.AlphaSource.SourceModeContactRead (8.1s)
✔ [13466/14181] Built H0mework.Versions.R9c73a630.ReleaseMaterials.Physics.LowEnergyPhenomenology.AlphaSource.CanonicalPreparationSourceGaussConnection (10s)
✔ [13467/14181] Built H0mework.Versions.R9c73a630.ReleaseMaterials.Physics.LowEnergyPhenomenology.AlphaSource.CanonicalPreparationSourceMomentumContinuation (40s)
✔ [13468/14181] Built H0mework.Versions.R9c73a630.ReleaseMaterials.Physics.LowEnergyPhenomenology.AlphaSource.CanonicalPreparationSourceGaussKineticTorque (12s)
✔ [13469/14181] Built H0mework.Versions.R9c73a630.ReleaseMaterials.Verification.Physics.LowEnergyPhenomenology.AlphaSource.SourceMomentumContinuation (36s)
✔ [13470/14181] Built H0mework.Versions.R9c73a630.ReleaseMaterials.Physics.LowEnergyPhenomenology.AlphaSource.CanonicalPreparationSourceRetainerMomentum (9.0s)
✔ [13471/14181] Built H0mework.Versions.R9c73a630.ReleaseMaterials.Physics.LowEnergyPhenomenology.AlphaSource.CanonicalPreparationSourceGaussColorWard (12s)
✔ [13472/14181] Built H0mework.Versions.R9c73a630.ReleaseMaterials.Verification.Physics.LowEnergyPhenomenology.AlphaSource.SourceRetainerMomentum (11s)
✔ [13473/14181] Built H0mework.Versions.R9c73a630.ReleaseMaterials.Physics.LowEnergyPhenomenology.AlphaSource.CanonicalPreparationSourceReaderMomentum (9.6s)
✔ [13474/14181] Built H0mework.Versions.R9c73a630.ReleaseMaterials.Physics.LowEnergyPhenomenology.AlphaSource.CanonicalPreparationSourceFullPoleTensor (9.8s)
✔ [13475/14181] Built H0mework.Versions.R9c73a630.ReleaseMaterials.Physics.LowEnergyPhenomenology.AlphaSource.CanonicalPreparationActualGaussMaterialRead (21s)
✔ [13476/14181] Built H0mework.Versions.R9c73a630.ReleaseMaterials.Physics.LowEnergyPhenomenology.AlphaSource.CanonicalPreparationSourceAxisCompatibility (8.6s)
✔ [13477/14181] Built H0mework.Versions.R9c73a630.ReleaseMaterials.Physics.LowEnergyPhenomenology.AlphaSource.CanonicalPreparationSourceColourSymbolCovariance (9.7s)
✔ [13478/14181] Built H0mework.Versions.R9c73a630.ReleaseMaterials.Physics.LowEnergyPhenomenology.AlphaSource.SourceColourSymbolCovariance (8.5s)
✔ [13479/14181] Built H0mework.Versions.R9c73a630.ReleaseMaterials.Physics.LowEnergyPhenomenology.AlphaSource.CanonicalPreparationSourceNativePoleBalance (19s)
✔ [13480/14181] Built H0mework.Versions.R9c73a630.ReleaseMaterials.Physics.LowEnergyPhenomenology.AlphaSource.SourceNativePoleBalance (5.6s)
✔ [13481/14181] Built H0mework.Versions.R9c73a630.ReleaseMaterials.Physics.LowEnergyPhenomenology.AlphaSource.CanonicalPreparationSourceNativePolePrice (9.3s)
✔ [13482/14181] Built H0mework.Versions.R9c73a630.ReleaseMaterials.Physics.LowEnergyPhenomenology.AlphaSource.CanonicalPreparationActualQuantumMaterialWard (23s)
✔ [13483/14181] Built H0mework.Versions.R9c73a630.ReleaseMaterials.Physics.LowEnergyPhenomenology.AlphaSource.CanonicalPreparationSourcePhysicalHermitian (7.6s)
✔ [13484/14181] Built H0mework.Versions.R9c73a630.ReleaseMaterials.Physics.LowEnergyPhenomenology.AlphaSource.CanonicalPreparationSourceN1MaterialContact (10s)
✔ [13485/14181] Built H0mework.Versions.R9c73a630.ReleaseMaterials.Physics.LowEnergyPhenomenology.AlphaSource.CanonicalPreparationSourceN1GaussMaterialWard (11s)
✔ [13486/14181] Built H0mework.Versions.R9c73a630.ReleaseMaterials.Physics.LowEnergyPhenomenology.AlphaSource.CanonicalPreparationSourceSlowFastLeading (53s)
✔ [13487/14181] Built H0mework.Versions.R9c73a630.ReleaseMaterials.Physics.LowEnergyPhenomenology.AlphaSource.CanonicalPreparationSourcePhysicalPropagation (13s)
✔ [13488/14181] Built H0mework.Versions.R9c73a630.ReleaseMaterials.Physics.LowEnergyPhenomenology.AlphaSource.CanonicalPreparationSourceExactSchurScale (7.9s)
✔ [13489/14181] Built H0mework.Versions.R9c73a630.ReleaseMaterials.Physics.LowEnergyPhenomenology.AlphaSource.CanonicalPreparationSourceSmoothPhysicalTensor (11s)
✔ [13490/14181] Built H0mework.Versions.R9c73a630.ReleaseMaterials.Physics.LowEnergyPhenomenology.AlphaSource.CanonicalPreparationSourceN1ColourContactReturn (69s)
✔ [13491/14181] Built H0mework.Versions.R9c73a630.ReleaseMaterials.Physics.LowEnergyPhenomenology.AlphaSource.CanonicalPreparationSourceNativeContactReader (19s)
✔ [13492/14181] Built H0mework.Versions.R9c73a630.ReleaseMaterials.Physics.LowEnergyPhenomenology.AlphaSource.CanonicalPreparationSourceSimplePhysicalSheet (25s)
✔ [13493/14181] Built H0mework.Versions.R9c73a630.ReleaseMaterials.Physics.LowEnergyPhenomenology.AlphaSource.CanonicalPreparationSourceDynamicRegular (13s)
✔ [13494/14181] Built H0mework.Versions.R9c73a630.ReleaseMaterials.Physics.LowEnergyPhenomenology.AlphaSource.CanonicalPreparationSourceNativeJointMode (23s)
✔ [13495/14181] Built H0mework.Versions.R9c73a630.ReleaseMaterials.Physics.LowEnergyPhenomenology.AlphaSource.CanonicalPreparationSourceNativeSchurResponse (11s)
✔ [13496/14181] Built H0mework.Versions.R9c73a630.ReleaseMaterials.Physics.LowEnergyPhenomenology.AlphaSource.CanonicalPreparationSourceActualNativePole (6.5s)
✔ [13497/14181] Built H0mework.Versions.R9c73a630.ReleaseMaterials.Physics.LowEnergyPhenomenology.AlphaSource.CanonicalPreparationSourceColourPhysicalBalance (9.7s)
✔ [13498/14181] Built H0mework.Versions.R9c73a630.ReleaseMaterials.Physics.LowEnergyPhenomenology.AlphaSource.CanonicalPreparationSourceChargeTimeSpectrum (11s)
✔ [13499/14181] Built H0mework.Versions.R9c73a630.ReleaseMaterials.Physics.LowEnergyPhenomenology.AlphaSource.CanonicalPreparationSourceChargeTimeAbel (9.2s)
✔ [13500/14181] Built H0mework.Versions.R9c73a630.ReleaseMaterials.Physics.LowEnergyPhenomenology.AlphaSource.CanonicalPreparationSourceSoftResidueKernel (24s)
✔ [13501/14181] Built H0mework.Versions.R9c73a630.ReleaseMaterials.Physics.LowEnergyPhenomenology.AlphaSource.CanonicalPreparationSourceSoftNativeFrame (6.9s)
✔ [13502/14181] Built H0mework.Versions.R9c73a630.ReleaseMaterials.Physics.LowEnergyPhenomenology.AlphaSource.CanonicalPreparationSourceStaticGaussResidue (9.6s)
✔ [13503/14181] Built H0mework.Versions.R9c73a630.ReleaseMaterials.Physics.LowEnergyPhenomenology.AlphaSource.SourceSoftNativeFrame (8.2s)
✔ [13504/14181] Built H0mework.Versions.R9c73a630.ReleaseMaterials.Physics.LowEnergyPhenomenology.AlphaSource.CanonicalPreparationSourceActualGapRadius (10s)
✔ [13505/14181] Built H0mework.Versions.R9c73a630.ReleaseMaterials.Physics.LowEnergyPhenomenology.AlphaSource.CanonicalPreparationSourceActualSoftSelection (20s)
✔ [13506/14181] Built H0mework.Versions.R9c73a630.ReleaseMaterials.Physics.LowEnergyPhenomenology.AlphaSource.SourceActualSoftSelection (12s)
✔ [13507/14181] Built H0mework.Versions.R9c73a630.ReleaseMaterials.Physics.LowEnergyPhenomenology.AlphaSource.CanonicalPreparationSourceComplexCurrentZero (15s)
✔ [13508/14181] Built H0mework.Versions.R9c73a630.ReleaseMaterials.Verification.Physics.LowEnergyPhenomenology.AlphaSource.SourceCausalRegular (9.4s)
✔ [13509/14181] Built H0mework.Versions.R9c73a630.ReleaseMaterials.Physics.LowEnergyPhenomenology.AlphaSource.CanonicalPreparationSourceCausalRegular (10s)
✔ [13510/14181] Built H0mework.Versions.R9c73a630.ReleaseMaterials.Verification.Physics.LowEnergyPhenomenology.AlphaSource.SourceCausalCurrentHalf (12s)
✔ [13511/14181] Built H0mework.Versions.R9c73a630.ReleaseMaterials.Physics.LowEnergyPhenomenology.AlphaSource.CanonicalPreparationSourceCausalGaussZero (14s)
✔ [13512/14181] Built H0mework.Versions.R9c73a630.ReleaseMaterials.Physics.LowEnergyPhenomenology.AlphaSource.CanonicalPreparationSourceCausalCurrentHalf (12s)
✔ [13513/14181] Built H0mework.Versions.R9c73a630.Physics.LowEnergy.AlphaSource.SourceCausalGaussZero (11s)
✔ [13514/14181] Built H0mework.Versions.R9c73a630.ReleaseMaterials.Verification.Physics.LowEnergyPhenomenology.AlphaSource.SourceCommonCausalReturn (31s)
✔ [13515/14181] Built H0mework.Versions.R9c73a630.ReleaseMaterials.Physics.LowEnergyPhenomenology.AlphaSource.CanonicalPreparationSourceCommonCausalReturn (27s)
✔ [13516/14181] Built H0mework.Versions.R9c73a630.ReleaseMaterials.Physics.LowEnergyPhenomenology.AlphaSource.CanonicalPreparationSourceChannelOperators (40s)
✔ [13517/14181] Built H0mework.Versions.R9c73a630.ReleaseMaterials.Verification.Physics.LowEnergyPhenomenology.AlphaSource.SourceChannelOperators (38s)
✔ [13518/14181] Built H0mework.Versions.R9c73a630.ReleaseMaterials.Verification.Physics.LowEnergyPhenomenology.AlphaSource.SourceGaugeLaplaceEquation (42s)
✔ [13519/14181] Built H0mework.Versions.R9c73a630.ReleaseMaterials.Physics.LowEnergyPhenomenology.AlphaSource.CanonicalPreparationSourceGaugeLaplaceEquation (37s)
✔ [13520/14181] Built H0mework.Versions.R9c73a630.ReleaseMaterials.Physics.LowEnergyPhenomenology.AlphaSource.CanonicalPreparationSourceLiouvillianBlocks (38s)
✔ [13521/14181] Built H0mework.Versions.R9c73a630.ReleaseMaterials.Verification.Physics.LowEnergyPhenomenology.AlphaSource.SourceLiouvillianBlocks (40s)
✔ [13522/14181] Built H0mework.Versions.R9c73a630.ReleaseMaterials.Verification.Physics.LowEnergyPhenomenology.AlphaSource.SourceGaugeHalfSylvester (30s)
✔ [13523/14181] Built H0mework.Versions.R9c73a630.ReleaseMaterials.Verification.Physics.LowEnergyPhenomenology.AlphaSource.SourceFullN1Sylvester (34s)
✔ [13524/14181] Built H0mework.Versions.R9c73a630.ReleaseMaterials.Physics.LowEnergyPhenomenology.AlphaSource.CanonicalPreparationSourceGaugeHalfSylvester (36s)
✔ [13525/14181] Built H0mework.Versions.R9c73a630.ReleaseMaterials.Physics.LowEnergyPhenomenology.AlphaSource.CanonicalPreparationSourceFullN1Sylvester (29s)
✔ [13526/14181] Built H0mework.Versions.R9c73a630.ReleaseMaterials.Verification.Physics.LowEnergyPhenomenology.AlphaSource.SourceOffgapInverse (39s)
✔ [13527/14181] Built H0mework.Versions.R9c73a630.ReleaseMaterials.Verification.Physics.LowEnergyPhenomenology.AlphaSource.SourceSlowNeumann (35s)
✔ [13528/14181] Built H0mework.Versions.R9c73a630.ReleaseMaterials.Physics.LowEnergyPhenomenology.AlphaSource.CanonicalPreparationSourceOffgapInverse (48s)
✔ [13529/14181] Built H0mework.Versions.R9c73a630.ReleaseMaterials.Verification.Physics.LowEnergyPhenomenology.AlphaSource.SourceActualSlowSchur (29s)
✔ [13530/14181] Built H0mework.Versions.R9c73a630.ReleaseMaterials.Verification.Physics.LowEnergyPhenomenology.AlphaSource.SourcePinnedVelocity (35s)
✔ [13531/14181] Built H0mework.Versions.R9c73a630.ReleaseMaterials.Physics.LowEnergyPhenomenology.AlphaSource.CanonicalPreparationSourceSlowNeumann (27s)
✔ [13532/14181] Built H0mework.Versions.R9c73a630.ReleaseMaterials.Physics.LowEnergyPhenomenology.AlphaSource.CanonicalPreparationSourcePinnedVelocity (39s)
✔ [13533/14181] Built H0mework.Versions.R9c73a630.ReleaseMaterials.Verification.Physics.LowEnergyPhenomenology.AlphaSource.SourceSlowCurrentReturn (25s)
✔ [13534/14181] Built H0mework.Versions.R9c73a630.ReleaseMaterials.Verification.Physics.LowEnergyPhenomenology.AlphaSource.SourcePinnedLeftAction (26s)
✔ [13535/14181] Built H0mework.Versions.R9c73a630.ReleaseMaterials.Physics.LowEnergyPhenomenology.AlphaSource.CanonicalPreparationSourceActualSlowSchur (37s)
✔ [13536/14181] Built H0mework.Versions.R9c73a630.ReleaseMaterials.Physics.LowEnergyPhenomenology.AlphaSource.CanonicalPreparationSourcePinnedLeftAction (30s)
✔ [13537/14181] Built H0mework.Versions.R9c73a630.ReleaseMaterials.Physics.LowEnergyPhenomenology.AlphaSource.CanonicalPreparationSourceSlowCurrentReturn (39s)
✔ [13538/14181] Built H0mework.Versions.R9c73a630.ReleaseMaterials.Verification.Physics.LowEnergyPhenomenology.AlphaSource.SourcePinnedLeadingInverse (57s)
✔ [13539/14181] Built H0mework.Versions.R9c73a630.ReleaseMaterials.Verification.Physics.LowEnergyPhenomenology.AlphaSource.SourceEffectiveCausalInverse (18s)
✔ [13540/14181] Built H0mework.Versions.R9c73a630.ReleaseMaterials.Physics.LowEnergyPhenomenology.AlphaSource.CanonicalPreparationSourcePinnedLeadingInverse (46s)
✔ [13541/14181] Built H0mework.Versions.R9c73a630.ReleaseMaterials.Verification.Physics.LowEnergyPhenomenology.AlphaSource.SourceActualSlowResidues (33s)
✔ [13542/14181] Built H0mework.Versions.R9c73a630.ReleaseMaterials.Physics.LowEnergyPhenomenology.AlphaSource.CanonicalPreparationSourcePinnedPoleChannels (20s)
✔ [13543/14181] Built H0mework.Versions.R9c73a630.ReleaseMaterials.Physics.LowEnergyPhenomenology.AlphaSource.CanonicalPreparationSourceEffectiveCausalInverse (18s)
✔ [13544/14181] Built H0mework.Versions.R9c73a630.ReleaseMaterials.Verification.Physics.LowEnergyPhenomenology.AlphaSource.SourceActualCurrentResidues (24s)
✔ [13545/14181] Built H0mework.Versions.R9c73a630.ReleaseMaterials.Verification.Physics.LowEnergyPhenomenology.AlphaSource.SourceLockedFieldReturn (25s)
✔ [13546/14181] Built H0mework.Versions.R9c73a630.ReleaseMaterials.Physics.LowEnergyPhenomenology.AlphaSource.CanonicalPreparationSourceActualSlowResidues (39s)
✔ [13547/14181] Built H0mework.Versions.R9c73a630.ReleaseMaterials.Physics.LowEnergyPhenomenology.AlphaSource.CanonicalPreparationSourceActualCurrentResidues (28s)
✔ [13548/14181] Built H0mework.Versions.R9c73a630.ReleaseMaterials.Physics.LowEnergyPhenomenology.AlphaSource.CanonicalPreparationSourceLockedFieldReturn (21s)
✔ [13549/14181] Built H0mework.Versions.R9c73a630.ReleaseMaterials.Physics.LowEnergyPhenomenology.AlphaSource.CanonicalPreparationSourceNativeReaderJet (33s)
✔ [13550/14181] Built H0mework.Versions.R9c73a630.ReleaseMaterials.Physics.LowEnergyPhenomenology.AlphaSource.CanonicalPreparationSourceLockedGradeZero (15s)
✔ [13551/14181] Built H0mework.Versions.R9c73a630.ReleaseMaterials.Physics.LowEnergyPhenomenology.AlphaSource.CanonicalPreparationSourceActualOriginRead (11s)
✔ [13552/14181] Built H0mework.Versions.R9c73a630.ReleaseMaterials.Physics.LowEnergyPhenomenology.AlphaSource.CanonicalPreparationSourceActualNativeCoupling (14s)
✔ [13553/14181] Built H0mework.Versions.R9c73a630.ReleaseMaterials.Physics.LowEnergyPhenomenology.AlphaSource.CanonicalPreparationSourceLockedReaderReturn (26s)
✔ [13554/14181] Built H0mework.Versions.R9c73a630.ReleaseMaterials.Physics.LowEnergyPhenomenology.AlphaSource.CanonicalPreparationSourceLockedFirstResidue (32s)
✔ [13555/14181] Built H0mework.Versions.R9c73a630.ReleaseMaterials.Physics.LowEnergyPhenomenology.AlphaSource.CanonicalPreparationSourceCausalFieldTensor (62s)
✔ [13556/14181] Built H0mework.Versions.R9c73a630.ReleaseMaterials.Physics.LowEnergyPhenomenology.AlphaSource.CanonicalPreparationSourceCausalFieldReturn (9.1s)
✔ [13557/14181] Built H0mework.Versions.R9c73a630.ReleaseMaterials.Physics.LowEnergyPhenomenology.AlphaSource.CanonicalPreparationSourceJointCausalField (12s)
✔ [13558/14181] Built H0mework.Versions.R9c73a630.ReleaseMaterials.Physics.LowEnergyPhenomenology.AlphaSource.CanonicalPreparationSourceNativeModeAction (14s)
✔ [13559/14181] Built H0mework.Versions.R9c73a630.ReleaseMaterials.Physics.LowEnergyPhenomenology.AlphaSource.EmIdentification.PhysicalFullFieldScattering (24s)
✔ [13560/14181] Built H0mework.Versions.R9c73a630.ReleaseMaterials.Physics.LowEnergyPhenomenology.AlphaSource.PhysicalModeCharge (29s)
✔ [13561/14181] Built H0mework.Versions.R9c73a630.ReleaseMaterials.Physics.LowEnergyPhenomenology.AlphaSource.CanonicalPreparationSourcePinnedPoleBoundary (41s)
✔ [13562/14181] Built H0mework.Versions.R9c73a630.ReleaseMaterials.Physics.LowEnergyPhenomenology.AlphaSource.EmIdentification.PhysicalFullFieldResidue (10s)
✔ [13563/14181] Built H0mework.Versions.R9c73a630.ReleaseMaterials.Physics.LowEnergyPhenomenology.AlphaSource.CanonicalPreparationSourceModeRestCurrent (13s)
✔ [13564/14181] Built H0mework.Versions.R9c73a630.ReleaseMaterials.Physics.LowEnergyPhenomenology.AlphaSource.PhysicalModeEMCurrent (26s)
✔ [13565/14181] Built H0mework.Versions.R9c73a630.ReleaseMaterials.Physics.LowEnergyPhenomenology.AlphaSource.CanonicalPreparationSourceObservedFieldVertex (26s)
✔ [13566/14181] Built H0mework.Versions.R9c73a630.ReleaseMaterials.Physics.LowEnergyPhenomenology.AlphaSource.SourceObservedFieldVertex (10s)
✔ [13567/14181] Built H0mework.Versions.R9c73a630.ReleaseMaterials.Physics.LowEnergyPhenomenology.AlphaSource.CanonicalPreparationSourceModeGaussRead (18s)
✔ [13568/14181] Built H0mework.Versions.R9c73a630.ReleaseMaterials.Physics.LowEnergyPhenomenology.AlphaSource.CanonicalPreparationSourceStaticCurrentResidue (16s)
✔ [13569/14181] Built H0mework.Versions.R9c73a630.ReleaseMaterials.Physics.LowEnergyPhenomenology.AlphaSource.CanonicalPreparationSourceLockedChargeCore (19s)
✔ [13570/14181] Built H0mework.Versions.R9c73a630.ReleaseMaterials.Physics.LowEnergyPhenomenology.AlphaSource.CanonicalPreparationSourceStaticNativeForcing (17s)
✔ [13571/14181] Built H0mework.Versions.R9c73a630.ReleaseMaterials.Physics.LowEnergyPhenomenology.AlphaSource.SourceQuantumBoundaryNumerator (53s)
✔ [13572/14181] Built H0mework.Versions.R9c73a630.ReleaseMaterials.Physics.LowEnergyPhenomenology.AlphaSource.CanonicalPreparationSourceLockedActionWard (15s)
✔ [13573/14181] Built H0mework.Versions.R9c73a630.ReleaseMaterials.Physics.LowEnergyPhenomenology.AlphaSource.CanonicalPreparationSourceStaticObservedField (14s)
✔ [13574/14181] Built H0mework.Versions.R9c73a630.ReleaseMaterials.Physics.LowEnergyPhenomenology.AlphaSource.SourceNativeBoundaryNumerator (13s)
✔ [13575/14181] Built H0mework.Versions.R9c73a630.ReleaseMaterials.Physics.LowEnergyPhenomenology.AlphaSource.CanonicalPreparationSourceLockedPreparedBalance (28s)
✔ [13576/14181] Built H0mework.Versions.R9c73a630.ReleaseMaterials.Physics.LowEnergyPhenomenology.AlphaSource.CanonicalPreparationSourceLockedN1Pair (14s)
✔ [13577/14181] Built H0mework.Versions.R9c73a630.ReleaseMaterials.Physics.LowEnergyPhenomenology.AlphaSource.CanonicalPreparationSourceStaticLaurentCurrent (38s)
✔ [13578/14181] Built H0mework.Versions.R9c73a630.ReleaseMaterials.Physics.LowEnergyPhenomenology.AlphaSource.CanonicalPreparationSourceChargedFieldSlots (34s)
✔ [13579/14181] Built H0mework.Versions.R9c73a630.ReleaseMaterials.Physics.LowEnergyPhenomenology.AlphaSource.CanonicalPreparationSourceStaticLaurentForcing (16s)
✔ [13580/14181] Built H0mework.Versions.R9c73a630.ReleaseMaterials.Physics.LowEnergyPhenomenology.AlphaSource.CanonicalPreparationSourceLockedN1Return (50s)
✔ [13581/14181] Built H0mework.Versions.R9c73a630.ReleaseMaterials.Physics.LowEnergyPhenomenology.AlphaSource.CanonicalPreparationSourceStaticLaurentObserved (14s)
✔ [13582/14181] Built H0mework.Versions.R9c73a630.ReleaseMaterials.Physics.LowEnergyPhenomenology.AlphaSource.CanonicalPreparationSourceLockedStaticN1Read (47s)
✔ [13583/14181] Built H0mework.Versions.R9c73a630.ReleaseMaterials.Physics.LowEnergyPhenomenology.AlphaSource.CanonicalPreparationSourcePinnedRadialScale (45s)
✔ [13584/14181] Built H0mework.Versions.R9c73a630.ReleaseMaterials.Physics.LowEnergyPhenomenology.AlphaSource.CanonicalPreparationSourceChargedFieldWardRead (23s)
✔ [13585/14181] Built H0mework.Versions.R9c73a630.ReleaseMaterials.Physics.LowEnergyPhenomenology.AlphaSource.CanonicalPreparationSourceSimpleRadialScale (18s)
✔ [13586/14181] Built H0mework.Versions.R9c73a630.ReleaseMaterials.Physics.LowEnergyPhenomenology.AlphaSource.CanonicalPreparationSourceActualChargedFieldRead (14s)
✔ [13587/14181] Built H0mework.Versions.R9c73a630.ReleaseMaterials.Physics.LowEnergyPhenomenology.AlphaSource.CanonicalPreparationSourceSpatialGreenRead (17s)
✔ [13588/14181] Built H0mework.Versions.R9c73a630.ReleaseMaterials.Physics.LowEnergyPhenomenology.AlphaSource.SourceActualChargedFieldRead (10s)
✔ [13589/14181] Built H0mework.Versions.R9c73a630.ReleaseMaterials.Physics.LowEnergyPhenomenology.AlphaSource.CanonicalPreparationSourceUniformSpatialResponse (24s)
✔ [13590/14181] Built H0mework.Versions.R9c73a630.ReleaseMaterials.Physics.LowEnergyPhenomenology.AlphaSource.CanonicalPreparationSourceQuantumLockedPoleCharge (30s)
✔ [13591/14181] Built H0mework.Versions.R9c73a630.ReleaseMaterials.Physics.LowEnergyPhenomenology.AlphaSource.CanonicalPreparationSourceActualPacketApproximation (15s)
✔ [13592/14181] Built H0mework.Versions.R9c73a630.ReleaseMaterials.Physics.LowEnergyPhenomenology.AlphaSource.SourceQuantumLockedPoleCharge (8.5s)
✔ [13593/14181] Built H0mework.Versions.R9c73a630.ReleaseMaterials.Physics.LowEnergyPhenomenology.AlphaSource.CanonicalPreparationSourcePacketSpatialResponse (15s)
✔ [13594/14181] Built H0mework.Versions.R9c73a630.ReleaseMaterials.Physics.LowEnergyPhenomenology.AlphaSource.CanonicalPreparationSourceCanonicalPacketDensity (12s)
✔ [13595/14181] Built H0mework.Versions.R9c73a630.ReleaseMaterials.Physics.LowEnergyPhenomenology.AlphaSource.CanonicalPreparationSourceQuantumLockedChargeEvolution (49s)
✔ [13596/14181] Built H0mework.Versions.R9c73a630.ReleaseMaterials.Physics.LowEnergyPhenomenology.AlphaSource.SourceCanonicalPacketDensity (13s)
✔ [13597/14181] Built H0mework.Versions.R9c73a630.ReleaseMaterials.Physics.LowEnergyPhenomenology.AlphaSource.CanonicalPreparationSourcePacketGreenTail (16s)
✔ [13598/14181] Built H0mework.Versions.R9c73a630.ReleaseMaterials.Physics.LowEnergyPhenomenology.AlphaSource.SourcePacketGreenTail (12s)
✔ [13599/14181] Built H0mework.Versions.R9c73a630.ReleaseMaterials.Physics.LowEnergyPhenomenology.AlphaSource.CanonicalPreparationSourceChargedPacketFieldReturn (14s)
✔ [13600/14181] Built H0mework.Versions.R9c73a630.ReleaseMaterials.Physics.LowEnergyPhenomenology.AlphaSource.SourceChargedPacketFieldReturn (14s)
✔ [13601/14181] Built H0mework.Versions.R9c73a630.ReleaseMaterials.Physics.LowEnergyPhenomenology.AlphaSource.CanonicalPreparationSourceChargedCornerInverse (17s)
✔ [13602/14181] Built H0mework.Versions.R9c73a630.ReleaseMaterials.Physics.LowEnergyPhenomenology.AlphaSource.CanonicalPreparationSourceChargedSecondUniform (19s)
✔ [13603/14181] Built H0mework.Versions.R9c73a630.ReleaseMaterials.Physics.LowEnergyPhenomenology.AlphaSource.CanonicalPreparationSourceChargedSecondPacket (15s)
✔ [13604/14181] Built H0mework.Versions.R9c73a630.ReleaseMaterials.Physics.LowEnergyPhenomenology.AlphaSource.CanonicalPreparationSourceQuantumChargedFieldVertex (38s)
✔ [13605/14181] Built H0mework.Versions.R9c73a630.ReleaseMaterials.Physics.LowEnergyPhenomenology.AlphaSource.SourceChargedSecondPacket (11s)
✔ [13606/14181] Built H0mework.Versions.R9c73a630.ReleaseMaterials.Physics.LowEnergyPhenomenology.AlphaSource.SourceQuantumChargedFieldVertex (10s)
✔ [13607/14181] Built H0mework.Versions.R9c73a630.ReleaseMaterials.Physics.LowEnergyPhenomenology.AlphaSource.CanonicalPreparationSourceChargedPropagatingRead (13s)
✔ [13608/14181] Built H0mework.Versions.R9c73a630.ReleaseMaterials.Physics.LowEnergyPhenomenology.AlphaSource.SourceChargedPropagatingRead (7.0s)
✔ [13609/14181] Built H0mework.Versions.R9c73a630.ReleaseMaterials.Physics.LowEnergyPhenomenology.AlphaSource.CanonicalPreparationSourceChargedStaticLaurent (8.1s)
✔ [13610/14181] Built H0mework.Versions.R9c73a630.ReleaseMaterials.Physics.LowEnergyPhenomenology.AlphaSource.SourceChargedStaticLaurent (7.4s)
✔ [13611/14181] Built H0mework.Versions.R9c73a630.ReleaseMaterials.Physics.LowEnergyPhenomenology.AlphaSource.CanonicalPreparationSourceChargedStaticSpatialRead (8.6s)
✔ [13612/14181] Built H0mework.Versions.R9c73a630.ReleaseMaterials.Physics.LowEnergyPhenomenology.AlphaSource.SourceChargedStaticSpatialRead (10s)
✔ [13613/14181] Built H0mework.Versions.R9c73a630.ReleaseMaterials.Physics.LowEnergyPhenomenology.AlphaSource.CanonicalPreparationSourceVoltageCauchyTangent (24s)
✔ [13614/14181] Built H0mework.Versions.R9c73a630.ReleaseMaterials.Physics.LowEnergyPhenomenology.AlphaSource.CanonicalPreparationSourceVoltageNativeJet (20s)
✔ [13615/14181] Built H0mework.Versions.R9c73a630.ReleaseMaterials.Physics.LowEnergyPhenomenology.AlphaSource.SourceVoltageNativeJet (11s)
✔ [13616/14181] Built H0mework.Versions.R9c73a630.ReleaseMaterials.Physics.LowEnergyPhenomenology.AlphaSource.CanonicalPreparationSourceVoltageQuantumDensity (15s)
✔ [13617/14181] Built H0mework.Versions.R9c73a630.ReleaseMaterials.Physics.LowEnergyPhenomenology.AlphaSource.CanonicalPreparationSourceVoltageWholeForcing (31s)
✔ [13618/14181] Built H0mework.Versions.R9c73a630.ReleaseMaterials.Physics.LowEnergyPhenomenology.AlphaSource.SourceVoltageWholeForcing (9.4s)
✔ [13619/14181] Built H0mework.Versions.R9c73a630.ReleaseMaterials.Physics.LowEnergyPhenomenology.AlphaSource.CanonicalPreparationSourceVoltageHamiltonianResponse (19s)
✔ [13620/14181] Built H0mework.Versions.R9c73a630.ReleaseMaterials.Physics.LowEnergyPhenomenology.AlphaSource.CanonicalPreparationSourceVoltageGaussIdentity (11s)
✔ [13621/14181] Built H0mework.Versions.R9c73a630.ReleaseMaterials.Physics.LowEnergyPhenomenology.AlphaSource.CanonicalPreparationSourceVoltageRampPencil (14s)
✔ [13622/14181] Built H0mework.Versions.R9c73a630.ReleaseMaterials.Physics.LowEnergyPhenomenology.AlphaSource.SourceVoltageHamiltonianResponse (7.7s)
✔ [13623/14181] Built H0mework.Versions.R9c73a630.ReleaseMaterials.Physics.LowEnergyPhenomenology.AlphaSource.CanonicalPreparationSourceVoltageGreenSolution (13s)
✔ [13624/14181] Built H0mework.Versions.R9c73a630.ReleaseMaterials.Physics.LowEnergyPhenomenology.AlphaSource.CanonicalPreparationSourceVoltageGaussEnergyRead (16s)
✔ [13625/14181] Built H0mework.Versions.R9c73a630.ReleaseMaterials.Physics.LowEnergyPhenomenology.AlphaSource.SourceVoltageGreenSolution (8.1s)
✔ [13626/14181] Built H0mework.Versions.R9c73a630.ReleaseMaterials.Physics.LowEnergyPhenomenology.AlphaSource.CanonicalPreparationSourceVoltageGreenRecovery (22s)
✔ [13627/14181] Built H0mework.Versions.R9c73a630.ReleaseMaterials.Physics.LowEnergyPhenomenology.AlphaSource.SourceVoltageGaussEnergyRead (12s)
✔ [13628/14181] Built H0mework.Versions.R9c73a630.ReleaseMaterials.Physics.LowEnergyPhenomenology.AlphaSource.SourceVoltageGreenRecovery (6.6s)
✔ [13629/14181] Built H0mework.Versions.R9c73a630.ReleaseMaterials.Physics.LowEnergyPhenomenology.AlphaSource.CanonicalPreparationSourceChargedPacketCurrent (9.9s)
✔ [13630/14181] Built H0mework.Versions.R9c73a630.ReleaseMaterials.Physics.LowEnergyPhenomenology.AlphaSource.CanonicalPreparationSourceVoltageGreenEnergy (13s)
✔ [13631/14181] Built H0mework.Versions.R9c73a630.ReleaseMaterials.Physics.LowEnergyPhenomenology.AlphaSource.SourceNormalizedEnergyJet (21s)
✔ [13632/14181] Built H0mework.Versions.R9c73a630.ReleaseMaterials.Physics.LowEnergyPhenomenology.AlphaSource.SourceVoltageGreenEnergy (10s)
✔ [13633/14181] Built H0mework.Versions.R9c73a630.ReleaseMaterials.Physics.LowEnergyPhenomenology.AlphaSource.CanonicalPreparationSourceNormalizedEnergyJet (10s)
✔ [13634/14181] Built H0mework.Versions.R9c73a630.ReleaseMaterials.Physics.LowEnergyPhenomenology.AlphaSource.CanonicalPreparationSourceChargedPacketEnergy (10s)
✔ [13635/14181] Built H0mework.Versions.R9c73a630.ReleaseMaterials.Physics.LowEnergyPhenomenology.AlphaSource.SourceChargedPacketEnergy (9.7s)
✔ [13636/14181] Built H0mework.Versions.R9c73a630.ReleaseMaterials.Physics.LowEnergyPhenomenology.AlphaSource.CanonicalPreparationSourceChargedFilteredPreparation (11s)
✔ [13637/14181] Built H0mework.Versions.R9c73a630.ReleaseMaterials.Physics.LowEnergyPhenomenology.AlphaSource.SourceEnergyChannelFrame (61s)
✔ [13638/14181] Built H0mework.Versions.R9c73a630.ReleaseMaterials.Physics.LowEnergyPhenomenology.AlphaSource.CanonicalPreparationSourceChargedQuantumCurrent (26s)
✔ [13639/14181] Built H0mework.Versions.R9c73a630.ReleaseMaterials.Physics.LowEnergyPhenomenology.AlphaSource.CanonicalPreparationSourceChargedQuantumPrice (21s)
✔ [13640/14181] Built H0mework.Versions.R9c73a630.ReleaseMaterials.Physics.LowEnergyPhenomenology.AlphaSource.SourceChargedQuantumPrice (11s)
✔ [13641/14181] Built H0mework.Versions.R9c73a630.ReleaseMaterials.Physics.LowEnergyPhenomenology.AlphaSource.CanonicalPreparationSourceChargedHamiltonianDomain (11s)
✔ [13642/14181] Built H0mework.Versions.R9c73a630.ReleaseMaterials.Physics.LowEnergyPhenomenology.AlphaSource.CanonicalPreparationSourceChargedHamiltonianFourier (18s)
✔ [13643/14181] Built H0mework.Versions.R9c73a630.ReleaseMaterials.Physics.LowEnergyPhenomenology.AlphaSource.SourceChargedHamiltonianFourier (9.1s)
✔ [13644/14181] Built H0mework.Versions.R9c73a630.ReleaseMaterials.Physics.LowEnergyPhenomenology.AlphaSource.CanonicalPreparationSourceChargedHamiltonianMatrix (12s)
✔ [13645/14181] Built H0mework.Versions.R9c73a630.ReleaseMaterials.Physics.LowEnergyPhenomenology.AlphaSource.SourceChargedHamiltonianMatrix (8.4s)
✔ [13646/14181] Built H0mework.Versions.R9c73a630.ReleaseMaterials.Physics.LowEnergyPhenomenology.AlphaSource.CanonicalPreparationSourceEnergyDiracLeg (13s)
✔ [13647/14181] Built H0mework.Versions.R9c73a630.ReleaseMaterials.Physics.LowEnergyPhenomenology.AlphaSource.CanonicalPreparationSourceChargedEnergyObservable (14s)
✔ [13648/14181] Built H0mework.Versions.R9c73a630.ReleaseMaterials.Physics.LowEnergyPhenomenology.AlphaSource.CanonicalPreparationSourceChargedFullEnergyReturn (20s)
✔ [13649/14181] Built H0mework.Versions.R9c73a630.ReleaseMaterials.Physics.LowEnergyPhenomenology.AlphaSource.SourceChargedFullEnergyReturn (10s)
✔ [13650/14181] Built H0mework.Versions.R9c73a630.ReleaseMaterials.Physics.LowEnergyPhenomenology.AlphaSource.SourcePhysicalEnergyChannels (13s)
✔ [13651/14181] Built H0mework.Versions.R9c73a630.ReleaseMaterials.Physics.LowEnergyPhenomenology.AlphaSource.CanonicalPreparationSourcePreparedVoltageReturn (17s)
✔ [13652/14181] Built H0mework.Versions.R9c73a630.ReleaseMaterials.Physics.LowEnergyPhenomenology.AlphaSource.SourcePhysicalEnergyResidues (13s)
✔ [13653/14181] Built H0mework.Versions.R9c73a630.ReleaseMaterials.Physics.LowEnergyPhenomenology.AlphaSource.SourceFieldEnergyAxes (201s)
✔ [13654/14181] Built H0mework.Versions.R9c73a630.ReleaseMaterials.Physics.LowEnergyPhenomenology.AlphaSource.SourcePreparedVoltageReturn (14s)
✔ [13655/14181] Built H0mework.Versions.R9c73a630.ReleaseMaterials.Physics.LowEnergyPhenomenology.AlphaSource.SourceActualEnergyChannels (19s)
✔ [13656/14181] Built H0mework.Versions.R9c73a630.ReleaseMaterials.Physics.LowEnergyPhenomenology.AlphaSource.CanonicalPreparationSourceChargedGreenRetention (14s)
✔ [13657/14181] Built H0mework.Versions.R9c73a630.ReleaseMaterials.Physics.LowEnergyPhenomenology.AlphaSource.SourcePhysicalEnergyWeightsReturn (12s)
✔ [13658/14181] Built H0mework.Versions.R9c73a630.ReleaseMaterials.Physics.LowEnergyPhenomenology.AlphaSource.CanonicalPreparationSourceVoltageProjectedEnergy (24s)
✔ [13659/14181] Built H0mework.Versions.R9c73a630.ReleaseMaterials.Physics.LowEnergyPhenomenology.AlphaSource.SourcePhysicalEnergyWeightOperators (22s)
✔ [13660/14181] Built H0mework.Versions.R9c73a630.ReleaseMaterials.Physics.LowEnergyPhenomenology.AlphaSource.CanonicalPreparationSourceVoltageCompleteEnergy (18s)
✔ [13661/14181] Built H0mework.Versions.R9c73a630.ReleaseMaterials.Physics.LowEnergyPhenomenology.AlphaSource.SourcePhysicalEnergyWeightPrice (16s)
✔ [13662/14181] Built H0mework.Versions.R9c73a630.ReleaseMaterials.Physics.LowEnergyPhenomenology.AlphaSource.SourceVoltageCompleteEnergy (9.2s)
✔ [13663/14181] Built H0mework.Versions.R9c73a630.ReleaseMaterials.Physics.LowEnergyPhenomenology.AlphaSource.SourceVoltageFixedMomentumCharge (11s)
✔ [13664/14181] Built H0mework.Versions.R9c73a630.ReleaseMaterials.Physics.LowEnergyPhenomenology.AlphaSource.SourceVoltageNoetherPrepared (16s)
✔ [13665/14181] Built H0mework.Versions.R9c73a630.ReleaseMaterials.Physics.LowEnergyPhenomenology.AlphaSource.SourceVoltageFourModeEnergy (25s)
✔ [13666/14181] Built H0mework.Versions.R9c73a630.ReleaseMaterials.Physics.LowEnergyPhenomenology.AlphaSource.SourceFilteredCanonicalCharge (14s)
✔ [13667/14181] Built H0mework.Versions.R9c73a630.ReleaseMaterials.Physics.LowEnergyPhenomenology.AlphaSource.SourceFilteredVoltageResponse (13s)
✔ [13668/14181] Built H0mework.Versions.R9c73a630.ReleaseMaterials.Physics.LowEnergyPhenomenology.AlphaSource.SourceFilteredSoftCharge (11s)
✔ [13669/14181] Built H0mework.Versions.R9c73a630.ReleaseMaterials.Physics.LowEnergyPhenomenology.AlphaSource.SourceLockedDiracTorque (16s)
✔ [13670/14181] Built H0mework.Versions.R9c73a630.ReleaseMaterials.Physics.LowEnergyPhenomenology.AlphaSource.SourceEnergyCliffordCurrent (18s)
✔ [13671/14181] Built H0mework.Versions.R9c73a630.ReleaseMaterials.Physics.LowEnergyPhenomenology.AlphaSource.SourceEnergyPoleIsolation (13s)
✔ [13672/14181] Built H0mework.Versions.R9c73a630.ReleaseMaterials.Physics.LowEnergyPhenomenology.AlphaSource.SourceFilteredLockedCurrent (19s)
✔ [13673/14181] Built H0mework.Versions.R9c73a630.ReleaseMaterials.Physics.LowEnergyPhenomenology.AlphaSource.SourceLockedChargeSoftWard (24s)
✔ [13674/14181] Built H0mework.Versions.R9c73a630.ReleaseMaterials.Physics.LowEnergyPhenomenology.AlphaSource.SourceEnergyPoleChargeTensor (39s)
✔ [13675/14181] Built H0mework.Versions.R9c73a630.ReleaseMaterials.Physics.LowEnergyPhenomenology.AlphaSource.SourceJointRotationMatrix (40s)
✔ [13676/14181] Built H0mework.Versions.R9c73a630.ReleaseMaterials.Physics.LowEnergyPhenomenology.AlphaSource.SourceEnergyHamiltonianTransfer (16s)
✔ [13677/14181] Built H0mework.Versions.R9c73a630.ReleaseMaterials.Physics.LowEnergyPhenomenology.AlphaSource.SourceJointRotationAction (28s)
✔ [13678/14181] Built H0mework.Versions.R9c73a630.ReleaseMaterials.Physics.LowEnergyPhenomenology.AlphaSource.SourceEnergyDiracWard (36s)
✔ [13679/14181] Built H0mework.Versions.R9c73a630.ReleaseMaterials.Physics.LowEnergyPhenomenology.AlphaSource.SourceJointRotationGreen (34s)
✔ [13680/14181] Built H0mework.Versions.R9c73a630.ReleaseMaterials.Physics.LowEnergyPhenomenology.AlphaSource.SourceCoframeShearEnergy (19s)
✔ [13681/14181] Built H0mework.Versions.R9c73a630.ReleaseMaterials.Physics.LowEnergyPhenomenology.AlphaSource.SourceEnergyPreparedWard (45s)
✔ [13682/14181] Built H0mework.Versions.R9c73a630.ReleaseMaterials.Physics.LowEnergyPhenomenology.AlphaSource.SourceActualChargedScatteringPreparation (16s)
✔ [13683/14181] Built H0mework.Versions.R9c73a630.ReleaseMaterials.Physics.LowEnergyPhenomenology.AlphaSource.SourceActualChargedScatteringReturn (16s)
✔ [13684/14181] Built H0mework.Versions.R9c73a630.ReleaseMaterials.Physics.LowEnergyPhenomenology.AlphaSource.SourceActualDiracPoleExpansion (12s)
✔ [13685/14181] Built H0mework.Versions.R9c73a630.ReleaseMaterials.Physics.LowEnergyPhenomenology.AlphaSource.SourceScatteringFrequencyEnergy (19s)
✔ [13686/14181] Built H0mework.Versions.R9c73a630.ReleaseMaterials.Physics.LowEnergyPhenomenology.AlphaSource.SourceScatteringChannelWard (17s)
✔ [13687/14181] Built H0mework.Versions.R9c73a630.ReleaseMaterials.Physics.LowEnergyPhenomenology.AlphaSource.SourceActualScatteringPoleLegs (27s)
✔ [13688/14181] Built H0mework.Versions.R9c73a630.ReleaseMaterials.Physics.LowEnergyPhenomenology.AlphaSource.SourceActualChargedRestPole (17s)
✔ [13689/14181] Built H0mework.Versions.R9c73a630.ReleaseMaterials.Physics.LowEnergyPhenomenology.AlphaSource.SourceScatteringKernelWard (20s)
✔ [13690/14181] Built H0mework.Versions.R9c73a630.ReleaseMaterials.Physics.LowEnergyPhenomenology.AlphaSource.SourceChargedMomentumDomain (24s)
✔ [13691/14181] Built H0mework.Versions.R9c73a630.ReleaseMaterials.Physics.LowEnergyPhenomenology.AlphaSource.SourceActualOrderedScatteringFourier (24s)
✔ [13692/14181] Built H0mework.Versions.R9c73a630.ReleaseMaterials.Physics.LowEnergyPhenomenology.AlphaSource.SourceChargedEnergyAxisDomain (28s)
✔ [13693/14181] Built H0mework.Versions.R9c73a630.ReleaseMaterials.Physics.LowEnergyPhenomenology.AlphaSource.SourceActualContactScatteringFourier (29s)
✔ [13694/14181] Built H0mework.Versions.R9c73a630.ReleaseMaterials.Physics.LowEnergyPhenomenology.AlphaSource.SourceActualScatteringSoftReturn (20s)
✔ [13695/14181] Built H0mework.Versions.R9c73a630.ReleaseMaterials.Physics.LowEnergyPhenomenology.AlphaSource.SourceNativePhotonScatteringPreparation (10s)
✔ [13696/14181] Built H0mework.Versions.R9c73a630.ReleaseMaterials.Physics.LowEnergyPhenomenology.AlphaSource.SourceNativePhotonScatteringResidue (9.4s)
✔ [13697/14181] Built H0mework.Versions.R9c73a630.ReleaseMaterials.Physics.LowEnergyPhenomenology.AlphaSource.SourceChargedNativeEnergyDomain (10s)
✔ [13698/14181] Built H0mework.Versions.R9c73a630.ReleaseMaterials.Physics.LowEnergyPhenomenology.AlphaSource.SourceNativePhotonResidueWard (12s)
✔ [13699/14181] Built H0mework.Versions.R9c73a630.ReleaseMaterials.Physics.LowEnergyPhenomenology.AlphaSource.SourceChargedScatteringWordsPrice (12s)
✔ [13700/14181] Built H0mework.Versions.R9c73a630.ReleaseMaterials.Physics.LowEnergyPhenomenology.AlphaSource.SourceChargedScatteringPairPrice (8.5s)
✔ [13701/14181] Built H0mework.Versions.R9c73a630.ReleaseMaterials.Physics.LowEnergyPhenomenology.AlphaSource.SourceNativePhotonPoleColumn (9.5s)
✔ [13702/14181] Built H0mework.Versions.R9c73a630.ReleaseMaterials.Physics.LowEnergyPhenomenology.AlphaSource.SourceNativePhotonEmitter (10s)
✔ [13703/14181] Built H0mework.Versions.R9c73a630.ReleaseMaterials.Physics.LowEnergyPhenomenology.AlphaSource.SourceNativePolarizationScatteringTensor (15s)
✔ [13704/14181] Built H0mework.Versions.R9c73a630.ReleaseMaterials.Physics.LowEnergyPhenomenology.AlphaSource.SourceNativePhotonTensorPrice (14s)
✔ [13705/14181] Built H0mework.Versions.R9c73a630.ReleaseMaterials.Physics.LowEnergyPhenomenology.AlphaSource.SourceWholePhotonPoleOperator (15s)
✔ [13706/14181] Built H0mework.Versions.R9c73a630.ReleaseMaterials.Physics.LowEnergyPhenomenology.AlphaSource.SourceWholePhotonFlux (10s)
✔ [13707/14181] Built H0mework.Versions.R9c73a630.ReleaseMaterials.Physics.LowEnergyPhenomenology.AlphaSource.SourceChargedJointScattering (16s)
✔ [13708/14181] Built H0mework.Versions.R9c73a630.ReleaseMaterials.Physics.LowEnergyPhenomenology.AlphaSource.SourceNativePolarizationFlux (11s)
✔ [13709/14181] Built H0mework.Versions.R9c73a630.ReleaseMaterials.Physics.LowEnergyPhenomenology.AlphaSource.SourceChargedSoftCurrentReturn (10s)
✔ [13710/14181] Built H0mework.Versions.R9c73a630.ReleaseMaterials.Physics.LowEnergyPhenomenology.AlphaSource.SourceActualPoleFrameReturn (9.2s)
✔ [13711/14181] Built H0mework.Versions.R9c73a630.ReleaseMaterials.Physics.LowEnergyPhenomenology.AlphaSource.SourceChargedCoupledSoftScattering (18s)
✔ [13712/14181] Built H0mework.Versions.R9c73a630.ReleaseMaterials.Physics.LowEnergyPhenomenology.AlphaSource.SourceFinitePoleCoefficients (14s)
✔ [13713/14181] Built H0mework.Versions.R9c73a630.ReleaseMaterials.Physics.LowEnergyPhenomenology.AlphaSource.SourceFinitePoleScattering (8.6s)
✔ [13714/14181] Built H0mework.Versions.R9c73a630.ReleaseMaterials.Physics.LowEnergyPhenomenology.AlphaSource.SourceNativeOriginAction (12s)
✔ [13715/14181] Built H0mework.Versions.R9c73a630.ReleaseMaterials.Physics.LowEnergyPhenomenology.AlphaSource.SourceNativeSoftCoefficients (10s)
✔ [13716/14181] Built H0mework.Versions.R9c73a630.ReleaseMaterials.Physics.LowEnergyPhenomenology.AlphaSource.SourceNativePoleNoetherReturn (26s)
✔ [13717/14181] Built H0mework.Versions.R9c73a630.ReleaseMaterials.Physics.LowEnergyPhenomenology.AlphaSource.SourceNativeSoftVertices (19s)
✔ [13718/14181] Built H0mework.Versions.R9c73a630.ReleaseMaterials.Physics.LowEnergyPhenomenology.AlphaSource.SourceNativeOriginMatterPhase (23s)
✔ [13719/14181] Built H0mework.Versions.R9c73a630.ReleaseMaterials.Physics.LowEnergyPhenomenology.AlphaSource.SourceChargedSoftObservable (16s)
✔ [13720/14181] Built H0mework.Versions.R9c73a630.ReleaseMaterials.Physics.LowEnergyPhenomenology.AlphaSource.SourceNativeOriginPrimitiveReturn (26s)
ℹ [13721/14181] Built H0mework.Versions.R9c73a630.ReleaseMaterials.Physics.LowEnergyPhenomenology.AlphaSource.SourcePhaseChargeBasis (19s)
info: H0mework/Versions/R9c73a630/ReleaseMaterials/Physics/LowEnergyPhenomenology/AlphaSource/SourcePhaseChargeBasis.lean:128:4: Try this:
  [apply] ring_nf
  
  The `ring` tactic failed to close the goal. Use `ring_nf` to obtain a normal form.
    
  Note that `ring` works primarily in *commutative* rings. If you have a noncommutative ring, abelian group or module, consider using `noncomm_ring`, `abel` or `module` instead.
info: H0mework/Versions/R9c73a630/ReleaseMaterials/Physics/LowEnergyPhenomenology/AlphaSource/SourcePhaseChargeBasis.lean:132:4: Try this:
  [apply] ring_nf
  
  The `ring` tactic failed to close the goal. Use `ring_nf` to obtain a normal form.
    
  Note that `ring` works primarily in *commutative* rings. If you have a noncommutative ring, abelian group or module, consider using `noncomm_ring`, `abel` or `module` instead.
✔ [13722/14181] Built H0mework.Versions.R9c73a630.ReleaseMaterials.Physics.LowEnergyPhenomenology.AlphaSource.SourceNativeOriginEnergyWard (13s)
✔ [13723/14181] Built H0mework.Versions.R9c73a630.ReleaseMaterials.Physics.LowEnergyPhenomenology.AlphaSource.SourceFiniteOriginDecomposition (11s)
✔ [13724/14181] Built H0mework.Versions.R9c73a630.ReleaseMaterials.Physics.LowEnergyPhenomenology.AlphaSource.SourcePhaseChargeProjection (16s)
✔ [13725/14181] Built H0mework.Versions.R9c73a630.ReleaseMaterials.Physics.LowEnergyPhenomenology.AlphaSource.SourceNativeWardTime (17s)
✔ [13726/14181] Built H0mework.Versions.R9c73a630.ReleaseMaterials.Physics.LowEnergyPhenomenology.AlphaSource.SourceFiniteOriginConfiguration (16s)
✔ [13727/14181] Built H0mework.Versions.R9c73a630.ReleaseMaterials.Physics.LowEnergyPhenomenology.AlphaSource.EmIdentification.PhysicalEMGaugeRealization (20s)
✔ [13728/14181] Built H0mework.Versions.R9c73a630.ReleaseMaterials.Physics.LowEnergyPhenomenology.AlphaSource.SourcePhaseChargeActual (14s)
✔ [13729/14181] Built H0mework.Versions.R9c73a630.ReleaseMaterials.Physics.LowEnergyPhenomenology.AlphaSource.SourceNativeWardL2 (23s)
✔ [13730/14181] Built H0mework.Versions.R9c73a630.ReleaseMaterials.Physics.LowEnergyPhenomenology.AlphaSource.SourceNativeSoftWardReturn (18s)
✔ [13731/14181] Built H0mework.Versions.R9c73a630.ReleaseMaterials.Physics.LowEnergyPhenomenology.AlphaSource.SourceFiniteOriginVertices (16s)
✔ [13732/14181] Built H0mework.Versions.R9c73a630.ReleaseMaterials.Physics.LowEnergyPhenomenology.AlphaSource.SourceNativeWindowPrice (28s)
✔ [13733/14181] Built H0mework.Versions.R9c73a630.ReleaseMaterials.Physics.LowEnergyPhenomenology.AlphaSource.SourceFiniteTransferFiber (19s)
✔ [13734/14181] Built H0mework.Versions.R9c73a630.ReleaseMaterials.Physics.LowEnergyPhenomenology.AlphaSource.SourceFiniteOriginDiracWard (15s)
✔ [13735/14181] Built H0mework.Versions.R9c73a630.ReleaseMaterials.Physics.LowEnergyPhenomenology.AlphaSource.SourceNativeCausalWindow (9.4s)
✔ [13736/14181] Built H0mework.Versions.R9c73a630.ReleaseMaterials.Physics.LowEnergyPhenomenology.AlphaSource.SourceActualSoftFiniteResponse (8.2s)
✔ [13737/14181] Built H0mework.Versions.R9c73a630.ReleaseMaterials.Physics.LowEnergyPhenomenology.AlphaSource.SourceFiniteTransferL2 (27s)
✔ [13738/14181] Built H0mework.Versions.R9c73a630.ReleaseMaterials.Physics.LowEnergyPhenomenology.AlphaSource.SourceFiniteObservationBound (35s)
✔ [13739/14181] Built H0mework.Versions.R9c73a630.ReleaseMaterials.Physics.LowEnergyPhenomenology.AlphaSource.SourceCommonCurrentDetector (23s)
✔ [13740/14181] Built H0mework.Versions.R9c73a630.ReleaseMaterials.Physics.LowEnergyPhenomenology.AlphaSource.SourceFiniteObservationSoftLimit (15s)
✔ [13741/14181] Built H0mework.Versions.R9c73a630.ReleaseMaterials.Physics.LowEnergyPhenomenology.AlphaSource.SourceFiniteTransferResponse (25s)
✔ [13742/14181] Built H0mework.Versions.R9c73a630.ReleaseMaterials.Physics.LowEnergyPhenomenology.AlphaSource.SourceCommonStaticField (16s)
✔ [13743/14181] Built H0mework.Versions.R9c73a630.ReleaseMaterials.Physics.LowEnergyPhenomenology.AlphaSource.SourceActualCurrentWard (18s)
✔ [13744/14181] Built H0mework.Versions.R9c73a630.ReleaseMaterials.Physics.LowEnergyPhenomenology.AlphaSource.SourceCommonPropagationRead (13s)
✔ [13745/14181] Built H0mework.Versions.R9c73a630.ReleaseMaterials.Physics.LowEnergyPhenomenology.AlphaSource.SourceActualChargeColumns (13s)
✔ [13746/14181] Built H0mework.Versions.R9c73a630.ReleaseMaterials.Physics.LowEnergyPhenomenology.AlphaSource.SourceActualFullWardResponse (23s)
✔ [13747/14181] Built H0mework.Versions.R9c73a630.ReleaseMaterials.Physics.LowEnergyPhenomenology.AlphaSource.SourceActualRetardedObservation (15s)
✔ [13748/14181] Built H0mework.Versions.R9c73a630.ReleaseMaterials.Physics.LowEnergyPhenomenology.AlphaSource.SourceActualFilteredCharge (19s)
✔ [13749/14181] Built H0mework.Versions.R9c73a630.ReleaseMaterials.Physics.LowEnergyPhenomenology.AlphaSource.SourceCommonObservableChannels (14s)
✔ [13750/14181] Built H0mework.Versions.R9c73a630.ReleaseMaterials.Physics.LowEnergyPhenomenology.AlphaSource.SourceActualChargeTransition (15s)
✔ [13751/14181] Built H0mework.Versions.R9c73a630.ReleaseMaterials.Physics.LowEnergyPhenomenology.AlphaSource.SourceCommonPhysicalUnits (12s)
✔ [13752/14181] Built H0mework.Versions.R9c73a630.ReleaseMaterials.Physics.LowEnergyPhenomenology.AlphaSource.EmIdentification.PhysicalEMChargeReadout (13s)
✔ [13753/14181] Built H0mework.Versions.R9c73a630.ReleaseMaterials.Physics.LowEnergyPhenomenology.AlphaSource.SourceActualGaussCharge (12s)
✔ [13754/14181] Built H0mework.Versions.R9c73a630.ReleaseMaterials.Physics.LowEnergyPhenomenology.AlphaSource.SourceCommonPhysicalObservation (9.5s)
✔ [13755/14181] Built H0mework.Versions.R9c73a630.ReleaseMaterials.Physics.LowEnergyPhenomenology.AlphaSource.CanonicalPreparationSourceActualGaussCharge (7.9s)
✔ [13756/14181] Built H0mework.Versions.R9c73a630.ReleaseMaterials.Physics.LowEnergyPhenomenology.AlphaSource.EmIdentification.PhysicalEMFieldCurrent (22s)
✔ [13757/14181] Built H0mework.Versions.R9c73a630.ReleaseMaterials.Physics.LowEnergyPhenomenology.AlphaSource.SourceActualPreparedDetector (15s)
✔ [13758/14181] Built H0mework.Versions.R9c73a630.ReleaseMaterials.Physics.LowEnergyPhenomenology.AlphaSource.EmIdentification.PhysicalEMVoltage (22s)
ℹ [13759/14181] Built H0mework.Versions.R9c73a630.ReleaseMaterials.Physics.LowEnergyPhenomenology.AlphaSource.SourceCommonSpatialPrice (25s)
info: H0mework/Versions/R9c73a630/ReleaseMaterials/Physics/LowEnergyPhenomenology/AlphaSource/SourceCommonSpatialPrice.lean:128:35: Original private payer: _private.H0mework.Versions.R9c73a630.ReleaseMaterials.Physics.LowEnergyPhenomenology.AlphaSource.CanonicalPreparationSourceChargedSecondUniform.0.LowEnergy.PreparationVacuumChargedSpatialResponse.origin_bound
info: H0mework/Versions/R9c73a630/ReleaseMaterials/Physics/LowEnergyPhenomenology/AlphaSource/SourceCommonSpatialPrice.lean:131:41: Original private payer: _private.H0mework.Versions.R9c73a630.ReleaseMaterials.Physics.LowEnergyPhenomenology.AlphaSource.CanonicalPreparationSourceChargedSecondUniform.0.LowEnergy.PreparationVacuumChargedSpatialResponse.current_bound
info: H0mework/Versions/R9c73a630/ReleaseMaterials/Physics/LowEnergyPhenomenology/AlphaSource/SourceCommonSpatialPrice.lean:134:77: Original private payer: _private.H0mework.Versions.R9c73a630.ReleaseMaterials.Physics.LowEnergyPhenomenology.AlphaSource.CanonicalPreparationSourceChargedSecondUniform.0.LowEnergy.PreparationVacuumChargedSpatialResponse.slow_bound
info: H0mework/Versions/R9c73a630/ReleaseMaterials/Physics/LowEnergyPhenomenology/AlphaSource/SourceCommonSpatialPrice.lean:136:16: Original private payer: _private.H0mework.Versions.R9c73a630.ReleaseMaterials.Physics.LowEnergyPhenomenology.AlphaSource.CanonicalPreparationSourceChargedSecondUniform.0.LowEnergy.PreparationVacuumChargedSpatialResponse.linear_denominator_bound
info: H0mework/Versions/R9c73a630/ReleaseMaterials/Physics/LowEnergyPhenomenology/AlphaSource/SourceCommonSpatialPrice.lean:153:79: Original private payer: _private.H0mework.Versions.R9c73a630.ReleaseMaterials.Physics.LowEnergyPhenomenology.AlphaSource.CanonicalPreparationSourceChargedSecondUniform.0.LowEnergy.PreparationVacuumChargedSpatialResponse.physical_point_continuous
info: H0mework/Versions/R9c73a630/ReleaseMaterials/Physics/LowEnergyPhenomenology/AlphaSource/SourceCommonSpatialPrice.lean:158:6: Original private payer: _private.H0mework.Versions.R9c73a630.ReleaseMaterials.Physics.LowEnergyPhenomenology.AlphaSource.CanonicalPreparationSourceChargedSecondUniform.0.LowEnergy.PreparationVacuumChargedSpatialResponse.origin_continuous
info: H0mework/Versions/R9c73a630/ReleaseMaterials/Physics/LowEnergyPhenomenology/AlphaSource/SourceCommonSpatialPrice.lean:159:30: Original private payer: _private.H0mework.Versions.R9c73a630.ReleaseMaterials.Physics.LowEnergyPhenomenology.AlphaSource.CanonicalPreparationSourceChargedSecondUniform.0.LowEnergy.PreparationVacuumChargedSpatialResponse.current_continuous
✔ [13760/14181] Built H0mework.Versions.R9c73a630.ReleaseMaterials.Physics.LowEnergyPhenomenology.AlphaSource.SourceCommonSpatialFourier (11s)
✔ [13761/14181] Built H0mework.Versions.R9c73a630.ReleaseMaterials.Physics.LowEnergyPhenomenology.AlphaSource.SourceCommonSpatialReturn (10s)
✔ [13762/14181] Built H0mework.Versions.R9c73a630.ReleaseMaterials.Physics.LowEnergyPhenomenology.AlphaSource.SourceChannelGreenMass (9.2s)
✔ [13763/14181] Built H0mework.Versions.R9c73a630.ReleaseMaterials.Physics.LowEnergyPhenomenology.AlphaSource.SourceChannelHeatFourier (8.0s)
✔ [13764/14181] Built H0mework.Versions.R9c73a630.ReleaseMaterials.Physics.LowEnergyPhenomenology.AlphaSource.SourceActualPreparedNoetherWard (41s)
✔ [13765/14181] Built H0mework.Versions.R9c73a630.ReleaseMaterials.Physics.LowEnergyPhenomenology.AlphaSource.SourceAbsoluteNoetherVertex (11s)
✔ [13766/14181] Built H0mework.Versions.R9c73a630.ReleaseMaterials.Physics.LowEnergyPhenomenology.AlphaSource.SourceNoetherPreparedMatrices (8.6s)
✔ [13767/14181] Built H0mework.Versions.R9c73a630.ReleaseMaterials.Physics.LowEnergyPhenomenology.AlphaSource.SourceNoetherObservationMeter (21s)
✔ [13768/14181] Built H0mework.Versions.R9c73a630.ReleaseMaterials.Physics.LowEnergyPhenomenology.AlphaSource.EmIdentification.PhysicalEMFullWard (34s)
✔ [13769/14181] Built H0mework.Versions.R9c73a630.ReleaseMaterials.Physics.LowEnergyPhenomenology.AlphaSource.SourceChannelFundamentalPotential (10s)
✔ [13770/14181] Built H0mework.Versions.R9c73a630.ReleaseMaterials.Physics.LowEnergyPhenomenology.AlphaSource.SourceActualRestLegDefect (12s)
✔ [13771/14181] Built H0mework.Versions.R9c73a630.ReleaseMaterials.Physics.LowEnergyPhenomenology.AlphaSource.SourceChannelRadialLayer (7.8s)
✔ [13772/14181] Built H0mework.Versions.R9c73a630.ReleaseMaterials.Physics.LowEnergyPhenomenology.AlphaSource.SourceActualLegNorm (11s)
ℹ [13773/14181] Built H0mework.Versions.R9c73a630.ReleaseMaterials.Physics.LowEnergyPhenomenology.AlphaSource.SourceChannelRadialSlope (24s)
info: H0mework/Versions/R9c73a630/ReleaseMaterials/Physics/LowEnergyPhenomenology/AlphaSource/SourceChannelRadialSlope.lean:119:32: Original private payer: _private.H0mework.Versions.R9c73a630.ReleaseMaterials.Physics.LowEnergyPhenomenology.AlphaSource.SourceChannelFundamentalPotential.0.LowEnergy.PreparationPhysicalChannelGreen.greenAmplitude
info: H0mework/Versions/R9c73a630/ReleaseMaterials/Physics/LowEnergyPhenomenology/AlphaSource/SourceChannelRadialSlope.lean:120:51: Original private payer: _private.H0mework.Versions.R9c73a630.ReleaseMaterials.Physics.LowEnergyPhenomenology.AlphaSource.SourceChannelFundamentalPotential.0.LowEnergy.PreparationPhysicalChannelGreen.greenDensity
info: H0mework/Versions/R9c73a630/ReleaseMaterials/Physics/LowEnergyPhenomenology/AlphaSource/SourceChannelRadialSlope.lean:121:48: Original private payer: _private.H0mework.Versions.R9c73a630.ReleaseMaterials.Physics.LowEnergyPhenomenology.AlphaSource.SourceChannelFundamentalPotential.0.LowEnergy.PreparationPhysicalChannelGreen.greenKernel
info: H0mework/Versions/R9c73a630/ReleaseMaterials/Physics/LowEnergyPhenomenology/AlphaSource/SourceChannelRadialSlope.lean:122:32: Original private payer: _private.H0mework.Versions.R9c73a630.ReleaseMaterials.Physics.LowEnergyPhenomenology.AlphaSource.SourceChannelRadialLayer.0.LowEnergy.PreparationPhysicalChannelRadialJet.gaussianDeficit
info: H0mework/Versions/R9c73a630/ReleaseMaterials/Physics/LowEnergyPhenomenology/AlphaSource/SourceChannelRadialSlope.lean:129:53: Original private payer: _private.H0mework.Versions.R9c73a630.ReleaseMaterials.Physics.LowEnergyPhenomenology.AlphaSource.SourceChannelRadialLayer.0.LowEnergy.PreparationPhysicalChannelRadialJet.deficit_integrable
info: H0mework/Versions/R9c73a630/ReleaseMaterials/Physics/LowEnergyPhenomenology/AlphaSource/SourceChannelRadialSlope.lean:171:22: Original private payer: _private.H0mework.Versions.R9c73a630.ReleaseMaterials.Physics.LowEnergyPhenomenology.AlphaSource.SourceChannelRadialLayer.0.LowEnergy.PreparationPhysicalChannelRadialJet.deficit_integral
info: H0mework/Versions/R9c73a630/ReleaseMaterials/Physics/LowEnergyPhenomenology/AlphaSource/SourceChannelRadialSlope.lean:219:5: Original private payer: _private.H0mework.Versions.R9c73a630.ReleaseMaterials.Physics.LowEnergyPhenomenology.AlphaSource.SourceChannelFundamentalPotential.0.LowEnergy.PreparationPhysicalChannelGreen.greenDensity_integrable
info: H0mework/Versions/R9c73a630/ReleaseMaterials/Physics/LowEnergyPhenomenology/AlphaSource/SourceChannelRadialSlope.lean:221:5: Original private payer: _private.H0mework.Versions.R9c73a630.ReleaseMaterials.Physics.LowEnergyPhenomenology.AlphaSource.SourceChannelFundamentalPotential.0.LowEnergy.PreparationPhysicalChannelGreen.greenDensity_integrable
info: H0mework/Versions/R9c73a630/ReleaseMaterials/Physics/LowEnergyPhenomenology/AlphaSource/SourceChannelRadialSlope.lean:234:4: Try this:
  [apply] ring_nf
  
  The `ring` tactic failed to close the goal. Use `ring_nf` to obtain a normal form.
    
  Note that `ring` works primarily in *commutative* rings. If you have a noncommutative ring, abelian group or module, consider using `noncomm_ring`, `abel` or `module` instead.
info: H0mework/Versions/R9c73a630/ReleaseMaterials/Physics/LowEnergyPhenomenology/AlphaSource/SourceChannelRadialSlope.lean:246:21: Original private payer: _private.H0mework.Versions.R9c73a630.ReleaseMaterials.Physics.LowEnergyPhenomenology.AlphaSource.SourceChannelFundamentalPotential.0.LowEnergy.PreparationPhysicalChannelGreen.reciprocal_gaussian
✔ [13774/14181] Built H0mework.Versions.R9c73a630.ReleaseMaterials.Physics.LowEnergyPhenomenology.AlphaSource.SourceActualNormalizedVertex (17s)
✔ [13775/14181] Built H0mework.Versions.R9c73a630.ReleaseMaterials.Physics.LowEnergyPhenomenology.AlphaSource.SourceUnitMixedDerivative (10s)
✔ [13776/14181] Built H0mework.Versions.R9c73a630.ReleaseMaterials.Physics.LowEnergyPhenomenology.AlphaSource.SourceUnitAmputatedFourPoint (11s)
✔ [13777/14181] Built H0mework.Versions.R9c73a630.ReleaseMaterials.Physics.LowEnergyPhenomenology.AlphaSource.SourceUnitPhysicalCurrent (24s)
ℹ [13778/14181] Built H0mework.Versions.R9c73a630.ReleaseMaterials.Physics.LowEnergyPhenomenology.AlphaSource.SourceUnitCurrentWardJet (16s)
info: H0mework/Versions/R9c73a630/ReleaseMaterials/Physics/LowEnergyPhenomenology/AlphaSource/SourceUnitCurrentWardJet.lean:151:33: Original private payer: _private.H0mework.Versions.R9c73a630.Physics.LowEnergy.AlphaSource.CanonicalPreparationActualCurrentWard.0.LowEnergy.PreparationVacuumPhysicalZeroRead.zero_forcing
info: H0mework/Versions/R9c73a630/ReleaseMaterials/Physics/LowEnergyPhenomenology/AlphaSource/SourceUnitCurrentWardJet.lean:152:37: Original private payer: _private.H0mework.Versions.R9c73a630.Physics.LowEnergy.AlphaSource.CanonicalPreparationActualCurrentWard.0.LowEnergy.PreparationVacuumPhysicalZeroRead.zero_timeSource
info: H0mework/Versions/R9c73a630/ReleaseMaterials/Physics/LowEnergyPhenomenology/AlphaSource/SourceUnitCurrentWardJet.lean:153:35: Original private payer: _private.H0mework.Versions.R9c73a630.Physics.LowEnergy.AlphaSource.CanonicalPreparationActualCurrentWard.0.LowEnergy.PreparationVacuumPhysicalZeroRead.zero_boundary
info: H0mework/Versions/R9c73a630/ReleaseMaterials/Physics/LowEnergyPhenomenology/AlphaSource/SourceUnitCurrentWardJet.lean:185:9: Original private payer: _private.H0mework.Versions.R9c73a630.Physics.LowEnergy.AlphaSource.CanonicalPreparationActualCurrentWard.0.LowEnergy.PreparationVacuumPhysicalZeroRead.zero_forcing_readback
✔ [13779/14181] Built H0mework.Versions.R9c73a630.ReleaseMaterials.Physics.LowEnergyPhenomenology.AlphaSource.SourceUnitCompatibleField (6.7s)
✔ [13780/14181] Built H0mework.Versions.R9c73a630.ReleaseMaterials.Physics.LowEnergyPhenomenology.AlphaSource.SourceUnitFieldPacketReturn (8.6s)
ℹ [13781/14181] Built H0mework.Versions.R9c73a630.ReleaseMaterials.Physics.LowEnergyPhenomenology.AlphaSource.SourceChannelRadialResponse (87s)
info: H0mework/Versions/R9c73a630/ReleaseMaterials/Physics/LowEnergyPhenomenology/AlphaSource/SourceChannelRadialResponse.lean:104:54: Original private payer: _private.H0mework.Versions.R9c73a630.ReleaseMaterials.Physics.LowEnergyPhenomenology.AlphaSource.SourceChannelFundamentalPotential.0.LowEnergy.PreparationPhysicalChannelGreen.greenKernel
info: H0mework/Versions/R9c73a630/ReleaseMaterials/Physics/LowEnergyPhenomenology/AlphaSource/SourceChannelRadialResponse.lean:133:7: Original private payer: _private.H0mework.Versions.R9c73a630.ReleaseMaterials.Physics.LowEnergyPhenomenology.AlphaSource.SourceChannelFundamentalPotential.0.LowEnergy.PreparationPhysicalChannelGreen.greenKernel_zero
info: H0mework/Versions/R9c73a630/ReleaseMaterials/Physics/LowEnergyPhenomenology/AlphaSource/SourceChannelRadialResponse.lean:171:19: Original private payer: _private.H0mework.Versions.R9c73a630.ReleaseMaterials.Physics.LowEnergyPhenomenology.AlphaSource.SourceChannelFundamentalPotential.0.LowEnergy.PreparationPhysicalChannelGreen.kernel_convolution
✔ [13782/14181] Built H0mework.Versions.R9c73a630.ReleaseMaterials.Physics.LowEnergyPhenomenology.AlphaSource.SourceFullAffineHarmonic (22s)
ℹ [13783/14181] Built H0mework.Versions.R9c73a630.ReleaseMaterials.Physics.LowEnergyPhenomenology.AlphaSource.SourceComplexRadialNative (27s)
info: H0mework/Versions/R9c73a630/ReleaseMaterials/Physics/LowEnergyPhenomenology/AlphaSource/SourceComplexRadialNative.lean:163:51: Original private payer: _private.H0mework.Versions.R9c73a630.ReleaseMaterials.Physics.LowEnergyPhenomenology.AlphaSource.CanonicalPreparationSourceChargedSecondUniform.0.LowEnergy.PreparationVacuumChargedSpatialResponse.projected_origin
info: H0mework/Versions/R9c73a630/ReleaseMaterials/Physics/LowEnergyPhenomenology/AlphaSource/SourceComplexRadialNative.lean:204:15: Original private payer: _private.H0mework.Versions.R9c73a630.ReleaseMaterials.Physics.LowEnergyPhenomenology.AlphaSource.CanonicalPreparationSourceChargedSecondUniform.0.LowEnergy.PreparationVacuumChargedSpatialResponse.origin_bound
info: H0mework/Versions/R9c73a630/ReleaseMaterials/Physics/LowEnergyPhenomenology/AlphaSource/SourceComplexRadialNative.lean:219:17: Original private payer: _private.H0mework.Versions.R9c73a630.ReleaseMaterials.Physics.LowEnergyPhenomenology.AlphaSource.CanonicalPreparationSourceChargedSecondUniform.0.LowEnergy.PreparationVacuumChargedSpatialResponse.current_bound
ℹ [13784/14181] Built H0mework.Versions.R9c73a630.ReleaseMaterials.Physics.LowEnergyPhenomenology.AlphaSource.SourceHarmonicOccurrence (15s)
info: H0mework/Versions/R9c73a630/ReleaseMaterials/Physics/LowEnergyPhenomenology/AlphaSource/SourceHarmonicOccurrence.lean:181:36: Original private payer: _private.H0mework.Versions.R9c73a630.ReleaseMaterials.Physics.LowEnergyPhenomenology.AlphaSource.SourceFinitePoleCoefficients.0.LowEnergy.PreparationPhysicalFinitePoleVertices.density_source
info: H0mework/Versions/R9c73a630/ReleaseMaterials/Physics/LowEnergyPhenomenology/AlphaSource/SourceHarmonicOccurrence.lean:182:38: Original private payer: _private.H0mework.Versions.R9c73a630.ReleaseMaterials.Physics.LowEnergyPhenomenology.AlphaSource.SourceFinitePoleCoefficients.0.LowEnergy.PreparationPhysicalFinitePoleVertices.frequency_source
info: H0mework/Versions/R9c73a630/ReleaseMaterials/Physics/LowEnergyPhenomenology/AlphaSource/SourceHarmonicOccurrence.lean:183:34: Original private payer: _private.H0mework.Versions.R9c73a630.ReleaseMaterials.Physics.LowEnergyPhenomenology.AlphaSource.SourceFinitePoleCoefficients.0.LowEnergy.PreparationPhysicalFinitePoleVertices.mixed_source
ℹ [13785/14181] Built H0mework.Versions.R9c73a630.ReleaseMaterials.Physics.LowEnergyPhenomenology.AlphaSource.SourceHarmonicPacketReturn (12s)
info: H0mework/Versions/R9c73a630/ReleaseMaterials/Physics/LowEnergyPhenomenology/AlphaSource/SourceHarmonicPacketReturn.lean:270:9: Original private payer: _private.H0mework.Versions.R9c73a630.ReleaseMaterials.Physics.LowEnergyPhenomenology.AlphaSource.SourceFiniteObservationSoftLimit.0.LowEnergy.PreparationPhysicalFiniteObservationSoftReturn.pair_age_continuous
ℹ [13786/14181] Built H0mework.Versions.R9c73a630.ReleaseMaterials.Physics.LowEnergyPhenomenology.AlphaSource.SourceJointRadialPrice (14s)
info: H0mework/Versions/R9c73a630/ReleaseMaterials/Physics/LowEnergyPhenomenology/AlphaSource/SourceJointRadialPrice.lean:163:14: Original private payer: _private.H0mework.Versions.R9c73a630.ReleaseMaterials.Physics.LowEnergyPhenomenology.AlphaSource.CanonicalPreparationSourceChargedSecondUniform.0.LowEnergy.PreparationVacuumChargedSpatialResponse.slow_bound
info: H0mework/Versions/R9c73a630/ReleaseMaterials/Physics/LowEnergyPhenomenology/AlphaSource/SourceJointRadialPrice.lean:278:36: Original private payer: _private.H0mework.Versions.R9c73a630.ReleaseMaterials.Physics.LowEnergyPhenomenology.AlphaSource.SourceChannelFundamentalPotential.0.LowEnergy.PreparationPhysicalChannelGreen.phase_norm
✔ [13787/14181] Built H0mework.Versions.R9c73a630.ReleaseMaterials.Physics.LowEnergyPhenomenology.AlphaSource.SourceFieldChargeDerivative (13s)
✔ [13788/14181] Built H0mework.Versions.R9c73a630.ReleaseMaterials.Physics.LowEnergyPhenomenology.AlphaSource.SourceJointRadialSpatialReturn (23s)
✔ [13789/14181] Built H0mework.Versions.R9c73a630.ReleaseMaterials.Physics.LowEnergyPhenomenology.AlphaSource.SourceFieldMixedChargeWard (30s)
✔ [13790/14181] Built H0mework.Versions.R9c73a630.ReleaseMaterials.Physics.LowEnergyPhenomenology.AlphaSource.SourceHarmonicChargeObservation (19s)
ℹ [13791/14181] Built H0mework.Versions.R9c73a630.ReleaseMaterials.Physics.LowEnergyPhenomenology.AlphaSource.SourceRetainerResolventSquare (44s)
info: H0mework/Versions/R9c73a630/ReleaseMaterials/Physics/LowEnergyPhenomenology/AlphaSource/SourceRetainerResolventSquare.lean:161:3: Original private payer: _private.H0mework.Versions.R9c73a630.ReleaseMaterials.Physics.LowEnergyPhenomenology.AlphaSource.CanonicalPreparationSourcePinnedLeadingInverse.0.LowEnergy.PreparationVacuumPhysicalPinnedVelocity.equal_of_commute
info: H0mework/Versions/R9c73a630/ReleaseMaterials/Physics/LowEnergyPhenomenology/AlphaSource/SourceRetainerResolventSquare.lean:181:51: Original private payer: _private.H0mework.Versions.R9c73a630.ReleaseMaterials.Physics.LowEnergyPhenomenology.AlphaSource.CanonicalPreparationSourceChargedSecondUniform.0.LowEnergy.PreparationVacuumChargedSpatialResponse.projected_origin
ℹ [13792/14181] Built H0mework.Versions.R9c73a630.ReleaseMaterials.Physics.LowEnergyPhenomenology.AlphaSource.SourcePhaseGaugeGenerator (13s)
info: H0mework/Versions/R9c73a630/ReleaseMaterials/Physics/LowEnergyPhenomenology/AlphaSource/SourcePhaseGaugeGenerator.lean:124:45: Original private payer: _private.H0mework.Versions.R9c73a630.ReleaseMaterials.Physics.LowEnergyPhenomenology.AlphaSource.CanonicalPreparationSourceQuantumLockedPoleCharge.0.LowEnergy.PreparationVacuumPhysicalQuantumLockedCharge.source_embedding_charge
✔ [13793/14181] Built H0mework.Versions.R9c73a630.ReleaseMaterials.Physics.LowEnergyPhenomenology.AlphaSource.SourceRetainerCrossReturn (18s)
ℹ [13794/14181] Built H0mework.Versions.R9c73a630.ReleaseMaterials.Physics.LowEnergyPhenomenology.AlphaSource.SourcePhaseGaugeField (11s)
info: H0mework/Versions/R9c73a630/ReleaseMaterials/Physics/LowEnergyPhenomenology/AlphaSource/SourcePhaseGaugeField.lean:128:40: Original private payer: _private.H0mework.Versions.R9c73a630.ReleaseMaterials.Physics.LowEnergyPhenomenology.AlphaSource.CanonicalPreparationSourceQuantumLockedPoleCharge.0.LowEnergy.PreparationVacuumPhysicalQuantumLockedCharge.density_sum
✔ [13795/14181] Built H0mework.Versions.R9c73a630.ReleaseMaterials.Physics.LowEnergyPhenomenology.AlphaSource.EmIdentification.ActualEMCarrier (12s)
ℹ [13796/14181] Built H0mework.Versions.R9c73a630.ReleaseMaterials.Physics.LowEnergyPhenomenology.AlphaSource.SourcePhaseGaugeObservation (23s)
info: H0mework/Versions/R9c73a630/ReleaseMaterials/Physics/LowEnergyPhenomenology/AlphaSource/SourcePhaseGaugeObservation.lean:195:47: Original private payer: _private.H0mework.Versions.R9c73a630.ReleaseMaterials.Physics.LowEnergyPhenomenology.AlphaSource.EmIdentification.PhysicalPoleCharge.0.LowEnergy.GaussComposite.PhysicalPoleCharge.bounded_matrix_lift
ℹ [13797/14181] Built H0mework.Versions.R9c73a630.ReleaseMaterials.Physics.LowEnergyPhenomenology.AlphaSource.SourceCausalMasterDerivative (41s)
info: H0mework/Versions/R9c73a630/ReleaseMaterials/Physics/LowEnergyPhenomenology/AlphaSource/SourceCausalMasterDerivative.lean:319:17: Original private payer: _private.H0mework.Versions.R9c73a630.ReleaseMaterials.Physics.LowEnergyPhenomenology.AlphaSource.CanonicalPreparationSourceChargedSecondUniform.0.LowEnergy.PreparationVacuumChargedSpatialResponse.current_bound
info: H0mework/Versions/R9c73a630/ReleaseMaterials/Physics/LowEnergyPhenomenology/AlphaSource/SourceCausalMasterDerivative.lean:362:14: Original private payer: _private.H0mework.Versions.R9c73a630.ReleaseMaterials.Physics.LowEnergyPhenomenology.AlphaSource.CanonicalPreparationSourceChargedSecondUniform.0.LowEnergy.PreparationVacuumChargedSpatialResponse.slow_bound
info: H0mework/Versions/R9c73a630/ReleaseMaterials/Physics/LowEnergyPhenomenology/AlphaSource/SourceCausalMasterDerivative.lean:381:14: Original private payer: _private.H0mework.Versions.R9c73a630.ReleaseMaterials.Physics.LowEnergyPhenomenology.AlphaSource.CanonicalPreparationSourceChargedSecondUniform.0.LowEnergy.PreparationVacuumChargedSpatialResponse.slow_bound
info: H0mework/Versions/R9c73a630/ReleaseMaterials/Physics/LowEnergyPhenomenology/AlphaSource/SourceCausalMasterDerivative.lean:382:24: Original private payer: _private.H0mework.Versions.R9c73a630.ReleaseMaterials.Physics.LowEnergyPhenomenology.AlphaSource.CanonicalPreparationSourceChargedSecondUniform.0.LowEnergy.PreparationVacuumChargedSpatialResponse.slow_bound
info: H0mework/Versions/R9c73a630/ReleaseMaterials/Physics/LowEnergyPhenomenology/AlphaSource/SourceCausalMasterDerivative.lean:411:19: Original private payer: _private.H0mework.Versions.R9c73a630.ReleaseMaterials.Physics.LowEnergyPhenomenology.AlphaSource.CanonicalPreparationSourceChargedSecondUniform.0.LowEnergy.PreparationVacuumChargedSpatialResponse.resolvent_continuous
info: H0mework/Versions/R9c73a630/ReleaseMaterials/Physics/LowEnergyPhenomenology/AlphaSource/SourceCausalMasterDerivative.lean:420:45: Original private payer: _private.H0mework.Versions.R9c73a630.ReleaseMaterials.Physics.LowEnergyPhenomenology.AlphaSource.CanonicalPreparationSourceChargedSecondUniform.0.LowEnergy.PreparationVacuumChargedSpatialResponse.physical_point_continuous
info: H0mework/Versions/R9c73a630/ReleaseMaterials/Physics/LowEnergyPhenomenology/AlphaSource/SourceCausalMasterDerivative.lean:429:16: Original private payer: _private.H0mework.Versions.R9c73a630.ReleaseMaterials.Physics.LowEnergyPhenomenology.AlphaSource.CanonicalPreparationSourceChargedSecondUniform.0.LowEnergy.PreparationVacuumChargedSpatialResponse.current_continuous
info: H0mework/Versions/R9c73a630/ReleaseMaterials/Physics/LowEnergyPhenomenology/AlphaSource/SourceCausalMasterDerivative.lean:497:41: Original private payer: _private.H0mework.Versions.R9c73a630.ReleaseMaterials.Physics.LowEnergyPhenomenology.AlphaSource.SourceChannelFundamentalPotential.0.LowEnergy.PreparationPhysicalChannelGreen.phase_norm
info: H0mework/Versions/R9c73a630/ReleaseMaterials/Physics/LowEnergyPhenomenology/AlphaSource/SourceCausalMasterDerivative.lean:515:51: Original private payer: _private.H0mework.Versions.R9c73a630.ReleaseMaterials.Physics.LowEnergyPhenomenology.AlphaSource.SourceChannelFundamentalPotential.0.LowEnergy.PreparationPhysicalChannelGreen.phase_norm
info: H0mework/Versions/R9c73a630/ReleaseMaterials/Physics/LowEnergyPhenomenology/AlphaSource/SourceCausalMasterDerivative.lean:711:14: Original private payer: _private.H0mework.Versions.R9c73a630.ReleaseMaterials.Physics.LowEnergyPhenomenology.AlphaSource.SourceJointRadialSpatialReturn.0.LowEnergy.PreparationPhysicalJointRadialForcing.unit_field_coefficients
info: H0mework/Versions/R9c73a630/ReleaseMaterials/Physics/LowEnergyPhenomenology/AlphaSource/SourceCausalMasterDerivative.lean:718:14: Original private payer: _private.H0mework.Versions.R9c73a630.ReleaseMaterials.Physics.LowEnergyPhenomenology.AlphaSource.SourceJointRadialSpatialReturn.0.LowEnergy.PreparationPhysicalJointRadialForcing.unit_field_coefficients
✔ [13798/14181] Built H0mework.Versions.R9c73a630.ReleaseMaterials.Physics.LowEnergyPhenomenology.AlphaSource.EmIdentification.ActualEMPhysicalCarrierGauss (12s)
✔ [13799/14181] Built H0mework.Versions.R9c73a630.ReleaseMaterials.Physics.LowEnergyPhenomenology.AlphaSource.EmIdentification.ActualEMCompleteOrbit (12s)
✔ [13800/14181] Built H0mework.Versions.R9c73a630.ReleaseMaterials.Physics.LowEnergyPhenomenology.AlphaSource.SourceGaugeFixedMomentum (9.3s)
ℹ [13801/14181] Built H0mework.Versions.R9c73a630.ReleaseMaterials.Physics.LowEnergyPhenomenology.AlphaSource.SourceCausalRadialHomogeneity (25s)
info: H0mework/Versions/R9c73a630/ReleaseMaterials/Physics/LowEnergyPhenomenology/AlphaSource/SourceCausalRadialHomogeneity.lean:144:59: Original private payer: _private.H0mework.Versions.R9c73a630.ReleaseMaterials.Physics.LowEnergyPhenomenology.AlphaSource.CanonicalPreparationSourceChargedSecondUniform.0.LowEnergy.PreparationVacuumChargedSpatialResponse.projected_origin
✔ [13802/14181] Built H0mework.Versions.R9c73a630.ReleaseMaterials.Physics.LowEnergyPhenomenology.AlphaSource.EmIdentification.ActualEMPhysicalCarrierSymbol (22s)
✔ [13803/14181] Built H0mework.Versions.R9c73a630.ReleaseMaterials.Physics.LowEnergyPhenomenology.AlphaSource.EmIdentification.ActualEMPhysicalCarrierEnergy (13s)
✔ [13804/14181] Built H0mework.Versions.R9c73a630.ReleaseMaterials.Physics.LowEnergyPhenomenology.AlphaSource.EmIdentification.ActualEMOriginFields (23s)
ℹ [13805/14181] Built H0mework.Versions.R9c73a630.ReleaseMaterials.Physics.LowEnergyPhenomenology.AlphaSource.SourceCausalSpatialDilation (16s)
info: H0mework/Versions/R9c73a630/ReleaseMaterials/Physics/LowEnergyPhenomenology/AlphaSource/SourceCausalSpatialDilation.lean:200:11: Original private payer: _private.H0mework.Versions.R9c73a630.ReleaseMaterials.Physics.LowEnergyPhenomenology.AlphaSource.SourceCausalMasterDerivative.0.LowEnergy.PreparationPhysicalRetainerResolventSquare.master_integrable
info: H0mework/Versions/R9c73a630/ReleaseMaterials/Physics/LowEnergyPhenomenology/AlphaSource/SourceCausalSpatialDilation.lean:202:11: Original private payer: _private.H0mework.Versions.R9c73a630.ReleaseMaterials.Physics.LowEnergyPhenomenology.AlphaSource.SourceCausalMasterDerivative.0.LowEnergy.PreparationPhysicalRetainerResolventSquare.master_integrable
✔ [13806/14181] Built H0mework.Versions.R9c73a630.ReleaseMaterials.Physics.LowEnergyPhenomenology.AlphaSource.SourceGaugeWeightedUnitReader (31s)
✔ [13807/14181] Built H0mework.Versions.R9c73a630.ReleaseMaterials.Physics.LowEnergyPhenomenology.AlphaSource.EmIdentification.ActualEMPhysicalCarrierGreen (11s)
✔ [13808/14181] Built H0mework.Versions.R9c73a630.ReleaseMaterials.Physics.LowEnergyPhenomenology.AlphaSource.SourceGaugeCouplingObservation (12s)
ℹ [13809/14181] Built H0mework.Versions.R9c73a630.ReleaseMaterials.Physics.LowEnergyPhenomenology.AlphaSource.SourceCausalSpatialEuler (20s)
info: H0mework/Versions/R9c73a630/ReleaseMaterials/Physics/LowEnergyPhenomenology/AlphaSource/SourceCausalSpatialEuler.lean:147:3: Original private payer: _private.H0mework.Versions.R9c73a630.ReleaseMaterials.Physics.LowEnergyPhenomenology.AlphaSource.SourceChannelFundamentalPotential.0.LowEnergy.PreparationPhysicalChannelGreen.phase_norm
info: H0mework/Versions/R9c73a630/ReleaseMaterials/Physics/LowEnergyPhenomenology/AlphaSource/SourceCausalSpatialEuler.lean:259:14: Original private payer: _private.H0mework.Versions.R9c73a630.ReleaseMaterials.Physics.LowEnergyPhenomenology.AlphaSource.SourceCausalMasterDerivative.0.LowEnergy.PreparationPhysicalRetainerResolventSquare.master_channel_bound
info: H0mework/Versions/R9c73a630/ReleaseMaterials/Physics/LowEnergyPhenomenology/AlphaSource/SourceCausalSpatialEuler.lean:297:17: Original private payer: _private.H0mework.Versions.R9c73a630.ReleaseMaterials.Physics.LowEnergyPhenomenology.AlphaSource.SourceCausalMasterDerivative.0.LowEnergy.PreparationPhysicalRetainerResolventSquare.master_channel_continuous
info: H0mework/Versions/R9c73a630/ReleaseMaterials/Physics/LowEnergyPhenomenology/AlphaSource/SourceCausalSpatialEuler.lean:440:14: Original private payer: _private.H0mework.Versions.R9c73a630.ReleaseMaterials.Physics.LowEnergyPhenomenology.AlphaSource.SourceJointRadialSpatialReturn.0.LowEnergy.PreparationPhysicalJointRadialForcing.unit_field_coefficients
info: H0mework/Versions/R9c73a630/ReleaseMaterials/Physics/LowEnergyPhenomenology/AlphaSource/SourceCausalSpatialEuler.lean:446:14: Original private payer: _private.H0mework.Versions.R9c73a630.ReleaseMaterials.Physics.LowEnergyPhenomenology.AlphaSource.SourceJointRadialSpatialReturn.0.LowEnergy.PreparationPhysicalJointRadialForcing.unit_field_coefficients
✔ [13810/14181] Built H0mework.Versions.R9c73a630.ReleaseMaterials.Physics.LowEnergyPhenomenology.AlphaSource.SourceGaugeSpatialChannelExpansion (10s)
ℹ [13811/14181] Built H0mework.Versions.R9c73a630.ReleaseMaterials.Physics.LowEnergyPhenomenology.AlphaSource.EmIdentification.ActualEMPhysicalCarrierRead (14s)
info: H0mework/Versions/R9c73a630/ReleaseMaterials/Physics/LowEnergyPhenomenology/AlphaSource/EmIdentification/ActualEMPhysicalCarrierRead.lean:134:59: Try this:
  [apply] ring_nf
  
  The `ring` tactic failed to close the goal. Use `ring_nf` to obtain a normal form.
    
  Note that `ring` works primarily in *commutative* rings. If you have a noncommutative ring, abelian group or module, consider using `noncomm_ring`, `abel` or `module` instead.
ℹ [13812/14181] Built H0mework.Versions.R9c73a630.ReleaseMaterials.Physics.LowEnergyPhenomenology.AlphaSource.SourceMasterSimpleNumerator (22s)
info: H0mework/Versions/R9c73a630/ReleaseMaterials/Physics/LowEnergyPhenomenology/AlphaSource/SourceMasterSimpleNumerator.lean:166:60: Original private payer: _private.H0mework.Versions.R9c73a630.ReleaseMaterials.Physics.LowEnergyPhenomenology.AlphaSource.CanonicalPreparationSourceChargedSecondUniform.0.LowEnergy.PreparationVacuumChargedSpatialResponse.projected_origin
info: H0mework/Versions/R9c73a630/ReleaseMaterials/Physics/LowEnergyPhenomenology/AlphaSource/SourceMasterSimpleNumerator.lean:196:4: Try this:
  [apply] ring_nf
  
  The `ring` tactic failed to close the goal. Use `ring_nf` to obtain a normal form.
    
  Note that `ring` works primarily in *commutative* rings. If you have a noncommutative ring, abelian group or module, consider using `noncomm_ring`, `abel` or `module` instead.
info: H0mework/Versions/R9c73a630/ReleaseMaterials/Physics/LowEnergyPhenomenology/AlphaSource/SourceMasterSimpleNumerator.lean:236:14: Original private payer: _private.H0mework.Versions.R9c73a630.ReleaseMaterials.Physics.LowEnergyPhenomenology.AlphaSource.SourceCausalMasterDerivative.0.LowEnergy.PreparationPhysicalRetainerResolventSquare.master_current_bound
info: H0mework/Versions/R9c73a630/ReleaseMaterials/Physics/LowEnergyPhenomenology/AlphaSource/SourceMasterSimpleNumerator.lean:245:14: Original private payer: _private.H0mework.Versions.R9c73a630.ReleaseMaterials.Physics.LowEnergyPhenomenology.AlphaSource.CanonicalPreparationSourceChargedSecondUniform.0.LowEnergy.PreparationVacuumChargedSpatialResponse.origin_bound
✔ [13813/14181] Built H0mework.Versions.R9c73a630.ReleaseMaterials.Physics.LowEnergyPhenomenology.AlphaSource.SourceGaugePreparedStaticCEM (6.5s)
✔ [13814/14181] Built H0mework.Versions.R9c73a630.ReleaseMaterials.Physics.LowEnergyPhenomenology.AlphaSource.SourceFiniteCurvatureRay (35s)
✔ [13815/14181] Built H0mework.Versions.R9c73a630.ReleaseMaterials.Physics.LowEnergyPhenomenology.AlphaSource.SourceFiniteCurvatureReturn (8.1s)
✖ [13816/14181] Building H0mework.Versions.R9c73a630.ReleaseMaterials.Physics.LowEnergyPhenomenology.AlphaSource.SourceMasterCorrectionJointPrice (32s)
trace: .> LEAN_PATH=./Lean/.lake/packages/Cli/.lake/build/lib/lean:./Lean/.lake/packages/batteries/.lake/build/lib/lean:./Lean/.lake/packages/Qq/.lake/build/lib/lean:./Lean/.lake/packages/aesop/.lake/build/lib/lean:./Lean/.lake/packages/proofwidgets/.lake/build/lib/lean:./Lean/.lake/packages/importGraph/.lake/build/lib/lean:./Lean/.lake/packages/LeanSearchClient/.lake/build/lib/lean:./Lean/.lake/packages/plausible/.lake/build/lib/lean:./Lean/.lake/packages/mathlib/.lake/build/lib/lean:./Lean/.lake/build/lib/lean runtime/elan/manual/lean-4.33.0-darwin_aarch64/bin/lean -DmaxHeartbeats=2000000 -Dweak.linter.unusedSectionVars=false -Dweak.linter.unnecessarySeqFocus=false -Dweak.linter.unusedVariables=false -Dweak.linter.unreachableTactic=false -Dweak.linter.unusedTactic=false -Dweak.linter.defProp=false -Dweak.linter.deprecated=false -Dlinter.deprecated=false -Dweak.linter.tacticAnalysis.introMerge=false -Dweak.linter.constructorNameAsVariable=false --trust=0 -Dweak.linter.unnecessarySimpa=false -Dweak.linter.style.haveILetI=false -Dweak.linter.unusedSimpArgs=false -DwarningAsError=true ./Lean/H0mework/Versions/R9c73a630/ReleaseMaterials/Physics/LowEnergyPhenomenology/AlphaSource/SourceMasterCorrectionJointPrice.lean -o ./Lean/.lake/build/lib/lean/H0mework/Versions/R9c73a630/ReleaseMaterials/Physics/LowEnergyPhenomenology/AlphaSource/SourceMasterCorrectionJointPrice.olean -i ./Lean/.lake/build/lib/lean/H0mework/Versions/R9c73a630/ReleaseMaterials/Physics/LowEnergyPhenomenology/AlphaSource/SourceMasterCorrectionJointPrice.ilean -c ./Lean/.lake/build/ir/H0mework/Versions/R9c73a630/ReleaseMaterials/Physics/LowEnergyPhenomenology/AlphaSource/SourceMasterCorrectionJointPrice.c --setup ./Lean/.lake/build/ir/H0mework/Versions/R9c73a630/ReleaseMaterials/Physics/LowEnergyPhenomenology/AlphaSource/SourceMasterCorrectionJointPrice.setup.json --json
info: H0mework/Versions/R9c73a630/ReleaseMaterials/Physics/LowEnergyPhenomenology/AlphaSource/SourceMasterCorrectionJointPrice.lean:227:14: Original private payer: _private.H0mework.Versions.R9c73a630.ReleaseMaterials.Physics.LowEnergyPhenomenology.AlphaSource.CanonicalPreparationSourceChargedSecondUniform.0.LowEnergy.PreparationVacuumChargedSpatialResponse.slow_bound
error: H0mework/Versions/R9c73a630/ReleaseMaterials/Physics/LowEnergyPhenomenology/AlphaSource/SourceMasterCorrectionJointPrice.lean:264:36: Expected unique original source geometry payer LowEnergy.PreparationPhysicalJointRadialForcing.spatial_positive
info: H0mework/Versions/R9c73a630/ReleaseMaterials/Physics/LowEnergyPhenomenology/AlphaSource/SourceMasterCorrectionJointPrice.lean:307:17: Original private payer: _private.H0mework.Versions.R9c73a630.ReleaseMaterials.Physics.LowEnergyPhenomenology.AlphaSource.SourceCausalMasterDerivative.0.LowEnergy.PreparationPhysicalRetainerResolventSquare.master_current_continuous
info: H0mework/Versions/R9c73a630/ReleaseMaterials/Physics/LowEnergyPhenomenology/AlphaSource/SourceMasterCorrectionJointPrice.lean:310:47: Original private payer: _private.H0mework.Versions.R9c73a630.ReleaseMaterials.Physics.LowEnergyPhenomenology.AlphaSource.CanonicalPreparationSourceChargedSecondUniform.0.LowEnergy.PreparationVacuumChargedSpatialResponse.physical_point_continuous
info: H0mework/Versions/R9c73a630/ReleaseMaterials/Physics/LowEnergyPhenomenology/AlphaSource/SourceMasterCorrectionJointPrice.lean:327:25: Original private payer: _private.H0mework.Versions.R9c73a630.ReleaseMaterials.Physics.LowEnergyPhenomenology.AlphaSource.SourceChannelFundamentalPotential.0.LowEnergy.PreparationPhysicalChannelGreen.phase_norm
error: H0mework/Versions/R9c73a630/ReleaseMaterials/Physics/LowEnergyPhenomenology/AlphaSource/SourceMasterCorrectionJointPrice.lean:333:26: Expected unique original source geometry payer LowEnergy.PreparationPhysicalJointRadialForcing.physical_price_shape
error: Lean exited with code 1
✔ [13848/14181] Built H0mework.Versions.R9c73a630.ReleaseMaterials.Physics.LowEnergyPhenomenology.AlphaSource.SourceFiniteCurvatureChannels (80s)
✔ [13849/14181] Built H0mework.Versions.R9c73a630.ReleaseMaterials.Physics.LowEnergyPhenomenology.AlphaSource.SourceCurvatureFrechet (10s)
✔ [13850/14181] Built H0mework.Versions.R9c73a630.ReleaseMaterials.Physics.LowEnergyPhenomenology.AlphaSource.SourceMovingCurvaturePrice (10s)
✔ [13851/14181] Built H0mework.Versions.R9c73a630.ReleaseMaterials.Physics.LowEnergyPhenomenology.AlphaSource.SourceCurvaturePoleReturn (17s)
✔ [13852/14181] Built H0mework.Versions.R9c73a630.ReleaseMaterials.Physics.LowEnergyPhenomenology.AlphaSource.SourcePolePreparedMatrix (20s)
✔ [13853/14181] Built H0mework.Versions.R9c73a630.ReleaseMaterials.Physics.LowEnergyPhenomenology.AlphaSource.SourcePoleEnergySheet (19s)
✔ [13854/14181] Built H0mework.Versions.R9c73a630.ReleaseMaterials.Physics.LowEnergyPhenomenology.AlphaSource.SourcePoleChargeObservation (10s)
✔ [13855/14181] Built H0mework.Versions.R9c73a630.ReleaseMaterials.Physics.LowEnergyPhenomenology.AlphaSource.SourceFirstGaugeField (170s)
✔ [13856/14181] Built H0mework.Versions.R9c73a630.ReleaseMaterials.Physics.LowEnergyPhenomenology.AlphaSource.SourceFirstGaugeRepresentation (85s)
✔ [13857/14181] Built H0mework.Versions.R9c73a630.ReleaseMaterials.Physics.LowEnergyPhenomenology.AlphaSource.SourceFirstPoleGaugeReturn (60s)
✔ [13983/14181] Built H0mework.Versions.R9c73a630.ReleaseMaterials.Physics.LowEnergyPhenomenology.AlphaSource.CanonicalPreparationSourceFirstPoleGaugeReturn (14s)
✔ [13984/14181] Built H0mework.Versions.R9c73a630.ReleaseMaterials.Physics.LowEnergyPhenomenology.AlphaSource.EmIdentification.PhysicalEMPoleWard (126s)
Some required targets logged failures:
- H0mework.Versions.R9c73a630.ReleaseMaterials.Physics.LowEnergyPhenomenology.AlphaSource.SourceMasterCorrectionJointPrice
error: build failed
