warning: mathlib: repository './Lean/.lake/packages/mathlib' has local changes
warning: batteries: repository './Lean/.lake/packages/batteries' has local changes
ℹ [9740/9859] Replayed H0mework.Physics.LowEnergy.Quantum.SourceRetardedGraph
info: H0mework/Physics/LowEnergy/Quantum/SourceRetardedGraph.lean:262:0: 'LowEnergy.SourceRetardedGraph.closed_graph_pairing_both' depends on axioms: [propext, Classical.choice, Quot.sound]
info: H0mework/Physics/LowEnergy/Quantum/SourceRetardedGraph.lean:263:0: 'LowEnergy.SourceRetardedGraph.cayley_equal_norm' depends on axioms: [propext, Classical.choice, Quot.sound]
info: H0mework/Physics/LowEnergy/Quantum/SourceRetardedGraph.lean:264:0: 'LowEnergy.SourceRetardedGraph.lower_graph_bound' depends on axioms: [propext, Classical.choice, Quot.sound]
info: H0mework/Physics/LowEnergy/Quantum/SourceRetardedGraph.lean:265:0: 'LowEnergy.SourceRetardedGraph.cayleyRange' depends on axioms: [propext, Classical.choice, Quot.sound]
info: H0mework/Physics/LowEnergy/Quantum/SourceRetardedGraph.lean:266:0: 'LowEnergy.SourceRetardedGraph.incoming_range_closed' depends on axioms: [propext, Classical.choice, Quot.sound]
info: H0mework/Physics/LowEnergy/Quantum/SourceRetardedGraph.lean:267:0: 'LowEnergy.SourceRetardedGraph.mem_defect_iff_core' depends on axioms: [propext, Classical.choice, Quot.sound]
info: H0mework/Physics/LowEnergy/Quantum/SourceRetardedGraph.lean:268:0: 'LowEnergy.SourceRetardedGraph.range_resolvent_graph' depends on axioms: [propext, Classical.choice, Quot.sound]
info: H0mework/Physics/LowEnergy/Quantum/SourceRetardedGraph.lean:269:0: 'LowEnergy.SourceRetardedGraph.range_resolvent_bound' depends on axioms: [propext, Classical.choice, Quot.sound]
info: H0mework/Physics/LowEnergy/Quantum/SourceRetardedGraph.lean:270:0: 'LowEnergy.SourceRetardedGraph.mem_range_iff_defect' depends on axioms: [propext, Classical.choice, Quot.sound]
info: H0mework/Physics/LowEnergy/Quantum/SourceRetardedGraph.lean:271:0: 'LowEnergy.SourceRetardedGraph.range_step_norm' depends on axioms: [propext, Classical.choice, Quot.sound]
info: H0mework/Physics/LowEnergy/Quantum/SourceRetardedGraph.lean:272:0: 'LowEnergy.SourceRetardedGraph.range_step_midpoint' depends on axioms: [propext, Classical.choice, Quot.sound]
info: H0mework/Physics/LowEnergy/Quantum/SourceRetardedGraph.lean:273:0: 'LowEnergy.SourceRetardedGraph.source_mu_large' depends on axioms: [propext, Classical.choice, Quot.sound]
ℹ [9741/9859] Replayed H0mework.Physics.LowEnergy.Quantum.FiniteCoreEvolution
info: H0mework/Physics/LowEnergy/Quantum/FiniteCoreEvolution.lean:198:0: 'LowEnergy.FiniteCoreEvolution.compression_selfAdjoint' depends on axioms: [propext, Classical.choice, Quot.sound]
info: H0mework/Physics/LowEnergy/Quantum/FiniteCoreEvolution.lean:199:0: 'LowEnergy.FiniteCoreEvolution.compression_core' depends on axioms: [propext, Classical.choice, Quot.sound]
info: H0mework/Physics/LowEnergy/Quantum/FiniteCoreEvolution.lean:200:0: 'LowEnergy.FiniteCoreEvolution.compression_core_bound' depends on axioms: [propext, Classical.choice, Quot.sound]
info: H0mework/Physics/LowEnergy/Quantum/FiniteCoreEvolution.lean:201:0: 'LowEnergy.FiniteCoreEvolution.evolution_norm' depends on axioms: [propext, Classical.choice, Quot.sound]
info: H0mework/Physics/LowEnergy/Quantum/FiniteCoreEvolution.lean:202:0: 'LowEnergy.FiniteCoreEvolution.evolution_core_uniform' depends on axioms: [propext, Classical.choice, Quot.sound]
info: H0mework/Physics/LowEnergy/Quantum/FiniteCoreEvolution.lean:203:0: 'LowEnergy.FiniteCoreEvolution.compression_tendsto' depends on axioms: [propext, Classical.choice, Quot.sound]
info: H0mework/Physics/LowEnergy/Quantum/FiniteCoreEvolution.lean:204:0: 'LowEnergy.FiniteCoreEvolution.evolution_core_remainder' depends on axioms: [propext, Classical.choice, Quot.sound]
ℹ [9742/9859] Replayed H0mework.Physics.LowEnergy.Quantum.WeakCoreEvolution
info: H0mework/Physics/LowEnergy/Quantum/WeakCoreEvolution.lean:303:0: 'LowEnergy.WeakCoreEvolution.coefficient_tendsto' depends on axioms: [propext, Classical.choice, Quot.sound]
info: H0mework/Physics/LowEnergy/Quantum/WeakCoreEvolution.lean:304:0: 'LowEnergy.WeakCoreEvolution.coefficient_bound' depends on axioms: [propext, Classical.choice, Quot.sound]
info: H0mework/Physics/LowEnergy/Quantum/WeakCoreEvolution.lean:305:0: 'LowEnergy.WeakCoreEvolution.coefficient_add_right' depends on axioms: [propext, Classical.choice, Quot.sound]
info: H0mework/Physics/LowEnergy/Quantum/WeakCoreEvolution.lean:306:0: 'LowEnergy.WeakCoreEvolution.weak_evolution_pair' depends on axioms: [propext, Classical.choice, Quot.sound]
info: H0mework/Physics/LowEnergy/Quantum/WeakCoreEvolution.lean:307:0: 'LowEnergy.WeakCoreEvolution.weak_evolution_contraction' depends on axioms: [propext, Classical.choice, Quot.sound]
info: H0mework/Physics/LowEnergy/Quantum/WeakCoreEvolution.lean:308:0: 'LowEnergy.WeakCoreEvolution.weak_evolution_zero' depends on axioms: [propext, Classical.choice, Quot.sound]
info: H0mework/Physics/LowEnergy/Quantum/WeakCoreEvolution.lean:309:0: 'LowEnergy.WeakCoreEvolution.weak_evolution_core_uniform' depends on axioms: [propext, Classical.choice, Quot.sound]
info: H0mework/Physics/LowEnergy/Quantum/WeakCoreEvolution.lean:310:0: 'LowEnergy.WeakCoreEvolution.weak_evolution_continuous' depends on axioms: [propext, Classical.choice, Quot.sound]
info: H0mework/Physics/LowEnergy/Quantum/WeakCoreEvolution.lean:311:0: 'LowEnergy.WeakCoreEvolution.weak_evolution_core_remainder' depends on axioms: [propext, Classical.choice, Quot.sound]
info: H0mework/Physics/LowEnergy/Quantum/WeakCoreEvolution.lean:312:0: 'LowEnergy.WeakCoreEvolution.weak_evolution_core_derivative' depends on axioms: [propext, Classical.choice, Quot.sound]
info: H0mework/Physics/LowEnergy/Quantum/WeakCoreEvolution.lean:313:0: 'LowEnergy.WeakCoreEvolution.weak_evolution_original_pairing' depends on axioms: [propext, Classical.choice, Quot.sound]
info: H0mework/Physics/LowEnergy/Quantum/WeakCoreEvolution.lean:314:0: 'LowEnergy.WeakCoreEvolution.weak_evolution_pair_derivative' depends on axioms: [propext, Classical.choice, Quot.sound]
info: H0mework/Physics/LowEnergy/Quantum/WeakCoreEvolution.lean:315:0: 'LowEnergy.WeakCoreEvolution.retarded_test_identity' depends on axioms: [propext, Classical.choice, Quot.sound]
ℹ [10190/10216] Replayed H0mework.Foundation.Source.Root
info: H0mework/Foundation/Source/Root.lean:544:0: 'SaturationMonoid.ResponsibilityLifecycle.LivingLawEvolution.ConstructiveRoot.LedgerEntryEvolutionAt.toDebtLineage' does not depend on any axioms
ℹ [10203/10216] Replayed H0mework.Foundation.Semantics.TheoryState
info: H0mework/Foundation/Semantics/TheoryState.lean:137:0: 'SaturationMonoid.ResponsibilityLifecycle.LivingLawEvolution.TheoryState.rootSemantic_actualExpressibilityFailure_isEmpty' does not depend on any axioms
ℹ [10346/10409] Replayed H0mework.Physics.ElectricEC.FixedFullOccurrenceOriginSettlement
info: H0mework/Physics/ElectricEC/FixedFullOccurrenceOriginSettlement.lean:649:2: Try this:
  [apply] abel_nf
info: H0mework/Physics/ElectricEC/FixedFullOccurrenceOriginSettlement.lean:682:2: Try this:
  [apply] abel_nf
info: H0mework/Physics/ElectricEC/FixedFullOccurrenceOriginSettlement.lean:715:2: Try this:
  [apply] abel_nf
ℹ [10357/10409] Replayed H0mework.Physics.ScalarJets.FixedJointP286AlgebraicMatterScalarDelta
info: H0mework/Physics/ScalarJets/FixedJointP286AlgebraicMatterScalarDelta.lean:906:2: Try this:
  [apply] abel_nf
info: H0mework/Physics/ScalarJets/FixedJointP286AlgebraicMatterScalarDelta.lean:926:2: Try this:
  [apply] abel_nf
ℹ [10367/10409] Replayed H0mework.Physics.FullOccurrence.FixedMatterAdjointTemporalSupport
info: H0mework/Physics/FullOccurrence/FixedMatterAdjointTemporalSupport.lean:289:2: Try this:
  [apply] abel_nf
info: H0mework/Physics/FullOccurrence/FixedMatterAdjointTemporalSupport.lean:310:2: Try this:
  [apply] abel_nf
ℹ [10382/10409] Replayed H0mework.Physics.ActionForcing.FixedOccurrenceP286ZeroSliceActionProfile
info: H0mework/Physics/ActionForcing/FixedOccurrenceP286ZeroSliceActionProfile.lean:188:2: Try this:
  [apply] ring_nf
  
  The `ring` tactic failed to close the goal. Use `ring_nf` to obtain a normal form.
    
  Note that `ring` works primarily in *commutative* rings. If you have a noncommutative ring, abelian group or module, consider using `noncomm_ring`, `abel` or `module` instead.
ℹ [10383/10409] Replayed H0mework.Physics.FixedJoint.FixedP286RadialRequiredExteriorAnchor
info: H0mework/Physics/FixedJoint/FixedP286RadialRequiredExteriorAnchor.lean:160:2: Try this:
  [apply] ring_nf
  
  The `ring` tactic failed to close the goal. Use `ring_nf` to obtain a normal form.
    
  Note that `ring` works primarily in *commutative* rings. If you have a noncommutative ring, abelian group or module, consider using `noncomm_ring`, `abel` or `module` instead.
ℹ [10480/10498] Replayed H0mework.Physics.ActionGeneration.SameHessianCauchySafeRealization
info: H0mework/Physics/ActionGeneration/SameHessianCauchySafeRealization.lean:107:0: 'SaturationMonoid.PhysicsCore.StageNineSourceActionGeneratedSameHessianCauchySafeRealization.SameHessianCauchySafeRealizationOccurrence.after_eq_actionWrite' depends on axioms: [propext,
 Classical.choice,
 Quot.sound]
ℹ [10502/10572] Replayed H0mework.Physics.Coframe.CoframeNativeConjugateMatterGlobalRadialRegularity
info: H0mework/Physics/Coframe/CoframeNativeConjugateMatterGlobalRadialRegularity.lean:871:0: 'SaturationMonoid.PhysicsCore.StageNineCoframeNativeConjugateMatterGlobalRadialRegularity.coframeNativeGlobalConjugateMatterResponseOneForm_contDiff' depends on axioms: [propext,
 Classical.choice,
 Quot.sound]
info: H0mework/Physics/Coframe/CoframeNativeConjugateMatterGlobalRadialRegularity.lean:872:0: 'SaturationMonoid.PhysicsCore.StageNineCoframeNativeConjugateMatterGlobalRadialRegularity.actionGeneratedGlobalFrameMatterDualActual_smooth' depends on axioms: [propext,
 Classical.choice,
 Quot.sound]
info: H0mework/Physics/Coframe/CoframeNativeConjugateMatterGlobalRadialRegularity.lean:873:0: 'SaturationMonoid.PhysicsCore.StageNineCoframeNativeConjugateMatterGlobalRadialRegularity.installFormNativeGravityReaction_smooth' depends on axioms: [propext,
 Classical.choice,
 Quot.sound]
ℹ [10503/10572] Replayed H0mework.Physics.SafeCauchy.FixedJointGlobalSmooth
info: H0mework/Physics/SafeCauchy/FixedJointGlobalSmooth.lean:107:0: 'SaturationMonoid.PhysicsCore.StageNineDiracDualFormNativeFixedP506CartanECConstraintCauchySafeJointGlobalSmooth.fixedP506L0CartanECConstraintCauchySafeJointGlobalECPath_conjugateMatterResponseOneForm_contDiff' depends on axioms: [propext,
 Classical.choice,
 Quot.sound]
info: H0mework/Physics/SafeCauchy/FixedJointGlobalSmooth.lean:109:0: 'SaturationMonoid.PhysicsCore.StageNineDiracDualFormNativeFixedP506CartanECConstraintCauchySafeJointGlobalSmooth.fixedP506L0CartanECConstraintCauchySafeJointGlobalPrimal_conjugateMatterRadialIncrement_contDiff' depends on axioms: [propext,
 Classical.choice,
 Quot.sound]
info: H0mework/Physics/SafeCauchy/FixedJointGlobalSmooth.lean:111:0: 'SaturationMonoid.PhysicsCore.StageNineDiracDualFormNativeFixedP506CartanECConstraintCauchySafeJointGlobalSmooth.fixedP506L0CartanECConstraintCauchySafeJointGlobalMatterDual_smooth' depends on axioms: [propext,
 Classical.choice,
 Quot.sound]
info: H0mework/Physics/SafeCauchy/FixedJointGlobalSmooth.lean:113:0: 'SaturationMonoid.PhysicsCore.StageNineDiracDualFormNativeFixedP506CartanECConstraintCauchySafeJointGlobalSmooth.fixedP506L0CartanECConstraintCauchySafeJointGlobalActual_smooth' depends on axioms: [propext,
 Classical.choice,
 Quot.sound]
ℹ [10504/10572] Replayed H0mework.Physics.SafeCauchy.FixedECPathGravityTailInputRegularity
info: H0mework/Physics/SafeCauchy/FixedECPathGravityTailInputRegularity.lean:526:0: 'SaturationMonoid.PhysicsCore.StageNineDiracDualFormNativeFixedP506CartanECConstraintCauchySafeECPathGravityTailInputRegularity.cartanECSynchronizedGravityTailBase_smooth_of_currentSmooth' depends on axioms: [propext,
 Classical.choice,
 Quot.sound]
info: H0mework/Physics/SafeCauchy/FixedECPathGravityTailInputRegularity.lean:527:0: 'SaturationMonoid.PhysicsCore.StageNineDiracDualFormNativeFixedP506CartanECConstraintCauchySafeECPathGravityTailInputRegularity.fixedP506L0CartanECConstraintCauchySafeJointFinalGravityTailBase_smooth' depends on axioms: [propext,
 Classical.choice,
 Quot.sound]
info: H0mework/Physics/SafeCauchy/FixedECPathGravityTailInputRegularity.lean:529:0: 'SaturationMonoid.PhysicsCore.StageNineDiracDualFormNativeFixedP506CartanECConstraintCauchySafeECPathGravityTailInputRegularity.fixedP506L0CartanECConstraintCauchySafeJointFinalGravityTailBase_nondegenerate_origin' depends on axioms: [propext,
 Classical.choice,
 Quot.sound]
info: H0mework/Physics/SafeCauchy/FixedECPathGravityTailInputRegularity.lean:531:0: 'SaturationMonoid.PhysicsCore.StageNineDiracDualFormNativeFixedP506CartanECConstraintCauchySafeECPathGravityTailInputRegularity.fixedP506L0CartanECConstraintCauchySafeJointFinalGravityTailCoframeJetCoordinateCLM_contDiffAt_origin' depends on axioms: [propext,
 Classical.choice,
 Quot.sound]
info: H0mework/Physics/SafeCauchy/FixedECPathGravityTailInputRegularity.lean:533:0: 'SaturationMonoid.PhysicsCore.StageNineDiracDualFormNativeFixedP506CartanECConstraintCauchySafeECPathGravityTailInputRegularity.fixedP506L0CartanECConstraintCauchySafeJointFinalGravityTailCoframeFirstJet_origin_eq_identity' depends on axioms: [propext,
 Classical.choice,
 Quot.sound]
info: H0mework/Physics/SafeCauchy/FixedECPathGravityTailInputRegularity.lean:535:0: 'SaturationMonoid.PhysicsCore.StageNineDiracDualFormNativeFixedP506CartanECConstraintCauchySafeECPathGravityTailInputRegularity.fixedP506L0CartanECConstraintCauchySafeJointFinalGravityTailBase_coframe_eq_one' depends on axioms: [propext,
 Classical.choice,
 Quot.sound]
info: H0mework/Physics/SafeCauchy/FixedECPathGravityTailInputRegularity.lean:537:0: 'SaturationMonoid.PhysicsCore.StageNineDiracDualFormNativeFixedP506CartanECConstraintCauchySafeECPathGravityTailInputRegularity.fixedP506L0CartanECConstraintCauchySafeJointFinalGravityTailBase_nondegenerate' depends on axioms: [propext,
 Classical.choice,
 Quot.sound]
info: H0mework/Physics/SafeCauchy/FixedECPathGravityTailInputRegularity.lean:539:0: 'SaturationMonoid.PhysicsCore.StageNineDiracDualFormNativeFixedP506CartanECConstraintCauchySafeECPathGravityTailInputRegularity.fixedP506L0CartanECConstraintCauchySafeJointFinalGravityTailCoframeJetCoordinateCLM_contDiff' depends on axioms: [propext,
 Classical.choice,
 Quot.sound]
ℹ [10522/10572] Replayed H0mework.Physics.JointVariation.DirectPrimitivePathGLSmooth
info: H0mework/Physics/JointVariation/DirectPrimitivePathGLSmooth.lean:234:0: 'SaturationMonoid.PhysicsCore.StageNineDiracDualFormNativeCompleteJointDirectPrimitivePathGLSmooth.sourceActionGeneratedDiracDualGLDirectPrimitivePathWrite_smooth_of_materialRegularity' depends on axioms: [propext,
 Classical.choice,
 Quot.sound]
info: H0mework/Physics/JointVariation/DirectPrimitivePathGLSmooth.lean:236:0: 'SaturationMonoid.PhysicsCore.StageNineDiracDualFormNativeCompleteJointDirectPrimitivePathGLSmooth.sourceActionGeneratedDiracDualGLDirectPrimitivePathWrite_smooth' depends on axioms: [propext,
 Classical.choice,
 Quot.sound]
ℹ [10526/10572] Replayed H0mework.Versions.R2.Physics.ConstrainedCauchy.FixedFirstAssemblyGeneratedJointNormalForm
info: H0mework/Versions/R2/Physics/ConstrainedCauchy/FixedFirstAssemblyGeneratedJointNormalForm.lean:135:0: 'SaturationMonoid.PhysicsCore.StageNineDiracDualFormNativeFixedP506CartanECConstraintCauchyFirstAssemblyGeneratedJointNormalForm.root_firstAssembly_classicalJoint_eq_generatedNormalForm_section' depends on axioms: [propext,
 Classical.choice,
 Quot.sound]
info: H0mework/Versions/R2/Physics/ConstrainedCauchy/FixedFirstAssemblyGeneratedJointNormalForm.lean:136:0: 'SaturationMonoid.PhysicsCore.StageNineDiracDualFormNativeFixedP506CartanECConstraintCauchyFirstAssemblyGeneratedJointNormalForm.firstAssemblyGeneratedPointwiseJointNormalForm_gravityMultiplier_zero' depends on axioms: [propext,
 Classical.choice,
 Quot.sound]
info: H0mework/Versions/R2/Physics/ConstrainedCauchy/FixedFirstAssemblyGeneratedJointNormalForm.lean:138:0: 'SaturationMonoid.PhysicsCore.StageNineDiracDualFormNativeFixedP506CartanECConstraintCauchyFirstAssemblyGeneratedJointNormalForm.firstAssemblyGeneratedPointwiseJointNormalForm_gravityAuxiliary_zero' depends on axioms: [propext,
 Classical.choice,
 Quot.sound]
info: H0mework/Versions/R2/Physics/ConstrainedCauchy/FixedFirstAssemblyGeneratedJointNormalForm.lean:140:0: 'SaturationMonoid.PhysicsCore.StageNineDiracDualFormNativeFixedP506CartanECConstraintCauchyFirstAssemblyGeneratedJointNormalForm.firstAssemblyGeneratedPointwiseJointNormalForm_p286GaugeAuxiliary_zero' depends on axioms: [propext,
 Classical.choice,
 Quot.sound]
ℹ [10527/10572] Replayed H0mework.Versions.R2.Physics.ConstrainedCauchy.FixedFirstAssemblyP286ConnectionEvaluatorNormalForm
info: H0mework/Versions/R2/Physics/ConstrainedCauchy/FixedFirstAssemblyP286ConnectionEvaluatorNormalForm.lean:225:0: 'SaturationMonoid.PhysicsCore.StageNineDiracDualFormNativeFixedP506CartanECConstraintCauchyFirstAssemblyP286ConnectionEvaluatorNormalForm.firstAssembly_p286Stage_eq_sourceEulerStep' depends on axioms: [propext,
 Classical.choice,
 Quot.sound]
info: H0mework/Versions/R2/Physics/ConstrainedCauchy/FixedFirstAssemblyP286ConnectionEvaluatorNormalForm.lean:226:0: 'SaturationMonoid.PhysicsCore.StageNineDiracDualFormNativeFixedP506CartanECConstraintCauchyFirstAssemblyP286ConnectionEvaluatorNormalForm.firstAssembly_configuration_eq_p286Refreshed' depends on axioms: [propext,
 Classical.choice,
 Quot.sound]
info: H0mework/Versions/R2/Physics/ConstrainedCauchy/FixedFirstAssemblyP286ConnectionEvaluatorNormalForm.lean:227:0: 'SaturationMonoid.PhysicsCore.StageNineDiracDualFormNativeFixedP506CartanECConstraintCauchyFirstAssemblyP286ConnectionEvaluatorNormalForm.firstAssembly_p286Refreshed_gaugeConnection_eq_p286Stage' depends on axioms: [propext,
 Classical.choice,
 Quot.sound]
info: H0mework/Versions/R2/Physics/ConstrainedCauchy/FixedFirstAssemblyP286ConnectionEvaluatorNormalForm.lean:228:0: 'SaturationMonoid.PhysicsCore.StageNineDiracDualFormNativeFixedP506CartanECConstraintCauchyFirstAssemblyP286ConnectionEvaluatorNormalForm.firstAssembly_p286Stage_connectionCoordinate_eq_source_sub_gradient' depends on axioms: [propext,
 Classical.choice,
 Quot.sound]
info: H0mework/Versions/R2/Physics/ConstrainedCauchy/FixedFirstAssemblyP286ConnectionEvaluatorNormalForm.lean:230:0: 'SaturationMonoid.PhysicsCore.StageNineDiracDualFormNativeFixedP506CartanECConstraintCauchyFirstAssemblyP286ConnectionEvaluatorNormalForm.firstAssembly_p286Refreshed_auxiliary_eq_generatedConstitutive' depends on axioms: [propext,
 Classical.choice,
 Quot.sound]
info: H0mework/Versions/R2/Physics/ConstrainedCauchy/FixedFirstAssemblyP286ConnectionEvaluatorNormalForm.lean:232:0: 'SaturationMonoid.PhysicsCore.StageNineDiracDualFormNativeFixedP506CartanECConstraintCauchyFirstAssemblyP286ConnectionEvaluatorNormalForm.firstAssembly_connectionEvaluatorDefect_eq_refreshedEuler' depends on axioms: [propext,
 Classical.choice,
 Quot.sound]
info: H0mework/Versions/R2/Physics/ConstrainedCauchy/FixedFirstAssemblyP286ConnectionEvaluatorNormalForm.lean:233:0: 'SaturationMonoid.PhysicsCore.StageNineDiracDualFormNativeFixedP506CartanECConstraintCauchyFirstAssemblyP286ConnectionEvaluatorNormalForm.firstAssembly_connectionEvaluatorDefect_allPoint_zero_iff_yangMills' depends on axioms: [propext,
 Classical.choice,
 Quot.sound]
info: H0mework/Versions/R2/Physics/ConstrainedCauchy/FixedFirstAssemblyP286ConnectionEvaluatorNormalForm.lean:235:0: 'SaturationMonoid.PhysicsCore.StageNineDiracDualFormNativeFixedP506CartanECConstraintCauchyFirstAssemblyP286ConnectionEvaluatorNormalForm.firstAssembly_connectionEvaluatorDefect_allPoint_zero_iff_wholeField' depends on axioms: [propext,
 Classical.choice,
 Quot.sound]
info: H0mework/Versions/R2/Physics/ConstrainedCauchy/FixedFirstAssemblyP286ConnectionEvaluatorNormalForm.lean:237:0: 'SaturationMonoid.PhysicsCore.StageNineDiracDualFormNativeFixedP506CartanECConstraintCauchyFirstAssemblyP286ConnectionEvaluatorNormalForm.firstAssemblyGeneratedP286ConnectionActionDefect_nonnegative' depends on axioms: [propext,
 Classical.choice,
 Quot.sound]
info: H0mework/Versions/R2/Physics/ConstrainedCauchy/FixedFirstAssemblyP286ConnectionEvaluatorNormalForm.lean:239:0: 'SaturationMonoid.PhysicsCore.StageNineDiracDualFormNativeFixedP506CartanECConstraintCauchyFirstAssemblyP286ConnectionEvaluatorNormalForm.firstAssemblyGeneratedP286ConnectionActionDefect_eq_zero_iff_evaluator_zero' depends on axioms: [propext,
 Classical.choice,
 Quot.sound]
info: H0mework/Versions/R2/Physics/ConstrainedCauchy/FixedFirstAssemblyP286ConnectionEvaluatorNormalForm.lean:241:0: 'SaturationMonoid.PhysicsCore.StageNineDiracDualFormNativeFixedP506CartanECConstraintCauchyFirstAssemblyP286ConnectionEvaluatorNormalForm.firstAssemblyGeneratedP286ConnectionActionDefect_pos_iff_evaluator_nonzero' depends on axioms: [propext,
 Classical.choice,
 Quot.sound]
ℹ [10528/10572] Replayed H0mework.Physics.SafeCauchy.FixedDynamicScalarSourceContact
info: H0mework/Physics/SafeCauchy/FixedDynamicScalarSourceContact.lean:138:0: 'SaturationMonoid.PhysicsCore.StageNineDiracDualFormNativeFixedP506CartanECConstraintCauchySafeDynamicScalarSourceContact.fixedP506L0CartanECConstraintCauchySafeJointGlobalActual_scalar_origin_generatedVacuum' depends on axioms: [propext,
 Classical.choice,
 Quot.sound]
ℹ [10529/10572] Replayed H0mework.Physics.SafeCauchy.FixedClassicalCandidateFamily
info: H0mework/Physics/SafeCauchy/FixedClassicalCandidateFamily.lean:127:0: 'SaturationMonoid.PhysicsCore.StageNineDiracDualFormNativeFixedP506CartanECConstraintCauchySafeClassicalWorldCandidateFamily.safeFinalClassicalWorldCandidateActual_gravityConnectionLorentzAdmissible' depends on axioms: [propext,
 Classical.choice,
 Quot.sound]
info: H0mework/Physics/SafeCauchy/FixedClassicalCandidateFamily.lean:129:0: 'SaturationMonoid.PhysicsCore.StageNineDiracDualFormNativeFixedP506CartanECConstraintCauchySafeClassicalWorldCandidateFamily.safeFinalClassicalWorldCandidateActual_acceptance_iff' depends on axioms: [propext,
 Classical.choice,
 Quot.sound]
ℹ [10530/10572] Replayed H0mework.Physics.SafeCauchy.FixedJointGlobalFiveSectorClosure
info: H0mework/Physics/SafeCauchy/FixedJointGlobalFiveSectorClosure.lean:436:0: 'SaturationMonoid.PhysicsCore.StageNineDiracDualFormNativeFixedP506CartanECConstraintCauchySafeJointGlobalFiveSectorClosure.fixedP506L0CartanECConstraintCauchySafeJointGlobalActual_gaugeCurvature_origin_ne_zero' depends on axioms: [propext,
 Classical.choice,
 Quot.sound]
info: H0mework/Physics/SafeCauchy/FixedJointGlobalFiveSectorClosure.lean:438:0: 'SaturationMonoid.PhysicsCore.StageNineDiracDualFormNativeFixedP506CartanECConstraintCauchySafeJointGlobalFiveSectorClosure.fixedP506L0CartanECConstraintCauchySafeJointGlobalActual_matterCurrentNonzeroAt_origin' depends on axioms: [propext,
 Classical.choice,
 Quot.sound]
info: H0mework/Physics/SafeCauchy/FixedJointGlobalFiveSectorClosure.lean:440:0: 'SaturationMonoid.PhysicsCore.StageNineDiracDualFormNativeFixedP506CartanECConstraintCauchySafeJointGlobalFiveSectorClosure.fixedP506L0CartanECConstraintCauchySafeJointGlobalActual_nonGravityFiveSectorClosure' depends on axioms: [propext,
 Classical.choice,
 Quot.sound]
ℹ [10555/10572] Replayed H0mework.Versions.AB.Physics.LowEnergy.Quantum.GaussHistoryHilbert
info: H0mework/Versions/AB/Physics/LowEnergy/Quantum/GaussHistoryHilbert.lean:238:0: 'LowEnergy.GaussHistoryHilbert.source_jacobian_pos' depends on axioms: [propext, Classical.choice, Quot.sound]
info: H0mework/Versions/AB/Physics/LowEnergy/Quantum/GaussHistoryHilbert.lean:239:0: 'LowEnergy.GaussHistoryHilbert.relative_source' depends on axioms: [propext, Classical.choice, Quot.sound]
info: H0mework/Versions/AB/Physics/LowEnergy/Quantum/GaussHistoryHilbert.lean:240:0: 'LowEnergy.GaussHistoryHilbert.jacobian_source' depends on axioms: [propext, Classical.choice, Quot.sound]
info: H0mework/Versions/AB/Physics/LowEnergy/Quantum/GaussHistoryHilbert.lean:241:0: 'LowEnergy.GaussHistoryHilbert.relativeMatrix_smooth' depends on axioms: [propext, Classical.choice, Quot.sound]
info: H0mework/Versions/AB/Physics/LowEnergy/Quantum/GaussHistoryHilbert.lean:242:0: 'LowEnergy.GaussHistoryHilbert.coordinate_finrank' depends on axioms: [propext, Classical.choice, Quot.sound]
info: H0mework/Versions/AB/Physics/LowEnergy/Quantum/GaussHistoryHilbert.lean:243:0: 'LowEnergy.GaussHistoryHilbert.sourcePoint' depends on axioms: [propext, Classical.choice, Quot.sound]
info: H0mework/Versions/AB/Physics/LowEnergy/Quantum/GaussHistoryHilbert.lean:244:0: 'LowEnergy.GaussHistoryHilbert.numberWeight_pos' depends on axioms: [propext, Classical.choice, Quot.sound]
info: H0mework/Versions/AB/Physics/LowEnergy/Quantum/GaussHistoryHilbert.lean:245:0: 'LowEnergy.GaussHistoryHilbert.fockTestDomain_dense' depends on axioms: [propext, Classical.choice, Quot.sound]
ℹ [10556/10572] Replayed H0mework.Versions.AB.Physics.LowEnergy.Quantum.GaussLiveMomentum
info: H0mework/Versions/AB/Physics/LowEnergy/Quantum/GaussLiveMomentum.lean:281:0: 'LowEnergy.GaussLiveMomentum.splitMap_injective' depends on axioms: [propext, Classical.choice, Quot.sound]
info: H0mework/Versions/AB/Physics/LowEnergy/Quantum/GaussLiveMomentum.lean:282:0: 'LowEnergy.GaussLiveMomentum.splitEquiv' depends on axioms: [propext, Classical.choice, Quot.sound]
info: H0mework/Versions/AB/Physics/LowEnergy/Quantum/GaussLiveMomentum.lean:283:0: 'LowEnergy.GaussLiveMomentum.split_right_inverse' depends on axioms: [propext, Classical.choice, Quot.sound]
info: H0mework/Versions/AB/Physics/LowEnergy/Quantum/GaussLiveMomentum.lean:284:0: 'LowEnergy.GaussLiveMomentum.inverse_smooth' depends on axioms: [propext, Classical.choice, Quot.sound]
info: H0mework/Versions/AB/Physics/LowEnergy/Quantum/GaussLiveMomentum.lean:285:0: 'LowEnergy.GaussLiveMomentum.inverse_derivative' depends on axioms: [propext, Classical.choice, Quot.sound]
info: H0mework/Versions/AB/Physics/LowEnergy/Quantum/GaussLiveMomentum.lean:286:0: 'LowEnergy.GaussLiveMomentum.momentum_unique' depends on axioms: [propext, Classical.choice, Quot.sound]
info: H0mework/Versions/AB/Physics/LowEnergy/Quantum/GaussLiveMomentum.lean:287:0: 'LowEnergy.GaussLiveMomentum.momentum_orbit' depends on axioms: [propext, Classical.choice, Quot.sound]
info: H0mework/Versions/AB/Physics/LowEnergy/Quantum/GaussLiveMomentum.lean:288:0: 'LowEnergy.GaussLiveMomentum.momentum_slice' depends on axioms: [propext, Classical.choice, Quot.sound]
ℹ [10568/10627] Replayed H0mework.Physics.SynchronizedJoint.FixedDiracVectorCurrentTemporalRateZeroSlice
info: H0mework/Physics/SynchronizedJoint/FixedDiracVectorCurrentTemporalRateZeroSlice.lean:2215:6: Try this:
  [apply] ring_nf
  
  The `ring` tactic failed to close the goal. Use `ring_nf` to obtain a normal form.
    
  Note that `ring` works primarily in *commutative* rings. If you have a noncommutative ring, abelian group or module, consider using `noncomm_ring`, `abel` or `module` instead.
info: H0mework/Physics/SynchronizedJoint/FixedDiracVectorCurrentTemporalRateZeroSlice.lean:2215:6: Try this:
  [apply] ring_nf
  
  The `ring` tactic failed to close the goal. Use `ring_nf` to obtain a normal form.
    
  Note that `ring` works primarily in *commutative* rings. If you have a noncommutative ring, abelian group or module, consider using `noncomm_ring`, `abel` or `module` instead.
ℹ [10612/10627] Replayed H0mework.Versions.R2.Foundation.Source.SequentialAction
info: H0mework/Versions/R2/Foundation/Source/SequentialAction.lean:348:0: 'SaturationMonoid.ResponsibilityLifecycle.LivingLawEvolution.ConstructiveRoot.RootInquiryCompletion.SourceNativeSequentialActualActionTargetAt.initialOpenLedger_injective' does not depend on any axioms
info: H0mework/Versions/R2/Foundation/Source/SequentialAction.lean:349:0: 'SaturationMonoid.ResponsibilityLifecycle.LivingLawEvolution.ConstructiveRoot.RootInquiryCompletion.SourceNativeSequentialActualActionTargetAt.targetAnswerAndNext_next_eq' does not depend on any axioms
ℹ [10626/10685] Replayed H0mework.Physics.GaugeSource.CenteredReducedEntropyIteration
info: H0mework/Physics/GaugeSource/CenteredReducedEntropyIteration.lean:610:0: 'SaturationMonoid.PhysicsCore.StageNineP286SourceNativeCenteredReducedEntropyIteration.p286CenteredReducedNext_smooth' depends on axioms: [propext,
 Classical.choice,
 Quot.sound]
info: H0mework/Physics/GaugeSource/CenteredReducedEntropyIteration.lean:611:0: 'SaturationMonoid.PhysicsCore.StageNineP286SourceNativeCenteredReducedEntropyIteration.P286CenteredReducedEntropyStateAt.reducedBase_eq' depends on axioms: [propext,
 Classical.choice,
 Quot.sound]
info: H0mework/Physics/GaugeSource/CenteredReducedEntropyIteration.lean:612:0: 'SaturationMonoid.PhysicsCore.StageNineP286SourceNativeCenteredReducedEntropyIteration.p286CenteredReducedEntropyPaymentAt_eq_zero_iff_defectAt_eq_zero' depends on axioms: [propext,
 Classical.choice,
 Quot.sound]
info: H0mework/Physics/GaugeSource/CenteredReducedEntropyIteration.lean:614:0: 'SaturationMonoid.PhysicsCore.StageNineP286SourceNativeCenteredReducedEntropyIteration.p286CenteredReducedEntropy_defectZero_or_generatedProgress' depends on axioms: [propext,
 Classical.choice,
 Quot.sound]
info: H0mework/Physics/GaugeSource/CenteredReducedEntropyIteration.lean:616:0: 'SaturationMonoid.PhysicsCore.StageNineP286SourceNativeCenteredReducedEntropyIteration.p286CenteredReducedNormalizedEntropy_eq_neg_accumulatedPayment' depends on axioms: [propext,
 Classical.choice,
 Quot.sound]
info: H0mework/Physics/GaugeSource/CenteredReducedEntropyIteration.lean:618:0: 'SaturationMonoid.PhysicsCore.StageNineP286SourceNativeCenteredReducedEntropyIteration.p286CenteredReducedEntropyPayment_cofinalDisposition' depends on axioms: [propext,
 Classical.choice,
 Quot.sound]
info: H0mework/Physics/GaugeSource/CenteredReducedEntropyIteration.lean:619:0: 'SaturationMonoid.PhysicsCore.StageNineP286SourceNativeCenteredReducedEntropyIteration.p286CenteredReducedEntropyPayment_summable_of_floor' depends on axioms: [propext,
 Classical.choice,
 Quot.sound]
info: H0mework/Physics/GaugeSource/CenteredReducedEntropyIteration.lean:620:0: 'SaturationMonoid.PhysicsCore.StageNineP286SourceNativeCenteredReducedEntropyIteration.p286CenteredReducedEntropyDefect_tendsto_zero_of_cofinalMaterial' depends on axioms: [propext,
 Classical.choice,
 Quot.sound]
ℹ [10635/10685] Replayed H0mework.Foundation.Ledger.OriginOrBirth
info: H0mework/Foundation/Ledger/OriginOrBirth.lean:141:0: 'SaturationMonoid.ResponsibilityLifecycle.LivingLawEvolution.ConstructiveRoot.ExactTargetDebtOriginAt.excludesFresh' does not depend on any axioms
info: H0mework/Foundation/Ledger/OriginOrBirth.lean:142:0: 'SaturationMonoid.ResponsibilityLifecycle.LivingLawEvolution.ConstructiveRoot.LedgerWriteEvolutionAt.targetOldOrigin' does not depend on any axioms
info: H0mework/Foundation/Ledger/OriginOrBirth.lean:143:0: 'SaturationMonoid.ResponsibilityLifecycle.LivingLawEvolution.ConstructiveRoot.LedgerWriteEvolutionAt.excludesTargetFresh' does not depend on any axioms
info: H0mework/Foundation/Ledger/OriginOrBirth.lean:144:0: 'SaturationMonoid.ResponsibilityLifecycle.LivingLawEvolution.ConstructiveRoot.ExactTargetOldOriginProvenanceAt.excludesBirthFreshness' does not depend on any axioms
ℹ [10636/10685] Replayed H0mework.Realization.Audit.DebtFirstWrite
info: H0mework/Realization/Audit/DebtFirstWrite.lean:187:0: 'SaturationMonoid.ResponsibilityLifecycle.LivingLawEvolution.ConstructiveRoot.DebtAdmissionFirstWrite.SourceGeneratedDebtAdmissionFirstWriteAt.initialBudget_positive' depends on axioms: [propext]
info: H0mework/Realization/Audit/DebtFirstWrite.lean:188:0: 'SaturationMonoid.ResponsibilityLifecycle.LivingLawEvolution.ConstructiveRoot.DebtAdmissionFirstWrite.ordinaryEvolution_cannot_admit' depends on axioms: [propext]
ℹ [10639/10685] Replayed H0mework.Versions.R2.Foundation.Inquiry.SemanticRevision
info: H0mework/Versions/R2/Foundation/Inquiry/SemanticRevision.lean:842:0: 'SaturationMonoid.ResponsibilityLifecycle.LivingLawEvolution.ConstructiveRoot.TypedSemanticWorldNetworkU8.GeneratedTypedSemanticWorldNetworkRevisionAt.SourceGeneratedFirstWriteGenuineSplitAt.ofCompilerSelectedSplit' does not depend on any axioms
info: H0mework/Versions/R2/Foundation/Inquiry/SemanticRevision.lean:843:0: 'SaturationMonoid.ResponsibilityLifecycle.LivingLawEvolution.ConstructiveRoot.TypedSemanticWorldNetworkU8.FieldGroundedTypedSemanticWorldNetworkRevisionAt.ofSourceGeneratedRestructuring' does not depend on any axioms
info: H0mework/Versions/R2/Foundation/Inquiry/SemanticRevision.lean:844:0: 'SaturationMonoid.ResponsibilityLifecycle.LivingLawEvolution.ConstructiveRoot.TypedSemanticWorldNetworkU8.FieldGroundedTypedSemanticWorldNetworkRevisionAt.eq_of_generate_eq' does not depend on any axioms
ℹ [10642/10685] Replayed H0mework.Versions.R2.Foundation.Inquiry.Protocol
info: H0mework/Versions/R2/Foundation/Inquiry/Protocol.lean:1356:0: 'SaturationMonoid.ResponsibilityLifecycle.LivingLawEvolution.ConstructiveRoot.RootInquiryCompletion.SourceNativeInquiryCofaceRealizationAt.ofExactCofaceSource' does not depend on any axioms
info: H0mework/Versions/R2/Foundation/Inquiry/Protocol.lean:1357:0: 'SaturationMonoid.ResponsibilityLifecycle.LivingLawEvolution.ConstructiveRoot.RootInquiryCompletion.SourceNativeInquiryCofaceRealizationAt.ofGeneratedRevision' does not depend on any axioms
ℹ [10647/10685] Replayed H0mework.Versions.R2.Physics.RootHistory.PhysicalRootRuntime
info: H0mework/Versions/R2/Physics/RootHistory/PhysicalRootRuntime.lean:243:0: 'SaturationMonoid.PhysicsCore.StageTenPhysicalRoot.physicalRuntimeSeed_tick_eq_closure_initial' depends on axioms: [propext,
 Classical.choice,
 Quot.sound]
info: H0mework/Versions/R2/Physics/RootHistory/PhysicalRootRuntime.lean:244:0: 'SaturationMonoid.PhysicsCore.StageTenPhysicalRoot.physicalRuntimeAfterBoundary_tick_eq_closure_coface' depends on axioms: [propext,
 Classical.choice,
 Quot.sound]
info: H0mework/Versions/R2/Physics/RootHistory/PhysicalRootRuntime.lean:245:0: 'SaturationMonoid.PhysicsCore.StageTenPhysicalRoot.physicalRuntimeAfterCoface_tick_eq_closure_gravity' depends on axioms: [propext,
 Classical.choice,
 Quot.sound]
info: H0mework/Versions/R2/Physics/RootHistory/PhysicalRootRuntime.lean:246:0: 'SaturationMonoid.PhysicsCore.StageTenPhysicalRoot.physicalRuntimeAfterGravity_tick_eq_closure_assembly' depends on axioms: [propext,
 Classical.choice,
 Quot.sound]
info: H0mework/Versions/R2/Physics/RootHistory/PhysicalRootRuntime.lean:247:0: 'SaturationMonoid.PhysicsCore.StageTenPhysicalRoot.physicalRuntimeAfterAssembly_tick_eq_closure_postAssembly' depends on axioms: [propext,
 Classical.choice,
 Quot.sound]
info: H0mework/Versions/R2/Physics/RootHistory/PhysicalRootRuntime.lean:248:0: 'SaturationMonoid.PhysicsCore.StageTenPhysicalRoot.physicalRuntime_boundaryU7_resumes_at_firstGravity' depends on axioms: [propext,
 Classical.choice,
 Quot.sound]
info: H0mework/Versions/R2/Physics/RootHistory/PhysicalRootRuntime.lean:249:0: 'SaturationMonoid.PhysicsCore.StageTenPhysicalRoot.physicalRuntimeAfterPostAssembly_tick_eq_secondAssemblyEvent' depends on axioms: [propext,
 Classical.choice,
 Quot.sound]
ℹ [10655/10685] Replayed H0mework.Versions.R2.Foundation.Inquiry.Engine
info: H0mework/Versions/R2/Foundation/Inquiry/Engine.lean:1341:0: 'SaturationMonoid.ResponsibilityLifecycle.LivingLawEvolution.ConstructiveRoot.RootInquiryCompletion.RootInquiryProcessNode.active_directlyAnswered_successor_valid' depends on axioms: [propext]
info: H0mework/Versions/R2/Foundation/Inquiry/Engine.lean:1342:0: 'SaturationMonoid.ResponsibilityLifecycle.LivingLawEvolution.ConstructiveRoot.RootInquiryCompletion.RootInquiryProcessNode.active_directlyAnswered_terminalHandoff_successor_valid' depends on axioms: [propext]
info: H0mework/Versions/R2/Foundation/Inquiry/Engine.lean:1343:0: 'SaturationMonoid.ResponsibilityLifecycle.LivingLawEvolution.ConstructiveRoot.RootInquiryCompletion.RootInquiryProcessNode.active_actualAction_successor_valid' depends on axioms: [propext]
ℹ [10822/10866] Replayed H0mework.Versions.AB.Physics.LowEnergy.Quantum.GaussHalfDensity
info: H0mework/Versions/AB/Physics/LowEnergy/Quantum/GaussHalfDensity.lean:147:0: 'LowEnergy.GaussHalfDensity.fockHalfDensityEquiv' depends on axioms: [propext, Classical.choice, Quot.sound]
info: H0mework/Versions/AB/Physics/LowEnergy/Quantum/GaussHalfDensity.lean:148:0: 'LowEnergy.GaussHalfDensity.source_halfDensity_native' depends on axioms: [propext, Classical.choice, Quot.sound]
ℹ [10823/10866] Replayed H0mework.Versions.AB.Physics.LowEnergy.Quantum.SourceFiniteUnitary
info: H0mework/Versions/AB/Physics/LowEnergy/Quantum/SourceFiniteUnitary.lean:74:0: 'LowEnergy.SourceFiniteUnitary.time_unitary' depends on axioms: [propext, Classical.choice, Quot.sound]
info: H0mework/Versions/AB/Physics/LowEnergy/Quantum/SourceFiniteUnitary.lean:75:0: 'LowEnergy.SourceFiniteUnitary.time_commutes' depends on axioms: [propext, Classical.choice, Quot.sound]
info: H0mework/Versions/AB/Physics/LowEnergy/Quantum/SourceFiniteUnitary.lean:76:0: 'LowEnergy.SourceFiniteUnitary.time_remainder' depends on axioms: [propext, Classical.choice, Quot.sound]
ℹ [10829/10923] Replayed H0mework.Versions.AB.Physics.LowEnergy.Quantum.GaussNativeMatter
info: H0mework/Versions/AB/Physics/LowEnergy/Quantum/GaussNativeMatter.lean:105:0: 'LowEnergy.GaussNativeMatter.nativeFull_stabilizer' depends on axioms: [propext, Classical.choice, Quot.sound]
info: H0mework/Versions/AB/Physics/LowEnergy/Quantum/GaussNativeMatter.lean:106:0: 'LowEnergy.GaussNativeMatter.nativeFock' depends on axioms: [propext, Classical.choice, Quot.sound]
info: H0mework/Versions/AB/Physics/LowEnergy/Quantum/GaussNativeMatter.lean:107:0: 'LowEnergy.GaussNativeMatter.nativeFock_skew' depends on axioms: [propext, Classical.choice, Quot.sound]
ℹ [10830/10923] Replayed H0mework.Versions.AB.Physics.LowEnergy.Quantum.GaussCoreDifferential
info: H0mework/Versions/AB/Physics/LowEnergy/Quantum/GaussCoreDifferential.lean:150:0: 'LowEnergy.GaussCoreDifferential.direction_smooth' depends on axioms: [propext, Classical.choice, Quot.sound]
info: H0mework/Versions/AB/Physics/LowEnergy/Quantum/GaussCoreDifferential.lean:151:0: 'LowEnergy.GaussCoreDifferential.directional' depends on axioms: [propext, Classical.choice, Quot.sound]
info: H0mework/Versions/AB/Physics/LowEnergy/Quantum/GaussCoreDifferential.lean:152:0: 'LowEnergy.GaussCoreDifferential.covariantMomentum' depends on axioms: [propext, Classical.choice, Quot.sound]
info: H0mework/Versions/AB/Physics/LowEnergy/Quantum/GaussCoreDifferential.lean:153:0: 'LowEnergy.GaussCoreDifferential.covariantMomentum_orbit' depends on axioms: [propext, Classical.choice, Quot.sound]
info: H0mework/Versions/AB/Physics/LowEnergy/Quantum/GaussCoreDifferential.lean:154:0: 'LowEnergy.GaussCoreDifferential.covariantMomentum_slice' depends on axioms: [propext, Classical.choice, Quot.sound]
ℹ [10831/10923] Replayed H0mework.Versions.AB.Physics.LowEnergy.Quantum.GaussCoreHilbert
info: H0mework/Versions/AB/Physics/LowEnergy/Quantum/GaussCoreHilbert.lean:170:0: 'LowEnergy.GaussCoreHilbert.embed_injective' depends on axioms: [propext, Classical.choice, Quot.sound]
info: H0mework/Versions/AB/Physics/LowEnergy/Quantum/GaussCoreHilbert.lean:171:0: 'LowEnergy.GaussCoreHilbert.coreEquiv' depends on axioms: [propext, Classical.choice, Quot.sound]
info: H0mework/Versions/AB/Physics/LowEnergy/Quantum/GaussCoreHilbert.lean:172:0: 'LowEnergy.GaussCoreHilbert.realize_preserves_core' depends on axioms: [propext, Classical.choice, Quot.sound]
info: H0mework/Versions/AB/Physics/LowEnergy/Quantum/GaussCoreHilbert.lean:173:0: 'LowEnergy.GaussCoreHilbert.momentum_on_test' depends on axioms: [propext, Classical.choice, Quot.sound]
ℹ [10832/10923] Replayed H0mework.Versions.AB.Physics.LowEnergy.Quantum.GaussDensityCore
info: H0mework/Versions/AB/Physics/LowEnergy/Quantum/GaussDensityCore.lean:257:0: 'LowEnergy.GaussDensityCore.density_smooth' depends on axioms: [propext, Classical.choice, Quot.sound]
info: H0mework/Versions/AB/Physics/LowEnergy/Quantum/GaussDensityCore.lean:258:0: 'LowEnergy.GaussDensityCore.weightedTranspose' depends on axioms: [propext, Classical.choice, Quot.sound]
info: H0mework/Versions/AB/Physics/LowEnergy/Quantum/GaussDensityCore.lean:259:0: 'LowEnergy.GaussDensityCore.weightedTranspose_apply' depends on axioms: [propext, Classical.choice, Quot.sound]
info: H0mework/Versions/AB/Physics/LowEnergy/Quantum/GaussDensityCore.lean:260:0: 'LowEnergy.GaussDensityCore.weighted_transpose_pair' depends on axioms: [propext, Classical.choice, Quot.sound]
info: H0mework/Versions/AB/Physics/LowEnergy/Quantum/GaussDensityCore.lean:261:0: 'LowEnergy.GaussDensityCore.weighted_transpose_hilbert' depends on axioms: [propext, Classical.choice, Quot.sound]
ℹ [10833/10923] Replayed H0mework.Versions.AB.Physics.LowEnergy.Quantum.GaussScalarTransport
info: H0mework/Versions/AB/Physics/LowEnergy/Quantum/GaussScalarTransport.lean:111:0: 'LowEnergy.GaussScalarTransport.fieldDerivative_apply' depends on axioms: [propext, Classical.choice, Quot.sound]
info: H0mework/Versions/AB/Physics/LowEnergy/Quantum/GaussScalarTransport.lean:112:0: 'LowEnergy.GaussScalarTransport.field_transpose_hilbert' depends on axioms: [propext, Classical.choice, Quot.sound]
ℹ [10834/10923] Replayed H0mework.Versions.AB.Physics.LowEnergy.Quantum.GaussFockWeights
info: H0mework/Versions/AB/Physics/LowEnergy/Quantum/GaussFockWeights.lean:103:0: 'LowEnergy.GaussFockWeights.native_number_commute' depends on axioms: [propext, Classical.choice, Quot.sound]
info: H0mework/Versions/AB/Physics/LowEnergy/Quantum/GaussFockWeights.lean:104:0: 'LowEnergy.GaussFockWeights.native_weight_commute' depends on axioms: [propext, Classical.choice, Quot.sound]
info: H0mework/Versions/AB/Physics/LowEnergy/Quantum/GaussFockWeights.lean:105:0: 'LowEnergy.GaussFockWeights.native_weighted_skew' depends on axioms: [propext, Classical.choice, Quot.sound]
ℹ [10835/10923] Replayed H0mework.Versions.AB.Physics.LowEnergy.Quantum.GaussFockPair
info: H0mework/Versions/AB/Physics/LowEnergy/Quantum/GaussFockPair.lean:77:0: 'LowEnergy.GaussFockPair.sourcePair_integral' depends on axioms: [propext, Classical.choice, Quot.sound]
info: H0mework/Versions/AB/Physics/LowEnergy/Quantum/GaussFockPair.lean:78:0: 'LowEnergy.GaussFockPair.connection_pair_skew' depends on axioms: [propext, Classical.choice, Quot.sound]
ℹ [10836/10923] Replayed H0mework.Versions.AB.Physics.LowEnergy.Quantum.GaussMomentumAdjoint
info: H0mework/Versions/AB/Physics/LowEnergy/Quantum/GaussMomentumAdjoint.lean:111:0: 'LowEnergy.GaussMomentumAdjoint.component_directional' depends on axioms: [propext, Classical.choice, Quot.sound]
info: H0mework/Versions/AB/Physics/LowEnergy/Quantum/GaussMomentumAdjoint.lean:112:0: 'LowEnergy.GaussMomentumAdjoint.derivative_pair' depends on axioms: [propext, Classical.choice, Quot.sound]
info: H0mework/Versions/AB/Physics/LowEnergy/Quantum/GaussMomentumAdjoint.lean:113:0: 'LowEnergy.GaussMomentumAdjoint.momentum_pair' depends on axioms: [propext, Classical.choice, Quot.sound]
info: H0mework/Versions/AB/Physics/LowEnergy/Quantum/GaussMomentumAdjoint.lean:114:0: 'LowEnergy.GaussMomentumAdjoint.original_formal_adjoint' depends on axioms: [propext, Classical.choice, Quot.sound]
ℹ [10837/10923] Replayed H0mework.Versions.AB.Physics.LowEnergy.Quantum.GaussNativeEnergy
info: H0mework/Versions/AB/Physics/LowEnergy/Quantum/GaussNativeEnergy.lean:278:0: 'LowEnergy.GaussNativeEnergy.source_time_generated' depends on axioms: [propext, Classical.choice, Quot.sound]
info: H0mework/Versions/AB/Physics/LowEnergy/Quantum/GaussNativeEnergy.lean:279:0: 'LowEnergy.GaussNativeEnergy.source_sigma_generated' depends on axioms: [propext, Classical.choice, Quot.sound]
info: H0mework/Versions/AB/Physics/LowEnergy/Quantum/GaussNativeEnergy.lean:280:0: 'LowEnergy.GaussNativeEnergy.triad_inverse_right' depends on axioms: [propext, Classical.choice, Quot.sound]
info: H0mework/Versions/AB/Physics/LowEnergy/Quantum/GaussNativeEnergy.lean:281:0: 'LowEnergy.GaussNativeEnergy.scalarWeight_smooth' depends on axioms: [propext, Classical.choice, Quot.sound]
info: H0mework/Versions/AB/Physics/LowEnergy/Quantum/GaussNativeEnergy.lean:282:0: 'LowEnergy.GaussNativeEnergy.gaugeWeight_smooth' depends on axioms: [propext, Classical.choice, Quot.sound]
info: H0mework/Versions/AB/Physics/LowEnergy/Quantum/GaussNativeEnergy.lean:283:0: 'LowEnergy.GaussNativeEnergy.source_electric_kernel' depends on axioms: [propext, Classical.choice, Quot.sound]
info: H0mework/Versions/AB/Physics/LowEnergy/Quantum/GaussNativeEnergy.lean:284:0: 'LowEnergy.GaussNativeEnergy.gaugeWeight_inverse' depends on axioms: [propext, Classical.choice, Quot.sound]
info: H0mework/Versions/AB/Physics/LowEnergy/Quantum/GaussNativeEnergy.lean:285:0: 'LowEnergy.GaussNativeEnergy.source_magnetic_kernel' depends on axioms: [propext, Classical.choice, Quot.sound]
info: H0mework/Versions/AB/Physics/LowEnergy/Quantum/GaussNativeEnergy.lean:286:0: 'LowEnergy.GaussNativeEnergy.source_scalar_weight' depends on axioms: [propext, Classical.choice, Quot.sound]
info: H0mework/Versions/AB/Physics/LowEnergy/Quantum/GaussNativeEnergy.lean:287:0: 'LowEnergy.GaussNativeEnergy.source_scalar_spatial' depends on axioms: [propext, Classical.choice, Quot.sound]
ℹ [10839/10923] Replayed H0mework.Versions.AB.Physics.LowEnergy.Quantum.SourceQuantumRadialCore
info: H0mework/Versions/AB/Physics/LowEnergy/Quantum/SourceQuantumRadialCore.lean:106:0: 'LowEnergy.SourceRadialCore.source_weight_preserves_test' depends on axioms: [propext, Classical.choice, Quot.sound]
info: H0mework/Versions/AB/Physics/LowEnergy/Quantum/SourceQuantumRadialCore.lean:107:0: 'LowEnergy.SourceRadialCore.source_inverse_preserves_test' depends on axioms: [propext, Classical.choice, Quot.sound]
info: H0mework/Versions/AB/Physics/LowEnergy/Quantum/SourceQuantumRadialCore.lean:108:0: 'LowEnergy.SourceRadialCore.original_full_core_preserved' depends on axioms: [propext, Classical.choice, Quot.sound]
info: H0mework/Versions/AB/Physics/LowEnergy/Quantum/SourceQuantumRadialCore.lean:109:0: 'LowEnergy.SourceRadialCore.pairing_return' depends on axioms: [propext, Classical.choice, Quot.sound]
ℹ [10840/10923] Replayed H0mework.Versions.AB.Physics.LowEnergy.Quantum.SourceCartanCubic
info: H0mework/Versions/AB/Physics/LowEnergy/Quantum/SourceCartanCubic.lean:136:0: 'LowEnergy.SourceCartanCubic.original_orbit_derivative' depends on axioms: [propext, Classical.choice, Quot.sound]
info: H0mework/Versions/AB/Physics/LowEnergy/Quantum/SourceCartanCubic.lean:137:0: 'LowEnergy.SourceCartanCubic.first_variation' depends on axioms: [propext, Classical.choice, Quot.sound]
info: H0mework/Versions/AB/Physics/LowEnergy/Quantum/SourceCartanCubic.lean:138:0: 'LowEnergy.SourceCartanCubic.cubic_curve_derivative' depends on axioms: [propext, Classical.choice, Quot.sound]
info: H0mework/Versions/AB/Physics/LowEnergy/Quantum/SourceCartanCubic.lean:139:0: 'LowEnergy.SourceCartanCubic.sourceWeight_preserves_test' depends on axioms: [propext, Classical.choice, Quot.sound]
info: H0mework/Versions/AB/Physics/LowEnergy/Quantum/SourceCartanCubic.lean:140:0: 'LowEnergy.SourceCartanCubic.sourceWeight_preserves_full_core' depends on axioms: [propext,
 Classical.choice,
 Quot.sound]
info: H0mework/Versions/AB/Physics/LowEnergy/Quantum/SourceCartanCubic.lean:141:0: 'LowEnergy.SourceCartanCubic.pairing_return' depends on axioms: [propext, Classical.choice, Quot.sound]
ℹ [10841/10923] Replayed H0mework.Versions.AB.Physics.LowEnergy.Quantum.GaussNativePotential
info: H0mework/Versions/AB/Physics/LowEnergy/Quantum/GaussNativePotential.lean:114:0: 'LowEnergy.GaussNativePotential.scalar_potential_source' depends on axioms: [propext, Classical.choice, Quot.sound]
info: H0mework/Versions/AB/Physics/LowEnergy/Quantum/GaussNativePotential.lean:115:0: 'LowEnergy.GaussNativePotential.magnetic_potential_source' depends on axioms: [propext, Classical.choice, Quot.sound]
info: H0mework/Versions/AB/Physics/LowEnergy/Quantum/GaussNativePotential.lean:116:0: 'LowEnergy.GaussNativePotential.potential_smooth' depends on axioms: [propext, Classical.choice, Quot.sound]
ℹ [10842/10923] Replayed H0mework.Versions.AB.Physics.LowEnergy.Quantum.GaussNativeForm
info: H0mework/Versions/AB/Physics/LowEnergy/Quantum/GaussNativeForm.lean:143:0: 'LowEnergy.GaussNativeForm.nativeAction' depends on axioms: [propext, Classical.choice, Quot.sound]
info: H0mework/Versions/AB/Physics/LowEnergy/Quantum/GaussNativeForm.lean:144:0: 'LowEnergy.GaussNativeForm.native_core_pair' depends on axioms: [propext, Classical.choice, Quot.sound]
ℹ [10843/10923] Replayed H0mework.Versions.AB.Physics.LowEnergy.Quantum.GaussCoframeCore
info: H0mework/Versions/AB/Physics/LowEnergy/Quantum/GaussCoframeCore.lean:93:0: 'LowEnergy.GaussCoframeCore.component_derivative' depends on axioms: [propext, Classical.choice, Quot.sound]
info: H0mework/Versions/AB/Physics/LowEnergy/Quantum/GaussCoframeCore.lean:94:0: 'LowEnergy.GaussCoframeCore.momentum_pair' depends on axioms: [propext, Classical.choice, Quot.sound]
ℹ [10844/10923] Replayed H0mework.Versions.AB.Physics.LowEnergy.Quantum.GaussCoframeKinetic
info: H0mework/Versions/AB/Physics/LowEnergy/Quantum/GaussCoframeKinetic.lean:145:0: 'LowEnergy.GaussCoframeKinetic.coefficient_smooth' depends on axioms: [propext, Classical.choice, Quot.sound]
info: H0mework/Versions/AB/Physics/LowEnergy/Quantum/GaussCoframeKinetic.lean:146:0: 'LowEnergy.GaussCoframeKinetic.kinetic_pair' depends on axioms: [propext, Classical.choice, Quot.sound]
ℹ [10845/10923] Replayed H0mework.Versions.AB.Physics.LowEnergy.Quantum.GaussQuantumMultiplier
info: H0mework/Versions/AB/Physics/LowEnergy/Quantum/GaussQuantumMultiplier.lean:112:0: 'LowEnergy.GaussQuantumMultiplier.action_pair' depends on axioms: [propext, Classical.choice, Quot.sound]
ℹ [10846/10923] Replayed H0mework.Versions.AB.Physics.LowEnergy.Quantum.GaussCoframeSpin
info: H0mework/Versions/AB/Physics/LowEnergy/Quantum/GaussCoframeSpin.lean:140:0: 'LowEnergy.GaussCoframeSpin.spinLift_source' depends on axioms: [propext, Classical.choice, Quot.sound]
info: H0mework/Versions/AB/Physics/LowEnergy/Quantum/GaussCoframeSpin.lean:141:0: 'LowEnergy.GaussCoframeSpin.full_hermitian' depends on axioms: [propext, Classical.choice, Quot.sound]
info: H0mework/Versions/AB/Physics/LowEnergy/Quantum/GaussCoframeSpin.lean:142:0: 'LowEnergy.GaussCoframeSpin.current_pair' depends on axioms: [propext, Classical.choice, Quot.sound]
ℹ [10847/10923] Replayed H0mework.Versions.AB.Physics.LowEnergy.Quantum.GaussCoframeForm
info: H0mework/Versions/AB/Physics/LowEnergy/Quantum/GaussCoframeForm.lean:147:0: 'LowEnergy.GaussCoframeForm.number_apply' depends on axioms: [propext, Classical.choice, Quot.sound]
info: H0mework/Versions/AB/Physics/LowEnergy/Quantum/GaussCoframeForm.lean:148:0: 'LowEnergy.GaussCoframeForm.coframeAction' depends on axioms: [propext, Classical.choice, Quot.sound]
info: H0mework/Versions/AB/Physics/LowEnergy/Quantum/GaussCoframeForm.lean:149:0: 'LowEnergy.GaussCoframeForm.coframeAction_pair' depends on axioms: [propext, Classical.choice, Quot.sound]
ℹ [10848/10923] Replayed H0mework.Versions.AB.Physics.LowEnergy.Quantum.GaussMatterCore
info: H0mework/Versions/AB/Physics/LowEnergy/Quantum/GaussMatterCore.lean:101:0: 'LowEnergy.GaussMatterCore.spin_native_commute' depends on axioms: [propext, Classical.choice, Quot.sound]
info: H0mework/Versions/AB/Physics/LowEnergy/Quantum/GaussMatterCore.lean:102:0: 'LowEnergy.GaussMatterCore.matrixTerm_hermitian' depends on axioms: [propext, Classical.choice, Quot.sound]
info: H0mework/Versions/AB/Physics/LowEnergy/Quantum/GaussMatterCore.lean:103:0: 'LowEnergy.GaussMatterCore.matter_pair' depends on axioms: [propext, Classical.choice, Quot.sound]
ℹ [10849/10923] Replayed H0mework.Versions.AB.Physics.LowEnergy.Quantum.GaussDiagonalHistory
info: H0mework/Versions/AB/Physics/LowEnergy/Quantum/GaussDiagonalHistory.lean:68:0: 'LowEnergy.GaussDiagonalHistory.diagonal_pair' depends on axioms: [propext, Classical.choice, Quot.sound]
info: H0mework/Versions/AB/Physics/LowEnergy/Quantum/GaussDiagonalHistory.lean:69:0: 'LowEnergy.GaussDiagonalHistory.history' depends on axioms: [propext, Classical.choice, Quot.sound]
info: H0mework/Versions/AB/Physics/LowEnergy/Quantum/GaussDiagonalHistory.lean:70:0: 'LowEnergy.GaussDiagonalHistory.history_derivative' depends on axioms: [propext, Classical.choice, Quot.sound]
info: H0mework/Versions/AB/Physics/LowEnergy/Quantum/GaussDiagonalHistory.lean:71:0: 'LowEnergy.GaussDiagonalHistory.retarded_source' depends on axioms: [propext, Classical.choice, Quot.sound]
ℹ [10850/10923] Replayed H0mework.Versions.AB.Physics.LowEnergy.Quantum.SourceQuantumGradeTransport
info: H0mework/Versions/AB/Physics/LowEnergy/Quantum/SourceQuantumGradeTransport.lean:108:0: 'LowEnergy.SourceGradeTransport.original_yukawa_conjugate' depends on axioms: [propext, Classical.choice, Quot.sound]
info: H0mework/Versions/AB/Physics/LowEnergy/Quantum/SourceQuantumGradeTransport.lean:109:0: 'LowEnergy.SourceGradeTransport.pairing_return' depends on axioms: [propext, Classical.choice, Quot.sound]
ℹ [10851/10923] Replayed H0mework.Versions.AB.Physics.LowEnergy.Quantum.NativeHistoryGrade
info: H0mework/Versions/AB/Physics/LowEnergy/Quantum/NativeHistoryGrade.lean:281:0: 'LowEnergy.NativeHistoryGrade.projection_symmetric' depends on axioms: [propext, Classical.choice, Quot.sound]
info: H0mework/Versions/AB/Physics/LowEnergy/Quantum/NativeHistoryGrade.lean:282:0: 'LowEnergy.NativeHistoryGrade.projection_product' depends on axioms: [propext, Classical.choice, Quot.sound]
info: H0mework/Versions/AB/Physics/LowEnergy/Quantum/NativeHistoryGrade.lean:283:0: 'LowEnergy.NativeHistoryGrade.projection_resolution' depends on axioms: [propext, Classical.choice, Quot.sound]
info: H0mework/Versions/AB/Physics/LowEnergy/Quantum/NativeHistoryGrade.lean:284:0: 'LowEnergy.NativeHistoryGrade.projection_preserves_core' depends on axioms: [propext, Classical.choice, Quot.sound]
info: H0mework/Versions/AB/Physics/LowEnergy/Quantum/NativeHistoryGrade.lean:285:0: 'LowEnergy.NativeHistoryGrade.history_contraction' depends on axioms: [propext, Classical.choice, Quot.sound]
info: H0mework/Versions/AB/Physics/LowEnergy/Quantum/NativeHistoryGrade.lean:286:0: 'LowEnergy.NativeHistoryGrade.history_zero' depends on axioms: [propext, Classical.choice, Quot.sound]
info: H0mework/Versions/AB/Physics/LowEnergy/Quantum/NativeHistoryGrade.lean:287:0: 'LowEnergy.NativeHistoryGrade.history_left_block' depends on axioms: [propext, Classical.choice, Quot.sound]
info: H0mework/Versions/AB/Physics/LowEnergy/Quantum/NativeHistoryGrade.lean:288:0: 'LowEnergy.NativeHistoryGrade.history_right_block' depends on axioms: [propext, Classical.choice, Quot.sound]
info: H0mework/Versions/AB/Physics/LowEnergy/Quantum/NativeHistoryGrade.lean:289:0: 'LowEnergy.NativeHistoryGrade.history_continuous' depends on axioms: [propext, Classical.choice, Quot.sound]
info: H0mework/Versions/AB/Physics/LowEnergy/Quantum/NativeHistoryGrade.lean:290:0: 'LowEnergy.NativeHistoryGrade.history_core_derivative' depends on axioms: [propext, Classical.choice, Quot.sound]
info: H0mework/Versions/AB/Physics/LowEnergy/Quantum/NativeHistoryGrade.lean:291:0: 'LowEnergy.NativeHistoryGrade.history_original_pairing' depends on axioms: [propext, Classical.choice, Quot.sound]
info: H0mework/Versions/AB/Physics/LowEnergy/Quantum/NativeHistoryGrade.lean:292:0: 'LowEnergy.NativeHistoryGrade.history_retarded_identity' depends on axioms: [propext, Classical.choice, Quot.sound]
info: H0mework/Versions/AB/Physics/LowEnergy/Quantum/NativeHistoryGrade.lean:293:0: 'LowEnergy.NativeHistoryGrade.flatHistory_pairing' depends on axioms: [propext, Classical.choice, Quot.sound]
ℹ [10852/10923] Replayed H0mework.Versions.AB.Physics.LowEnergy.Quantum.GaussFockLabel
info: H0mework/Versions/AB/Physics/LowEnergy/Quantum/GaussFockLabel.lean:188:0: 'LowEnergy.GaussFockLabel.native_preserves' depends on axioms: [propext, Classical.choice, Quot.sound]
info: H0mework/Versions/AB/Physics/LowEnergy/Quantum/GaussFockLabel.lean:189:0: 'LowEnergy.GaussFockLabel.spin_preserves' depends on axioms: [propext, Classical.choice, Quot.sound]
info: H0mework/Versions/AB/Physics/LowEnergy/Quantum/GaussFockLabel.lean:190:0: 'LowEnergy.GaussFockLabel.matter_preserves' depends on axioms: [propext, Classical.choice, Quot.sound]
info: H0mework/Versions/AB/Physics/LowEnergy/Quantum/GaussFockLabel.lean:191:0: 'LowEnergy.GaussFockLabel.entry_label' depends on axioms: [propext, Classical.choice, Quot.sound]
info: H0mework/Versions/AB/Physics/LowEnergy/Quantum/GaussFockLabel.lean:192:0: 'LowEnergy.GaussFockLabel.blockWeight_quantized' depends on axioms: [propext, Classical.choice, Quot.sound]
ℹ [10853/10923] Replayed H0mework.Versions.AB.Physics.LowEnergy.Quantum.GaussCoreLabel
info: H0mework/Versions/AB/Physics/LowEnergy/Quantum/GaussCoreLabel.lean:117:0: 'LowEnergy.GaussCoreLabel.embed_project' depends on axioms: [propext, Classical.choice, Quot.sound]
info: H0mework/Versions/AB/Physics/LowEnergy/Quantum/GaussCoreLabel.lean:118:0: 'LowEnergy.GaussCoreLabel.commutes_adjoint' depends on axioms: [propext, Classical.choice, Quot.sound]
info: H0mework/Versions/AB/Physics/LowEnergy/Quantum/GaussCoreLabel.lean:119:0: 'LowEnergy.GaussCoreLabel.commutes_matrix' depends on axioms: [propext, Classical.choice, Quot.sound]
ℹ [10854/10923] Replayed H0mework.Versions.AB.Physics.LowEnergy.Quantum.GaussDiagonalGrade
info: H0mework/Versions/AB/Physics/LowEnergy/Quantum/GaussDiagonalGrade.lean:123:0: 'LowEnergy.GaussDiagonalGrade.diagonal_commutes' depends on axioms: [propext, Classical.choice, Quot.sound]
info: H0mework/Versions/AB/Physics/LowEnergy/Quantum/GaussDiagonalGrade.lean:124:0: 'LowEnergy.GaussDiagonalGrade.history_derivative' depends on axioms: [propext, Classical.choice, Quot.sound]
info: H0mework/Versions/AB/Physics/LowEnergy/Quantum/GaussDiagonalGrade.lean:125:0: 'LowEnergy.GaussDiagonalGrade.retarded_source' depends on axioms: [propext, Classical.choice, Quot.sound]
ℹ [10855/10923] Replayed H0mework.Versions.AB.Physics.LowEnergy.Quantum.GaussAdjointHistory
info: H0mework/Versions/AB/Physics/LowEnergy/Quantum/GaussAdjointHistory.lean:142:0: 'LowEnergy.GaussAdjointHistory.maximalAdjoint_graph' depends on axioms: [propext, Classical.choice, Quot.sound]
info: H0mework/Versions/AB/Physics/LowEnergy/Quantum/GaussAdjointHistory.lean:143:0: 'LowEnergy.GaussAdjointHistory.graph_closed' depends on axioms: [propext, Classical.choice, Quot.sound]
info: H0mework/Versions/AB/Physics/LowEnergy/Quantum/GaussAdjointHistory.lean:144:0: 'LowEnergy.GaussAdjointHistory.history_domain' depends on axioms: [propext, Classical.choice, Quot.sound]
info: H0mework/Versions/AB/Physics/LowEnergy/Quantum/GaussAdjointHistory.lean:145:0: 'LowEnergy.GaussAdjointHistory.adjoint_history' depends on axioms: [propext, Classical.choice, Quot.sound]
info: H0mework/Versions/AB/Physics/LowEnergy/Quantum/GaussAdjointHistory.lean:146:0: 'LowEnergy.GaussAdjointHistory.jet_graph' depends on axioms: [propext, Classical.choice, Quot.sound]
info: H0mework/Versions/AB/Physics/LowEnergy/Quantum/GaussAdjointHistory.lean:147:0: 'LowEnergy.GaussAdjointHistory.history_smooth' depends on axioms: [propext, Classical.choice, Quot.sound]
info: H0mework/Versions/AB/Physics/LowEnergy/Quantum/GaussAdjointHistory.lean:148:0: 'LowEnergy.GaussAdjointHistory.twoLeg_left' depends on axioms: [propext, Classical.choice, Quot.sound]
info: H0mework/Versions/AB/Physics/LowEnergy/Quantum/GaussAdjointHistory.lean:149:0: 'LowEnergy.GaussAdjointHistory.twoLeg_right' depends on axioms: [propext, Classical.choice, Quot.sound]
ℹ [10856/10923] Replayed H0mework.Versions.AB.Physics.LowEnergy.Quantum.SourceQuantumCARBound
info: H0mework/Versions/AB/Physics/LowEnergy/Quantum/SourceQuantumCARBound.lean:109:0: 'LowEnergy.SourceCARBound.matrix_unit_norm_le' depends on axioms: [propext, Classical.choice, Quot.sound]
info: H0mework/Versions/AB/Physics/LowEnergy/Quantum/SourceQuantumCARBound.lean:110:0: 'LowEnergy.SourceCARBound.quantized_norm_le_sum' depends on axioms: [propext, Classical.choice, Quot.sound]
info: H0mework/Versions/AB/Physics/LowEnergy/Quantum/SourceQuantumCARBound.lean:111:0: 'LowEnergy.SourceCARBound.quantized_norm_sq_le_support' depends on axioms: [propext, Classical.choice, Quot.sound]
ℹ [10857/10923] Replayed H0mework.Versions.AB.Physics.LowEnergy.Quantum.GaussFockLift
info: H0mework/Versions/AB/Physics/LowEnergy/Quantum/GaussFockLift.lean:148:0: 'LowEnergy.GaussFockLift.flatLift_identity' depends on axioms: [propext, Classical.choice, Quot.sound]
info: H0mework/Versions/AB/Physics/LowEnergy/Quantum/GaussFockLift.lean:149:0: 'LowEnergy.GaussFockLift.flatLift_mul' depends on axioms: [propext, Classical.choice, Quot.sound]
info: H0mework/Versions/AB/Physics/LowEnergy/Quantum/GaussFockLift.lean:150:0: 'LowEnergy.GaussFockLift.lift_pair' depends on axioms: [propext, Classical.choice, Quot.sound]
ℹ [10858/10923] Replayed H0mework.Versions.AB.Physics.LowEnergy.Quantum.GaussCARHistory
info: H0mework/Versions/AB/Physics/LowEnergy/Quantum/GaussCARHistory.lean:109:0: 'LowEnergy.GaussCARHistory.car' depends on axioms: [propext, Classical.choice, Quot.sound]
info: H0mework/Versions/AB/Physics/LowEnergy/Quantum/GaussCARHistory.lean:110:0: 'LowEnergy.GaussCARHistory.norm_partition' depends on axioms: [propext, Classical.choice, Quot.sound]
info: H0mework/Versions/AB/Physics/LowEnergy/Quantum/GaussCARHistory.lean:111:0: 'LowEnergy.GaussCARHistory.kernel_pair' depends on axioms: [propext, Classical.choice, Quot.sound]
info: H0mework/Versions/AB/Physics/LowEnergy/Quantum/GaussCARHistory.lean:112:0: 'LowEnergy.GaussCARHistory.response_left' depends on axioms: [propext, Classical.choice, Quot.sound]
info: H0mework/Versions/AB/Physics/LowEnergy/Quantum/GaussCARHistory.lean:113:0: 'LowEnergy.GaussCARHistory.response_right' depends on axioms: [propext, Classical.choice, Quot.sound]
info: H0mework/Versions/AB/Physics/LowEnergy/Quantum/GaussCARHistory.lean:114:0: 'LowEnergy.GaussCARHistory.annihilator_response_bound' depends on axioms: [propext, Classical.choice, Quot.sound]
ℹ [10859/10923] Replayed H0mework.Versions.AB.Physics.LowEnergy.Quantum.GaussUnitaryHistory
info: H0mework/Versions/AB/Physics/LowEnergy/Quantum/GaussUnitaryHistory.lean:138:0: 'LowEnergy.GaussUnitaryHistory.time_add' depends on axioms: [propext, Classical.choice, Quot.sound]
info: H0mework/Versions/AB/Physics/LowEnergy/Quantum/GaussUnitaryHistory.lean:139:0: 'LowEnergy.GaussUnitaryHistory.time_norm' depends on axioms: [propext, Classical.choice, Quot.sound]
info: H0mework/Versions/AB/Physics/LowEnergy/Quantum/GaussUnitaryHistory.lean:140:0: 'LowEnergy.GaussUnitaryHistory.weak_readback' depends on axioms: [propext, Classical.choice, Quot.sound]
info: H0mework/Versions/AB/Physics/LowEnergy/Quantum/GaussUnitaryHistory.lean:141:0: 'LowEnergy.GaussUnitaryHistory.car_all_time' depends on axioms: [propext, Classical.choice, Quot.sound]
ℹ [10860/10923] Replayed H0mework.Versions.AB.Physics.LowEnergy.Quantum.GaussUnitaryCore
info: H0mework/Versions/AB/Physics/LowEnergy/Quantum/GaussUnitaryCore.lean:132:0: 'LowEnergy.GaussUnitaryCore.core_remainder' depends on axioms: [propext, Classical.choice, Quot.sound]
info: H0mework/Versions/AB/Physics/LowEnergy/Quantum/GaussUnitaryCore.lean:133:0: 'LowEnergy.GaussUnitaryCore.core_derivative' depends on axioms: [propext, Classical.choice, Quot.sound]
info: H0mework/Versions/AB/Physics/LowEnergy/Quantum/GaussUnitaryCore.lean:134:0: 'LowEnergy.GaussUnitaryCore.core_smooth' depends on axioms: [propext, Classical.choice, Quot.sound]
info: H0mework/Versions/AB/Physics/LowEnergy/Quantum/GaussUnitaryCore.lean:135:0: 'LowEnergy.GaussUnitaryCore.source_continuous' depends on axioms: [propext, Classical.choice, Quot.sound]
info: H0mework/Versions/AB/Physics/LowEnergy/Quantum/GaussUnitaryCore.lean:136:0: 'LowEnergy.GaussUnitaryCore.response_left' depends on axioms: [propext, Classical.choice, Quot.sound]
info: H0mework/Versions/AB/Physics/LowEnergy/Quantum/GaussUnitaryCore.lean:137:0: 'LowEnergy.GaussUnitaryCore.response_right' depends on axioms: [propext, Classical.choice, Quot.sound]
ℹ [10861/10923] Replayed H0mework.Versions.AB.Physics.LowEnergy.Quantum.GaussGradedCompression
info: H0mework/Versions/AB/Physics/LowEnergy/Quantum/GaussGradedCompression.lean:109:0: 'LowEnergy.GaussGradedCompression.compression_selfAdjoint' depends on axioms: [propext, Classical.choice, Quot.sound]
info: H0mework/Versions/AB/Physics/LowEnergy/Quantum/GaussGradedCompression.lean:110:0: 'LowEnergy.GaussGradedCompression.compression_commutes' depends on axioms: [propext, Classical.choice, Quot.sound]
info: H0mework/Versions/AB/Physics/LowEnergy/Quantum/GaussGradedCompression.lean:111:0: 'LowEnergy.GaussGradedCompression.compression_core_bound' depends on axioms: [propext, Classical.choice, Quot.sound]
info: H0mework/Versions/AB/Physics/LowEnergy/Quantum/GaussGradedCompression.lean:112:0: 'LowEnergy.GaussGradedCompression.eventually_exact' depends on axioms: [propext, Classical.choice, Quot.sound]
ℹ [10862/10923] Replayed H0mework.Versions.AB.Physics.LowEnergy.Quantum.GaussGradedUnitary
info: H0mework/Versions/AB/Physics/LowEnergy/Quantum/GaussGradedUnitary.lean:170:0: 'LowEnergy.GaussGradedUnitary.time_add' depends on axioms: [propext, Classical.choice, Quot.sound]
info: H0mework/Versions/AB/Physics/LowEnergy/Quantum/GaussGradedUnitary.lean:171:0: 'LowEnergy.GaussGradedUnitary.time_norm' depends on axioms: [propext, Classical.choice, Quot.sound]
info: H0mework/Versions/AB/Physics/LowEnergy/Quantum/GaussGradedUnitary.lean:172:0: 'LowEnergy.GaussGradedUnitary.time_blocks' depends on axioms: [propext, Classical.choice, Quot.sound]
info: H0mework/Versions/AB/Physics/LowEnergy/Quantum/GaussGradedUnitary.lean:173:0: 'LowEnergy.GaussGradedUnitary.core_derivative' depends on axioms: [propext, Classical.choice, Quot.sound]
info: H0mework/Versions/AB/Physics/LowEnergy/Quantum/GaussGradedUnitary.lean:174:0: 'LowEnergy.GaussGradedUnitary.core_smooth' depends on axioms: [propext, Classical.choice, Quot.sound]
info: H0mework/Versions/AB/Physics/LowEnergy/Quantum/GaussGradedUnitary.lean:175:0: 'LowEnergy.GaussGradedUnitary.source_continuous' depends on axioms: [propext, Classical.choice, Quot.sound]
info: H0mework/Versions/AB/Physics/LowEnergy/Quantum/GaussGradedUnitary.lean:176:0: 'LowEnergy.GaussGradedUnitary.response_left' depends on axioms: [propext, Classical.choice, Quot.sound]
info: H0mework/Versions/AB/Physics/LowEnergy/Quantum/GaussGradedUnitary.lean:177:0: 'LowEnergy.GaussGradedUnitary.response_right' depends on axioms: [propext, Classical.choice, Quot.sound]
ℹ [10863/10923] Replayed H0mework.Versions.AB.Physics.LowEnergy.Quantum.GaussGradedRetarded
info: H0mework/Versions/AB/Physics/LowEnergy/Quantum/GaussGradedRetarded.lean:128:0: 'LowEnergy.GaussGradedRetarded.shadow_blocks' depends on axioms: [propext, Classical.choice, Quot.sound]
info: H0mework/Versions/AB/Physics/LowEnergy/Quantum/GaussGradedRetarded.lean:129:0: 'LowEnergy.GaussGradedRetarded.shadow_derivative' depends on axioms: [propext, Classical.choice, Quot.sound]
info: H0mework/Versions/AB/Physics/LowEnergy/Quantum/GaussGradedRetarded.lean:130:0: 'LowEnergy.GaussGradedRetarded.shadow_left_equation' depends on axioms: [propext, Classical.choice, Quot.sound]
info: H0mework/Versions/AB/Physics/LowEnergy/Quantum/GaussGradedRetarded.lean:131:0: 'LowEnergy.GaussGradedRetarded.retarded_source' depends on axioms: [propext, Classical.choice, Quot.sound]
ℹ [10864/10923] Replayed H0mework.Versions.AB.Physics.LowEnergy.Quantum.GaussYukawaCoefficient
info: H0mework/Versions/AB/Physics/LowEnergy/Quantum/GaussYukawaCoefficient.lean:105:0: 'LowEnergy.GaussYukawaCoefficient.source_map_return' depends on axioms: [propext, Classical.choice, Quot.sound]
info: H0mework/Versions/AB/Physics/LowEnergy/Quantum/GaussYukawaCoefficient.lean:106:0: 'LowEnergy.GaussYukawaCoefficient.normalized_bound' depends on axioms: [propext, Classical.choice, Quot.sound]
info: H0mework/Versions/AB/Physics/LowEnergy/Quantum/GaussYukawaCoefficient.lean:107:0: 'LowEnergy.GaussYukawaCoefficient.radius_return' depends on axioms: [propext, Classical.choice, Quot.sound]
ℹ [10865/10923] Replayed H0mework.Versions.AB.Physics.LowEnergy.Quantum.GaussBoundedMultiplier
info: H0mework/Versions/AB/Physics/LowEnergy/Quantum/GaussBoundedMultiplier.lean:141:0: 'LowEnergy.GaussBoundedMultiplier.action_bound' depends on axioms: [propext, Classical.choice, Quot.sound]
info: H0mework/Versions/AB/Physics/LowEnergy/Quantum/GaussBoundedMultiplier.lean:142:0: 'LowEnergy.GaussBoundedMultiplier.extension_core' depends on axioms: [propext, Classical.choice, Quot.sound]
ℹ [10898/10923] Replayed H0mework.Versions.AB.Physics.LowEnergy.Quantum.GaussYukawaOperator
info: H0mework/Versions/AB/Physics/LowEnergy/Quantum/GaussYukawaOperator.lean:65:0: 'LowEnergy.GaussYukawaOperator.bounded_core' depends on axioms: [propext, Classical.choice, Quot.sound]
info: H0mework/Versions/AB/Physics/LowEnergy/Quantum/GaussYukawaOperator.lean:66:0: 'LowEnergy.GaussYukawaOperator.bounded_norm' depends on axioms: [propext, Classical.choice, Quot.sound]
info: H0mework/Versions/AB/Physics/LowEnergy/Quantum/GaussYukawaOperator.lean:67:0: 'LowEnergy.GaussYukawaOperator.originalY_factor' depends on axioms: [propext, Classical.choice, Quot.sound]
info: H0mework/Versions/AB/Physics/LowEnergy/Quantum/GaussYukawaOperator.lean:68:0: 'LowEnergy.GaussYukawaOperator.common_core' depends on axioms: [propext, Classical.choice, Quot.sound]
ℹ [10899/10923] Replayed H0mework.Versions.AB.Physics.LowEnergy.Quantum.GaussRadialDomain
info: H0mework/Versions/AB/Physics/LowEnergy/Quantum/GaussRadialDomain.lean:128:0: 'LowEnergy.GaussRadialDomain.inverse_dense' depends on axioms: [propext, Classical.choice, Quot.sound]
info: H0mework/Versions/AB/Physics/LowEnergy/Quantum/GaussRadialDomain.lean:129:0: 'LowEnergy.GaussRadialDomain.inverse_injective' depends on axioms: [propext, Classical.choice, Quot.sound]
info: H0mework/Versions/AB/Physics/LowEnergy/Quantum/GaussRadialDomain.lean:130:0: 'LowEnergy.GaussRadialDomain.graph_closed' depends on axioms: [propext, Classical.choice, Quot.sound]
info: H0mework/Versions/AB/Physics/LowEnergy/Quantum/GaussRadialDomain.lean:131:0: 'LowEnergy.GaussRadialDomain.closedY_dense' depends on axioms: [propext, Classical.choice, Quot.sound]
info: H0mework/Versions/AB/Physics/LowEnergy/Quantum/GaussRadialDomain.lean:132:0: 'LowEnergy.GaussRadialDomain.closedY_core' depends on axioms: [propext, Classical.choice, Quot.sound]
ℹ [10900/10923] Replayed H0mework.Versions.AB.Physics.LowEnergy.Quantum.GaussFullHamiltonian
info: H0mework/Versions/AB/Physics/LowEnergy/Quantum/GaussFullHamiltonian.lean:119:0: 'LowEnergy.GaussFullHamiltonian.yukawa_pair' depends on axioms: [propext, Classical.choice, Quot.sound]
info: H0mework/Versions/AB/Physics/LowEnergy/Quantum/GaussFullHamiltonian.lean:120:0: 'LowEnergy.GaussFullHamiltonian.formal_pair' depends on axioms: [propext, Classical.choice, Quot.sound]
info: H0mework/Versions/AB/Physics/LowEnergy/Quantum/GaussFullHamiltonian.lean:121:0: 'LowEnergy.GaussFullHamiltonian.native_dense' depends on axioms: [propext, Classical.choice, Quot.sound]
info: H0mework/Versions/AB/Physics/LowEnergy/Quantum/GaussFullHamiltonian.lean:122:0: 'LowEnergy.GaussFullHamiltonian.native_core' depends on axioms: [propext, Classical.choice, Quot.sound]
info: H0mework/Versions/AB/Physics/LowEnergy/Quantum/GaussFullHamiltonian.lean:123:0: 'LowEnergy.GaussFullHamiltonian.sharp_core' depends on axioms: [propext, Classical.choice, Quot.sound]
info: H0mework/Versions/AB/Physics/LowEnergy/Quantum/GaussFullHamiltonian.lean:124:0: 'LowEnergy.GaussFullHamiltonian.nativeClosed_graph' depends on axioms: [propext, Classical.choice, Quot.sound]
info: H0mework/Versions/AB/Physics/LowEnergy/Quantum/GaussFullHamiltonian.lean:125:0: 'LowEnergy.GaussFullHamiltonian.sharpClosed_graph' depends on axioms: [propext, Classical.choice, Quot.sound]
info: H0mework/Versions/AB/Physics/LowEnergy/Quantum/GaussFullHamiltonian.lean:126:0: 'LowEnergy.GaussFullHamiltonian.closed_pair' depends on axioms: [propext, Classical.choice, Quot.sound]
info: H0mework/Versions/AB/Physics/LowEnergy/Quantum/GaussFullHamiltonian.lean:127:0: 'LowEnergy.GaussFullHamiltonian.nativeClosed_minimal' depends on axioms: [propext, Classical.choice, Quot.sound]
info: H0mework/Versions/AB/Physics/LowEnergy/Quantum/GaussFullHamiltonian.lean:128:0: 'LowEnergy.GaussFullHamiltonian.closed_yukawa_consumed' depends on axioms: [propext, Classical.choice, Quot.sound]
ℹ [10901/10923] Replayed H0mework.Versions.AB.Physics.LowEnergy.Quantum.FiniteGradeModule
info: H0mework/Versions/AB/Physics/LowEnergy/Quantum/FiniteGradeModule.lean:64:0: 'LowEnergy.FiniteGradeModule.word_zero' depends on axioms: [propext, Classical.choice, Quot.sound]
ℹ [10902/10923] Replayed H0mework.Versions.AB.Physics.LowEnergy.Quantum.FiniteGradeAlgebra
info: H0mework/Versions/AB/Physics/LowEnergy/Quantum/FiniteGradeAlgebra.lean:153:0: 'LowEnergy.FiniteGradeAlgebra.words_zero' depends on axioms: [propext, Classical.choice, Quot.sound]
info: H0mework/Versions/AB/Physics/LowEnergy/Quantum/FiniteGradeAlgebra.lean:154:0: 'LowEnergy.FiniteGradeAlgebra.commutator_words_zero' depends on axioms: [propext, Classical.choice, Quot.sound]
ℹ [10916/10966] Replayed H0mework.Versions.AB.Physics.LowEnergy.AlphaSource.CanonicalCompletedSector
info: H0mework/Versions/AB/Physics/LowEnergy/AlphaSource/CanonicalCompletedSector.lean:145:0: 'LowEnergy.CanonicalCompletedSector.projection_commutes' depends on axioms: [propext, Classical.choice, Quot.sound]
info: H0mework/Versions/AB/Physics/LowEnergy/AlphaSource/CanonicalCompletedSector.lean:146:0: 'LowEnergy.CanonicalCompletedSector.projection_core' depends on axioms: [propext, Classical.choice, Quot.sound]
info: H0mework/Versions/AB/Physics/LowEnergy/AlphaSource/CanonicalCompletedSector.lean:147:0: 'LowEnergy.CanonicalCompletedSector.projection_symmetric' depends on axioms: [propext, Classical.choice, Quot.sound]
ℹ [10917/10966] Replayed H0mework.Versions.AB.Physics.LowEnergy.Quantum.GaussYukawaGrade
info: H0mework/Versions/AB/Physics/LowEnergy/Quantum/GaussYukawaGrade.lean:140:0: 'LowEnergy.GaussYukawaGrade.matrix_raises' depends on axioms: [propext, Classical.choice, Quot.sound]
info: H0mework/Versions/AB/Physics/LowEnergy/Quantum/GaussYukawaGrade.lean:141:0: 'LowEnergy.GaussYukawaGrade.fiber_source_grade' depends on axioms: [propext, Classical.choice, Quot.sound]
info: H0mework/Versions/AB/Physics/LowEnergy/Quantum/GaussYukawaGrade.lean:142:0: 'LowEnergy.GaussYukawaGrade.grade_core' depends on axioms: [propext, Classical.choice, Quot.sound]
info: H0mework/Versions/AB/Physics/LowEnergy/Quantum/GaussYukawaGrade.lean:143:0: 'LowEnergy.GaussYukawaGrade.bounded_raises' depends on axioms: [propext, Classical.choice, Quot.sound]
info: H0mework/Versions/AB/Physics/LowEnergy/Quantum/GaussYukawaGrade.lean:144:0: 'LowEnergy.GaussYukawaGrade.inverse_blocks' depends on axioms: [propext, Classical.choice, Quot.sound]
info: H0mework/Versions/AB/Physics/LowEnergy/Quantum/GaussYukawaGrade.lean:145:0: 'LowEnergy.GaussYukawaGrade.closed_graph_grade' depends on axioms: [propext, Classical.choice, Quot.sound]
ℹ [10918/10966] Replayed H0mework.Versions.AB.Physics.LowEnergy.Quantum.GaussYukawaInteraction
info: H0mework/Versions/AB/Physics/LowEnergy/Quantum/GaussYukawaInteraction.lean:107:0: 'LowEnergy.GaussYukawaInteraction.block_resolution' depends on axioms: [propext, Classical.choice, Quot.sound]
info: H0mework/Versions/AB/Physics/LowEnergy/Quantum/GaussYukawaInteraction.lean:108:0: 'LowEnergy.GaussYukawaInteraction.block_grade_left' depends on axioms: [propext, Classical.choice, Quot.sound]
info: H0mework/Versions/AB/Physics/LowEnergy/Quantum/GaussYukawaInteraction.lean:109:0: 'LowEnergy.GaussYukawaInteraction.time_grade' depends on axioms: [propext, Classical.choice, Quot.sound]
info: H0mework/Versions/AB/Physics/LowEnergy/Quantum/GaussYukawaInteraction.lean:110:0: 'LowEnergy.GaussYukawaInteraction.interaction_raises' depends on axioms: [propext, Classical.choice, Quot.sound]
info: H0mework/Versions/AB/Physics/LowEnergy/Quantum/GaussYukawaInteraction.lean:111:0: 'LowEnergy.GaussYukawaInteraction.state_words_zero' depends on axioms: [propext, Classical.choice, Quot.sound]
info: H0mework/Versions/AB/Physics/LowEnergy/Quantum/GaussYukawaInteraction.lean:112:0: 'LowEnergy.GaussYukawaInteraction.response_words_zero' depends on axioms: [propext, Classical.choice, Quot.sound]
ℹ [10919/10966] Replayed H0mework.Versions.AB.Physics.LowEnergy.Quantum.SourceCutoffVolterra
info: H0mework/Versions/AB/Physics/LowEnergy/Quantum/SourceCutoffVolterra.lean:686:0: 'LowEnergy.FullYSourceCutoffVolterra.cutoff_graph_residual' depends on axioms: [propext, Classical.choice, Quot.sound]
info: H0mework/Versions/AB/Physics/LowEnergy/Quantum/SourceCutoffVolterra.lean:687:0: 'LowEnergy.FullYSourceCutoffVolterra.cutoff_raises' depends on axioms: [propext, Classical.choice, Quot.sound]
info: H0mework/Versions/AB/Physics/LowEnergy/Quantum/SourceCutoffVolterra.lean:688:0: 'LowEnergy.FullYSourceCutoffVolterra.cutoff_core_mem' depends on axioms: [propext, Classical.choice, Quot.sound]
info: H0mework/Versions/AB/Physics/LowEnergy/Quantum/SourceCutoffVolterra.lean:689:0: 'LowEnergy.FullYSourceCutoffVolterra.orderedIntegral_derivative' depends on axioms: [propext,
 Classical.choice,
 Quot.sound]
info: H0mework/Versions/AB/Physics/LowEnergy/Quantum/SourceCutoffVolterra.lean:690:0: 'LowEnergy.FullYSourceCutoffVolterra.orderedIntegral_homogeneous' depends on axioms: [propext,
 Classical.choice,
 Quot.sound]
info: H0mework/Versions/AB/Physics/LowEnergy/Quantum/SourceCutoffVolterra.lean:691:0: 'LowEnergy.FullYSourceCutoffVolterra.finitePrefix_right_derivative' depends on axioms: [propext,
 Classical.choice,
 Quot.sound]
info: H0mework/Versions/AB/Physics/LowEnergy/Quantum/SourceCutoffVolterra.lean:692:0: 'LowEnergy.FullYSourceCutoffVolterra.finitePrefix_initial' depends on axioms: [propext, Classical.choice, Quot.sound]
info: H0mework/Versions/AB/Physics/LowEnergy/Quantum/SourceCutoffVolterra.lean:693:0: 'LowEnergy.FullYSourceCutoffVolterra.finitePrefix_homogeneous' depends on axioms: [propext,
 Classical.choice,
 Quot.sound]
info: H0mework/Versions/AB/Physics/LowEnergy/Quantum/SourceCutoffVolterra.lean:694:0: 'LowEnergy.FullYSourceCutoffVolterra.finitePrefix_bound' depends on axioms: [propext, Classical.choice, Quot.sound]
info: H0mework/Versions/AB/Physics/LowEnergy/Quantum/SourceCutoffVolterra.lean:695:0: 'LowEnergy.FullYSourceCutoffVolterra.sourcePrefix_zero_order' depends on axioms: [propext, Classical.choice, Quot.sound]
info: H0mework/Versions/AB/Physics/LowEnergy/Quantum/SourceCutoffVolterra.lean:696:0: 'LowEnergy.FullYSourceCutoffVolterra.sourcePrefix_above56' depends on axioms: [propext, Classical.choice, Quot.sound]
info: H0mework/Versions/AB/Physics/LowEnergy/Quantum/SourceCutoffVolterra.lean:697:0: 'LowEnergy.FullYSourceCutoffVolterra.source_partialEvolution_derivative' depends on axioms: [propext,
 Classical.choice,
 Quot.sound]
info: H0mework/Versions/AB/Physics/LowEnergy/Quantum/SourceCutoffVolterra.lean:698:0: 'LowEnergy.FullYSourceCutoffVolterra.source_finite_evolution_return' depends on axioms: [propext,
 Classical.choice,
 Quot.sound]
info: H0mework/Versions/AB/Physics/LowEnergy/Quantum/SourceCutoffVolterra.lean:699:0: 'LowEnergy.FullYSourceCutoffVolterra.sourceEvolution_zero' depends on axioms: [propext, Classical.choice, Quot.sound]
info: H0mework/Versions/AB/Physics/LowEnergy/Quantum/SourceCutoffVolterra.lean:700:0: 'LowEnergy.FullYSourceCutoffVolterra.sourceEvolution_add' depends on axioms: [propext, Classical.choice, Quot.sound]
info: H0mework/Versions/AB/Physics/LowEnergy/Quantum/SourceCutoffVolterra.lean:701:0: 'LowEnergy.FullYSourceCutoffVolterra.source_evolution_sharp_pair' depends on axioms: [propext,
 Classical.choice,
 Quot.sound]
info: H0mework/Versions/AB/Physics/LowEnergy/Quantum/SourceCutoffVolterra.lean:702:0: 'LowEnergy.FullYSourceCutoffVolterra.source_finite_sharp_return' depends on axioms: [propext,
 Classical.choice,
 Quot.sound]
info: H0mework/Versions/AB/Physics/LowEnergy/Quantum/SourceCutoffVolterra.lean:703:0: 'LowEnergy.FullYSourceCutoffVolterra.source_cutoff_graph_limit' depends on axioms: [propext,
 Classical.choice,
 Quot.sound]
info: H0mework/Versions/AB/Physics/LowEnergy/Quantum/SourceCutoffVolterra.lean:704:0: 'LowEnergy.FullYSourceCutoffVolterra.source_core_derivative' depends on axioms: [propext, Classical.choice, Quot.sound]
info: H0mework/Versions/AB/Physics/LowEnergy/Quantum/SourceCutoffVolterra.lean:705:0: 'LowEnergy.FullYSourceCutoffVolterra.source_core_smooth' depends on axioms: [propext, Classical.choice, Quot.sound]
ℹ [10920/10966] Replayed H0mework.Versions.AB.Physics.LowEnergy.AlphaSource.CanonicalGradedCurrent
info: H0mework/Versions/AB/Physics/LowEnergy/AlphaSource/CanonicalGradedCurrent.lean:189:0: 'LowEnergy.CanonicalGradedCurrent.cutoff_left_return' depends on axioms: [propext, Classical.choice, Quot.sound]
info: H0mework/Versions/AB/Physics/LowEnergy/AlphaSource/CanonicalGradedCurrent.lean:190:0: 'LowEnergy.CanonicalGradedCurrent.cutoff_sharp_on_source' depends on axioms: [propext, Classical.choice, Quot.sound]
info: H0mework/Versions/AB/Physics/LowEnergy/AlphaSource/CanonicalGradedCurrent.lean:191:0: 'LowEnergy.CanonicalGradedCurrent.gauge_word_return' depends on axioms: [propext, Classical.choice, Quot.sound]
info: H0mework/Versions/AB/Physics/LowEnergy/AlphaSource/CanonicalGradedCurrent.lean:192:0: 'LowEnergy.CanonicalGradedCurrent.observable_cutoff_limit' depends on axioms: [propext, Classical.choice, Quot.sound]
ℹ [10921/10966] Replayed H0mework.Versions.AB.Physics.LowEnergy.AlphaSource.CanonicalGradedCurrentSeed
info: H0mework/Versions/AB/Physics/LowEnergy/AlphaSource/CanonicalGradedCurrentSeed.lean:55:0: 'LowEnergy.CanonicalGradedCurrent.canonical_seed_N1_G0' depends on axioms: [propext, Classical.choice, Quot.sound]
ℹ [10922/10966] Replayed H0mework.Versions.AB.Physics.LowEnergy.AlphaSource.CanonicalGradedCurrentSource
info: H0mework/Versions/AB/Physics/LowEnergy/AlphaSource/CanonicalGradedCurrentSource.lean:188:0: 'LowEnergy.CanonicalGradedCurrent.gaugeReader_blocks' depends on axioms: [propext, Classical.choice, Quot.sound]
info: H0mework/Versions/AB/Physics/LowEnergy/AlphaSource/CanonicalGradedCurrentSource.lean:189:0: 'LowEnergy.CanonicalGradedCurrent.source_gauge_cutoff_limit' depends on axioms: [propext, Classical.choice, Quot.sound]
info: H0mework/Versions/AB/Physics/LowEnergy/AlphaSource/CanonicalGradedCurrentSource.lean:190:0: 'LowEnergy.CanonicalGradedCurrent.twoCurrent_independent_dual' depends on axioms: [propext,
 Classical.choice,
 Quot.sound]
info: H0mework/Versions/AB/Physics/LowEnergy/AlphaSource/CanonicalGradedCurrentSource.lean:191:0: 'LowEnergy.CanonicalGradedCurrent.twoCurrent_cutoff_return' depends on axioms: [propext, Classical.choice, Quot.sound]
info: H0mework/Versions/AB/Physics/LowEnergy/AlphaSource/CanonicalGradedCurrentSource.lean:192:0: 'LowEnergy.CanonicalGradedCurrent.configurationForce_blocks' depends on axioms: [propext, Classical.choice, Quot.sound]
info: H0mework/Versions/AB/Physics/LowEnergy/AlphaSource/CanonicalGradedCurrentSource.lean:193:0: 'LowEnergy.CanonicalGradedCurrent.fullSpatialGaugeForce_blocks' depends on axioms: [propext,
 Classical.choice,
 Quot.sound]
ℹ [10924/10966] Replayed H0mework.Versions.AB.Physics.LowEnergy.AlphaSource.CanonicalGradedGaugeVariation
info: H0mework/Versions/AB/Physics/LowEnergy/AlphaSource/CanonicalGradedGaugeVariation.lean:114:0: 'LowEnergy.CanonicalGradedGaugeVariation.gaugeReader_selfAdjoint' depends on axioms: [propext,
 Classical.choice,
 Quot.sound]
info: H0mework/Versions/AB/Physics/LowEnergy/AlphaSource/CanonicalGradedGaugeVariation.lean:115:0: 'LowEnergy.CanonicalGradedGaugeVariation.gaugeTime_derivative' depends on axioms: [propext,
 Classical.choice,
 Quot.sound]
info: H0mework/Versions/AB/Physics/LowEnergy/AlphaSource/CanonicalGradedGaugeVariation.lean:116:0: 'LowEnergy.CanonicalGradedGaugeVariation.currentObservation_derivative' depends on axioms: [propext,
 Classical.choice,
 Quot.sound]
ℹ [10925/10966] Replayed H0mework.Versions.AB.Physics.LowEnergy.AlphaSource.CanonicalGradedGaugeReturn
info: H0mework/Versions/AB/Physics/LowEnergy/AlphaSource/CanonicalGradedGaugeReturn.lean:229:0: 'LowEnergy.CanonicalGradedGaugeReturn.fullObservation_derivative' depends on axioms: [propext,
 Classical.choice,
 Quot.sound]
info: H0mework/Versions/AB/Physics/LowEnergy/AlphaSource/CanonicalGradedGaugeReturn.lean:230:0: 'LowEnergy.CanonicalGradedGaugeReturn.fullObservation_cutoff_independent' depends on axioms: [propext,
 Classical.choice,
 Quot.sound]
info: H0mework/Versions/AB/Physics/LowEnergy/AlphaSource/CanonicalGradedGaugeReturn.lean:232:0: 'LowEnergy.CanonicalGradedGaugeReturn.finite_parameter_return' depends on axioms: [propext,
 Classical.choice,
 Quot.sound]
info: H0mework/Versions/AB/Physics/LowEnergy/AlphaSource/CanonicalGradedGaugeReturn.lean:233:0: 'LowEnergy.CanonicalGradedGaugeReturn.fullProjected_derivative' depends on axioms: [propext,
 Classical.choice,
 Quot.sound]
ℹ [10927/10966] Replayed H0mework.Versions.AB.Physics.LowEnergy.Quantum.SourceGraphCompactFlux
info: H0mework/Versions/AB/Physics/LowEnergy/Quantum/SourceGraphCompactFlux.lean:217:0: 'LowEnergy.FullYSourceGraphCompactFlux.columns_eventually_exact' depends on axioms: [propext,
 Classical.choice,
 Quot.sound]
info: H0mework/Versions/AB/Physics/LowEnergy/Quantum/SourceGraphCompactFlux.lean:218:0: 'LowEnergy.FullYSourceGraphCompactFlux.original_flux_uniform' depends on axioms: [propext, Classical.choice, Quot.sound]
info: H0mework/Versions/AB/Physics/LowEnergy/Quantum/SourceGraphCompactFlux.lean:219:0: 'LowEnergy.FullYSourceGraphCompactFlux.source_graph_pair' depends on axioms: [propext, Classical.choice, Quot.sound]
info: H0mework/Versions/AB/Physics/LowEnergy/Quantum/SourceGraphCompactFlux.lean:220:0: 'LowEnergy.FullYSourceGraphCompactFlux.whole_carrier_graph_pair' depends on axioms: [propext,
 Classical.choice,
 Quot.sound]
info: H0mework/Versions/AB/Physics/LowEnergy/Quantum/SourceGraphCompactFlux.lean:221:0: 'LowEnergy.FullYSourceGraphCompactFlux.source_observable_derivative' depends on axioms: [propext,
 Classical.choice,
 Quot.sound]
ℹ [10928/10966] Replayed H0mework.Versions.AB.Physics.LowEnergy.Quantum.SourceResolventGraphSplice
info: H0mework/Versions/AB/Physics/LowEnergy/Quantum/SourceResolventGraphSplice.lean:249:0: 'LowEnergy.FullYSourceResolventGraphSplice.resolvent_norm' depends on axioms: [propext, Classical.choice, Quot.sound]
info: H0mework/Versions/AB/Physics/LowEnergy/Quantum/SourceResolventGraphSplice.lean:250:0: 'LowEnergy.FullYSourceResolventGraphSplice.graph_splice_uniform' depends on axioms: [propext,
 Classical.choice,
 Quot.sound]
info: H0mework/Versions/AB/Physics/LowEnergy/Quantum/SourceResolventGraphSplice.lean:251:0: 'LowEnergy.FullYSourceResolventGraphSplice.graph_splice_tendsto' depends on axioms: [propext,
 Classical.choice,
 Quot.sound]
info: H0mework/Versions/AB/Physics/LowEnergy/Quantum/SourceResolventGraphSplice.lean:252:0: 'LowEnergy.FullYSourceResolventGraphSplice.whole_carrier_graph_splice' depends on axioms: [propext,
 Classical.choice,
 Quot.sound]
info: H0mework/Versions/AB/Physics/LowEnergy/Quantum/SourceResolventGraphSplice.lean:253:0: 'LowEnergy.FullYSourceResolventGraphSplice.whole_carrier_remainder_splice' depends on axioms: [propext,
 Classical.choice,
 Quot.sound]
ℹ [10929/10966] Replayed H0mework.Versions.AB.Physics.LowEnergy.Quantum.SourceMinimalGraphParticular
info: H0mework/Versions/AB/Physics/LowEnergy/Quantum/SourceMinimalGraphParticular.lean:278:0: 'LowEnergy.SourceMinimalGraphParticular.source_particular_graph' depends on axioms: [propext,
 Classical.choice,
 Quot.sound]
info: H0mework/Versions/AB/Physics/LowEnergy/Quantum/SourceMinimalGraphParticular.lean:279:0: 'LowEnergy.SourceMinimalGraphParticular.source_particular_norm' depends on axioms: [propext,
 Classical.choice,
 Quot.sound]
info: H0mework/Versions/AB/Physics/LowEnergy/Quantum/SourceMinimalGraphParticular.lean:280:0: 'LowEnergy.SourceMinimalGraphParticular.source_original_adjoint_defect' depends on axioms: [propext,
 Classical.choice,
 Quot.sound]
info: H0mework/Versions/AB/Physics/LowEnergy/Quantum/SourceMinimalGraphParticular.lean:281:0: 'LowEnergy.SourceMinimalGraphParticular.source_adjoint_particular_equation' depends on axioms: [propext,
 Classical.choice,
 Quot.sound]
info: H0mework/Versions/AB/Physics/LowEnergy/Quantum/SourceMinimalGraphParticular.lean:282:0: 'LowEnergy.SourceMinimalGraphParticular.finite_resolvent_original_split' depends on axioms: [propext,
 Classical.choice,
 Quot.sound]
info: H0mework/Versions/AB/Physics/LowEnergy/Quantum/SourceMinimalGraphParticular.lean:283:0: 'LowEnergy.SourceMinimalGraphParticular.source_retained_remainder' depends on axioms: [propext,
 Classical.choice,
 Quot.sound]
ℹ [10930/10966] Replayed H0mework.Versions.AB.Physics.LowEnergy.Quantum.SourceBoundaryGram
info: H0mework/Versions/AB/Physics/LowEnergy/Quantum/SourceBoundaryGram.lean:173:0: 'LowEnergy.SourceBoundaryGram.whole_carrier_source_pair' depends on axioms: [propext, Classical.choice, Quot.sound]
info: H0mework/Versions/AB/Physics/LowEnergy/Quantum/SourceBoundaryGram.lean:174:0: 'LowEnergy.SourceBoundaryGram.whole_carrier_boundary_gram' depends on axioms: [propext, Classical.choice, Quot.sound]
info: H0mework/Versions/AB/Physics/LowEnergy/Quantum/SourceBoundaryGram.lean:175:0: 'LowEnergy.SourceBoundaryGram.boundary_return_bound' depends on axioms: [propext, Classical.choice, Quot.sound]
info: H0mework/Versions/AB/Physics/LowEnergy/Quantum/SourceBoundaryGram.lean:176:0: 'LowEnergy.SourceBoundaryGram.weighted_boundary_gram' depends on axioms: [propext, Classical.choice, Quot.sound]
ℹ [10937/10966] Replayed H0mework.Versions.AB.Physics.LowEnergy.Quantum.GaussYukawaRetarded
info: H0mework/Versions/AB/Physics/LowEnergy/Quantum/GaussYukawaRetarded.lean:64:0: 'LowEnergy.GaussYukawaRetarded.response_left' depends on axioms: [propext, Classical.choice, Quot.sound]
info: H0mework/Versions/AB/Physics/LowEnergy/Quantum/GaussYukawaRetarded.lean:65:0: 'LowEnergy.GaussYukawaRetarded.response_right' depends on axioms: [propext, Classical.choice, Quot.sound]
info: H0mework/Versions/AB/Physics/LowEnergy/Quantum/GaussYukawaRetarded.lean:66:0: 'LowEnergy.GaussYukawaRetarded.source_retarded' depends on axioms: [propext, Classical.choice, Quot.sound]
ℹ [10938/10966] Replayed H0mework.Versions.AB.Physics.LowEnergy.Quantum.SourceNativeRadial
info: H0mework/Versions/AB/Physics/LowEnergy/Quantum/SourceNativeRadial.lean:64:0: 'LowEnergy.SourceNativeHistoryRadial.radial_orbit_zero' depends on axioms: [propext, Classical.choice, Quot.sound]
info: H0mework/Versions/AB/Physics/LowEnergy/Quantum/SourceNativeRadial.lean:65:0: 'LowEnergy.SourceNativeHistoryRadial.source_ray_regular' depends on axioms: [propext, Classical.choice, Quot.sound]
info: H0mework/Versions/AB/Physics/LowEnergy/Quantum/SourceNativeRadial.lean:66:0: 'LowEnergy.SourceNativeHistoryRadial.radial_square_bound' depends on axioms: [propext, Classical.choice, Quot.sound]
ℹ [10939/10966] Replayed H0mework.Versions.AB.Physics.LowEnergy.Quantum.GaussRadialMomentum
info: H0mework/Versions/AB/Physics/LowEnergy/Quantum/GaussRadialMomentum.lean:73:0: 'LowEnergy.GaussRadialMomentum.inverse_radial' depends on axioms: [propext, Classical.choice, Quot.sound]
info: H0mework/Versions/AB/Physics/LowEnergy/Quantum/GaussRadialMomentum.lean:74:0: 'LowEnergy.GaussRadialMomentum.direction_reciprocal' depends on axioms: [propext, Classical.choice, Quot.sound]
info: H0mework/Versions/AB/Physics/LowEnergy/Quantum/GaussRadialMomentum.lean:75:0: 'LowEnergy.GaussRadialMomentum.radialDerivative_bound' depends on axioms: [propext, Classical.choice, Quot.sound]
info: H0mework/Versions/AB/Physics/LowEnergy/Quantum/GaussRadialMomentum.lean:150:0: 'LowEnergy.GaussRadialMomentum.core_commutator' depends on axioms: [propext, Classical.choice, Quot.sound]
info: H0mework/Versions/AB/Physics/LowEnergy/Quantum/GaussRadialMomentum.lean:151:0: 'LowEnergy.GaussRadialMomentum.boundedCommutator_core' depends on axioms: [propext, Classical.choice, Quot.sound]
info: H0mework/Versions/AB/Physics/LowEnergy/Quantum/GaussRadialMomentum.lean:152:0: 'LowEnergy.GaussRadialMomentum.boundedCommutator_norm' depends on axioms: [propext, Classical.choice, Quot.sound]
ℹ [10940/10966] Replayed H0mework.Versions.AB.Physics.LowEnergy.Quantum.ClosedGraphMultiplier
info: H0mework/Versions/AB/Physics/LowEnergy/Quantum/ClosedGraphMultiplier.lean:54:0: 'LowEnergy.ClosedGraphMultiplier.closure_preserved' depends on axioms: [propext, Classical.choice, Quot.sound]
info: H0mework/Versions/AB/Physics/LowEnergy/Quantum/ClosedGraphMultiplier.lean:55:0: 'LowEnergy.ClosedGraphMultiplier.closed_preserved' depends on axioms: [propext, Classical.choice, Quot.sound]
ℹ [10941/10966] Replayed H0mework.Versions.AB.Physics.LowEnergy.Quantum.GaussRadialMomentumDomain
info: H0mework/Versions/AB/Physics/LowEnergy/Quantum/GaussRadialMomentumDomain.lean:158:0: 'LowEnergy.GaussRadialMomentumDomain.closed_graph' depends on axioms: [propext, Classical.choice, Quot.sound]
info: H0mework/Versions/AB/Physics/LowEnergy/Quantum/GaussRadialMomentumDomain.lean:159:0: 'LowEnergy.GaussRadialMomentumDomain.closed_commutator' depends on axioms: [propext, Classical.choice, Quot.sound]
info: H0mework/Versions/AB/Physics/LowEnergy/Quantum/GaussRadialMomentumDomain.lean:160:0: 'LowEnergy.GaussRadialMomentumDomain.closed_graph_bound' depends on axioms: [propext, Classical.choice, Quot.sound]
info: H0mework/Versions/AB/Physics/LowEnergy/Quantum/GaussRadialMomentumDomain.lean:161:0: 'LowEnergy.GaussRadialMomentumDomain.gauge_closed_commutes' depends on axioms: [propext, Classical.choice, Quot.sound]
info: H0mework/Versions/AB/Physics/LowEnergy/Quantum/GaussRadialMomentumDomain.lean:162:0: 'LowEnergy.GaussRadialMomentumDomain.adjoint_core_commutator' depends on axioms: [propext, Classical.choice, Quot.sound]
info: H0mework/Versions/AB/Physics/LowEnergy/Quantum/GaussRadialMomentumDomain.lean:163:0: 'LowEnergy.GaussRadialMomentumDomain.adjoint_closed_graph' depends on axioms: [propext, Classical.choice, Quot.sound]
ℹ [10942/10966] Replayed H0mework.Versions.AB.Physics.LowEnergy.Quantum.GaussRadialHamiltonian
info: H0mework/Versions/AB/Physics/LowEnergy/Quantum/GaussRadialHamiltonian.lean:243:0: 'LowEnergy.GaussRadialHamiltonian.coframe_commutes' depends on axioms: [propext, Classical.choice, Quot.sound]
info: H0mework/Versions/AB/Physics/LowEnergy/Quantum/GaussRadialHamiltonian.lean:244:0: 'LowEnergy.GaussRadialHamiltonian.matter_commutes' depends on axioms: [propext, Classical.choice, Quot.sound]
info: H0mework/Versions/AB/Physics/LowEnergy/Quantum/GaussRadialHamiltonian.lean:245:0: 'LowEnergy.GaussRadialHamiltonian.diagonal_commutator' depends on axioms: [propext, Classical.choice, Quot.sound]
info: H0mework/Versions/AB/Physics/LowEnergy/Quantum/GaussRadialHamiltonian.lean:246:0: 'LowEnergy.GaussRadialHamiltonian.full_commutator' depends on axioms: [propext, Classical.choice, Quot.sound]
info: H0mework/Versions/AB/Physics/LowEnergy/Quantum/GaussRadialHamiltonian.lean:247:0: 'LowEnergy.GaussRadialHamiltonian.sharp_commutator' depends on axioms: [propext, Classical.choice, Quot.sound]
info: H0mework/Versions/AB/Physics/LowEnergy/Quantum/GaussRadialHamiltonian.lean:248:0: 'LowEnergy.GaussRadialHamiltonian.radial_form' depends on axioms: [propext, Classical.choice, Quot.sound]
info: H0mework/Versions/AB/Physics/LowEnergy/Quantum/GaussRadialHamiltonian.lean:249:0: 'LowEnergy.GaussRadialHamiltonian.full_paired_radial' depends on axioms: [propext, Classical.choice, Quot.sound]
ℹ [10943/10966] Replayed H0mework.Versions.AB.Physics.LowEnergy.Quantum.GaussRadialRetarded
info: H0mework/Versions/AB/Physics/LowEnergy/Quantum/GaussRadialRetarded.lean:92:0: 'LowEnergy.GaussRadialRetarded.diagTest_action' depends on axioms: [propext, Classical.choice, Quot.sound]
info: H0mework/Versions/AB/Physics/LowEnergy/Quantum/GaussRadialRetarded.lean:93:0: 'LowEnergy.GaussRadialRetarded.diagonal_radial_core' depends on axioms: [propext, Classical.choice, Quot.sound]
info: H0mework/Versions/AB/Physics/LowEnergy/Quantum/GaussRadialRetarded.lean:94:0: 'LowEnergy.GaussRadialRetarded.radial_response_left' depends on axioms: [propext, Classical.choice, Quot.sound]
info: H0mework/Versions/AB/Physics/LowEnergy/Quantum/GaussRadialRetarded.lean:95:0: 'LowEnergy.GaussRadialRetarded.radial_retarded_source' depends on axioms: [propext, Classical.choice, Quot.sound]
ℹ [10944/10966] Replayed H0mework.Versions.AB.Physics.LowEnergy.Quantum.GaussOriginalYRetarded
info: H0mework/Versions/AB/Physics/LowEnergy/Quantum/GaussOriginalYRetarded.lean:114:0: 'LowEnergy.GaussOriginalYRetarded.response_left' depends on axioms: [propext, Classical.choice, Quot.sound]
info: H0mework/Versions/AB/Physics/LowEnergy/Quantum/GaussOriginalYRetarded.lean:115:0: 'LowEnergy.GaussOriginalYRetarded.dual_response_left' depends on axioms: [propext, Classical.choice, Quot.sound]
info: H0mework/Versions/AB/Physics/LowEnergy/Quantum/GaussOriginalYRetarded.lean:116:0: 'LowEnergy.GaussOriginalYRetarded.retarded_source' depends on axioms: [propext, Classical.choice, Quot.sound]
info: H0mework/Versions/AB/Physics/LowEnergy/Quantum/GaussOriginalYRetarded.lean:117:0: 'LowEnergy.GaussOriginalYRetarded.dual_retarded_source' depends on axioms: [propext, Classical.choice, Quot.sound]
ℹ [10945/10966] Replayed H0mework.Versions.AB.Physics.LowEnergy.Quantum.GaussFullRetarded
info: H0mework/Versions/AB/Physics/LowEnergy/Quantum/GaussFullRetarded.lean:80:0: 'LowEnergy.GaussFullRetarded.diagonal_time_split' depends on axioms: [propext, Classical.choice, Quot.sound]
info: H0mework/Versions/AB/Physics/LowEnergy/Quantum/GaussFullRetarded.lean:81:0: 'LowEnergy.GaussFullRetarded.response_left' depends on axioms: [propext, Classical.choice, Quot.sound]
info: H0mework/Versions/AB/Physics/LowEnergy/Quantum/GaussFullRetarded.lean:82:0: 'LowEnergy.GaussFullRetarded.retarded_source' depends on axioms: [propext, Classical.choice, Quot.sound]
ℹ [10953/10966] Replayed H0mework.Versions.AB.Physics.LowEnergy.Quantum.SourceSupportLeakage
info: H0mework/Versions/AB/Physics/LowEnergy/Quantum/SourceSupportLeakage.lean:250:0: 'LowEnergy.SourceRetardedIncrement.compression_escape_zero' depends on axioms: [propext, Classical.choice, Quot.sound]
info: H0mework/Versions/AB/Physics/LowEnergy/Quantum/SourceSupportLeakage.lean:251:0: 'LowEnergy.SourceRetardedIncrement.source_resolvent_eventually_mem_support' depends on axioms: [propext,
 Classical.choice,
 Quot.sound]
info: H0mework/Versions/AB/Physics/LowEnergy/Quantum/SourceSupportLeakage.lean:252:0: 'LowEnergy.SourceRetardedIncrement.resolvent_escape' depends on axioms: [propext, Classical.choice, Quot.sound]
info: H0mework/Versions/AB/Physics/LowEnergy/Quantum/SourceSupportLeakage.lean:253:0: 'LowEnergy.SourceRetardedIncrement.source_increment_norm_square' depends on axioms: [propext,
 Classical.choice,
 Quot.sound]
info: H0mework/Versions/AB/Physics/LowEnergy/Quantum/SourceSupportLeakage.lean:254:0: 'LowEnergy.SourceRetardedIncrement.escape_eventually_core_pair_zero' depends on axioms: [propext,
 Classical.choice,
 Quot.sound]
info: H0mework/Versions/AB/Physics/LowEnergy/Quantum/SourceSupportLeakage.lean:255:0: 'LowEnergy.SourceRetardedIncrement.source_escape_seed_return' depends on axioms: [propext, Classical.choice, Quot.sound]
info: H0mework/Versions/AB/Physics/LowEnergy/Quantum/SourceSupportLeakage.lean:256:0: 'LowEnergy.SourceRetardedIncrement.escaped_source_pair_zero' depends on axioms: [propext, Classical.choice, Quot.sound]
info: H0mework/Versions/AB/Physics/LowEnergy/Quantum/SourceSupportLeakage.lean:257:0: 'LowEnergy.SourceRetardedIncrement.same_resolvent_escaped' depends on axioms: [propext, Classical.choice, Quot.sound]
ℹ [10955/10966] Replayed H0mework.Versions.AB.Physics.LowEnergy.Quantum.SourceCutoffSharpCore
info: H0mework/Versions/AB/Physics/LowEnergy/Quantum/SourceCutoffSharpCore.lean:157:0: 'LowEnergy.FullYSourceCutoffSharp.bounded_sharp_core' depends on axioms: [propext, Classical.choice, Quot.sound]
info: H0mework/Versions/AB/Physics/LowEnergy/Quantum/SourceCutoffSharpCore.lean:158:0: 'LowEnergy.FullYSourceCutoffSharp.cutoff_sharp_core_mem' depends on axioms: [propext, Classical.choice, Quot.sound]
info: H0mework/Versions/AB/Physics/LowEnergy/Quantum/SourceCutoffSharpCore.lean:159:0: 'LowEnergy.FullYSourceCutoffSharp.source_full_core_pair' depends on axioms: [propext, Classical.choice, Quot.sound]
info: H0mework/Versions/AB/Physics/LowEnergy/Quantum/SourceCutoffSharpCore.lean:160:0: 'LowEnergy.FullYSourceCutoffSharp.source_sharp_core_derivative' depends on axioms: [propext,
 Classical.choice,
 Quot.sound]
info: H0mework/Versions/AB/Physics/LowEnergy/Quantum/SourceCutoffSharpCore.lean:161:0: 'LowEnergy.FullYSourceCutoffSharp.source_sharp_core_smooth' depends on axioms: [propext, Classical.choice, Quot.sound]
ℹ [10956/10966] Replayed H0mework.Versions.AB.Physics.LowEnergy.Quantum.SourceSignedRadiusBalance
info: H0mework/Versions/AB/Physics/LowEnergy/Quantum/SourceSignedRadiusBalance.lean:170:0: 'LowEnergy.SourceSignedRadiusBalance.cutoff_radius_factor' depends on axioms: [propext, Classical.choice, Quot.sound]
info: H0mework/Versions/AB/Physics/LowEnergy/Quantum/SourceSignedRadiusBalance.lean:171:0: 'LowEnergy.SourceSignedRadiusBalance.sharp_radius_factor' depends on axioms: [propext, Classical.choice, Quot.sound]
info: H0mework/Versions/AB/Physics/LowEnergy/Quantum/SourceSignedRadiusBalance.lean:172:0: 'LowEnergy.SourceSignedRadiusBalance.finite_resolvent_balance' depends on axioms: [propext,
 Classical.choice,
 Quot.sound]
info: H0mework/Versions/AB/Physics/LowEnergy/Quantum/SourceSignedRadiusBalance.lean:173:0: 'LowEnergy.SourceSignedRadiusBalance.finite_resolvent_signed_bound' depends on axioms: [propext,
 Classical.choice,
 Quot.sound]
info: H0mework/Versions/AB/Physics/LowEnergy/Quantum/SourceSignedRadiusBalance.lean:174:0: 'LowEnergy.SourceSignedRadiusBalance.original_projection_current' depends on axioms: [propext,
 Classical.choice,
 Quot.sound]
ℹ [10957/10966] Replayed H0mework.Versions.AB.Physics.LowEnergy.Quantum.SourceBoundaryRadiusAction
info: H0mework/Versions/AB/Physics/LowEnergy/Quantum/SourceBoundaryRadiusAction.lean:156:0: 'LowEnergy.SourceBoundaryRadiusAction.radius_mem_core' depends on axioms: [propext, Classical.choice, Quot.sound]
info: H0mework/Versions/AB/Physics/LowEnergy/Quantum/SourceBoundaryRadiusAction.lean:157:0: 'LowEnergy.SourceBoundaryRadiusAction.original_quadratic_boundary_action' depends on axioms: [propext,
 Classical.choice,
 Quot.sound]
info: H0mework/Versions/AB/Physics/LowEnergy/Quantum/SourceBoundaryRadiusAction.lean:158:0: 'LowEnergy.SourceBoundaryRadiusAction.original_quadratic_boundary_bound' depends on axioms: [propext,
 Classical.choice,
 Quot.sound]
info: H0mework/Versions/AB/Physics/LowEnergy/Quantum/SourceBoundaryRadiusAction.lean:159:0: 'LowEnergy.SourceBoundaryRadiusAction.original_quadratic_cross_leg' depends on axioms: [propext,
 Classical.choice,
 Quot.sound]
info: H0mework/Versions/AB/Physics/LowEnergy/Quantum/SourceBoundaryRadiusAction.lean:160:0: 'LowEnergy.SourceBoundaryRadiusAction.quadratic_compressed_weak_limit' depends on axioms: [propext,
 Classical.choice,
 Quot.sound]
info: H0mework/Versions/AB/Physics/LowEnergy/Quantum/SourceBoundaryRadiusAction.lean:161:0: 'LowEnergy.SourceBoundaryRadiusAction.body_preimage_original_graph' depends on axioms: [propext,
 Classical.choice,
 Quot.sound]
info: H0mework/Versions/AB/Physics/LowEnergy/Quantum/SourceBoundaryRadiusAction.lean:162:0: 'LowEnergy.SourceBoundaryRadiusAction.body_preimage_shift' depends on axioms: [propext, Classical.choice, Quot.sound]
ℹ [10958/11019] Replayed H0mework.Versions.AB.Physics.LowEnergy.Quantum.SourceEscapeSeedTail
info: H0mework/Versions/AB/Physics/LowEnergy/Quantum/SourceEscapeSeedTail.lean:206:0: 'LowEnergy.SourceEscapeSeedTail.source_power_return' depends on axioms: [propext, Classical.choice, Quot.sound]
info: H0mework/Versions/AB/Physics/LowEnergy/Quantum/SourceEscapeSeedTail.lean:207:0: 'LowEnergy.SourceEscapeSeedTail.source_escape_spectral_bound' depends on axioms: [propext, Classical.choice, Quot.sound]
info: H0mework/Versions/AB/Physics/LowEnergy/Quantum/SourceEscapeSeedTail.lean:208:0: 'LowEnergy.SourceEscapeSeedTail.source_escape_high_frequency' depends on axioms: [propext, Classical.choice, Quot.sound]
ℹ [10959/11019] Replayed H0mework.Versions.AB.Physics.LowEnergy.Quantum.SourceEscapeCurrent
info: H0mework/Versions/AB/Physics/LowEnergy/Quantum/SourceEscapeCurrent.lean:106:0: 'LowEnergy.SourceEscapeCurrent.actual_source_mass' depends on axioms: [propext, Classical.choice, Quot.sound]
info: H0mework/Versions/AB/Physics/LowEnergy/Quantum/SourceEscapeCurrent.lean:107:0: 'LowEnergy.SourceEscapeCurrent.actual_escape_balance' depends on axioms: [propext, Classical.choice, Quot.sound]
ℹ [10979/11019] Replayed H0mework.Versions.AB.Physics.LowEnergy.Quantum.SourceCutoffNormConvergence
info: H0mework/Versions/AB/Physics/LowEnergy/Quantum/SourceCutoffNormConvergence.lean:209:0: 'LowEnergy.FullYSourceCutoffNorm.partial_strong_limit' depends on axioms: [propext, Classical.choice, Quot.sound]
info: H0mework/Versions/AB/Physics/LowEnergy/Quantum/SourceCutoffNormConvergence.lean:210:0: 'LowEnergy.FullYSourceCutoffNorm.source_cutoff_distance' depends on axioms: [propext, Classical.choice, Quot.sound]
info: H0mework/Versions/AB/Physics/LowEnergy/Quantum/SourceCutoffNormConvergence.lean:211:0: 'LowEnergy.FullYSourceCutoffNorm.source_graph_of_bounded' depends on axioms: [propext, Classical.choice, Quot.sound]
ℹ [10980/11019] Replayed H0mework.Versions.AB.Physics.LowEnergy.Quantum.SourceCutoffTimeGraph
info: H0mework/Versions/AB/Physics/LowEnergy/Quantum/SourceCutoffTimeGraph.lean:121:0: 'LowEnergy.FullYSourceCutoffTimeGraph.time_strong_limit' depends on axioms: [propext, Classical.choice, Quot.sound]
info: H0mework/Versions/AB/Physics/LowEnergy/Quantum/SourceCutoffTimeGraph.lean:122:0: 'LowEnergy.FullYSourceCutoffTimeGraph.time_graph_of_bounded' depends on axioms: [propext, Classical.choice, Quot.sound]
ℹ [10981/11019] Replayed H0mework.Versions.AB.Physics.LowEnergy.Quantum.SourceFamilyLinearMap
info: H0mework/Versions/AB/Physics/LowEnergy/Quantum/SourceFamilyLinearMap.lean:60:0: 'LowEnergy.FullYSourceFamilyLinearMap.lift_coe' depends on axioms: [propext, Classical.choice, Quot.sound]
info: H0mework/Versions/AB/Physics/LowEnergy/Quantum/SourceFamilyLinearMap.lean:61:0: 'LowEnergy.FullYSourceFamilyLinearMap.lift_bound' depends on axioms: [propext, Classical.choice, Quot.sound]
ℹ [10982/11019] Replayed H0mework.Versions.AB.Physics.LowEnergy.Quantum.SourceFiniteTimeIntegral
info: H0mework/Versions/AB/Physics/LowEnergy/Quantum/SourceFiniteTimeIntegral.lean:145:0: 'LowEnergy.FullYSourceFiniteTimeIntegral.integral_pair' depends on axioms: [propext, Classical.choice, Quot.sound]
info: H0mework/Versions/AB/Physics/LowEnergy/Quantum/SourceFiniteTimeIntegral.lean:146:0: 'LowEnergy.FullYSourceFiniteTimeIntegral.integral_return' depends on axioms: [propext, Classical.choice, Quot.sound]
info: H0mework/Versions/AB/Physics/LowEnergy/Quantum/SourceFiniteTimeIntegral.lean:147:0: 'LowEnergy.FullYSourceFiniteTimeIntegral.source_integral_bound' depends on axioms: [propext,
 Classical.choice,
 Quot.sound]
ℹ [10983/11019] Replayed H0mework.Versions.AB.Physics.LowEnergy.Quantum.SourceTimeFamilyGraph
info: H0mework/Versions/AB/Physics/LowEnergy/Quantum/SourceTimeFamilyGraph.lean:109:0: 'LowEnergy.FullYSourceTimeFamilyGraph.family_cutoff_distance' depends on axioms: [propext, Classical.choice, Quot.sound]
info: H0mework/Versions/AB/Physics/LowEnergy/Quantum/SourceTimeFamilyGraph.lean:110:0: 'LowEnergy.FullYSourceTimeFamilyGraph.retarded_limit_of_bounded' depends on axioms: [propext,
 Classical.choice,
 Quot.sound]
ℹ [10984/11019] Replayed H0mework.Versions.AB.Physics.LowEnergy.Quantum.SourceRelativePowerTail
info: H0mework/Versions/AB/Physics/LowEnergy/Quantum/SourceRelativePowerTail.lean:268:0: 'LowEnergy.SourceRelativePowerTail.source_inverse_nonnegative' depends on axioms: [propext,
 Classical.choice,
 Quot.sound]
info: H0mework/Versions/AB/Physics/LowEnergy/Quantum/SourceRelativePowerTail.lean:269:0: 'LowEnergy.SourceRelativePowerTail.history_power_distance' depends on axioms: [propext, Classical.choice, Quot.sound]
info: H0mework/Versions/AB/Physics/LowEnergy/Quantum/SourceRelativePowerTail.lean:270:0: 'LowEnergy.SourceRelativePowerTail.whole_history_relative_tail' depends on axioms: [propext,
 Classical.choice,
 Quot.sound]
info: H0mework/Versions/AB/Physics/LowEnergy/Quantum/SourceRelativePowerTail.lean:271:0: 'LowEnergy.SourceRelativePowerTail.time_power_distance' depends on axioms: [propext, Classical.choice, Quot.sound]
info: H0mework/Versions/AB/Physics/LowEnergy/Quantum/SourceRelativePowerTail.lean:272:0: 'LowEnergy.SourceRelativePowerTail.time_space_relative_tail' depends on axioms: [propext, Classical.choice, Quot.sound]
ℹ [10997/11019] Replayed H0mework.Versions.AB.Physics.LowEnergy.Quantum.SourceResolventBandLimit
info: H0mework/Versions/AB/Physics/LowEnergy/Quantum/SourceResolventBandLimit.lean:252:0: 'LowEnergy.SourceResolventBandLimit.resolvent_difference' depends on axioms: [propext, Classical.choice, Quot.sound]
info: H0mework/Versions/AB/Physics/LowEnergy/Quantum/SourceResolventBandLimit.lean:253:0: 'LowEnergy.SourceResolventBandLimit.word_difference' depends on axioms: [propext, Classical.choice, Quot.sound]
info: H0mework/Versions/AB/Physics/LowEnergy/Quantum/SourceResolventBandLimit.lean:254:0: 'LowEnergy.SourceResolventBandLimit.whole_word_cons' depends on axioms: [propext, Classical.choice, Quot.sound]
info: H0mework/Versions/AB/Physics/LowEnergy/Quantum/SourceResolventBandLimit.lean:255:0: 'LowEnergy.SourceResolventBandLimit.original_mixed_band_limit' depends on axioms: [propext,
 Classical.choice,
 Quot.sound]
ℹ [10998/11019] Replayed H0mework.Versions.AB.Physics.LowEnergy.Quantum.SourceRelativeTailCurrent
info: H0mework/Versions/AB/Physics/LowEnergy/Quantum/SourceRelativeTailCurrent.lean:149:0: 'LowEnergy.SourceRelativeTailCurrent.adjoint_family_return' depends on axioms: [propext, Classical.choice, Quot.sound]
info: H0mework/Versions/AB/Physics/LowEnergy/Quantum/SourceRelativeTailCurrent.lean:150:0: 'LowEnergy.SourceRelativeTailCurrent.current_boundary_return' depends on axioms: [propext, Classical.choice, Quot.sound]
info: H0mework/Versions/AB/Physics/LowEnergy/Quantum/SourceRelativeTailCurrent.lean:151:0: 'LowEnergy.SourceRelativeTailCurrent.original_core_current_return' depends on axioms: [propext,
 Classical.choice,
 Quot.sound]
info: H0mework/Versions/AB/Physics/LowEnergy/Quantum/SourceRelativeTailCurrent.lean:152:0: 'LowEnergy.SourceRelativeTailCurrent.finite_current_bound' depends on axioms: [propext, Classical.choice, Quot.sound]
info: H0mework/Versions/AB/Physics/LowEnergy/Quantum/SourceRelativeTailCurrent.lean:153:0: 'LowEnergy.SourceRelativeTailCurrent.finite_current_lintegral_bound' depends on axioms: [propext,
 Classical.choice,
 Quot.sound]
info: H0mework/Versions/AB/Physics/LowEnergy/Quantum/SourceRelativeTailCurrent.lean:154:0: 'LowEnergy.SourceRelativeTailCurrent.original_tail_current_return' depends on axioms: [propext,
 Classical.choice,
 Quot.sound]
info: H0mework/Versions/AB/Physics/LowEnergy/Quantum/SourceRelativeTailCurrent.lean:155:0: 'LowEnergy.SourceRelativeTailCurrent.finite_tail_current_lintegral_bound' depends on axioms: [propext,
 Classical.choice,
 Quot.sound]
ℹ [10999/11019] Replayed H0mework.Versions.AB.Physics.LowEnergy.Quantum.SourceParticularFrequency
info: H0mework/Versions/AB/Physics/LowEnergy/Quantum/SourceParticularFrequency.lean:179:0: 'LowEnergy.SourceParticularFrequency.particular_two_frequency' depends on axioms: [propext,
 Classical.choice,
 Quot.sound]
info: H0mework/Versions/AB/Physics/LowEnergy/Quantum/SourceParticularFrequency.lean:180:0: 'LowEnergy.SourceParticularFrequency.defect_adjoint_particular_two_frequency' depends on axioms: [propext,
 Classical.choice,
 Quot.sound]
info: H0mework/Versions/AB/Physics/LowEnergy/Quantum/SourceParticularFrequency.lean:181:0: 'LowEnergy.SourceParticularFrequency.original_particular_frequency_lipschitz' depends on axioms: [propext,
 Classical.choice,
 Quot.sound]
info: H0mework/Versions/AB/Physics/LowEnergy/Quantum/SourceParticularFrequency.lean:182:0: 'LowEnergy.SourceParticularFrequency.whole_mixed_word_continuous' depends on axioms: [propext,
 Classical.choice,
 Quot.sound]
info: H0mework/Versions/AB/Physics/LowEnergy/Quantum/SourceParticularFrequency.lean:183:0: 'LowEnergy.SourceParticularFrequency.original_body_frequency_continuous' depends on axioms: [propext,
 Classical.choice,
 Quot.sound]
ℹ [11000/11019] Replayed H0mework.Versions.AB.Physics.LowEnergy.Quantum.SourceRetardedBandCurrent
info: H0mework/Versions/AB/Physics/LowEnergy/Quantum/SourceRetardedBandCurrent.lean:364:0: 'LowEnergy.SourceRetardedBandCurrent.finite_input_memLp' depends on axioms: [propext, Classical.choice, Quot.sound]
info: H0mework/Versions/AB/Physics/LowEnergy/Quantum/SourceRetardedBandCurrent.lean:365:0: 'LowEnergy.SourceRetardedBandCurrent.actual_retarded_relative_tail' depends on axioms: [propext,
 Classical.choice,
 Quot.sound]
info: H0mework/Versions/AB/Physics/LowEnergy/Quantum/SourceRetardedBandCurrent.lean:366:0: 'LowEnergy.SourceRetardedBandCurrent.actual_current_norm' depends on axioms: [propext, Classical.choice, Quot.sound]
info: H0mework/Versions/AB/Physics/LowEnergy/Quantum/SourceRetardedBandCurrent.lean:367:0: 'LowEnergy.SourceRetardedBandCurrent.actual_retarded_current_tail' depends on axioms: [propext,
 Classical.choice,
 Quot.sound]
info: H0mework/Versions/AB/Physics/LowEnergy/Quantum/SourceRetardedBandCurrent.lean:368:0: 'LowEnergy.SourceRetardedBandCurrent.actual_current_spectral_tail' depends on axioms: [propext,
 Classical.choice,
 Quot.sound]
info: H0mework/Versions/AB/Physics/LowEnergy/Quantum/SourceRetardedBandCurrent.lean:369:0: 'LowEnergy.SourceRetardedBandCurrent.actual_current_high_frequency' depends on axioms: [propext,
 Classical.choice,
 Quot.sound]
info: H0mework/Versions/AB/Physics/LowEnergy/Quantum/SourceRetardedBandCurrent.lean:370:0: 'LowEnergy.SourceRetardedBandCurrent.actual_current_full_frequency_tail' depends on axioms: [propext,
 Classical.choice,
 Quot.sound]
ℹ [11029/11059] Replayed H0mework.Versions.AB.Physics.LowEnergy.Quantum.SourceScalarDoubleCurrent
info: H0mework/Versions/AB/Physics/LowEnergy/Quantum/SourceScalarDoubleCurrent.lean:821:2: Try this:
  [apply] ring_nf
  
  The `ring` tactic failed to close the goal. Use `ring_nf` to obtain a normal form.
    
  Note that `ring` works primarily in *commutative* rings. If you have a noncommutative ring, abelian group or module, consider using `noncomm_ring`, `abel` or `module` instead.
ℹ [11152/11177] Replayed H0mework.Versions.R3bbcbd59.ReleaseMaterials.Physics.LowEnergyPhenomenology.ExternalCompositeDecay.SourceMatterForceAbsorption
info: H0mework/Versions/R3bbcbd59/ReleaseMaterials/Physics/LowEnergyPhenomenology/ExternalCompositeDecay/SourceMatterForceAbsorption.lean:132:4: Try this:
  [apply] ring_nf
  
  The `ring` tactic failed to close the goal. Use `ring_nf` to obtain a normal form.
    
  Note that `ring` works primarily in *commutative* rings. If you have a noncommutative ring, abelian group or module, consider using `noncomm_ring`, `abel` or `module` instead.
ℹ [11172/11187] Replayed H0mework.Versions.R71e.ReleaseMaterials.Physics.LowEnergyPhenomenology.ExternalCompositeDecay.GaussInverseSecond
info: H0mework/Versions/R71e/ReleaseMaterials/Physics/LowEnergyPhenomenology/ExternalCompositeDecay/GaussInverseSecond.lean:138:0: 'LowEnergy.GaussInverseSecond.ambient_bracket' depends on axioms: [propext, Classical.choice, Quot.sound]
info: H0mework/Versions/R71e/ReleaseMaterials/Physics/LowEnergyPhenomenology/ExternalCompositeDecay/GaussInverseSecond.lean:139:0: 'LowEnergy.GaussInverseSecond.inverse_curvature_transport' depends on axioms: [propext, Classical.choice, Quot.sound]
info: H0mework/Versions/R71e/ReleaseMaterials/Physics/LowEnergyPhenomenology/ExternalCompositeDecay/GaussInverseSecond.lean:140:0: 'LowEnergy.GaussInverseSecond.orbit_curve_derivative' depends on axioms: [propext, Classical.choice, Quot.sound]
info: H0mework/Versions/R71e/ReleaseMaterials/Physics/LowEnergyPhenomenology/ExternalCompositeDecay/GaussInverseSecond.lean:141:0: 'LowEnergy.GaussInverseSecond.orbit_curve_second' depends on axioms: [propext, Classical.choice, Quot.sound]
✔ [11272/11477] Built H0mework.Versions.R71e.ReleaseMaterials.Physics.LowEnergyPhenomenology.ExternalCompositeDecay.MixedSpectatorCAR (16s)
✔ [11273/11477] Built H0mework.Versions.R71e.ReleaseMaterials.Physics.LowEnergyPhenomenology.ExternalCompositeDecay.MixedSpectatorGram (13s)
✔ [11274/11477] Built H0mework.Versions.R71e.ReleaseMaterials.Physics.LowEnergyPhenomenology.ExternalCompositeDecay.MixedSpectatorCandidate (24s)
✔ [11275/11477] Built H0mework.Versions.R71e.ReleaseMaterials.Physics.LowEnergyPhenomenology.ExternalCompositeDecay.MixedSpectatorOccupation (14s)
✔ [11276/11477] Built H0mework.Versions.R71e.ReleaseMaterials.Physics.LowEnergyPhenomenology.ExternalCompositeDecay.MixedSpectatorColorColumns (10s)
✔ [11277/11477] Built H0mework.Versions.R71e.ReleaseMaterials.Physics.LowEnergyPhenomenology.ExternalCompositeDecay.MixedSpectatorSpin (27s)
✔ [11278/11477] Built H0mework.Versions.R71e.ReleaseMaterials.Physics.LowEnergyPhenomenology.ExternalCompositeDecay.ActualMotherTripleGram (9.3s)
✔ [11279/11477] Built H0mework.Versions.R71e.ReleaseMaterials.Physics.LowEnergyPhenomenology.ExternalCompositeDecay.MixedSpectatorDynamicResponse (18s)
✔ [11280/11477] Built H0mework.Versions.R71e.ReleaseMaterials.Physics.LowEnergyPhenomenology.ExternalCompositeDecay.MixedSpectatorColorMatrix (20s)
✔ [11281/11477] Built H0mework.Versions.R71e.ReleaseMaterials.Physics.LowEnergyPhenomenology.ExternalCompositeDecay.SourceActualCandidateQuarticGram (20s)
✔ [11282/11477] Built H0mework.Versions.R71e.ReleaseMaterials.Physics.LowEnergyPhenomenology.ExternalCompositeDecay.MixedSpectatorYukawaColumn (16s)
✔ [11283/11477] Built H0mework.Versions.R71e.ReleaseMaterials.Physics.LowEnergyPhenomenology.ExternalCompositeDecay.MixedSpectatorColorAction (13s)
✔ [11284/11477] Built H0mework.Versions.R71e.ReleaseMaterials.Physics.LowEnergyPhenomenology.ExternalCompositeDecay.SourceActualSignedSectorProjection (19s)
✔ [11285/11477] Built H0mework.Versions.R71e.ReleaseMaterials.Physics.LowEnergyPhenomenology.ExternalCompositeDecay.SourceActualCandidateQuarticFinite (14s)
✔ [11286/11477] Built H0mework.Versions.R71e.ReleaseMaterials.Physics.LowEnergyPhenomenology.ExternalCompositeDecay.MixedSpectatorYukawaMatrix (10s)
✔ [11287/11477] Built H0mework.Versions.R71e.ReleaseMaterials.Physics.LowEnergyPhenomenology.ExternalCompositeDecay.MixedSpectatorYukawaSource (23s)
✔ [11288/11477] Built H0mework.Versions.R71e.ReleaseMaterials.Physics.LowEnergyPhenomenology.ExternalCompositeDecay.MixedSpectatorPhaseCharge (12s)
✔ [11289/11477] Built H0mework.Versions.R71e.ReleaseMaterials.Physics.LowEnergyPhenomenology.ExternalCompositeDecay.SourceActualSignedSectorAction (21s)
✔ [11290/11477] Built H0mework.Versions.R71e.ReleaseMaterials.Physics.LowEnergyPhenomenology.ExternalCompositeDecay.MixedSpectatorYukawaNonzero (11s)
✔ [11291/11477] Built H0mework.Versions.R71e.ReleaseMaterials.Physics.LowEnergyPhenomenology.ExternalCompositeDecay.MixedSpectatorJointFacts (12s)
✔ [11292/11477] Built H0mework.Versions.R71e.ReleaseMaterials.Physics.LowEnergyPhenomenology.ExternalCompositeDecay.SourceYukawaPositiveCorrection (10s)
✔ [11293/11477] Built H0mework.Versions.R71e.ReleaseMaterials.Physics.LowEnergyPhenomenology.ExternalCompositeDecay.SourceActualSignedSectorCompression (23s)
✔ [11294/11477] Built H0mework.Versions.R71e.ReleaseMaterials.Physics.LowEnergyPhenomenology.ExternalCompositeDecay.MixedSpectatorExchangeSelection (13s)
✔ [11295/11477] Built H0mework.Versions.R71e.ReleaseMaterials.Physics.LowEnergyPhenomenology.ExternalCompositeDecay.SourceGeneralThreeParticleYukawaOptical (17s)
✔ [11296/11477] Built H0mework.Versions.R71e.ReleaseMaterials.Physics.LowEnergyPhenomenology.ExternalCompositeDecay.SourceActualSignedSectorResolvent (14s)
✔ [11297/11477] Built H0mework.Versions.R71e.ReleaseMaterials.Physics.LowEnergyPhenomenology.ExternalCompositeDecay.MixedSpectatorContactVertices (25s)
✔ [11298/11477] Built H0mework.Versions.R71e.ReleaseMaterials.Physics.LowEnergyPhenomenology.ExternalCompositeDecay.MixedSpectatorScalar61Exchange (40s)
✔ [11299/11477] Built H0mework.Versions.R71e.ReleaseMaterials.Physics.LowEnergyPhenomenology.ExternalCompositeDecay.SourceActualSignedSectorTime (19s)
✔ [11300/11477] Built H0mework.Versions.R71e.ReleaseMaterials.Physics.LowEnergyPhenomenology.ExternalCompositeDecay.SourceActualCandidateVertexLiterals (13s)
✔ [11301/11477] Built H0mework.Versions.R71e.ReleaseMaterials.Physics.LowEnergyPhenomenology.ExternalCompositeDecay.MixedSpectatorContactExchange (15s)
✔ [11302/11477] Built H0mework.Versions.R71e.ReleaseMaterials.Physics.LowEnergyPhenomenology.ExternalCompositeDecay.MixedSpectatorDual24Data (20s)
✔ [11303/11477] Built H0mework.Versions.R71e.ReleaseMaterials.Physics.LowEnergyPhenomenology.ExternalCompositeDecay.MixedSpectatorPairedSourceFrame (22s)
✔ [11304/11477] Built H0mework.Versions.R71e.ReleaseMaterials.Physics.LowEnergyPhenomenology.ExternalCompositeDecay.SourceActualCandidateVertexEntries (19s)
✔ [11305/11477] Built H0mework.Versions.R71e.ReleaseMaterials.Physics.LowEnergyPhenomenology.ExternalCompositeDecay.MixedSpectatorSignedSectorRetarded (20s)
✔ [11306/11477] Built H0mework.Versions.R71e.ReleaseMaterials.Physics.LowEnergyPhenomenology.ExternalCompositeDecay.SourceActualFourBlockRealTransferContactSelector (13s)
✔ [11307/11477] Built H0mework.Versions.R71e.ReleaseMaterials.Physics.LowEnergyPhenomenology.ExternalCompositeDecay.MixedSpectatorDual24Exchange (11s)
✔ [11308/11477] Built H0mework.Versions.R71e.ReleaseMaterials.Physics.LowEnergyPhenomenology.ExternalCompositeDecay.SourceActualFourBlockRealTransferTransfer (12s)
✔ [11309/11477] Built H0mework.Versions.R71e.ReleaseMaterials.Physics.LowEnergyPhenomenology.ExternalCompositeDecay.SourceActualCandidateVertexValueKernel (20s)
✔ [11310/11477] Built H0mework.Versions.R71e.ReleaseMaterials.Physics.LowEnergyPhenomenology.ExternalCompositeDecay.SourceActualCandidateSupportPolynomial (20s)
✔ [11311/11477] Built H0mework.Versions.R71e.ReleaseMaterials.Physics.LowEnergyPhenomenology.ExternalCompositeDecay.SourceActualFourBlockRealTransferContactRows3 (41s)
✔ [11312/11477] Built H0mework.Versions.R71e.ReleaseMaterials.Physics.LowEnergyPhenomenology.ExternalCompositeDecay.SourceActualFourBlockRealTransferContactRows2 (63s)
✔ [11313/11477] Built H0mework.Versions.R71e.ReleaseMaterials.Physics.LowEnergyPhenomenology.ExternalCompositeDecay.SourceActualFourBlockRealTransferContactRows1 (69s)
✔ [11314/11477] Built H0mework.Versions.R71e.ReleaseMaterials.Physics.LowEnergyPhenomenology.ExternalCompositeDecay.SourceActualFourBlockRealTransferContactRows0 (40s)
✔ [11315/11477] Built H0mework.Versions.R71e.ReleaseMaterials.Physics.LowEnergyPhenomenology.ExternalCompositeDecay.SourceActualFourBlockRealTransferDualPolynomial (11s)
✔ [11316/11477] Built H0mework.Versions.R71e.ReleaseMaterials.Physics.LowEnergyPhenomenology.ExternalCompositeDecay.SourceActualFourBlockRealTransferDualSelector (9.2s)
✔ [11317/11477] Built H0mework.Versions.R71e.ReleaseMaterials.Physics.LowEnergyPhenomenology.ExternalCompositeDecay.SourceActualContactDualImaginaryData (8.9s)
✔ [11318/11477] Built H0mework.Versions.R71e.ReleaseMaterials.Physics.LowEnergyPhenomenology.ExternalCompositeDecay.SourceActualFourBlockRealTransferScalar (9.8s)
✔ [11319/11477] Built H0mework.Versions.R71e.ReleaseMaterials.Physics.LowEnergyPhenomenology.ExternalCompositeDecay.MixedSpectatorCanonical79Data (534s)
✔ [11320/11477] Built H0mework.Versions.R71e.ReleaseMaterials.Physics.LowEnergyPhenomenology.ExternalCompositeDecay.SourceActualCandidateVertexValuesLorentz (171s)
✔ [11321/11477] Built H0mework.Versions.R71e.ReleaseMaterials.Physics.LowEnergyPhenomenology.ExternalCompositeDecay.SourceActualCandidateBraTensor (29s)
✔ [11322/11477] Built H0mework.Versions.R71e.ReleaseMaterials.Physics.LowEnergyPhenomenology.ExternalCompositeDecay.SourceActualFourBlockRealTransferContactRead (17s)
✔ [11323/11477] Built H0mework.Versions.R71e.ReleaseMaterials.Physics.LowEnergyPhenomenology.ExternalCompositeDecay.SourceActualFourBlockRealTransferDualRead (14s)
✔ [11324/11477] Built H0mework.Versions.R71e.ReleaseMaterials.Physics.LowEnergyPhenomenology.ExternalCompositeDecay.SourceActualFourBlockRealTransferCanonicalSelection (10s)
✔ [11325/11477] Built H0mework.Versions.R71e.ReleaseMaterials.Physics.LowEnergyPhenomenology.ExternalCompositeDecay.SourceCanonical79ImaginaryDAGData (11s)
✔ [11326/11477] Built H0mework.Versions.R71e.ReleaseMaterials.Physics.LowEnergyPhenomenology.ExternalCompositeDecay.MixedSpectatorCanonical79Exchange (8.1s)
✔ [11327/11477] Built H0mework.Versions.R71e.ReleaseMaterials.Physics.LowEnergyPhenomenology.ExternalCompositeDecay.SourceActualCandidateVertexValuesGauge (260s)
✔ [11328/11477] Built H0mework.Versions.R71e.ReleaseMaterials.Physics.LowEnergyPhenomenology.ExternalCompositeDecay.SourceActualCandidateBraLeftData (11s)
✔ [11329/11477] Built H0mework.Versions.R71e.ReleaseMaterials.Physics.LowEnergyPhenomenology.ExternalCompositeDecay.SourceActualCandidateBraPairData (12s)
✔ [11330/11477] Built H0mework.Versions.R71e.ReleaseMaterials.Physics.LowEnergyPhenomenology.ExternalCompositeDecay.SourceActualCandidateVertexValuesCoframe (193s)
✔ [11331/11477] Built H0mework.Versions.R71e.ReleaseMaterials.Physics.LowEnergyPhenomenology.ExternalCompositeDecay.SourceActualFourBlockRealTransferContact (30s)
✔ [11332/11477] Built H0mework.Versions.R71e.ReleaseMaterials.Physics.LowEnergyPhenomenology.ExternalCompositeDecay.SourceActualFourBlockRealTransferCanonicalSelectionRows0 (54s)
✔ [11333/11477] Built H0mework.Versions.R71e.ReleaseMaterials.Physics.LowEnergyPhenomenology.ExternalCompositeDecay.SourceActualFourBlockRealTransferCanonicalSelectionRows1 (57s)
✔ [11334/11477] Built H0mework.Versions.R71e.ReleaseMaterials.Physics.LowEnergyPhenomenology.ExternalCompositeDecay.SourceCanonical79DAGFold (9.7s)
✔ [11335/11477] Built H0mework.Versions.R71e.ReleaseMaterials.Physics.LowEnergyPhenomenology.ExternalCompositeDecay.SourceCanonical79ImaginaryNumeratorData (10s)
✔ [11336/11477] Built H0mework.Versions.R71e.ReleaseMaterials.Physics.LowEnergyPhenomenology.ExternalCompositeDecay.SourceActualCandidateVertexRowAliases (7.2s)
✔ [11337/11477] Built H0mework.Versions.R71e.ReleaseMaterials.Physics.LowEnergyPhenomenology.ExternalCompositeDecay.MixedSpectatorFourBlockSource (9.4s)
✔ [11338/11477] Built H0mework.Versions.R71e.ReleaseMaterials.Physics.LowEnergyPhenomenology.ExternalCompositeDecay.SourceActualCandidateBraPairBasis (6.9s)
✔ [11339/11477] Built H0mework.Versions.R71e.ReleaseMaterials.Physics.LowEnergyPhenomenology.ExternalCompositeDecay.SourceActualCandidateVertexValues (10s)
✔ [11340/11477] Built H0mework.Versions.R71e.ReleaseMaterials.Physics.LowEnergyPhenomenology.ExternalCompositeDecay.SourceActualFourBlockRealTransferCanonicalInverseSelection (9.0s)
✔ [11341/11477] Built H0mework.Versions.R71e.ReleaseMaterials.Physics.LowEnergyPhenomenology.ExternalCompositeDecay.SourceActualFourBlockRealTransferDAGStructural (8.9s)
✔ [11342/11477] Built H0mework.Versions.R71e.ReleaseMaterials.Physics.LowEnergyPhenomenology.ExternalCompositeDecay.SourceActualFourBlockRealTransferDAG (8.7s)
✔ [11343/11477] Built H0mework.Versions.R71e.ReleaseMaterials.Physics.LowEnergyPhenomenology.ExternalCompositeDecay.SourceActualCandidateBraColumns (53s)
✔ [11344/11477] Built H0mework.Versions.R71e.ReleaseMaterials.Physics.LowEnergyPhenomenology.ExternalCompositeDecay.SourceCanonical79NumeratorFold (8.3s)
✔ [11345/11477] Built H0mework.Versions.R71e.ReleaseMaterials.Physics.LowEnergyPhenomenology.ExternalCompositeDecay.SourceActualCandidateBraLeftFold (7.5s)
✔ [11346/11477] Built H0mework.Versions.R71e.ReleaseMaterials.Physics.LowEnergyPhenomenology.ExternalCompositeDecay.SourceCanonical79ImaginaryGroup0 (23s)
✖ [11347/11477] Building H0mework.Versions.R71e.ReleaseMaterials.Physics.LowEnergyPhenomenology.ExternalCompositeDecay.SourceActualCandidateVertexRows (9.3s)
trace: .> LEAN_PATH=./Lean/.lake/packages/Cli/.lake/build/lib/lean:./Lean/.lake/packages/batteries/.lake/build/lib/lean:./Lean/.lake/packages/Qq/.lake/build/lib/lean:./Lean/.lake/packages/aesop/.lake/build/lib/lean:./Lean/.lake/packages/proofwidgets/.lake/build/lib/lean:./Lean/.lake/packages/importGraph/.lake/build/lib/lean:./Lean/.lake/packages/LeanSearchClient/.lake/build/lib/lean:./Lean/.lake/packages/plausible/.lake/build/lib/lean:./Lean/.lake/packages/mathlib/.lake/build/lib/lean:./Lean/.lake/build/lib/lean runtime/elan/manual/lean-4.33.0-darwin_aarch64/bin/lean -DmaxHeartbeats=2000000 -Dweak.linter.unusedSectionVars=false -Dweak.linter.unnecessarySeqFocus=false -Dweak.linter.unusedVariables=false -Dweak.linter.unreachableTactic=false -Dweak.linter.unusedTactic=false -Dweak.linter.defProp=false -Dweak.linter.deprecated=false -Dlinter.deprecated=false -Dweak.linter.tacticAnalysis.introMerge=false -Dweak.linter.constructorNameAsVariable=false --trust=0 -Dweak.linter.unnecessarySimpa=false -Dweak.linter.style.haveILetI=false -Dweak.linter.unusedSimpArgs=false -DwarningAsError=true ./Lean/H0mework/Versions/R71e/ReleaseMaterials/Physics/LowEnergyPhenomenology/ExternalCompositeDecay/SourceActualCandidateVertexRows.lean -o ./Lean/.lake/build/lib/lean/H0mework/Versions/R71e/ReleaseMaterials/Physics/LowEnergyPhenomenology/ExternalCompositeDecay/SourceActualCandidateVertexRows.olean -i ./Lean/.lake/build/lib/lean/H0mework/Versions/R71e/ReleaseMaterials/Physics/LowEnergyPhenomenology/ExternalCompositeDecay/SourceActualCandidateVertexRows.ilean -c ./Lean/.lake/build/ir/H0mework/Versions/R71e/ReleaseMaterials/Physics/LowEnergyPhenomenology/ExternalCompositeDecay/SourceActualCandidateVertexRows.c --setup ./Lean/.lake/build/ir/H0mework/Versions/R71e/ReleaseMaterials/Physics/LowEnergyPhenomenology/ExternalCompositeDecay/SourceActualCandidateVertexRows.setup.json --json
error: H0mework/Versions/R71e/ReleaseMaterials/Physics/LowEnergyPhenomenology/ExternalCompositeDecay/SourceActualCandidateVertexRows.lean:12:10: The paid source row or its identity is missing: _private.SourceActualCandidateVertexValuesGauge.0.LowEnergy.ActualCandidateVertexValues.row_9
error: H0mework/Versions/R71e/ReleaseMaterials/Physics/LowEnergyPhenomenology/ExternalCompositeDecay/SourceActualCandidateVertexRows.lean:13:11: The paid source row or its identity is missing: _private.SourceActualCandidateVertexValuesGauge.0.LowEnergy.ActualCandidateVertexValues.row_10
error: H0mework/Versions/R71e/ReleaseMaterials/Physics/LowEnergyPhenomenology/ExternalCompositeDecay/SourceActualCandidateVertexRows.lean:14:11: The paid source row or its identity is missing: _private.SourceActualCandidateVertexValuesGauge.0.LowEnergy.ActualCandidateVertexValues.row_11
error: H0mework/Versions/R71e/ReleaseMaterials/Physics/LowEnergyPhenomenology/ExternalCompositeDecay/SourceActualCandidateVertexRows.lean:15:11: The paid source row or its identity is missing: _private.SourceActualCandidateVertexValuesGauge.0.LowEnergy.ActualCandidateVertexValues.row_12
error: H0mework/Versions/R71e/ReleaseMaterials/Physics/LowEnergyPhenomenology/ExternalCompositeDecay/SourceActualCandidateVertexRows.lean:16:11: The paid source row or its identity is missing: _private.SourceActualCandidateVertexValuesGauge.0.LowEnergy.ActualCandidateVertexValues.row_13
error: H0mework/Versions/R71e/ReleaseMaterials/Physics/LowEnergyPhenomenology/ExternalCompositeDecay/SourceActualCandidateVertexRows.lean:17:11: The paid source row or its identity is missing: _private.SourceActualCandidateVertexValuesGauge.0.LowEnergy.ActualCandidateVertexValues.row_14
error: H0mework/Versions/R71e/ReleaseMaterials/Physics/LowEnergyPhenomenology/ExternalCompositeDecay/SourceActualCandidateVertexRows.lean:18:11: The paid source row or its identity is missing: _private.SourceActualCandidateVertexValuesGauge.0.LowEnergy.ActualCandidateVertexValues.row_15
error: H0mework/Versions/R71e/ReleaseMaterials/Physics/LowEnergyPhenomenology/ExternalCompositeDecay/SourceActualCandidateVertexRows.lean:19:11: The paid source row or its identity is missing: _private.SourceActualCandidateVertexValuesGauge.0.LowEnergy.ActualCandidateVertexValues.row_16
error: H0mework/Versions/R71e/ReleaseMaterials/Physics/LowEnergyPhenomenology/ExternalCompositeDecay/SourceActualCandidateVertexRows.lean:20:11: The paid source row or its identity is missing: _private.SourceActualCandidateVertexValuesGauge.0.LowEnergy.ActualCandidateVertexValues.row_17
error: H0mework/Versions/R71e/ReleaseMaterials/Physics/LowEnergyPhenomenology/ExternalCompositeDecay/SourceActualCandidateVertexRows.lean:21:11: The paid source row or its identity is missing: _private.SourceActualCandidateVertexValuesGauge.0.LowEnergy.ActualCandidateVertexValues.row_18
error: H0mework/Versions/R71e/ReleaseMaterials/Physics/LowEnergyPhenomenology/ExternalCompositeDecay/SourceActualCandidateVertexRows.lean:22:11: The paid source row or its identity is missing: _private.SourceActualCandidateVertexValuesGauge.0.LowEnergy.ActualCandidateVertexValues.row_19
error: H0mework/Versions/R71e/ReleaseMaterials/Physics/LowEnergyPhenomenology/ExternalCompositeDecay/SourceActualCandidateVertexRows.lean:23:11: The paid source row or its identity is missing: _private.SourceActualCandidateVertexValuesGauge.0.LowEnergy.ActualCandidateVertexValues.row_20
error: H0mework/Versions/R71e/ReleaseMaterials/Physics/LowEnergyPhenomenology/ExternalCompositeDecay/SourceActualCandidateVertexRows.lean:24:11: The paid source row or its identity is missing: _private.SourceActualCandidateVertexValuesGauge.0.LowEnergy.ActualCandidateVertexValues.row_21
error: H0mework/Versions/R71e/ReleaseMaterials/Physics/LowEnergyPhenomenology/ExternalCompositeDecay/SourceActualCandidateVertexRows.lean:25:11: The paid source row or its identity is missing: _private.SourceActualCandidateVertexValuesGauge.0.LowEnergy.ActualCandidateVertexValues.row_22
error: H0mework/Versions/R71e/ReleaseMaterials/Physics/LowEnergyPhenomenology/ExternalCompositeDecay/SourceActualCandidateVertexRows.lean:26:11: The paid source row or its identity is missing: _private.SourceActualCandidateVertexValuesGauge.0.LowEnergy.ActualCandidateVertexValues.row_23
error: H0mework/Versions/R71e/ReleaseMaterials/Physics/LowEnergyPhenomenology/ExternalCompositeDecay/SourceActualCandidateVertexRows.lean:27:11: The paid source row or its identity is missing: _private.SourceActualCandidateVertexValuesGauge.0.LowEnergy.ActualCandidateVertexValues.row_24
error: H0mework/Versions/R71e/ReleaseMaterials/Physics/LowEnergyPhenomenology/ExternalCompositeDecay/SourceActualCandidateVertexRows.lean:28:11: The paid source row or its identity is missing: _private.SourceActualCandidateVertexValuesGauge.0.LowEnergy.ActualCandidateVertexValues.row_25
error: H0mework/Versions/R71e/ReleaseMaterials/Physics/LowEnergyPhenomenology/ExternalCompositeDecay/SourceActualCandidateVertexRows.lean:29:11: The paid source row or its identity is missing: _private.SourceActualCandidateVertexValuesGauge.0.LowEnergy.ActualCandidateVertexValues.row_26
error: H0mework/Versions/R71e/ReleaseMaterials/Physics/LowEnergyPhenomenology/ExternalCompositeDecay/SourceActualCandidateVertexRows.lean:30:11: The paid source row or its identity is missing: _private.SourceActualCandidateVertexValuesGauge.0.LowEnergy.ActualCandidateVertexValues.row_27
error: H0mework/Versions/R71e/ReleaseMaterials/Physics/LowEnergyPhenomenology/ExternalCompositeDecay/SourceActualCandidateVertexRows.lean:31:11: The paid source row or its identity is missing: _private.SourceActualCandidateVertexValuesGauge.0.LowEnergy.ActualCandidateVertexValues.row_28
error: H0mework/Versions/R71e/ReleaseMaterials/Physics/LowEnergyPhenomenology/ExternalCompositeDecay/SourceActualCandidateVertexRows.lean:32:11: The paid source row or its identity is missing: _private.SourceActualCandidateVertexValuesGauge.0.LowEnergy.ActualCandidateVertexValues.row_29
error: H0mework/Versions/R71e/ReleaseMaterials/Physics/LowEnergyPhenomenology/ExternalCompositeDecay/SourceActualCandidateVertexRows.lean:33:11: The paid source row or its identity is missing: _private.SourceActualCandidateVertexValuesGauge.0.LowEnergy.ActualCandidateVertexValues.row_30
error: H0mework/Versions/R71e/ReleaseMaterials/Physics/LowEnergyPhenomenology/ExternalCompositeDecay/SourceActualCandidateVertexRows.lean:34:11: The paid source row or its identity is missing: _private.SourceActualCandidateVertexValuesGauge.0.LowEnergy.ActualCandidateVertexValues.row_31
error: H0mework/Versions/R71e/ReleaseMaterials/Physics/LowEnergyPhenomenology/ExternalCompositeDecay/SourceActualCandidateVertexRows.lean:35:11: The paid source row or its identity is missing: _private.SourceActualCandidateVertexValuesGauge.0.LowEnergy.ActualCandidateVertexValues.row_32
error: H0mework/Versions/R71e/ReleaseMaterials/Physics/LowEnergyPhenomenology/ExternalCompositeDecay/SourceActualCandidateVertexRows.lean:36:11: The paid source row or its identity is missing: _private.SourceActualCandidateVertexValuesGauge.0.LowEnergy.ActualCandidateVertexValues.row_33
error: H0mework/Versions/R71e/ReleaseMaterials/Physics/LowEnergyPhenomenology/ExternalCompositeDecay/SourceActualCandidateVertexRows.lean:37:11: The paid source row or its identity is missing: _private.SourceActualCandidateVertexValuesGauge.0.LowEnergy.ActualCandidateVertexValues.row_34
error: H0mework/Versions/R71e/ReleaseMaterials/Physics/LowEnergyPhenomenology/ExternalCompositeDecay/SourceActualCandidateVertexRows.lean:38:11: The paid source row or its identity is missing: _private.SourceActualCandidateVertexValuesGauge.0.LowEnergy.ActualCandidateVertexValues.row_35
error: H0mework/Versions/R71e/ReleaseMaterials/Physics/LowEnergyPhenomenology/ExternalCompositeDecay/SourceActualCandidateVertexRows.lean:39:11: The paid source row or its identity is missing: _private.SourceActualCandidateVertexValuesGauge.0.LowEnergy.ActualCandidateVertexValues.row_36
error: H0mework/Versions/R71e/ReleaseMaterials/Physics/LowEnergyPhenomenology/ExternalCompositeDecay/SourceActualCandidateVertexRows.lean:40:11: The paid source row or its identity is missing: _private.SourceActualCandidateVertexValuesGauge.0.LowEnergy.ActualCandidateVertexValues.row_37
error: H0mework/Versions/R71e/ReleaseMaterials/Physics/LowEnergyPhenomenology/ExternalCompositeDecay/SourceActualCandidateVertexRows.lean:41:11: The paid source row or its identity is missing: _private.SourceActualCandidateVertexValuesGauge.0.LowEnergy.ActualCandidateVertexValues.row_38
error: H0mework/Versions/R71e/ReleaseMaterials/Physics/LowEnergyPhenomenology/ExternalCompositeDecay/SourceActualCandidateVertexRows.lean:42:11: The paid source row or its identity is missing: _private.SourceActualCandidateVertexValuesGauge.0.LowEnergy.ActualCandidateVertexValues.row_39
error: H0mework/Versions/R71e/ReleaseMaterials/Physics/LowEnergyPhenomenology/ExternalCompositeDecay/SourceActualCandidateVertexRows.lean:43:11: The paid source row or its identity is missing: _private.SourceActualCandidateVertexValuesGauge.0.LowEnergy.ActualCandidateVertexValues.row_40
error: H0mework/Versions/R71e/ReleaseMaterials/Physics/LowEnergyPhenomenology/ExternalCompositeDecay/SourceActualCandidateVertexRows.lean:44:11: The paid source row or its identity is missing: _private.SourceActualCandidateVertexValuesGauge.0.LowEnergy.ActualCandidateVertexValues.row_41
error: H0mework/Versions/R71e/ReleaseMaterials/Physics/LowEnergyPhenomenology/ExternalCompositeDecay/SourceActualCandidateVertexRows.lean:45:11: The paid source row or its identity is missing: _private.SourceActualCandidateVertexValuesGauge.0.LowEnergy.ActualCandidateVertexValues.row_42
error: H0mework/Versions/R71e/ReleaseMaterials/Physics/LowEnergyPhenomenology/ExternalCompositeDecay/SourceActualCandidateVertexRows.lean:46:11: The paid source row or its identity is missing: _private.SourceActualCandidateVertexValuesGauge.0.LowEnergy.ActualCandidateVertexValues.row_43
error: H0mework/Versions/R71e/ReleaseMaterials/Physics/LowEnergyPhenomenology/ExternalCompositeDecay/SourceActualCandidateVertexRows.lean:47:11: The paid source row or its identity is missing: _private.SourceActualCandidateVertexValuesGauge.0.LowEnergy.ActualCandidateVertexValues.row_44
error: H0mework/Versions/R71e/ReleaseMaterials/Physics/LowEnergyPhenomenology/ExternalCompositeDecay/SourceActualCandidateVertexRows.lean:48:11: The paid source row or its identity is missing: _private.SourceActualCandidateVertexValuesGauge.0.LowEnergy.ActualCandidateVertexValues.row_45
error: H0mework/Versions/R71e/ReleaseMaterials/Physics/LowEnergyPhenomenology/ExternalCompositeDecay/SourceActualCandidateVertexRows.lean:49:11: The paid source row or its identity is missing: _private.SourceActualCandidateVertexValuesGauge.0.LowEnergy.ActualCandidateVertexValues.row_46
error: H0mework/Versions/R71e/ReleaseMaterials/Physics/LowEnergyPhenomenology/ExternalCompositeDecay/SourceActualCandidateVertexRows.lean:50:11: The paid source row or its identity is missing: _private.SourceActualCandidateVertexValuesGauge.0.LowEnergy.ActualCandidateVertexValues.row_47
error: H0mework/Versions/R71e/ReleaseMaterials/Physics/LowEnergyPhenomenology/ExternalCompositeDecay/SourceActualCandidateVertexRows.lean:51:11: The paid source row or its identity is missing: _private.SourceActualCandidateVertexValuesGauge.0.LowEnergy.ActualCandidateVertexValues.row_48
error: H0mework/Versions/R71e/ReleaseMaterials/Physics/LowEnergyPhenomenology/ExternalCompositeDecay/SourceActualCandidateVertexRows.lean:52:11: The paid source row or its identity is missing: _private.SourceActualCandidateVertexValuesGauge.0.LowEnergy.ActualCandidateVertexValues.row_49
error: H0mework/Versions/R71e/ReleaseMaterials/Physics/LowEnergyPhenomenology/ExternalCompositeDecay/SourceActualCandidateVertexRows.lean:53:11: The paid source row or its identity is missing: _private.SourceActualCandidateVertexValuesGauge.0.LowEnergy.ActualCandidateVertexValues.row_50
error: H0mework/Versions/R71e/ReleaseMaterials/Physics/LowEnergyPhenomenology/ExternalCompositeDecay/SourceActualCandidateVertexRows.lean:54:11: The paid source row or its identity is missing: _private.SourceActualCandidateVertexValuesGauge.0.LowEnergy.ActualCandidateVertexValues.row_51
error: H0mework/Versions/R71e/ReleaseMaterials/Physics/LowEnergyPhenomenology/ExternalCompositeDecay/SourceActualCandidateVertexRows.lean:55:11: The paid source row or its identity is missing: _private.SourceActualCandidateVertexValuesGauge.0.LowEnergy.ActualCandidateVertexValues.row_52
error: H0mework/Versions/R71e/ReleaseMaterials/Physics/LowEnergyPhenomenology/ExternalCompositeDecay/SourceActualCandidateVertexRows.lean:56:11: The paid source row or its identity is missing: _private.SourceActualCandidateVertexValuesGauge.0.LowEnergy.ActualCandidateVertexValues.row_53
error: H0mework/Versions/R71e/ReleaseMaterials/Physics/LowEnergyPhenomenology/ExternalCompositeDecay/SourceActualCandidateVertexRows.lean:57:11: The paid source row or its identity is missing: _private.SourceActualCandidateVertexValuesGauge.0.LowEnergy.ActualCandidateVertexValues.row_54
error: H0mework/Versions/R71e/ReleaseMaterials/Physics/LowEnergyPhenomenology/ExternalCompositeDecay/SourceActualCandidateVertexRows.lean:58:11: The paid source row or its identity is missing: _private.SourceActualCandidateVertexValuesGauge.0.LowEnergy.ActualCandidateVertexValues.row_55
error: H0mework/Versions/R71e/ReleaseMaterials/Physics/LowEnergyPhenomenology/ExternalCompositeDecay/SourceActualCandidateVertexRows.lean:59:11: The paid source row or its identity is missing: _private.SourceActualCandidateVertexValuesGauge.0.LowEnergy.ActualCandidateVertexValues.row_56
error: H0mework/Versions/R71e/ReleaseMaterials/Physics/LowEnergyPhenomenology/ExternalCompositeDecay/SourceActualCandidateVertexRows.lean:60:11: The paid source row or its identity is missing: _private.SourceActualCandidateVertexValuesCoframe.0.LowEnergy.ActualCandidateVertexValues.row_57
error: H0mework/Versions/R71e/ReleaseMaterials/Physics/LowEnergyPhenomenology/ExternalCompositeDecay/SourceActualCandidateVertexRows.lean:61:11: The paid source row or its identity is missing: _private.SourceActualCandidateVertexValuesCoframe.0.LowEnergy.ActualCandidateVertexValues.row_58
error: H0mework/Versions/R71e/ReleaseMaterials/Physics/LowEnergyPhenomenology/ExternalCompositeDecay/SourceActualCandidateVertexRows.lean:62:11: The paid source row or its identity is missing: _private.SourceActualCandidateVertexValuesCoframe.0.LowEnergy.ActualCandidateVertexValues.row_59
error: H0mework/Versions/R71e/ReleaseMaterials/Physics/LowEnergyPhenomenology/ExternalCompositeDecay/SourceActualCandidateVertexRows.lean:63:11: The paid source row or its identity is missing: _private.SourceActualCandidateVertexValuesCoframe.0.LowEnergy.ActualCandidateVertexValues.row_60
error: H0mework/Versions/R71e/ReleaseMaterials/Physics/LowEnergyPhenomenology/ExternalCompositeDecay/SourceActualCandidateVertexRows.lean:64:11: The paid source row or its identity is missing: _private.SourceActualCandidateVertexValuesCoframe.0.LowEnergy.ActualCandidateVertexValues.row_61
error: H0mework/Versions/R71e/ReleaseMaterials/Physics/LowEnergyPhenomenology/ExternalCompositeDecay/SourceActualCandidateVertexRows.lean:65:11: The paid source row or its identity is missing: _private.SourceActualCandidateVertexValuesCoframe.0.LowEnergy.ActualCandidateVertexValues.row_62
error: H0mework/Versions/R71e/ReleaseMaterials/Physics/LowEnergyPhenomenology/ExternalCompositeDecay/SourceActualCandidateVertexRows.lean:66:11: The paid source row or its identity is missing: _private.SourceActualCandidateVertexValuesCoframe.0.LowEnergy.ActualCandidateVertexValues.row_63
error: H0mework/Versions/R71e/ReleaseMaterials/Physics/LowEnergyPhenomenology/ExternalCompositeDecay/SourceActualCandidateVertexRows.lean:67:11: The paid source row or its identity is missing: _private.SourceActualCandidateVertexValuesCoframe.0.LowEnergy.ActualCandidateVertexValues.row_64
error: H0mework/Versions/R71e/ReleaseMaterials/Physics/LowEnergyPhenomenology/ExternalCompositeDecay/SourceActualCandidateVertexRows.lean:68:11: The paid source row or its identity is missing: _private.SourceActualCandidateVertexValuesCoframe.0.LowEnergy.ActualCandidateVertexValues.row_65
error: H0mework/Versions/R71e/ReleaseMaterials/Physics/LowEnergyPhenomenology/ExternalCompositeDecay/SourceActualCandidateVertexRows.lean:69:11: The paid source row or its identity is missing: _private.SourceActualCandidateVertexValuesCoframe.0.LowEnergy.ActualCandidateVertexValues.row_66
error: H0mework/Versions/R71e/ReleaseMaterials/Physics/LowEnergyPhenomenology/ExternalCompositeDecay/SourceActualCandidateVertexRows.lean:70:11: The paid source row or its identity is missing: _private.SourceActualCandidateVertexValuesCoframe.0.LowEnergy.ActualCandidateVertexValues.row_67
error: H0mework/Versions/R71e/ReleaseMaterials/Physics/LowEnergyPhenomenology/ExternalCompositeDecay/SourceActualCandidateVertexRows.lean:71:11: The paid source row or its identity is missing: _private.SourceActualCandidateVertexValuesCoframe.0.LowEnergy.ActualCandidateVertexValues.row_68
error: H0mework/Versions/R71e/ReleaseMaterials/Physics/LowEnergyPhenomenology/ExternalCompositeDecay/SourceActualCandidateVertexRows.lean:72:11: The paid source row or its identity is missing: _private.SourceActualCandidateVertexValuesCoframe.0.LowEnergy.ActualCandidateVertexValues.row_69
error: H0mework/Versions/R71e/ReleaseMaterials/Physics/LowEnergyPhenomenology/ExternalCompositeDecay/SourceActualCandidateVertexRows.lean:73:11: The paid source row or its identity is missing: _private.SourceActualCandidateVertexValuesCoframe.0.LowEnergy.ActualCandidateVertexValues.row_70
error: H0mework/Versions/R71e/ReleaseMaterials/Physics/LowEnergyPhenomenology/ExternalCompositeDecay/SourceActualCandidateVertexRows.lean:74:11: The paid source row or its identity is missing: _private.SourceActualCandidateVertexValuesCoframe.0.LowEnergy.ActualCandidateVertexValues.row_71
error: H0mework/Versions/R71e/ReleaseMaterials/Physics/LowEnergyPhenomenology/ExternalCompositeDecay/SourceActualCandidateVertexRows.lean:75:11: The paid source row or its identity is missing: _private.SourceActualCandidateVertexValuesCoframe.0.LowEnergy.ActualCandidateVertexValues.row_72
error: H0mework/Versions/R71e/ReleaseMaterials/Physics/LowEnergyPhenomenology/ExternalCompositeDecay/SourceActualCandidateVertexRows.lean:76:11: The paid source row or its identity is missing: _private.SourceActualCandidateVertexValuesLorentz.0.LowEnergy.ActualCandidateVertexValues.row_73
error: H0mework/Versions/R71e/ReleaseMaterials/Physics/LowEnergyPhenomenology/ExternalCompositeDecay/SourceActualCandidateVertexRows.lean:77:11: The paid source row or its identity is missing: _private.SourceActualCandidateVertexValuesLorentz.0.LowEnergy.ActualCandidateVertexValues.row_74
error: H0mework/Versions/R71e/ReleaseMaterials/Physics/LowEnergyPhenomenology/ExternalCompositeDecay/SourceActualCandidateVertexRows.lean:78:11: The paid source row or its identity is missing: _private.SourceActualCandidateVertexValuesLorentz.0.LowEnergy.ActualCandidateVertexValues.row_75
error: H0mework/Versions/R71e/ReleaseMaterials/Physics/LowEnergyPhenomenology/ExternalCompositeDecay/SourceActualCandidateVertexRows.lean:79:11: The paid source row or its identity is missing: _private.SourceActualCandidateVertexValuesLorentz.0.LowEnergy.ActualCandidateVertexValues.row_76
error: H0mework/Versions/R71e/ReleaseMaterials/Physics/LowEnergyPhenomenology/ExternalCompositeDecay/SourceActualCandidateVertexRows.lean:80:11: The paid source row or its identity is missing: _private.SourceActualCandidateVertexValuesLorentz.0.LowEnergy.ActualCandidateVertexValues.row_77
error: H0mework/Versions/R71e/ReleaseMaterials/Physics/LowEnergyPhenomenology/ExternalCompositeDecay/SourceActualCandidateVertexRows.lean:81:11: The paid source row or its identity is missing: _private.SourceActualCandidateVertexValuesLorentz.0.LowEnergy.ActualCandidateVertexValues.row_78
error: H0mework/Versions/R71e/ReleaseMaterials/Physics/LowEnergyPhenomenology/ExternalCompositeDecay/SourceActualCandidateVertexRows.lean:82:11: The paid source row or its identity is missing: _private.SourceActualCandidateVertexValuesLorentz.0.LowEnergy.ActualCandidateVertexValues.row_79
error: H0mework/Versions/R71e/ReleaseMaterials/Physics/LowEnergyPhenomenology/ExternalCompositeDecay/SourceActualCandidateVertexRows.lean:83:11: The paid source row or its identity is missing: _private.SourceActualCandidateVertexValuesLorentz.0.LowEnergy.ActualCandidateVertexValues.row_80
error: H0mework/Versions/R71e/ReleaseMaterials/Physics/LowEnergyPhenomenology/ExternalCompositeDecay/SourceActualCandidateVertexRows.lean:84:11: The paid source row or its identity is missing: _private.SourceActualCandidateVertexValuesLorentz.0.LowEnergy.ActualCandidateVertexValues.row_81
error: H0mework/Versions/R71e/ReleaseMaterials/Physics/LowEnergyPhenomenology/ExternalCompositeDecay/SourceActualCandidateVertexRows.lean:85:11: The paid source row or its identity is missing: _private.SourceActualCandidateVertexValuesLorentz.0.LowEnergy.ActualCandidateVertexValues.row_82
error: H0mework/Versions/R71e/ReleaseMaterials/Physics/LowEnergyPhenomenology/ExternalCompositeDecay/SourceActualCandidateVertexRows.lean:86:11: The paid source row or its identity is missing: _private.SourceActualCandidateVertexValuesLorentz.0.LowEnergy.ActualCandidateVertexValues.row_83
error: H0mework/Versions/R71e/ReleaseMaterials/Physics/LowEnergyPhenomenology/ExternalCompositeDecay/SourceActualCandidateVertexRows.lean:87:11: The paid source row or its identity is missing: _private.SourceActualCandidateVertexValuesLorentz.0.LowEnergy.ActualCandidateVertexValues.row_84
error: H0mework/Versions/R71e/ReleaseMaterials/Physics/LowEnergyPhenomenology/ExternalCompositeDecay/SourceActualCandidateVertexRows.lean:88:11: The paid source row or its identity is missing: _private.SourceActualCandidateVertexValuesLorentz.0.LowEnergy.ActualCandidateVertexValues.row_85
error: H0mework/Versions/R71e/ReleaseMaterials/Physics/LowEnergyPhenomenology/ExternalCompositeDecay/SourceActualCandidateVertexRows.lean:89:11: The paid source row or its identity is missing: _private.SourceActualCandidateVertexValuesLorentz.0.LowEnergy.ActualCandidateVertexValues.row_86
error: H0mework/Versions/R71e/ReleaseMaterials/Physics/LowEnergyPhenomenology/ExternalCompositeDecay/SourceActualCandidateVertexRows.lean:90:11: The paid source row or its identity is missing: _private.SourceActualCandidateVertexValuesLorentz.0.LowEnergy.ActualCandidateVertexValues.row_87
error: H0mework/Versions/R71e/ReleaseMaterials/Physics/LowEnergyPhenomenology/ExternalCompositeDecay/SourceActualCandidateVertexRows.lean:91:11: The paid source row or its identity is missing: _private.SourceActualCandidateVertexValuesLorentz.0.LowEnergy.ActualCandidateVertexValues.row_88
error: H0mework/Versions/R71e/ReleaseMaterials/Physics/LowEnergyPhenomenology/ExternalCompositeDecay/SourceActualCandidateVertexRows.lean:92:11: The paid source row or its identity is missing: _private.SourceActualCandidateVertexValuesLorentz.0.LowEnergy.ActualCandidateVertexValues.row_89
error: H0mework/Versions/R71e/ReleaseMaterials/Physics/LowEnergyPhenomenology/ExternalCompositeDecay/SourceActualCandidateVertexRows.lean:93:11: The paid source row or its identity is missing: _private.SourceActualCandidateVertexValuesLorentz.0.LowEnergy.ActualCandidateVertexValues.row_90
error: H0mework/Versions/R71e/ReleaseMaterials/Physics/LowEnergyPhenomenology/ExternalCompositeDecay/SourceActualCandidateVertexRows.lean:94:11: The paid source row or its identity is missing: _private.SourceActualCandidateVertexValuesLorentz.0.LowEnergy.ActualCandidateVertexValues.row_91
error: H0mework/Versions/R71e/ReleaseMaterials/Physics/LowEnergyPhenomenology/ExternalCompositeDecay/SourceActualCandidateVertexRows.lean:95:11: The paid source row or its identity is missing: _private.SourceActualCandidateVertexValuesLorentz.0.LowEnergy.ActualCandidateVertexValues.row_92
error: H0mework/Versions/R71e/ReleaseMaterials/Physics/LowEnergyPhenomenology/ExternalCompositeDecay/SourceActualCandidateVertexRows.lean:96:11: The paid source row or its identity is missing: _private.SourceActualCandidateVertexValuesLorentz.0.LowEnergy.ActualCandidateVertexValues.row_93
error: H0mework/Versions/R71e/ReleaseMaterials/Physics/LowEnergyPhenomenology/ExternalCompositeDecay/SourceActualCandidateVertexRows.lean:97:11: The paid source row or its identity is missing: _private.SourceActualCandidateVertexValuesLorentz.0.LowEnergy.ActualCandidateVertexValues.row_94
error: H0mework/Versions/R71e/ReleaseMaterials/Physics/LowEnergyPhenomenology/ExternalCompositeDecay/SourceActualCandidateVertexRows.lean:98:11: The paid source row or its identity is missing: _private.SourceActualCandidateVertexValuesLorentz.0.LowEnergy.ActualCandidateVertexValues.row_95
error: H0mework/Versions/R71e/ReleaseMaterials/Physics/LowEnergyPhenomenology/ExternalCompositeDecay/SourceActualCandidateVertexRows.lean:99:11: The paid source row or its identity is missing: _private.SourceActualCandidateVertexValuesLorentz.0.LowEnergy.ActualCandidateVertexValues.row_96
error: H0mework/Versions/R71e/ReleaseMaterials/Physics/LowEnergyPhenomenology/ExternalCompositeDecay/SourceActualCandidateVertexRows.lean:117:11: The paid source row or its identity is missing: _private.SourceActualCandidateVertexValuesGauge.0.LowEnergy.ActualCandidateVertexValues.row_9_original
error: H0mework/Versions/R71e/ReleaseMaterials/Physics/LowEnergyPhenomenology/ExternalCompositeDecay/SourceActualCandidateVertexRows.lean:118:11: The paid source row or its identity is missing: _private.SourceActualCandidateVertexValuesGauge.0.LowEnergy.ActualCandidateVertexValues.row_10_original
error: H0mework/Versions/R71e/ReleaseMaterials/Physics/LowEnergyPhenomenology/ExternalCompositeDecay/SourceActualCandidateVertexRows.lean:119:11: The paid source row or its identity is missing: _private.SourceActualCandidateVertexValuesGauge.0.LowEnergy.ActualCandidateVertexValues.row_11_original
error: H0mework/Versions/R71e/ReleaseMaterials/Physics/LowEnergyPhenomenology/ExternalCompositeDecay/SourceActualCandidateVertexRows.lean:120:11: The paid source row or its identity is missing: _private.SourceActualCandidateVertexValuesGauge.0.LowEnergy.ActualCandidateVertexValues.row_12_original
error: H0mework/Versions/R71e/ReleaseMaterials/Physics/LowEnergyPhenomenology/ExternalCompositeDecay/SourceActualCandidateVertexRows.lean:121:11: The paid source row or its identity is missing: _private.SourceActualCandidateVertexValuesGauge.0.LowEnergy.ActualCandidateVertexValues.row_13_original
error: H0mework/Versions/R71e/ReleaseMaterials/Physics/LowEnergyPhenomenology/ExternalCompositeDecay/SourceActualCandidateVertexRows.lean:122:11: The paid source row or its identity is missing: _private.SourceActualCandidateVertexValuesGauge.0.LowEnergy.ActualCandidateVertexValues.row_14_original
error: H0mework/Versions/R71e/ReleaseMaterials/Physics/LowEnergyPhenomenology/ExternalCompositeDecay/SourceActualCandidateVertexRows.lean:123:11: The paid source row or its identity is missing: _private.SourceActualCandidateVertexValuesGauge.0.LowEnergy.ActualCandidateVertexValues.row_15_original
error: H0mework/Versions/R71e/ReleaseMaterials/Physics/LowEnergyPhenomenology/ExternalCompositeDecay/SourceActualCandidateVertexRows.lean:124:11: The paid source row or its identity is missing: _private.SourceActualCandidateVertexValuesGauge.0.LowEnergy.ActualCandidateVertexValues.row_16_original
error: H0mework/Versions/R71e/ReleaseMaterials/Physics/LowEnergyPhenomenology/ExternalCompositeDecay/SourceActualCandidateVertexRows.lean:125:11: The paid source row or its identity is missing: _private.SourceActualCandidateVertexValuesGauge.0.LowEnergy.ActualCandidateVertexValues.row_17_original
error: H0mework/Versions/R71e/ReleaseMaterials/Physics/LowEnergyPhenomenology/ExternalCompositeDecay/SourceActualCandidateVertexRows.lean:126:11: The paid source row or its identity is missing: _private.SourceActualCandidateVertexValuesGauge.0.LowEnergy.ActualCandidateVertexValues.row_18_original
error: H0mework/Versions/R71e/ReleaseMaterials/Physics/LowEnergyPhenomenology/ExternalCompositeDecay/SourceActualCandidateVertexRows.lean:127:11: The paid source row or its identity is missing: _private.SourceActualCandidateVertexValuesGauge.0.LowEnergy.ActualCandidateVertexValues.row_19_original
error: H0mework/Versions/R71e/ReleaseMaterials/Physics/LowEnergyPhenomenology/ExternalCompositeDecay/SourceActualCandidateVertexRows.lean:128:11: The paid source row or its identity is missing: _private.SourceActualCandidateVertexValuesGauge.0.LowEnergy.ActualCandidateVertexValues.row_20_original
error: H0mework/Versions/R71e/ReleaseMaterials/Physics/LowEnergyPhenomenology/ExternalCompositeDecay/SourceActualCandidateVertexRows.lean:129:11: maximum number of errors (100; from option `maxErrors`) reached, exiting
error: Lean exited with code 1
✔ [11348/11477] Built H0mework.Versions.R71e.ReleaseMaterials.Physics.LowEnergyPhenomenology.ExternalCompositeDecay.SourceActualFourBlockDetector (11s)
✔ [11349/11477] Built H0mework.Versions.R71e.ReleaseMaterials.Physics.LowEnergyPhenomenology.ExternalCompositeDecay.SourceActualFourBlockRetarded (14s)
✔ [11351/11477] Built H0mework.Versions.R71e.ReleaseMaterials.Physics.LowEnergyPhenomenology.ExternalCompositeDecay.SourceCanonical79BraCurrentRadicalPowers (9.0s)
✔ [11352/11477] Built H0mework.Versions.R71e.ReleaseMaterials.Physics.LowEnergyPhenomenology.ExternalCompositeDecay.SourceActualFourBlockRealTransferCanonicalProof (9.2s)
✔ [11353/11477] Built H0mework.Versions.R71e.ReleaseMaterials.Physics.LowEnergyPhenomenology.ExternalCompositeDecay.SourceActualFourBlockImaginaryPoint (39s)
✔ [11354/11477] Built H0mework.Versions.R71e.ReleaseMaterials.Physics.LowEnergyPhenomenology.ExternalCompositeDecay.SourceActualFourBlockRealTransferDAGStep (10s)
✔ [11355/11477] Built H0mework.Versions.R71e.ReleaseMaterials.Physics.LowEnergyPhenomenology.ExternalCompositeDecay.SourceActualFourBlockRealTransferDAGTyped (8.8s)
✖ [11356/11477] Building H0mework.Versions.R71e.ReleaseMaterials.Physics.LowEnergyPhenomenology.ExternalCompositeDecay.SourceActualCandidateBraLeftPilot (11s)
trace: .> LEAN_PATH=./Lean/.lake/packages/Cli/.lake/build/lib/lean:./Lean/.lake/packages/batteries/.lake/build/lib/lean:./Lean/.lake/packages/Qq/.lake/build/lib/lean:./Lean/.lake/packages/aesop/.lake/build/lib/lean:./Lean/.lake/packages/proofwidgets/.lake/build/lib/lean:./Lean/.lake/packages/importGraph/.lake/build/lib/lean:./Lean/.lake/packages/LeanSearchClient/.lake/build/lib/lean:./Lean/.lake/packages/plausible/.lake/build/lib/lean:./Lean/.lake/packages/mathlib/.lake/build/lib/lean:./Lean/.lake/build/lib/lean runtime/elan/manual/lean-4.33.0-darwin_aarch64/bin/lean -DmaxHeartbeats=2000000 -Dweak.linter.unusedSectionVars=false -Dweak.linter.unnecessarySeqFocus=false -Dweak.linter.unusedVariables=false -Dweak.linter.unreachableTactic=false -Dweak.linter.unusedTactic=false -Dweak.linter.defProp=false -Dweak.linter.deprecated=false -Dlinter.deprecated=false -Dweak.linter.tacticAnalysis.introMerge=false -Dweak.linter.constructorNameAsVariable=false --trust=0 -Dweak.linter.unnecessarySimpa=false -Dweak.linter.style.haveILetI=false -Dweak.linter.unusedSimpArgs=false -DwarningAsError=true ./Lean/H0mework/Versions/R71e/ReleaseMaterials/Physics/LowEnergyPhenomenology/ExternalCompositeDecay/SourceActualCandidateBraLeftPilot.lean -o ./Lean/.lake/build/lib/lean/H0mework/Versions/R71e/ReleaseMaterials/Physics/LowEnergyPhenomenology/ExternalCompositeDecay/SourceActualCandidateBraLeftPilot.olean -i ./Lean/.lake/build/lib/lean/H0mework/Versions/R71e/ReleaseMaterials/Physics/LowEnergyPhenomenology/ExternalCompositeDecay/SourceActualCandidateBraLeftPilot.ilean -c ./Lean/.lake/build/ir/H0mework/Versions/R71e/ReleaseMaterials/Physics/LowEnergyPhenomenology/ExternalCompositeDecay/SourceActualCandidateBraLeftPilot.c --setup ./Lean/.lake/build/ir/H0mework/Versions/R71e/ReleaseMaterials/Physics/LowEnergyPhenomenology/ExternalCompositeDecay/SourceActualCandidateBraLeftPilot.setup.json --json
error: H0mework/Versions/R71e/ReleaseMaterials/Physics/LowEnergyPhenomenology/ExternalCompositeDecay/SourceActualCandidateBraLeftPilot.lean:10:24: The paid source row or its identity is missing: _private.SourceActualCandidateVertexValuesGauge.0.LowEnergy.ActualCandidateVertexValues.row_9
error: H0mework/Versions/R71e/ReleaseMaterials/Physics/LowEnergyPhenomenology/ExternalCompositeDecay/SourceActualCandidateBraLeftPilot.lean:11:2: Expected exactly the paid actual source row
error: Lean exited with code 1
✔ [11357/11477] Built H0mework.Versions.R71e.ReleaseMaterials.Physics.LowEnergyPhenomenology.ExternalCompositeDecay.SourceActualFourBlockRealTransferDAGPilot (25s)
✖ [11358/11477] Building H0mework.Versions.R71e.ReleaseMaterials.Physics.LowEnergyPhenomenology.ExternalCompositeDecay.SourceActualCandidateBraLeftCoframe (10s)
trace: .> LEAN_PATH=./Lean/.lake/packages/Cli/.lake/build/lib/lean:./Lean/.lake/packages/batteries/.lake/build/lib/lean:./Lean/.lake/packages/Qq/.lake/build/lib/lean:./Lean/.lake/packages/aesop/.lake/build/lib/lean:./Lean/.lake/packages/proofwidgets/.lake/build/lib/lean:./Lean/.lake/packages/importGraph/.lake/build/lib/lean:./Lean/.lake/packages/LeanSearchClient/.lake/build/lib/lean:./Lean/.lake/packages/plausible/.lake/build/lib/lean:./Lean/.lake/packages/mathlib/.lake/build/lib/lean:./Lean/.lake/build/lib/lean runtime/elan/manual/lean-4.33.0-darwin_aarch64/bin/lean -DmaxHeartbeats=2000000 -Dweak.linter.unusedSectionVars=false -Dweak.linter.unnecessarySeqFocus=false -Dweak.linter.unusedVariables=false -Dweak.linter.unreachableTactic=false -Dweak.linter.unusedTactic=false -Dweak.linter.defProp=false -Dweak.linter.deprecated=false -Dlinter.deprecated=false -Dweak.linter.tacticAnalysis.introMerge=false -Dweak.linter.constructorNameAsVariable=false --trust=0 -Dweak.linter.unnecessarySimpa=false -Dweak.linter.style.haveILetI=false -Dweak.linter.unusedSimpArgs=false -DwarningAsError=true ./Lean/H0mework/Versions/R71e/ReleaseMaterials/Physics/LowEnergyPhenomenology/ExternalCompositeDecay/SourceActualCandidateBraLeftCoframe.lean -o ./Lean/.lake/build/lib/lean/H0mework/Versions/R71e/ReleaseMaterials/Physics/LowEnergyPhenomenology/ExternalCompositeDecay/SourceActualCandidateBraLeftCoframe.olean -i ./Lean/.lake/build/lib/lean/H0mework/Versions/R71e/ReleaseMaterials/Physics/LowEnergyPhenomenology/ExternalCompositeDecay/SourceActualCandidateBraLeftCoframe.ilean -c ./Lean/.lake/build/ir/H0mework/Versions/R71e/ReleaseMaterials/Physics/LowEnergyPhenomenology/ExternalCompositeDecay/SourceActualCandidateBraLeftCoframe.c --setup ./Lean/.lake/build/ir/H0mework/Versions/R71e/ReleaseMaterials/Physics/LowEnergyPhenomenology/ExternalCompositeDecay/SourceActualCandidateBraLeftCoframe.setup.json --json
error: H0mework/Versions/R71e/ReleaseMaterials/Physics/LowEnergyPhenomenology/ExternalCompositeDecay/SourceActualCandidateBraLeftCoframe.lean:11:24: The paid source row or its identity is missing: _private.SourceActualCandidateVertexValuesCoframe.0.LowEnergy.ActualCandidateVertexValues.row_57
error: H0mework/Versions/R71e/ReleaseMaterials/Physics/LowEnergyPhenomenology/ExternalCompositeDecay/SourceActualCandidateBraLeftCoframe.lean:12:2: Expected exactly the paid actual source row
error: H0mework/Versions/R71e/ReleaseMaterials/Physics/LowEnergyPhenomenology/ExternalCompositeDecay/SourceActualCandidateBraLeftCoframe.lean:15:24: The paid source row or its identity is missing: _private.SourceActualCandidateVertexValuesCoframe.0.LowEnergy.ActualCandidateVertexValues.row_58
error: H0mework/Versions/R71e/ReleaseMaterials/Physics/LowEnergyPhenomenology/ExternalCompositeDecay/SourceActualCandidateBraLeftCoframe.lean:16:2: Expected exactly the paid actual source row
error: H0mework/Versions/R71e/ReleaseMaterials/Physics/LowEnergyPhenomenology/ExternalCompositeDecay/SourceActualCandidateBraLeftCoframe.lean:19:24: The paid source row or its identity is missing: _private.SourceActualCandidateVertexValuesCoframe.0.LowEnergy.ActualCandidateVertexValues.row_59
error: H0mework/Versions/R71e/ReleaseMaterials/Physics/LowEnergyPhenomenology/ExternalCompositeDecay/SourceActualCandidateBraLeftCoframe.lean:20:2: Expected exactly the paid actual source row
error: H0mework/Versions/R71e/ReleaseMaterials/Physics/LowEnergyPhenomenology/ExternalCompositeDecay/SourceActualCandidateBraLeftCoframe.lean:23:24: The paid source row or its identity is missing: _private.SourceActualCandidateVertexValuesCoframe.0.LowEnergy.ActualCandidateVertexValues.row_60
error: H0mework/Versions/R71e/ReleaseMaterials/Physics/LowEnergyPhenomenology/ExternalCompositeDecay/SourceActualCandidateBraLeftCoframe.lean:24:2: Expected exactly the paid actual source row
error: H0mework/Versions/R71e/ReleaseMaterials/Physics/LowEnergyPhenomenology/ExternalCompositeDecay/SourceActualCandidateBraLeftCoframe.lean:27:24: The paid source row or its identity is missing: _private.SourceActualCandidateVertexValuesCoframe.0.LowEnergy.ActualCandidateVertexValues.row_61
error: H0mework/Versions/R71e/ReleaseMaterials/Physics/LowEnergyPhenomenology/ExternalCompositeDecay/SourceActualCandidateBraLeftCoframe.lean:28:2: Expected exactly the paid actual source row
error: H0mework/Versions/R71e/ReleaseMaterials/Physics/LowEnergyPhenomenology/ExternalCompositeDecay/SourceActualCandidateBraLeftCoframe.lean:31:24: The paid source row or its identity is missing: _private.SourceActualCandidateVertexValuesCoframe.0.LowEnergy.ActualCandidateVertexValues.row_62
error: H0mework/Versions/R71e/ReleaseMaterials/Physics/LowEnergyPhenomenology/ExternalCompositeDecay/SourceActualCandidateBraLeftCoframe.lean:32:2: Expected exactly the paid actual source row
error: H0mework/Versions/R71e/ReleaseMaterials/Physics/LowEnergyPhenomenology/ExternalCompositeDecay/SourceActualCandidateBraLeftCoframe.lean:35:24: The paid source row or its identity is missing: _private.SourceActualCandidateVertexValuesCoframe.0.LowEnergy.ActualCandidateVertexValues.row_63
error: H0mework/Versions/R71e/ReleaseMaterials/Physics/LowEnergyPhenomenology/ExternalCompositeDecay/SourceActualCandidateBraLeftCoframe.lean:36:2: Expected exactly the paid actual source row
error: H0mework/Versions/R71e/ReleaseMaterials/Physics/LowEnergyPhenomenology/ExternalCompositeDecay/SourceActualCandidateBraLeftCoframe.lean:39:24: The paid source row or its identity is missing: _private.SourceActualCandidateVertexValuesCoframe.0.LowEnergy.ActualCandidateVertexValues.row_64
error: H0mework/Versions/R71e/ReleaseMaterials/Physics/LowEnergyPhenomenology/ExternalCompositeDecay/SourceActualCandidateBraLeftCoframe.lean:40:2: Expected exactly the paid actual source row
error: H0mework/Versions/R71e/ReleaseMaterials/Physics/LowEnergyPhenomenology/ExternalCompositeDecay/SourceActualCandidateBraLeftCoframe.lean:43:24: The paid source row or its identity is missing: _private.SourceActualCandidateVertexValuesCoframe.0.LowEnergy.ActualCandidateVertexValues.row_65
error: H0mework/Versions/R71e/ReleaseMaterials/Physics/LowEnergyPhenomenology/ExternalCompositeDecay/SourceActualCandidateBraLeftCoframe.lean:44:2: Expected exactly the paid actual source row
error: H0mework/Versions/R71e/ReleaseMaterials/Physics/LowEnergyPhenomenology/ExternalCompositeDecay/SourceActualCandidateBraLeftCoframe.lean:47:24: The paid source row or its identity is missing: _private.SourceActualCandidateVertexValuesCoframe.0.LowEnergy.ActualCandidateVertexValues.row_66
error: H0mework/Versions/R71e/ReleaseMaterials/Physics/LowEnergyPhenomenology/ExternalCompositeDecay/SourceActualCandidateBraLeftCoframe.lean:48:2: Expected exactly the paid actual source row
error: H0mework/Versions/R71e/ReleaseMaterials/Physics/LowEnergyPhenomenology/ExternalCompositeDecay/SourceActualCandidateBraLeftCoframe.lean:51:24: The paid source row or its identity is missing: _private.SourceActualCandidateVertexValuesCoframe.0.LowEnergy.ActualCandidateVertexValues.row_67
error: H0mework/Versions/R71e/ReleaseMaterials/Physics/LowEnergyPhenomenology/ExternalCompositeDecay/SourceActualCandidateBraLeftCoframe.lean:52:2: Expected exactly the paid actual source row
error: H0mework/Versions/R71e/ReleaseMaterials/Physics/LowEnergyPhenomenology/ExternalCompositeDecay/SourceActualCandidateBraLeftCoframe.lean:55:24: The paid source row or its identity is missing: _private.SourceActualCandidateVertexValuesCoframe.0.LowEnergy.ActualCandidateVertexValues.row_68
error: H0mework/Versions/R71e/ReleaseMaterials/Physics/LowEnergyPhenomenology/ExternalCompositeDecay/SourceActualCandidateBraLeftCoframe.lean:56:2: Expected exactly the paid actual source row
error: H0mework/Versions/R71e/ReleaseMaterials/Physics/LowEnergyPhenomenology/ExternalCompositeDecay/SourceActualCandidateBraLeftCoframe.lean:59:24: The paid source row or its identity is missing: _private.SourceActualCandidateVertexValuesCoframe.0.LowEnergy.ActualCandidateVertexValues.row_69
error: H0mework/Versions/R71e/ReleaseMaterials/Physics/LowEnergyPhenomenology/ExternalCompositeDecay/SourceActualCandidateBraLeftCoframe.lean:60:2: Expected exactly the paid actual source row
error: H0mework/Versions/R71e/ReleaseMaterials/Physics/LowEnergyPhenomenology/ExternalCompositeDecay/SourceActualCandidateBraLeftCoframe.lean:63:24: The paid source row or its identity is missing: _private.SourceActualCandidateVertexValuesCoframe.0.LowEnergy.ActualCandidateVertexValues.row_70
error: H0mework/Versions/R71e/ReleaseMaterials/Physics/LowEnergyPhenomenology/ExternalCompositeDecay/SourceActualCandidateBraLeftCoframe.lean:64:2: Expected exactly the paid actual source row
error: H0mework/Versions/R71e/ReleaseMaterials/Physics/LowEnergyPhenomenology/ExternalCompositeDecay/SourceActualCandidateBraLeftCoframe.lean:67:24: The paid source row or its identity is missing: _private.SourceActualCandidateVertexValuesCoframe.0.LowEnergy.ActualCandidateVertexValues.row_71
error: H0mework/Versions/R71e/ReleaseMaterials/Physics/LowEnergyPhenomenology/ExternalCompositeDecay/SourceActualCandidateBraLeftCoframe.lean:68:2: Expected exactly the paid actual source row
error: H0mework/Versions/R71e/ReleaseMaterials/Physics/LowEnergyPhenomenology/ExternalCompositeDecay/SourceActualCandidateBraLeftCoframe.lean:71:24: The paid source row or its identity is missing: _private.SourceActualCandidateVertexValuesCoframe.0.LowEnergy.ActualCandidateVertexValues.row_72
error: H0mework/Versions/R71e/ReleaseMaterials/Physics/LowEnergyPhenomenology/ExternalCompositeDecay/SourceActualCandidateBraLeftCoframe.lean:72:2: Expected exactly the paid actual source row
error: Lean exited with code 1
✔ [11360/11477] Built H0mework.Versions.R71e.ReleaseMaterials.Physics.LowEnergyPhenomenology.ExternalCompositeDecay.SourceCanonical79DAGFoldContinuation (10s)
✔ [11361/11477] Built H0mework.Versions.R71e.ReleaseMaterials.Physics.LowEnergyPhenomenology.ExternalCompositeDecay.SourceActualFourBlockHilbertOperator (13s)
✔ [11362/11477] Built H0mework.Versions.R71e.ReleaseMaterials.Physics.LowEnergyPhenomenology.ExternalCompositeDecay.SourceActualFourBlockOptical (13s)
✔ [11363/11477] Built H0mework.Versions.R71e.ReleaseMaterials.Physics.LowEnergyPhenomenology.ExternalCompositeDecay.SourceActualFourBlockSignedSector (10s)
✔ [11364/11477] Built H0mework.Versions.R71e.ReleaseMaterials.Physics.LowEnergyPhenomenology.ExternalCompositeDecay.SourceActualFourBlockOutputPositive (9.2s)
✔ [11373/11477] Built H0mework.Versions.R71e.ReleaseMaterials.Physics.LowEnergyPhenomenology.ExternalCompositeDecay.SourceActualFourBlockCausalOnset (8.7s)
✔ [11374/11477] Built H0mework.Versions.R71e.ReleaseMaterials.Physics.LowEnergyPhenomenology.ExternalCompositeDecay.SourceActualFourBlockCausalMass (7.4s)
✔ [11375/11477] Built H0mework.Versions.R71e.ReleaseMaterials.Physics.LowEnergyPhenomenology.ExternalCompositeDecay.SourceActualFourBlockRealTransferDual (7.1s)
✔ [11376/11477] Built H0mework.Versions.R71e.ReleaseMaterials.Physics.LowEnergyPhenomenology.ExternalCompositeDecay.SourceActualContactDualImaginaryCoefficients (18s)
✔ [11377/11477] Built H0mework.Versions.R71e.ReleaseMaterials.Physics.LowEnergyPhenomenology.ExternalCompositeDecay.SourceCanonical79ImaginaryDenominators (42s)
✔ [11378/11477] Built H0mework.Versions.R71e.ReleaseMaterials.Physics.LowEnergyPhenomenology.ExternalCompositeDecay.SourceCanonical79ImaginarySourceMap (20s)
✔ [11379/11477] Built H0mework.Versions.R71e.ReleaseMaterials.Physics.LowEnergyPhenomenology.ExternalCompositeDecay.SourceActualFourBlockRealTransferDAGSteps3 (85s)
✔ [11380/11477] Built H0mework.Versions.R71e.ReleaseMaterials.Physics.LowEnergyPhenomenology.ExternalCompositeDecay.SourceActualFourBlockRealTransferDAGSteps2 (76s)
✔ [11381/11477] Built H0mework.Versions.R71e.ReleaseMaterials.Physics.LowEnergyPhenomenology.ExternalCompositeDecay.SourceActualFourBlockRealTransferDAGSteps1 (91s)
✔ [11383/11477] Built H0mework.Versions.R71e.ReleaseMaterials.Physics.LowEnergyPhenomenology.ExternalCompositeDecay.SourceActualFourBlockRealTransferCanonicalNumeratorClosure (429s)
✔ [11385/11477] Built H0mework.Versions.R71e.ReleaseMaterials.Physics.LowEnergyPhenomenology.ExternalCompositeDecay.SourceActualFourBlockRealTransferDAGGroups0 (58s)
✔ [11387/11477] Built H0mework.Versions.R71e.ReleaseMaterials.Physics.LowEnergyPhenomenology.ExternalCompositeDecay.SourceActualFourBlockRealTransferDAGSteps0 (163s)
✖ [11388/11477] Building H0mework.Versions.R71e.ReleaseMaterials.Physics.LowEnergyPhenomenology.ExternalCompositeDecay.SourceActualFourBlockSharpCausalMass (16s)
trace: .> LEAN_PATH=./Lean/.lake/packages/Cli/.lake/build/lib/lean:./Lean/.lake/packages/batteries/.lake/build/lib/lean:./Lean/.lake/packages/Qq/.lake/build/lib/lean:./Lean/.lake/packages/aesop/.lake/build/lib/lean:./Lean/.lake/packages/proofwidgets/.lake/build/lib/lean:./Lean/.lake/packages/importGraph/.lake/build/lib/lean:./Lean/.lake/packages/LeanSearchClient/.lake/build/lib/lean:./Lean/.lake/packages/plausible/.lake/build/lib/lean:./Lean/.lake/packages/mathlib/.lake/build/lib/lean:./Lean/.lake/build/lib/lean runtime/elan/manual/lean-4.33.0-darwin_aarch64/bin/lean -DmaxHeartbeats=2000000 -Dweak.linter.unusedSectionVars=false -Dweak.linter.unnecessarySeqFocus=false -Dweak.linter.unusedVariables=false -Dweak.linter.unreachableTactic=false -Dweak.linter.unusedTactic=false -Dweak.linter.defProp=false -Dweak.linter.deprecated=false -Dlinter.deprecated=false -Dweak.linter.tacticAnalysis.introMerge=false -Dweak.linter.constructorNameAsVariable=false --trust=0 -Dweak.linter.unnecessarySimpa=false -Dweak.linter.style.haveILetI=false -Dweak.linter.unusedSimpArgs=false -DwarningAsError=true ./Lean/H0mework/Versions/R71e/ReleaseMaterials/Physics/LowEnergyPhenomenology/ExternalCompositeDecay/SourceActualFourBlockSharpCausalMass.lean -o ./Lean/.lake/build/lib/lean/H0mework/Versions/R71e/ReleaseMaterials/Physics/LowEnergyPhenomenology/ExternalCompositeDecay/SourceActualFourBlockSharpCausalMass.olean -i ./Lean/.lake/build/lib/lean/H0mework/Versions/R71e/ReleaseMaterials/Physics/LowEnergyPhenomenology/ExternalCompositeDecay/SourceActualFourBlockSharpCausalMass.ilean -c ./Lean/.lake/build/ir/H0mework/Versions/R71e/ReleaseMaterials/Physics/LowEnergyPhenomenology/ExternalCompositeDecay/SourceActualFourBlockSharpCausalMass.c --setup ./Lean/.lake/build/ir/H0mework/Versions/R71e/ReleaseMaterials/Physics/LowEnergyPhenomenology/ExternalCompositeDecay/SourceActualFourBlockSharpCausalMass.setup.json --json
error: H0mework/Versions/R71e/ReleaseMaterials/Physics/LowEnergyPhenomenology/ExternalCompositeDecay/SourceActualFourBlockSharpCausalMass.lean:127:8: Missing paid Parseval helper: _private.SourceFullYPositiveOutputParseval.0.LowEnergy.FourGradeOutputParseval.fourier_reader
error: H0mework/Versions/R71e/ReleaseMaterials/Physics/LowEnergyPhenomenology/ExternalCompositeDecay/SourceActualFourBlockSharpCausalMass.lean:128:47: Missing paid Parseval helper: _private.SourceFullYPositiveOutputParseval.0.LowEnergy.FourGradeOutputParseval.reader_square_integrable
error: H0mework/Versions/R71e/ReleaseMaterials/Physics/LowEnergyPhenomenology/ExternalCompositeDecay/SourceActualFourBlockSharpCausalMass.lean:131:47: Missing paid Parseval helper: _private.SourceFullYPositiveOutputParseval.0.LowEnergy.FourGradeOutputParseval.baseline_time_square_integrable
error: H0mework/Versions/R71e/ReleaseMaterials/Physics/LowEnergyPhenomenology/ExternalCompositeDecay/SourceActualFourBlockSharpCausalMass.lean:132:50: Missing paid Parseval helper: _private.SourceFullYPositiveOutputParseval.0.LowEnergy.FourGradeOutputParseval.baseline_frequency_square_integrable
error: H0mework/Versions/R71e/ReleaseMaterials/Physics/LowEnergyPhenomenology/ExternalCompositeDecay/SourceActualFourBlockSharpCausalMass.lean:147:9: Missing paid Parseval helper: _private.SourceFullYPositiveOutputParseval.0.LowEnergy.FourGradeOutputParseval.baseline_square_mass
error: H0mework/Versions/R71e/ReleaseMaterials/Physics/LowEnergyPhenomenology/ExternalCompositeDecay/SourceActualFourBlockSharpCausalMass.lean:148:13: Missing paid Parseval helper: _private.SourceFullYPositiveOutputParseval.0.LowEnergy.FourGradeOutputParseval.positive_output_parseval
error: H0mework/Versions/R71e/ReleaseMaterials/Physics/LowEnergyPhenomenology/ExternalCompositeDecay/SourceActualFourBlockSharpCausalMass.lean:108:58: unsolved goals
F : Index
sharp : Bool
g : QuantumTest
advanced : Bool
μ : ℝ
hμ : 0 < μ
P : H →L[ℂ] H
u : ℝ → H := fun t => P (sourceWave F sharp g advanced μ t)
b : ℝ → H := causalWave μ fun x => P (embed g)
hu : Integrable u volume
hb : Integrable b volume
he : u - b = fun t => P (waveCorrection F sharp g advanced μ t)
hc : Continuous (u - b)
hFc : Integrable (𝓕 (u - b)) volume
hu2 : Integrable (fun t => ‖u t‖ ^ 2) volume
hb2 : Integrable (fun t => ‖b t‖ ^ 2) volume
hbF2 : Integrable (fun ξ => ‖𝓕 b ξ‖ ^ 2) volume
hc2 : Integrable (fun t => ‖(u - b) t‖ ^ 2) volume
hbu : Integrable (fun ξ => ⟪𝓕 b ξ, 𝓕 b ξ⟫_ℂ) volume
hbt : Integrable (fun t => ⟪b t, b t⟫_ℂ) volume
hebase : ∫ (ξ : ℝ), ⟪𝓕 b ξ, 𝓕 b ξ⟫_ℂ = ∫ (t : ℝ), ⟪b t, b t⟫_ℂ
⊢ ∫ (ξ : ℝ), ‖𝓕 (fun t => P (sourceWave F sharp g advanced μ t)) ξ‖ ^ 2 =
    ∫ (t : ℝ), ‖P (sourceWave F sharp g advanced μ t)‖ ^ 2
error: Lean exited with code 1
✔ [11389/11477] Built H0mework.Versions.R71e.ReleaseMaterials.Physics.LowEnergyPhenomenology.ExternalCompositeDecay.SourceActualBraContactData0 (9.7s)
✔ [11390/11477] Built H0mework.Versions.R71e.ReleaseMaterials.Physics.LowEnergyPhenomenology.ExternalCompositeDecay.SourceCanonical79ImaginaryGroupPilot (49s)
✔ [11391/11477] Built H0mework.Versions.R71e.ReleaseMaterials.Physics.LowEnergyPhenomenology.ExternalCompositeDecay.SourceCanonical79SourcePolynomialLiterals (8.6s)
✔ [11392/11477] Built H0mework.Versions.R71e.ReleaseMaterials.Physics.LowEnergyPhenomenology.ExternalCompositeDecay.SourceCanonical79BraCurrentData (13s)
✔ [11393/11477] Built H0mework.Versions.R71e.ReleaseMaterials.Physics.LowEnergyPhenomenology.ExternalCompositeDecay.SourceActualBraDualForms (39s)
✔ [11395/11477] Built H0mework.Versions.R71e.ReleaseMaterials.Physics.LowEnergyPhenomenology.ExternalCompositeDecay.SourceCanonical79SourceSparseData (17s)
✔ [11398/11477] Built H0mework.Versions.R71e.ReleaseMaterials.Physics.LowEnergyPhenomenology.ExternalCompositeDecay.SourceActualBraContactData1 (14s)
✔ [11399/11477] Built H0mework.Versions.R71e.ReleaseMaterials.Physics.LowEnergyPhenomenology.ExternalCompositeDecay.SourceCanonical79ImaginaryNumerator0 (32s)
✔ [11400/11477] Built H0mework.Versions.R71e.ReleaseMaterials.Physics.LowEnergyPhenomenology.ExternalCompositeDecay.SourceActualFourBlockRealTransferDAGPrefix (84s)
✔ [11401/11477] Built H0mework.Versions.R71e.ReleaseMaterials.Physics.LowEnergyPhenomenology.ExternalCompositeDecay.SourceActualBraDualRead (187s)
✔ [11402/11477] Built H0mework.Versions.R71e.ReleaseMaterials.Physics.LowEnergyPhenomenology.ExternalCompositeDecay.SourceCanonical79SourceSparseSums (13s)
✔ [11403/11477] Built H0mework.Versions.R71e.ReleaseMaterials.Physics.LowEnergyPhenomenology.ExternalCompositeDecay.SourceCanonical79SourceSparsePilot (12s)
✔ [11404/11477] Built H0mework.Versions.R71e.ReleaseMaterials.Physics.LowEnergyPhenomenology.ExternalCompositeDecay.SourceCanonical79ImaginaryGroups (655s)
✔ [11405/11477] Built H0mework.Versions.R71e.ReleaseMaterials.Physics.LowEnergyPhenomenology.ExternalCompositeDecay.SourceActualBraContactRows3 (427s)
✔ [11406/11477] Built H0mework.Versions.R71e.ReleaseMaterials.Physics.LowEnergyPhenomenology.ExternalCompositeDecay.SourceActualBraContactRows2 (129s)
✔ [11407/11477] Built H0mework.Versions.R71e.ReleaseMaterials.Physics.LowEnergyPhenomenology.ExternalCompositeDecay.SourceActualBraContactRows1 (203s)
✔ [11408/11477] Built H0mework.Versions.R71e.ReleaseMaterials.Physics.LowEnergyPhenomenology.ExternalCompositeDecay.SourceActualFourBlockRealTransferDAGGroups1 (70s)
✔ [11409/11477] Built H0mework.Versions.R71e.ReleaseMaterials.Physics.LowEnergyPhenomenology.ExternalCompositeDecay.SourceActualBraContactRows0 (189s)
✔ [11410/11477] Built H0mework.Versions.R71e.ReleaseMaterials.Physics.LowEnergyPhenomenology.ExternalCompositeDecay.SourceCanonical79SourceContraction (15s)
✔ [11411/11477] Built H0mework.Versions.R71e.ReleaseMaterials.Physics.LowEnergyPhenomenology.ExternalCompositeDecay.SourceCanonical79SourceSparseRows4 (33s)
✔ [11412/11477] Built H0mework.Versions.R71e.ReleaseMaterials.Physics.LowEnergyPhenomenology.ExternalCompositeDecay.SourceCanonical79SourceSparseRows3 (32s)
✔ [11413/11477] Built H0mework.Versions.R71e.ReleaseMaterials.Physics.LowEnergyPhenomenology.ExternalCompositeDecay.SourceCanonical79SourceSparseRows2 (29s)
✔ [11414/11477] Built H0mework.Versions.R71e.ReleaseMaterials.Physics.LowEnergyPhenomenology.ExternalCompositeDecay.SourceCanonical79SourceSparseRows1 (29s)
✔ [11415/11477] Built H0mework.Versions.R71e.ReleaseMaterials.Physics.LowEnergyPhenomenology.ExternalCompositeDecay.SourceActualBraDualPair (181s)
✔ [11416/11477] Built H0mework.Versions.R71e.ReleaseMaterials.Physics.LowEnergyPhenomenology.ExternalCompositeDecay.SourceCanonical79SourceSparseRows0 (38s)
✔ [11417/11477] Built H0mework.Versions.R71e.ReleaseMaterials.Physics.LowEnergyPhenomenology.ExternalCompositeDecay.SourceCanonical79BraNumerators3 (101s)
✔ [11418/11477] Built H0mework.Versions.R71e.ReleaseMaterials.Physics.LowEnergyPhenomenology.ExternalCompositeDecay.SourceCanonical79BraNumerators2 (129s)
✔ [11419/11477] Built H0mework.Versions.R71e.ReleaseMaterials.Physics.LowEnergyPhenomenology.ExternalCompositeDecay.SourceCanonical79BraNumerators1 (93s)
✔ [11420/11477] Built H0mework.Versions.R71e.ReleaseMaterials.Physics.LowEnergyPhenomenology.ExternalCompositeDecay.SourceCanonical79BraNumerators0 (80s)
✔ [11421/11477] Built H0mework.Versions.R71e.ReleaseMaterials.Physics.LowEnergyPhenomenology.ExternalCompositeDecay.SourceActualBraContactDualContraction (20s)
✔ [11422/11477] Built H0mework.Versions.R71e.ReleaseMaterials.Physics.LowEnergyPhenomenology.ExternalCompositeDecay.SourceActualBraDualExchange (24s)
✔ [11423/11477] Built H0mework.Versions.R71e.ReleaseMaterials.Physics.LowEnergyPhenomenology.ExternalCompositeDecay.SourceCanonical79BraCurrentFold (9.9s)
✔ [11424/11477] Built H0mework.Versions.R71e.ReleaseMaterials.Physics.LowEnergyPhenomenology.ExternalCompositeDecay.SourceActualFourBlockRealTransferDAGGroups2 (99s)
✔ [11425/11477] Built H0mework.Versions.R71e.ReleaseMaterials.Physics.LowEnergyPhenomenology.ExternalCompositeDecay.SourceCanonical79SourceSparseRows (9.9s)
✔ [11426/11477] Built H0mework.Versions.R71e.ReleaseMaterials.Physics.LowEnergyPhenomenology.ExternalCompositeDecay.SourceCanonical79BraScalarKernel (10s)
✔ [11427/11477] Built H0mework.Versions.R71e.ReleaseMaterials.Physics.LowEnergyPhenomenology.ExternalCompositeDecay.SourceCanonical79BraCurrentFastFold (9.8s)
✖ [11428/11477] Building H0mework.Versions.R71e.ReleaseMaterials.Physics.LowEnergyPhenomenology.ExternalCompositeDecay.SourceActualFourBlockRealTransferCanonicalSource (11s)
trace: .> LEAN_PATH=./Lean/.lake/packages/Cli/.lake/build/lib/lean:./Lean/.lake/packages/batteries/.lake/build/lib/lean:./Lean/.lake/packages/Qq/.lake/build/lib/lean:./Lean/.lake/packages/aesop/.lake/build/lib/lean:./Lean/.lake/packages/proofwidgets/.lake/build/lib/lean:./Lean/.lake/packages/importGraph/.lake/build/lib/lean:./Lean/.lake/packages/LeanSearchClient/.lake/build/lib/lean:./Lean/.lake/packages/plausible/.lake/build/lib/lean:./Lean/.lake/packages/mathlib/.lake/build/lib/lean:./Lean/.lake/build/lib/lean runtime/elan/manual/lean-4.33.0-darwin_aarch64/bin/lean -DmaxHeartbeats=2000000 -Dweak.linter.unusedSectionVars=false -Dweak.linter.unnecessarySeqFocus=false -Dweak.linter.unusedVariables=false -Dweak.linter.unreachableTactic=false -Dweak.linter.unusedTactic=false -Dweak.linter.defProp=false -Dweak.linter.deprecated=false -Dlinter.deprecated=false -Dweak.linter.tacticAnalysis.introMerge=false -Dweak.linter.constructorNameAsVariable=false --trust=0 -Dweak.linter.unnecessarySimpa=false -Dweak.linter.style.haveILetI=false -Dweak.linter.unusedSimpArgs=false -DwarningAsError=true ./Lean/H0mework/Versions/R71e/ReleaseMaterials/Physics/LowEnergyPhenomenology/ExternalCompositeDecay/SourceActualFourBlockRealTransferCanonicalSource.lean -o ./Lean/.lake/build/lib/lean/H0mework/Versions/R71e/ReleaseMaterials/Physics/LowEnergyPhenomenology/ExternalCompositeDecay/SourceActualFourBlockRealTransferCanonicalSource.olean -i ./Lean/.lake/build/lib/lean/H0mework/Versions/R71e/ReleaseMaterials/Physics/LowEnergyPhenomenology/ExternalCompositeDecay/SourceActualFourBlockRealTransferCanonicalSource.ilean -c ./Lean/.lake/build/ir/H0mework/Versions/R71e/ReleaseMaterials/Physics/LowEnergyPhenomenology/ExternalCompositeDecay/SourceActualFourBlockRealTransferCanonicalSource.c --setup ./Lean/.lake/build/ir/H0mework/Versions/R71e/ReleaseMaterials/Physics/LowEnergyPhenomenology/ExternalCompositeDecay/SourceActualFourBlockRealTransferCanonicalSource.setup.json --json
error: H0mework/Versions/R71e/ReleaseMaterials/Physics/LowEnergyPhenomenology/ExternalCompositeDecay/SourceActualFourBlockRealTransferCanonicalSource.lean:39:2: Unknown identifier `_private.SourceCanonical79SourceSparsePilot.0.LowEnergy.ActualCanonical79Imaginary.schema0`
error: H0mework/Versions/R71e/ReleaseMaterials/Physics/LowEnergyPhenomenology/ExternalCompositeDecay/SourceActualFourBlockRealTransferCanonicalSource.lean:39:2: `simp` made no progress
error: H0mework/Versions/R71e/ReleaseMaterials/Physics/LowEnergyPhenomenology/ExternalCompositeDecay/SourceActualFourBlockRealTransferCanonicalSource.lean:44:2: Unknown identifier `_private.SourceCanonical79SourceSparseRows0.0.LowEnergy.ActualCanonical79Imaginary.schema1`
error: H0mework/Versions/R71e/ReleaseMaterials/Physics/LowEnergyPhenomenology/ExternalCompositeDecay/SourceActualFourBlockRealTransferCanonicalSource.lean:44:2: `simp` made no progress
error: H0mework/Versions/R71e/ReleaseMaterials/Physics/LowEnergyPhenomenology/ExternalCompositeDecay/SourceActualFourBlockRealTransferCanonicalSource.lean:49:2: Unknown identifier `_private.SourceCanonical79SourceSparseRows0.0.LowEnergy.ActualCanonical79Imaginary.schema2`
error: H0mework/Versions/R71e/ReleaseMaterials/Physics/LowEnergyPhenomenology/ExternalCompositeDecay/SourceActualFourBlockRealTransferCanonicalSource.lean:49:2: `simp` made no progress
error: H0mework/Versions/R71e/ReleaseMaterials/Physics/LowEnergyPhenomenology/ExternalCompositeDecay/SourceActualFourBlockRealTransferCanonicalSource.lean:54:2: Unknown identifier `_private.SourceCanonical79SourceSparseRows0.0.LowEnergy.ActualCanonical79Imaginary.schema3`
error: H0mework/Versions/R71e/ReleaseMaterials/Physics/LowEnergyPhenomenology/ExternalCompositeDecay/SourceActualFourBlockRealTransferCanonicalSource.lean:54:2: `simp` made no progress
error: H0mework/Versions/R71e/ReleaseMaterials/Physics/LowEnergyPhenomenology/ExternalCompositeDecay/SourceActualFourBlockRealTransferCanonicalSource.lean:59:2: Unknown identifier `_private.SourceCanonical79SourceSparseRows0.0.LowEnergy.ActualCanonical79Imaginary.schema4`
error: H0mework/Versions/R71e/ReleaseMaterials/Physics/LowEnergyPhenomenology/ExternalCompositeDecay/SourceActualFourBlockRealTransferCanonicalSource.lean:59:2: `simp` made no progress
error: H0mework/Versions/R71e/ReleaseMaterials/Physics/LowEnergyPhenomenology/ExternalCompositeDecay/SourceActualFourBlockRealTransferCanonicalSource.lean:64:2: Unknown identifier `_private.SourceCanonical79SourceSparseRows0.0.LowEnergy.ActualCanonical79Imaginary.schema5`
error: H0mework/Versions/R71e/ReleaseMaterials/Physics/LowEnergyPhenomenology/ExternalCompositeDecay/SourceActualFourBlockRealTransferCanonicalSource.lean:64:2: `simp` made no progress
error: H0mework/Versions/R71e/ReleaseMaterials/Physics/LowEnergyPhenomenology/ExternalCompositeDecay/SourceActualFourBlockRealTransferCanonicalSource.lean:69:2: Unknown identifier `_private.SourceCanonical79SourceSparseRows0.0.LowEnergy.ActualCanonical79Imaginary.schema6`
error: H0mework/Versions/R71e/ReleaseMaterials/Physics/LowEnergyPhenomenology/ExternalCompositeDecay/SourceActualFourBlockRealTransferCanonicalSource.lean:69:2: `simp` made no progress
error: H0mework/Versions/R71e/ReleaseMaterials/Physics/LowEnergyPhenomenology/ExternalCompositeDecay/SourceActualFourBlockRealTransferCanonicalSource.lean:74:2: Unknown identifier `_private.SourceCanonical79SourceSparseRows0.0.LowEnergy.ActualCanonical79Imaginary.schema7`
error: H0mework/Versions/R71e/ReleaseMaterials/Physics/LowEnergyPhenomenology/ExternalCompositeDecay/SourceActualFourBlockRealTransferCanonicalSource.lean:74:2: `simp` made no progress
error: H0mework/Versions/R71e/ReleaseMaterials/Physics/LowEnergyPhenomenology/ExternalCompositeDecay/SourceActualFourBlockRealTransferCanonicalSource.lean:79:2: Unknown identifier `_private.SourceCanonical79SourceSparseRows0.0.LowEnergy.ActualCanonical79Imaginary.schema8`
error: H0mework/Versions/R71e/ReleaseMaterials/Physics/LowEnergyPhenomenology/ExternalCompositeDecay/SourceActualFourBlockRealTransferCanonicalSource.lean:79:2: `simp` made no progress
error: H0mework/Versions/R71e/ReleaseMaterials/Physics/LowEnergyPhenomenology/ExternalCompositeDecay/SourceActualFourBlockRealTransferCanonicalSource.lean:84:2: Unknown identifier `_private.SourceCanonical79SourceSparseRows0.0.LowEnergy.ActualCanonical79Imaginary.schema9`
error: H0mework/Versions/R71e/ReleaseMaterials/Physics/LowEnergyPhenomenology/ExternalCompositeDecay/SourceActualFourBlockRealTransferCanonicalSource.lean:84:2: `simp` made no progress
error: H0mework/Versions/R71e/ReleaseMaterials/Physics/LowEnergyPhenomenology/ExternalCompositeDecay/SourceActualFourBlockRealTransferCanonicalSource.lean:89:2: Unknown identifier `_private.SourceCanonical79SourceSparseRows0.0.LowEnergy.ActualCanonical79Imaginary.schema10`
error: H0mework/Versions/R71e/ReleaseMaterials/Physics/LowEnergyPhenomenology/ExternalCompositeDecay/SourceActualFourBlockRealTransferCanonicalSource.lean:89:2: `simp` made no progress
error: H0mework/Versions/R71e/ReleaseMaterials/Physics/LowEnergyPhenomenology/ExternalCompositeDecay/SourceActualFourBlockRealTransferCanonicalSource.lean:94:2: Unknown identifier `_private.SourceCanonical79SourceSparseRows0.0.LowEnergy.ActualCanonical79Imaginary.schema11`
error: H0mework/Versions/R71e/ReleaseMaterials/Physics/LowEnergyPhenomenology/ExternalCompositeDecay/SourceActualFourBlockRealTransferCanonicalSource.lean:94:2: `simp` made no progress
error: H0mework/Versions/R71e/ReleaseMaterials/Physics/LowEnergyPhenomenology/ExternalCompositeDecay/SourceActualFourBlockRealTransferCanonicalSource.lean:99:2: Unknown identifier `_private.SourceCanonical79SourceSparseRows0.0.LowEnergy.ActualCanonical79Imaginary.schema12`
error: H0mework/Versions/R71e/ReleaseMaterials/Physics/LowEnergyPhenomenology/ExternalCompositeDecay/SourceActualFourBlockRealTransferCanonicalSource.lean:99:2: `simp` made no progress
error: H0mework/Versions/R71e/ReleaseMaterials/Physics/LowEnergyPhenomenology/ExternalCompositeDecay/SourceActualFourBlockRealTransferCanonicalSource.lean:104:2: Unknown identifier `_private.SourceCanonical79SourceSparseRows0.0.LowEnergy.ActualCanonical79Imaginary.schema13`
error: H0mework/Versions/R71e/ReleaseMaterials/Physics/LowEnergyPhenomenology/ExternalCompositeDecay/SourceActualFourBlockRealTransferCanonicalSource.lean:104:2: `simp` made no progress
error: H0mework/Versions/R71e/ReleaseMaterials/Physics/LowEnergyPhenomenology/ExternalCompositeDecay/SourceActualFourBlockRealTransferCanonicalSource.lean:109:2: Unknown identifier `_private.SourceCanonical79SourceSparseRows0.0.LowEnergy.ActualCanonical79Imaginary.schema14`
error: H0mework/Versions/R71e/ReleaseMaterials/Physics/LowEnergyPhenomenology/ExternalCompositeDecay/SourceActualFourBlockRealTransferCanonicalSource.lean:109:2: `simp` made no progress
error: H0mework/Versions/R71e/ReleaseMaterials/Physics/LowEnergyPhenomenology/ExternalCompositeDecay/SourceActualFourBlockRealTransferCanonicalSource.lean:114:2: Unknown identifier `_private.SourceCanonical79SourceSparseRows0.0.LowEnergy.ActualCanonical79Imaginary.schema15`
error: H0mework/Versions/R71e/ReleaseMaterials/Physics/LowEnergyPhenomenology/ExternalCompositeDecay/SourceActualFourBlockRealTransferCanonicalSource.lean:114:2: `simp` made no progress
error: H0mework/Versions/R71e/ReleaseMaterials/Physics/LowEnergyPhenomenology/ExternalCompositeDecay/SourceActualFourBlockRealTransferCanonicalSource.lean:119:2: Unknown identifier `_private.SourceCanonical79SourceSparseRows1.0.LowEnergy.ActualCanonical79Imaginary.schema16`
error: H0mework/Versions/R71e/ReleaseMaterials/Physics/LowEnergyPhenomenology/ExternalCompositeDecay/SourceActualFourBlockRealTransferCanonicalSource.lean:119:2: `simp` made no progress
error: H0mework/Versions/R71e/ReleaseMaterials/Physics/LowEnergyPhenomenology/ExternalCompositeDecay/SourceActualFourBlockRealTransferCanonicalSource.lean:124:2: Unknown identifier `_private.SourceCanonical79SourceSparseRows1.0.LowEnergy.ActualCanonical79Imaginary.schema17`
error: H0mework/Versions/R71e/ReleaseMaterials/Physics/LowEnergyPhenomenology/ExternalCompositeDecay/SourceActualFourBlockRealTransferCanonicalSource.lean:124:2: `simp` made no progress
error: H0mework/Versions/R71e/ReleaseMaterials/Physics/LowEnergyPhenomenology/ExternalCompositeDecay/SourceActualFourBlockRealTransferCanonicalSource.lean:129:2: Unknown identifier `_private.SourceCanonical79SourceSparseRows1.0.LowEnergy.ActualCanonical79Imaginary.schema18`
error: H0mework/Versions/R71e/ReleaseMaterials/Physics/LowEnergyPhenomenology/ExternalCompositeDecay/SourceActualFourBlockRealTransferCanonicalSource.lean:129:2: `simp` made no progress
error: H0mework/Versions/R71e/ReleaseMaterials/Physics/LowEnergyPhenomenology/ExternalCompositeDecay/SourceActualFourBlockRealTransferCanonicalSource.lean:134:2: Unknown identifier `_private.SourceCanonical79SourceSparseRows1.0.LowEnergy.ActualCanonical79Imaginary.schema19`
error: H0mework/Versions/R71e/ReleaseMaterials/Physics/LowEnergyPhenomenology/ExternalCompositeDecay/SourceActualFourBlockRealTransferCanonicalSource.lean:134:2: `simp` made no progress
error: H0mework/Versions/R71e/ReleaseMaterials/Physics/LowEnergyPhenomenology/ExternalCompositeDecay/SourceActualFourBlockRealTransferCanonicalSource.lean:139:2: Unknown identifier `_private.SourceCanonical79SourceSparseRows1.0.LowEnergy.ActualCanonical79Imaginary.schema20`
error: H0mework/Versions/R71e/ReleaseMaterials/Physics/LowEnergyPhenomenology/ExternalCompositeDecay/SourceActualFourBlockRealTransferCanonicalSource.lean:139:2: `simp` made no progress
error: H0mework/Versions/R71e/ReleaseMaterials/Physics/LowEnergyPhenomenology/ExternalCompositeDecay/SourceActualFourBlockRealTransferCanonicalSource.lean:144:2: Unknown identifier `_private.SourceCanonical79SourceSparseRows1.0.LowEnergy.ActualCanonical79Imaginary.schema21`
error: H0mework/Versions/R71e/ReleaseMaterials/Physics/LowEnergyPhenomenology/ExternalCompositeDecay/SourceActualFourBlockRealTransferCanonicalSource.lean:144:2: `simp` made no progress
error: H0mework/Versions/R71e/ReleaseMaterials/Physics/LowEnergyPhenomenology/ExternalCompositeDecay/SourceActualFourBlockRealTransferCanonicalSource.lean:149:2: Unknown identifier `_private.SourceCanonical79SourceSparseRows1.0.LowEnergy.ActualCanonical79Imaginary.schema22`
error: H0mework/Versions/R71e/ReleaseMaterials/Physics/LowEnergyPhenomenology/ExternalCompositeDecay/SourceActualFourBlockRealTransferCanonicalSource.lean:149:2: `simp` made no progress
error: H0mework/Versions/R71e/ReleaseMaterials/Physics/LowEnergyPhenomenology/ExternalCompositeDecay/SourceActualFourBlockRealTransferCanonicalSource.lean:154:2: Unknown identifier `_private.SourceCanonical79SourceSparseRows1.0.LowEnergy.ActualCanonical79Imaginary.schema23`
error: H0mework/Versions/R71e/ReleaseMaterials/Physics/LowEnergyPhenomenology/ExternalCompositeDecay/SourceActualFourBlockRealTransferCanonicalSource.lean:154:2: `simp` made no progress
error: H0mework/Versions/R71e/ReleaseMaterials/Physics/LowEnergyPhenomenology/ExternalCompositeDecay/SourceActualFourBlockRealTransferCanonicalSource.lean:159:2: Unknown identifier `_private.SourceCanonical79SourceSparseRows1.0.LowEnergy.ActualCanonical79Imaginary.schema24`
error: H0mework/Versions/R71e/ReleaseMaterials/Physics/LowEnergyPhenomenology/ExternalCompositeDecay/SourceActualFourBlockRealTransferCanonicalSource.lean:159:2: `simp` made no progress
error: H0mework/Versions/R71e/ReleaseMaterials/Physics/LowEnergyPhenomenology/ExternalCompositeDecay/SourceActualFourBlockRealTransferCanonicalSource.lean:164:2: Unknown identifier `_private.SourceCanonical79SourceSparseRows1.0.LowEnergy.ActualCanonical79Imaginary.schema25`
error: H0mework/Versions/R71e/ReleaseMaterials/Physics/LowEnergyPhenomenology/ExternalCompositeDecay/SourceActualFourBlockRealTransferCanonicalSource.lean:164:2: `simp` made no progress
error: H0mework/Versions/R71e/ReleaseMaterials/Physics/LowEnergyPhenomenology/ExternalCompositeDecay/SourceActualFourBlockRealTransferCanonicalSource.lean:169:2: Unknown identifier `_private.SourceCanonical79SourceSparseRows1.0.LowEnergy.ActualCanonical79Imaginary.schema26`
error: H0mework/Versions/R71e/ReleaseMaterials/Physics/LowEnergyPhenomenology/ExternalCompositeDecay/SourceActualFourBlockRealTransferCanonicalSource.lean:169:2: `simp` made no progress
error: H0mework/Versions/R71e/ReleaseMaterials/Physics/LowEnergyPhenomenology/ExternalCompositeDecay/SourceActualFourBlockRealTransferCanonicalSource.lean:174:2: Unknown identifier `_private.SourceCanonical79SourceSparseRows1.0.LowEnergy.ActualCanonical79Imaginary.schema27`
error: H0mework/Versions/R71e/ReleaseMaterials/Physics/LowEnergyPhenomenology/ExternalCompositeDecay/SourceActualFourBlockRealTransferCanonicalSource.lean:174:2: `simp` made no progress
error: H0mework/Versions/R71e/ReleaseMaterials/Physics/LowEnergyPhenomenology/ExternalCompositeDecay/SourceActualFourBlockRealTransferCanonicalSource.lean:179:2: Unknown identifier `_private.SourceCanonical79SourceSparseRows1.0.LowEnergy.ActualCanonical79Imaginary.schema28`
error: H0mework/Versions/R71e/ReleaseMaterials/Physics/LowEnergyPhenomenology/ExternalCompositeDecay/SourceActualFourBlockRealTransferCanonicalSource.lean:179:2: `simp` made no progress
error: H0mework/Versions/R71e/ReleaseMaterials/Physics/LowEnergyPhenomenology/ExternalCompositeDecay/SourceActualFourBlockRealTransferCanonicalSource.lean:184:2: Unknown identifier `_private.SourceCanonical79SourceSparseRows1.0.LowEnergy.ActualCanonical79Imaginary.schema29`
error: H0mework/Versions/R71e/ReleaseMaterials/Physics/LowEnergyPhenomenology/ExternalCompositeDecay/SourceActualFourBlockRealTransferCanonicalSource.lean:184:2: `simp` made no progress
error: H0mework/Versions/R71e/ReleaseMaterials/Physics/LowEnergyPhenomenology/ExternalCompositeDecay/SourceActualFourBlockRealTransferCanonicalSource.lean:189:2: Unknown identifier `_private.SourceCanonical79SourceSparseRows1.0.LowEnergy.ActualCanonical79Imaginary.schema30`
error: H0mework/Versions/R71e/ReleaseMaterials/Physics/LowEnergyPhenomenology/ExternalCompositeDecay/SourceActualFourBlockRealTransferCanonicalSource.lean:189:2: `simp` made no progress
error: H0mework/Versions/R71e/ReleaseMaterials/Physics/LowEnergyPhenomenology/ExternalCompositeDecay/SourceActualFourBlockRealTransferCanonicalSource.lean:194:2: Unknown identifier `_private.SourceCanonical79SourceSparseRows1.0.LowEnergy.ActualCanonical79Imaginary.schema31`
error: H0mework/Versions/R71e/ReleaseMaterials/Physics/LowEnergyPhenomenology/ExternalCompositeDecay/SourceActualFourBlockRealTransferCanonicalSource.lean:194:2: `simp` made no progress
error: H0mework/Versions/R71e/ReleaseMaterials/Physics/LowEnergyPhenomenology/ExternalCompositeDecay/SourceActualFourBlockRealTransferCanonicalSource.lean:199:2: Unknown identifier `_private.SourceCanonical79SourceSparseRows2.0.LowEnergy.ActualCanonical79Imaginary.schema32`
error: H0mework/Versions/R71e/ReleaseMaterials/Physics/LowEnergyPhenomenology/ExternalCompositeDecay/SourceActualFourBlockRealTransferCanonicalSource.lean:199:2: `simp` made no progress
error: H0mework/Versions/R71e/ReleaseMaterials/Physics/LowEnergyPhenomenology/ExternalCompositeDecay/SourceActualFourBlockRealTransferCanonicalSource.lean:204:2: Unknown identifier `_private.SourceCanonical79SourceSparseRows2.0.LowEnergy.ActualCanonical79Imaginary.schema33`
error: H0mework/Versions/R71e/ReleaseMaterials/Physics/LowEnergyPhenomenology/ExternalCompositeDecay/SourceActualFourBlockRealTransferCanonicalSource.lean:204:2: `simp` made no progress
error: H0mework/Versions/R71e/ReleaseMaterials/Physics/LowEnergyPhenomenology/ExternalCompositeDecay/SourceActualFourBlockRealTransferCanonicalSource.lean:209:2: Unknown identifier `_private.SourceCanonical79SourceSparseRows2.0.LowEnergy.ActualCanonical79Imaginary.schema34`
error: H0mework/Versions/R71e/ReleaseMaterials/Physics/LowEnergyPhenomenology/ExternalCompositeDecay/SourceActualFourBlockRealTransferCanonicalSource.lean:209:2: `simp` made no progress
error: H0mework/Versions/R71e/ReleaseMaterials/Physics/LowEnergyPhenomenology/ExternalCompositeDecay/SourceActualFourBlockRealTransferCanonicalSource.lean:214:2: Unknown identifier `_private.SourceCanonical79SourceSparseRows2.0.LowEnergy.ActualCanonical79Imaginary.schema35`
error: H0mework/Versions/R71e/ReleaseMaterials/Physics/LowEnergyPhenomenology/ExternalCompositeDecay/SourceActualFourBlockRealTransferCanonicalSource.lean:214:2: `simp` made no progress
error: H0mework/Versions/R71e/ReleaseMaterials/Physics/LowEnergyPhenomenology/ExternalCompositeDecay/SourceActualFourBlockRealTransferCanonicalSource.lean:219:2: Unknown identifier `_private.SourceCanonical79SourceSparseRows2.0.LowEnergy.ActualCanonical79Imaginary.schema36`
error: H0mework/Versions/R71e/ReleaseMaterials/Physics/LowEnergyPhenomenology/ExternalCompositeDecay/SourceActualFourBlockRealTransferCanonicalSource.lean:219:2: `simp` made no progress
error: H0mework/Versions/R71e/ReleaseMaterials/Physics/LowEnergyPhenomenology/ExternalCompositeDecay/SourceActualFourBlockRealTransferCanonicalSource.lean:224:2: Unknown identifier `_private.SourceCanonical79SourceSparseRows2.0.LowEnergy.ActualCanonical79Imaginary.schema37`
error: H0mework/Versions/R71e/ReleaseMaterials/Physics/LowEnergyPhenomenology/ExternalCompositeDecay/SourceActualFourBlockRealTransferCanonicalSource.lean:224:2: `simp` made no progress
error: H0mework/Versions/R71e/ReleaseMaterials/Physics/LowEnergyPhenomenology/ExternalCompositeDecay/SourceActualFourBlockRealTransferCanonicalSource.lean:229:2: Unknown identifier `_private.SourceCanonical79SourceSparseRows2.0.LowEnergy.ActualCanonical79Imaginary.schema38`
error: H0mework/Versions/R71e/ReleaseMaterials/Physics/LowEnergyPhenomenology/ExternalCompositeDecay/SourceActualFourBlockRealTransferCanonicalSource.lean:229:2: `simp` made no progress
error: H0mework/Versions/R71e/ReleaseMaterials/Physics/LowEnergyPhenomenology/ExternalCompositeDecay/SourceActualFourBlockRealTransferCanonicalSource.lean:234:2: Unknown identifier `_private.SourceCanonical79SourceSparseRows2.0.LowEnergy.ActualCanonical79Imaginary.schema39`
error: H0mework/Versions/R71e/ReleaseMaterials/Physics/LowEnergyPhenomenology/ExternalCompositeDecay/SourceActualFourBlockRealTransferCanonicalSource.lean:234:2: `simp` made no progress
error: H0mework/Versions/R71e/ReleaseMaterials/Physics/LowEnergyPhenomenology/ExternalCompositeDecay/SourceActualFourBlockRealTransferCanonicalSource.lean:239:2: Unknown identifier `_private.SourceCanonical79SourceSparseRows2.0.LowEnergy.ActualCanonical79Imaginary.schema40`
error: H0mework/Versions/R71e/ReleaseMaterials/Physics/LowEnergyPhenomenology/ExternalCompositeDecay/SourceActualFourBlockRealTransferCanonicalSource.lean:239:2: `simp` made no progress
error: H0mework/Versions/R71e/ReleaseMaterials/Physics/LowEnergyPhenomenology/ExternalCompositeDecay/SourceActualFourBlockRealTransferCanonicalSource.lean:244:2: Unknown identifier `_private.SourceCanonical79SourceSparseRows2.0.LowEnergy.ActualCanonical79Imaginary.schema41`
error: H0mework/Versions/R71e/ReleaseMaterials/Physics/LowEnergyPhenomenology/ExternalCompositeDecay/SourceActualFourBlockRealTransferCanonicalSource.lean:244:2: `simp` made no progress
error: H0mework/Versions/R71e/ReleaseMaterials/Physics/LowEnergyPhenomenology/ExternalCompositeDecay/SourceActualFourBlockRealTransferCanonicalSource.lean:249:2: Unknown identifier `_private.SourceCanonical79SourceSparseRows2.0.LowEnergy.ActualCanonical79Imaginary.schema42`
error: H0mework/Versions/R71e/ReleaseMaterials/Physics/LowEnergyPhenomenology/ExternalCompositeDecay/SourceActualFourBlockRealTransferCanonicalSource.lean:249:2: `simp` made no progress
error: H0mework/Versions/R71e/ReleaseMaterials/Physics/LowEnergyPhenomenology/ExternalCompositeDecay/SourceActualFourBlockRealTransferCanonicalSource.lean:254:2: Unknown identifier `_private.SourceCanonical79SourceSparseRows2.0.LowEnergy.ActualCanonical79Imaginary.schema43`
error: H0mework/Versions/R71e/ReleaseMaterials/Physics/LowEnergyPhenomenology/ExternalCompositeDecay/SourceActualFourBlockRealTransferCanonicalSource.lean:254:2: `simp` made no progress
error: H0mework/Versions/R71e/ReleaseMaterials/Physics/LowEnergyPhenomenology/ExternalCompositeDecay/SourceActualFourBlockRealTransferCanonicalSource.lean:259:2: Unknown identifier `_private.SourceCanonical79SourceSparseRows2.0.LowEnergy.ActualCanonical79Imaginary.schema44`
error: H0mework/Versions/R71e/ReleaseMaterials/Physics/LowEnergyPhenomenology/ExternalCompositeDecay/SourceActualFourBlockRealTransferCanonicalSource.lean:259:2: `simp` made no progress
error: H0mework/Versions/R71e/ReleaseMaterials/Physics/LowEnergyPhenomenology/ExternalCompositeDecay/SourceActualFourBlockRealTransferCanonicalSource.lean:264:2: Unknown identifier `_private.SourceCanonical79SourceSparseRows2.0.LowEnergy.ActualCanonical79Imaginary.schema45`
error: H0mework/Versions/R71e/ReleaseMaterials/Physics/LowEnergyPhenomenology/ExternalCompositeDecay/SourceActualFourBlockRealTransferCanonicalSource.lean:264:2: `simp` made no progress
error: H0mework/Versions/R71e/ReleaseMaterials/Physics/LowEnergyPhenomenology/ExternalCompositeDecay/SourceActualFourBlockRealTransferCanonicalSource.lean:269:2: Unknown identifier `_private.SourceCanonical79SourceSparseRows2.0.LowEnergy.ActualCanonical79Imaginary.schema46`
error: H0mework/Versions/R71e/ReleaseMaterials/Physics/LowEnergyPhenomenology/ExternalCompositeDecay/SourceActualFourBlockRealTransferCanonicalSource.lean:269:2: `simp` made no progress
error: H0mework/Versions/R71e/ReleaseMaterials/Physics/LowEnergyPhenomenology/ExternalCompositeDecay/SourceActualFourBlockRealTransferCanonicalSource.lean:274:2: Unknown identifier `_private.SourceCanonical79SourceSparseRows2.0.LowEnergy.ActualCanonical79Imaginary.schema47`
error: H0mework/Versions/R71e/ReleaseMaterials/Physics/LowEnergyPhenomenology/ExternalCompositeDecay/SourceActualFourBlockRealTransferCanonicalSource.lean:274:2: `simp` made no progress
error: H0mework/Versions/R71e/ReleaseMaterials/Physics/LowEnergyPhenomenology/ExternalCompositeDecay/SourceActualFourBlockRealTransferCanonicalSource.lean:279:2: Unknown identifier `_private.SourceCanonical79SourceSparseRows3.0.LowEnergy.ActualCanonical79Imaginary.schema48`
error: H0mework/Versions/R71e/ReleaseMaterials/Physics/LowEnergyPhenomenology/ExternalCompositeDecay/SourceActualFourBlockRealTransferCanonicalSource.lean:279:2: `simp` made no progress
error: H0mework/Versions/R71e/ReleaseMaterials/Physics/LowEnergyPhenomenology/ExternalCompositeDecay/SourceActualFourBlockRealTransferCanonicalSource.lean:284:2: Unknown identifier `_private.SourceCanonical79SourceSparseRows3.0.LowEnergy.ActualCanonical79Imaginary.schema49`
error: H0mework/Versions/R71e/ReleaseMaterials/Physics/LowEnergyPhenomenology/ExternalCompositeDecay/SourceActualFourBlockRealTransferCanonicalSource.lean:284:2: `simp` made no progress
error: H0mework/Versions/R71e/ReleaseMaterials/Physics/LowEnergyPhenomenology/ExternalCompositeDecay/SourceActualFourBlockRealTransferCanonicalSource.lean:289:2: maximum number of errors (100; from option `maxErrors`) reached, exiting
error: Lean exited with code 1
✔ [11429/11477] Built H0mework.Versions.R71e.ReleaseMaterials.Physics.LowEnergyPhenomenology.ExternalCompositeDecay.SourceCanonical79NativeSourceRows (14s)
✔ [11430/11477] Built H0mework.Versions.R71e.ReleaseMaterials.Physics.LowEnergyPhenomenology.ExternalCompositeDecay.SourceCanonical79SourceConjugate (33s)
✔ [11432/11477] Built H0mework.Versions.R71e.ReleaseMaterials.Physics.LowEnergyPhenomenology.ExternalCompositeDecay.SourceCanonical79BraScalarEntries5 (13s)
✔ [11433/11477] Built H0mework.Versions.R71e.ReleaseMaterials.Physics.LowEnergyPhenomenology.ExternalCompositeDecay.SourceCanonical79BraScalarEntries4 (15s)
✔ [11434/11477] Built H0mework.Versions.R71e.ReleaseMaterials.Physics.LowEnergyPhenomenology.ExternalCompositeDecay.SourceActualFourBlockRealTransferDAGGroups3 (110s)
✔ [11435/11477] Built H0mework.Versions.R71e.ReleaseMaterials.Physics.LowEnergyPhenomenology.ExternalCompositeDecay.SourceCanonical79BraScalarEntries3 (20s)
✔ [11436/11477] Built H0mework.Versions.R71e.ReleaseMaterials.Physics.LowEnergyPhenomenology.ExternalCompositeDecay.SourceCanonical79BraScalarEntries2 (18s)
✔ [11437/11477] Built H0mework.Versions.R71e.ReleaseMaterials.Physics.LowEnergyPhenomenology.ExternalCompositeDecay.SourceCanonical79BraScalarEntries1 (19s)
✔ [11438/11477] Built H0mework.Versions.R71e.ReleaseMaterials.Physics.LowEnergyPhenomenology.ExternalCompositeDecay.SourceCanonical79BraCurrentFunctionFold (12s)
✔ [11439/11477] Built H0mework.Versions.R71e.ReleaseMaterials.Physics.LowEnergyPhenomenology.ExternalCompositeDecay.SourceCanonical79BraScalarEntries0 (20s)
✔ [11440/11477] Built H0mework.Versions.R71e.ReleaseMaterials.Physics.LowEnergyPhenomenology.ExternalCompositeDecay.SourceCanonical79BraNativeCurrentFold (9.8s)
✔ [11441/11477] Built H0mework.Versions.R71e.ReleaseMaterials.Physics.LowEnergyPhenomenology.ExternalCompositeDecay.SourceCanonical79BraNativeZeroCurrents (8.5s)
✔ [11442/11477] Built H0mework.Versions.R71e.ReleaseMaterials.Physics.LowEnergyPhenomenology.ExternalCompositeDecay.SourceActualFourBlockRealTransferDAGGroups7 (8.5s)
✔ [11443/11477] Built H0mework.Versions.R71e.ReleaseMaterials.Physics.LowEnergyPhenomenology.ExternalCompositeDecay.SourceCanonical79NativeCurrentData (14s)
✔ [11444/11477] Built H0mework.Versions.R71e.ReleaseMaterials.Physics.LowEnergyPhenomenology.ExternalCompositeDecay.SourceCanonical79BraNativeRightRead (8.2s)
✔ [11445/11477] Built H0mework.Versions.R71e.ReleaseMaterials.Physics.LowEnergyPhenomenology.ExternalCompositeDecay.SourceCanonical79BraHeavyZeroCurrents (10s)
✖ [11446/11477] Building H0mework.Versions.R71e.ReleaseMaterials.Physics.LowEnergyPhenomenology.ExternalCompositeDecay.SourceCanonical79BraHeavyCurrent48 (6.0s)
trace: .> LEAN_PATH=./Lean/.lake/packages/Cli/.lake/build/lib/lean:./Lean/.lake/packages/batteries/.lake/build/lib/lean:./Lean/.lake/packages/Qq/.lake/build/lib/lean:./Lean/.lake/packages/aesop/.lake/build/lib/lean:./Lean/.lake/packages/proofwidgets/.lake/build/lib/lean:./Lean/.lake/packages/importGraph/.lake/build/lib/lean:./Lean/.lake/packages/LeanSearchClient/.lake/build/lib/lean:./Lean/.lake/packages/plausible/.lake/build/lib/lean:./Lean/.lake/packages/mathlib/.lake/build/lib/lean:./Lean/.lake/build/lib/lean runtime/elan/manual/lean-4.33.0-darwin_aarch64/bin/lean -DmaxHeartbeats=2000000 -Dweak.linter.unusedSectionVars=false -Dweak.linter.unnecessarySeqFocus=false -Dweak.linter.unusedVariables=false -Dweak.linter.unreachableTactic=false -Dweak.linter.unusedTactic=false -Dweak.linter.defProp=false -Dweak.linter.deprecated=false -Dlinter.deprecated=false -Dweak.linter.tacticAnalysis.introMerge=false -Dweak.linter.constructorNameAsVariable=false --trust=0 -Dweak.linter.unnecessarySimpa=false -Dweak.linter.style.haveILetI=false -Dweak.linter.unusedSimpArgs=false -DwarningAsError=true ./Lean/H0mework/Versions/R71e/ReleaseMaterials/Physics/LowEnergyPhenomenology/ExternalCompositeDecay/SourceCanonical79BraHeavyCurrent48.lean -o ./Lean/.lake/build/lib/lean/H0mework/Versions/R71e/ReleaseMaterials/Physics/LowEnergyPhenomenology/ExternalCompositeDecay/SourceCanonical79BraHeavyCurrent48.olean -i ./Lean/.lake/build/lib/lean/H0mework/Versions/R71e/ReleaseMaterials/Physics/LowEnergyPhenomenology/ExternalCompositeDecay/SourceCanonical79BraHeavyCurrent48.ilean -c ./Lean/.lake/build/ir/H0mework/Versions/R71e/ReleaseMaterials/Physics/LowEnergyPhenomenology/ExternalCompositeDecay/SourceCanonical79BraHeavyCurrent48.c --setup ./Lean/.lake/build/ir/H0mework/Versions/R71e/ReleaseMaterials/Physics/LowEnergyPhenomenology/ExternalCompositeDecay/SourceCanonical79BraHeavyCurrent48.setup.json --json
error: H0mework/Versions/R71e/ReleaseMaterials/Physics/LowEnergyPhenomenology/ExternalCompositeDecay/SourceCanonical79BraHeavyCurrent48.lean:16:2: Unknown constant `_private.SourceCanonical79SourceSparseRows3.0.LowEnergy.ActualCanonical79Imaginary.fields48`
error: Lean exited with code 1
✖ [11447/11477] Building H0mework.Versions.R71e.ReleaseMaterials.Physics.LowEnergyPhenomenology.ExternalCompositeDecay.SourceCanonical79BraHeavyCurrent52 (7.3s)
trace: .> LEAN_PATH=./Lean/.lake/packages/Cli/.lake/build/lib/lean:./Lean/.lake/packages/batteries/.lake/build/lib/lean:./Lean/.lake/packages/Qq/.lake/build/lib/lean:./Lean/.lake/packages/aesop/.lake/build/lib/lean:./Lean/.lake/packages/proofwidgets/.lake/build/lib/lean:./Lean/.lake/packages/importGraph/.lake/build/lib/lean:./Lean/.lake/packages/LeanSearchClient/.lake/build/lib/lean:./Lean/.lake/packages/plausible/.lake/build/lib/lean:./Lean/.lake/packages/mathlib/.lake/build/lib/lean:./Lean/.lake/build/lib/lean runtime/elan/manual/lean-4.33.0-darwin_aarch64/bin/lean -DmaxHeartbeats=2000000 -Dweak.linter.unusedSectionVars=false -Dweak.linter.unnecessarySeqFocus=false -Dweak.linter.unusedVariables=false -Dweak.linter.unreachableTactic=false -Dweak.linter.unusedTactic=false -Dweak.linter.defProp=false -Dweak.linter.deprecated=false -Dlinter.deprecated=false -Dweak.linter.tacticAnalysis.introMerge=false -Dweak.linter.constructorNameAsVariable=false --trust=0 -Dweak.linter.unnecessarySimpa=false -Dweak.linter.style.haveILetI=false -Dweak.linter.unusedSimpArgs=false -DwarningAsError=true ./Lean/H0mework/Versions/R71e/ReleaseMaterials/Physics/LowEnergyPhenomenology/ExternalCompositeDecay/SourceCanonical79BraHeavyCurrent52.lean -o ./Lean/.lake/build/lib/lean/H0mework/Versions/R71e/ReleaseMaterials/Physics/LowEnergyPhenomenology/ExternalCompositeDecay/SourceCanonical79BraHeavyCurrent52.olean -i ./Lean/.lake/build/lib/lean/H0mework/Versions/R71e/ReleaseMaterials/Physics/LowEnergyPhenomenology/ExternalCompositeDecay/SourceCanonical79BraHeavyCurrent52.ilean -c ./Lean/.lake/build/ir/H0mework/Versions/R71e/ReleaseMaterials/Physics/LowEnergyPhenomenology/ExternalCompositeDecay/SourceCanonical79BraHeavyCurrent52.c --setup ./Lean/.lake/build/ir/H0mework/Versions/R71e/ReleaseMaterials/Physics/LowEnergyPhenomenology/ExternalCompositeDecay/SourceCanonical79BraHeavyCurrent52.setup.json --json
error: H0mework/Versions/R71e/ReleaseMaterials/Physics/LowEnergyPhenomenology/ExternalCompositeDecay/SourceCanonical79BraHeavyCurrent52.lean:16:2: Unknown constant `_private.SourceCanonical79SourceSparseRows3.0.LowEnergy.ActualCanonical79Imaginary.fields52`
error: Lean exited with code 1
✔ [11448/11477] Built H0mework.Versions.R71e.ReleaseMaterials.Physics.LowEnergyPhenomenology.ExternalCompositeDecay.SourceCanonical79BraScalarRows2 (46s)
✔ [11449/11477] Built H0mework.Versions.R71e.ReleaseMaterials.Physics.LowEnergyPhenomenology.ExternalCompositeDecay.SourceCanonical79BraScalarRows3 (49s)
✔ [11450/11477] Built H0mework.Versions.R71e.ReleaseMaterials.Physics.LowEnergyPhenomenology.ExternalCompositeDecay.SourceCanonical79BraScalarRows1 (41s)
✔ [11452/11477] Built H0mework.Versions.R71e.ReleaseMaterials.Physics.LowEnergyPhenomenology.ExternalCompositeDecay.SourceCanonical79BraScalarRows0 (42s)
✖ [11453/11477] Building H0mework.Versions.R71e.ReleaseMaterials.Physics.LowEnergyPhenomenology.ExternalCompositeDecay.SourceCanonical79BraNativeCurrentPilot (10s)
trace: .> LEAN_PATH=./Lean/.lake/packages/Cli/.lake/build/lib/lean:./Lean/.lake/packages/batteries/.lake/build/lib/lean:./Lean/.lake/packages/Qq/.lake/build/lib/lean:./Lean/.lake/packages/aesop/.lake/build/lib/lean:./Lean/.lake/packages/proofwidgets/.lake/build/lib/lean:./Lean/.lake/packages/importGraph/.lake/build/lib/lean:./Lean/.lake/packages/LeanSearchClient/.lake/build/lib/lean:./Lean/.lake/packages/plausible/.lake/build/lib/lean:./Lean/.lake/packages/mathlib/.lake/build/lib/lean:./Lean/.lake/build/lib/lean runtime/elan/manual/lean-4.33.0-darwin_aarch64/bin/lean -DmaxHeartbeats=2000000 -Dweak.linter.unusedSectionVars=false -Dweak.linter.unnecessarySeqFocus=false -Dweak.linter.unusedVariables=false -Dweak.linter.unreachableTactic=false -Dweak.linter.unusedTactic=false -Dweak.linter.defProp=false -Dweak.linter.deprecated=false -Dlinter.deprecated=false -Dweak.linter.tacticAnalysis.introMerge=false -Dweak.linter.constructorNameAsVariable=false --trust=0 -Dweak.linter.unnecessarySimpa=false -Dweak.linter.style.haveILetI=false -Dweak.linter.unusedSimpArgs=false -DwarningAsError=true ./Lean/H0mework/Versions/R71e/ReleaseMaterials/Physics/LowEnergyPhenomenology/ExternalCompositeDecay/SourceCanonical79BraNativeCurrentPilot.lean -o ./Lean/.lake/build/lib/lean/H0mework/Versions/R71e/ReleaseMaterials/Physics/LowEnergyPhenomenology/ExternalCompositeDecay/SourceCanonical79BraNativeCurrentPilot.olean -i ./Lean/.lake/build/lib/lean/H0mework/Versions/R71e/ReleaseMaterials/Physics/LowEnergyPhenomenology/ExternalCompositeDecay/SourceCanonical79BraNativeCurrentPilot.ilean -c ./Lean/.lake/build/ir/H0mework/Versions/R71e/ReleaseMaterials/Physics/LowEnergyPhenomenology/ExternalCompositeDecay/SourceCanonical79BraNativeCurrentPilot.c --setup ./Lean/.lake/build/ir/H0mework/Versions/R71e/ReleaseMaterials/Physics/LowEnergyPhenomenology/ExternalCompositeDecay/SourceCanonical79BraNativeCurrentPilot.setup.json --json
error: H0mework/Versions/R71e/ReleaseMaterials/Physics/LowEnergyPhenomenology/ExternalCompositeDecay/SourceCanonical79BraNativeCurrentPilot.lean:10:2: Unknown constant `_private.SourceCanonical79SourceSparsePilot.0.LowEnergy.ActualCanonical79Imaginary.fields0`
error: H0mework/Versions/R71e/ReleaseMaterials/Physics/LowEnergyPhenomenology/ExternalCompositeDecay/SourceCanonical79BraNativeCurrentPilot.lean:14:2: Unknown constant `_private.SourceCanonical79SourceSparseRows0.0.LowEnergy.ActualCanonical79Imaginary.fields6`
error: Lean exited with code 1
✖ [11454/11477] Building H0mework.Versions.R71e.ReleaseMaterials.Physics.LowEnergyPhenomenology.ExternalCompositeDecay.SourceCanonical79BraNativeCurrentRows2 (10s)
trace: .> LEAN_PATH=./Lean/.lake/packages/Cli/.lake/build/lib/lean:./Lean/.lake/packages/batteries/.lake/build/lib/lean:./Lean/.lake/packages/Qq/.lake/build/lib/lean:./Lean/.lake/packages/aesop/.lake/build/lib/lean:./Lean/.lake/packages/proofwidgets/.lake/build/lib/lean:./Lean/.lake/packages/importGraph/.lake/build/lib/lean:./Lean/.lake/packages/LeanSearchClient/.lake/build/lib/lean:./Lean/.lake/packages/plausible/.lake/build/lib/lean:./Lean/.lake/packages/mathlib/.lake/build/lib/lean:./Lean/.lake/build/lib/lean runtime/elan/manual/lean-4.33.0-darwin_aarch64/bin/lean -DmaxHeartbeats=2000000 -Dweak.linter.unusedSectionVars=false -Dweak.linter.unnecessarySeqFocus=false -Dweak.linter.unusedVariables=false -Dweak.linter.unreachableTactic=false -Dweak.linter.unusedTactic=false -Dweak.linter.defProp=false -Dweak.linter.deprecated=false -Dlinter.deprecated=false -Dweak.linter.tacticAnalysis.introMerge=false -Dweak.linter.constructorNameAsVariable=false --trust=0 -Dweak.linter.unnecessarySimpa=false -Dweak.linter.style.haveILetI=false -Dweak.linter.unusedSimpArgs=false -DwarningAsError=true ./Lean/H0mework/Versions/R71e/ReleaseMaterials/Physics/LowEnergyPhenomenology/ExternalCompositeDecay/SourceCanonical79BraNativeCurrentRows2.lean -o ./Lean/.lake/build/lib/lean/H0mework/Versions/R71e/ReleaseMaterials/Physics/LowEnergyPhenomenology/ExternalCompositeDecay/SourceCanonical79BraNativeCurrentRows2.olean -i ./Lean/.lake/build/lib/lean/H0mework/Versions/R71e/ReleaseMaterials/Physics/LowEnergyPhenomenology/ExternalCompositeDecay/SourceCanonical79BraNativeCurrentRows2.ilean -c ./Lean/.lake/build/ir/H0mework/Versions/R71e/ReleaseMaterials/Physics/LowEnergyPhenomenology/ExternalCompositeDecay/SourceCanonical79BraNativeCurrentRows2.c --setup ./Lean/.lake/build/ir/H0mework/Versions/R71e/ReleaseMaterials/Physics/LowEnergyPhenomenology/ExternalCompositeDecay/SourceCanonical79BraNativeCurrentRows2.setup.json --json
error: H0mework/Versions/R71e/ReleaseMaterials/Physics/LowEnergyPhenomenology/ExternalCompositeDecay/SourceCanonical79BraNativeCurrentRows2.lean:13:2: Unknown constant `_private.SourceCanonical79SourceSparseRows1.0.LowEnergy.ActualCanonical79Imaginary.fields24`
error: H0mework/Versions/R71e/ReleaseMaterials/Physics/LowEnergyPhenomenology/ExternalCompositeDecay/SourceCanonical79BraNativeCurrentRows2.lean:17:2: Unknown constant `_private.SourceCanonical79SourceSparseRows1.0.LowEnergy.ActualCanonical79Imaginary.fields25`
error: H0mework/Versions/R71e/ReleaseMaterials/Physics/LowEnergyPhenomenology/ExternalCompositeDecay/SourceCanonical79BraNativeCurrentRows2.lean:29:2: Unknown constant `_private.SourceCanonical79SourceSparseRows1.0.LowEnergy.ActualCanonical79Imaginary.fields28`
error: H0mework/Versions/R71e/ReleaseMaterials/Physics/LowEnergyPhenomenology/ExternalCompositeDecay/SourceCanonical79BraNativeCurrentRows2.lean:33:2: Unknown constant `_private.SourceCanonical79SourceSparseRows1.0.LowEnergy.ActualCanonical79Imaginary.fields29`
error: H0mework/Versions/R71e/ReleaseMaterials/Physics/LowEnergyPhenomenology/ExternalCompositeDecay/SourceCanonical79BraNativeCurrentRows2.lean:37:2: Unknown constant `_private.SourceCanonical79SourceSparseRows1.0.LowEnergy.ActualCanonical79Imaginary.fields30`
error: H0mework/Versions/R71e/ReleaseMaterials/Physics/LowEnergyPhenomenology/ExternalCompositeDecay/SourceCanonical79BraNativeCurrentRows2.lean:41:2: Unknown constant `_private.SourceCanonical79SourceSparseRows1.0.LowEnergy.ActualCanonical79Imaginary.fields31`
error: H0mework/Versions/R71e/ReleaseMaterials/Physics/LowEnergyPhenomenology/ExternalCompositeDecay/SourceCanonical79BraNativeCurrentRows2.lean:53:2: Unknown constant `_private.SourceCanonical79SourceSparseRows2.0.LowEnergy.ActualCanonical79Imaginary.fields34`
error: H0mework/Versions/R71e/ReleaseMaterials/Physics/LowEnergyPhenomenology/ExternalCompositeDecay/SourceCanonical79BraNativeCurrentRows2.lean:57:2: Unknown constant `_private.SourceCanonical79SourceSparseRows2.0.LowEnergy.ActualCanonical79Imaginary.fields35`
error: Lean exited with code 1
✖ [11455/11477] Building H0mework.Versions.R71e.ReleaseMaterials.Physics.LowEnergyPhenomenology.ExternalCompositeDecay.SourceCanonical79BraNativeCurrentRows3 (10s)
trace: .> LEAN_PATH=./Lean/.lake/packages/Cli/.lake/build/lib/lean:./Lean/.lake/packages/batteries/.lake/build/lib/lean:./Lean/.lake/packages/Qq/.lake/build/lib/lean:./Lean/.lake/packages/aesop/.lake/build/lib/lean:./Lean/.lake/packages/proofwidgets/.lake/build/lib/lean:./Lean/.lake/packages/importGraph/.lake/build/lib/lean:./Lean/.lake/packages/LeanSearchClient/.lake/build/lib/lean:./Lean/.lake/packages/plausible/.lake/build/lib/lean:./Lean/.lake/packages/mathlib/.lake/build/lib/lean:./Lean/.lake/build/lib/lean runtime/elan/manual/lean-4.33.0-darwin_aarch64/bin/lean -DmaxHeartbeats=2000000 -Dweak.linter.unusedSectionVars=false -Dweak.linter.unnecessarySeqFocus=false -Dweak.linter.unusedVariables=false -Dweak.linter.unreachableTactic=false -Dweak.linter.unusedTactic=false -Dweak.linter.defProp=false -Dweak.linter.deprecated=false -Dlinter.deprecated=false -Dweak.linter.tacticAnalysis.introMerge=false -Dweak.linter.constructorNameAsVariable=false --trust=0 -Dweak.linter.unnecessarySimpa=false -Dweak.linter.style.haveILetI=false -Dweak.linter.unusedSimpArgs=false -DwarningAsError=true ./Lean/H0mework/Versions/R71e/ReleaseMaterials/Physics/LowEnergyPhenomenology/ExternalCompositeDecay/SourceCanonical79BraNativeCurrentRows3.lean -o ./Lean/.lake/build/lib/lean/H0mework/Versions/R71e/ReleaseMaterials/Physics/LowEnergyPhenomenology/ExternalCompositeDecay/SourceCanonical79BraNativeCurrentRows3.olean -i ./Lean/.lake/build/lib/lean/H0mework/Versions/R71e/ReleaseMaterials/Physics/LowEnergyPhenomenology/ExternalCompositeDecay/SourceCanonical79BraNativeCurrentRows3.ilean -c ./Lean/.lake/build/ir/H0mework/Versions/R71e/ReleaseMaterials/Physics/LowEnergyPhenomenology/ExternalCompositeDecay/SourceCanonical79BraNativeCurrentRows3.c --setup ./Lean/.lake/build/ir/H0mework/Versions/R71e/ReleaseMaterials/Physics/LowEnergyPhenomenology/ExternalCompositeDecay/SourceCanonical79BraNativeCurrentRows3.setup.json --json
error: H0mework/Versions/R71e/ReleaseMaterials/Physics/LowEnergyPhenomenology/ExternalCompositeDecay/SourceCanonical79BraNativeCurrentRows3.lean:13:2: Unknown constant `_private.SourceCanonical79SourceSparseRows2.0.LowEnergy.ActualCanonical79Imaginary.fields36`
error: H0mework/Versions/R71e/ReleaseMaterials/Physics/LowEnergyPhenomenology/ExternalCompositeDecay/SourceCanonical79BraNativeCurrentRows3.lean:17:2: Unknown constant `_private.SourceCanonical79SourceSparseRows2.0.LowEnergy.ActualCanonical79Imaginary.fields37`
error: H0mework/Versions/R71e/ReleaseMaterials/Physics/LowEnergyPhenomenology/ExternalCompositeDecay/SourceCanonical79BraNativeCurrentRows3.lean:21:2: Unknown constant `_private.SourceCanonical79SourceSparseRows2.0.LowEnergy.ActualCanonical79Imaginary.fields38`
error: H0mework/Versions/R71e/ReleaseMaterials/Physics/LowEnergyPhenomenology/ExternalCompositeDecay/SourceCanonical79BraNativeCurrentRows3.lean:25:2: Unknown constant `_private.SourceCanonical79SourceSparseRows2.0.LowEnergy.ActualCanonical79Imaginary.fields39`
error: H0mework/Versions/R71e/ReleaseMaterials/Physics/LowEnergyPhenomenology/ExternalCompositeDecay/SourceCanonical79BraNativeCurrentRows3.lean:29:2: Unknown constant `_private.SourceCanonical79SourceSparseRows2.0.LowEnergy.ActualCanonical79Imaginary.fields40`
error: H0mework/Versions/R71e/ReleaseMaterials/Physics/LowEnergyPhenomenology/ExternalCompositeDecay/SourceCanonical79BraNativeCurrentRows3.lean:33:2: Unknown constant `_private.SourceCanonical79SourceSparseRows2.0.LowEnergy.ActualCanonical79Imaginary.fields41`
error: H0mework/Versions/R71e/ReleaseMaterials/Physics/LowEnergyPhenomenology/ExternalCompositeDecay/SourceCanonical79BraNativeCurrentRows3.lean:37:2: Unknown constant `_private.SourceCanonical79SourceSparseRows2.0.LowEnergy.ActualCanonical79Imaginary.fields42`
error: H0mework/Versions/R71e/ReleaseMaterials/Physics/LowEnergyPhenomenology/ExternalCompositeDecay/SourceCanonical79BraNativeCurrentRows3.lean:41:2: Unknown constant `_private.SourceCanonical79SourceSparseRows2.0.LowEnergy.ActualCanonical79Imaginary.fields43`
error: H0mework/Versions/R71e/ReleaseMaterials/Physics/LowEnergyPhenomenology/ExternalCompositeDecay/SourceCanonical79BraNativeCurrentRows3.lean:53:2: Unknown constant `_private.SourceCanonical79SourceSparseRows2.0.LowEnergy.ActualCanonical79Imaginary.fields46`
error: H0mework/Versions/R71e/ReleaseMaterials/Physics/LowEnergyPhenomenology/ExternalCompositeDecay/SourceCanonical79BraNativeCurrentRows3.lean:57:2: Unknown constant `_private.SourceCanonical79SourceSparseRows2.0.LowEnergy.ActualCanonical79Imaginary.fields47`
error: Lean exited with code 1
✔ [11458/11477] Built H0mework.Versions.R71e.ReleaseMaterials.Physics.LowEnergyPhenomenology.ExternalCompositeDecay.SourceActualFourBlockRealTransferCanonicalNumerator (9.5s)
✔ [11460/11477] Built H0mework.Versions.R71e.ReleaseMaterials.Physics.LowEnergyPhenomenology.ExternalCompositeDecay.SourceCanonical79BraHeavyDeltaFold (8.9s)
✖ [11463/11477] Building H0mework.Versions.R71e.ReleaseMaterials.Physics.LowEnergyPhenomenology.ExternalCompositeDecay.SourceCanonical79BraHeavyDeltaPilot (10s)
trace: .> LEAN_PATH=./Lean/.lake/packages/Cli/.lake/build/lib/lean:./Lean/.lake/packages/batteries/.lake/build/lib/lean:./Lean/.lake/packages/Qq/.lake/build/lib/lean:./Lean/.lake/packages/aesop/.lake/build/lib/lean:./Lean/.lake/packages/proofwidgets/.lake/build/lib/lean:./Lean/.lake/packages/importGraph/.lake/build/lib/lean:./Lean/.lake/packages/LeanSearchClient/.lake/build/lib/lean:./Lean/.lake/packages/plausible/.lake/build/lib/lean:./Lean/.lake/packages/mathlib/.lake/build/lib/lean:./Lean/.lake/build/lib/lean runtime/elan/manual/lean-4.33.0-darwin_aarch64/bin/lean -DmaxHeartbeats=2000000 -Dweak.linter.unusedSectionVars=false -Dweak.linter.unnecessarySeqFocus=false -Dweak.linter.unusedVariables=false -Dweak.linter.unreachableTactic=false -Dweak.linter.unusedTactic=false -Dweak.linter.defProp=false -Dweak.linter.deprecated=false -Dlinter.deprecated=false -Dweak.linter.tacticAnalysis.introMerge=false -Dweak.linter.constructorNameAsVariable=false --trust=0 -Dweak.linter.unnecessarySimpa=false -Dweak.linter.style.haveILetI=false -Dweak.linter.unusedSimpArgs=false -DwarningAsError=true ./Lean/H0mework/Versions/R71e/ReleaseMaterials/Physics/LowEnergyPhenomenology/ExternalCompositeDecay/SourceCanonical79BraHeavyDeltaPilot.lean -o ./Lean/.lake/build/lib/lean/H0mework/Versions/R71e/ReleaseMaterials/Physics/LowEnergyPhenomenology/ExternalCompositeDecay/SourceCanonical79BraHeavyDeltaPilot.olean -i ./Lean/.lake/build/lib/lean/H0mework/Versions/R71e/ReleaseMaterials/Physics/LowEnergyPhenomenology/ExternalCompositeDecay/SourceCanonical79BraHeavyDeltaPilot.ilean -c ./Lean/.lake/build/ir/H0mework/Versions/R71e/ReleaseMaterials/Physics/LowEnergyPhenomenology/ExternalCompositeDecay/SourceCanonical79BraHeavyDeltaPilot.c --setup ./Lean/.lake/build/ir/H0mework/Versions/R71e/ReleaseMaterials/Physics/LowEnergyPhenomenology/ExternalCompositeDecay/SourceCanonical79BraHeavyDeltaPilot.setup.json --json
error: H0mework/Versions/R71e/ReleaseMaterials/Physics/LowEnergyPhenomenology/ExternalCompositeDecay/SourceCanonical79BraHeavyDeltaPilot.lean:14:2: Unknown constant `_private.SourceCanonical79SourceSparseRows3.0.LowEnergy.ActualCanonical79Imaginary.fields49`
error: H0mework/Versions/R71e/ReleaseMaterials/Physics/LowEnergyPhenomenology/ExternalCompositeDecay/SourceCanonical79BraHeavyDeltaPilot.lean:27:2: Unknown constant `_private.SourceCanonical79SourceSparseRows3.0.LowEnergy.ActualCanonical79Imaginary.fields49`
error: Lean exited with code 1
✔ [11473/11477] Built H0mework.Versions.R71e.ReleaseMaterials.Physics.LowEnergyPhenomenology.ExternalCompositeDecay.SourceCanonical79BraScalarContraction (25s)
Some required targets logged failures:
- H0mework.Versions.R71e.ReleaseMaterials.Physics.LowEnergyPhenomenology.ExternalCompositeDecay.SourceActualCandidateVertexRows
- H0mework.Versions.R71e.ReleaseMaterials.Physics.LowEnergyPhenomenology.ExternalCompositeDecay.SourceActualCandidateBraLeftPilot
- H0mework.Versions.R71e.ReleaseMaterials.Physics.LowEnergyPhenomenology.ExternalCompositeDecay.SourceActualCandidateBraLeftCoframe
- H0mework.Versions.R71e.ReleaseMaterials.Physics.LowEnergyPhenomenology.ExternalCompositeDecay.SourceActualFourBlockSharpCausalMass
- H0mework.Versions.R71e.ReleaseMaterials.Physics.LowEnergyPhenomenology.ExternalCompositeDecay.SourceActualFourBlockRealTransferCanonicalSource
- H0mework.Versions.R71e.ReleaseMaterials.Physics.LowEnergyPhenomenology.ExternalCompositeDecay.SourceCanonical79BraHeavyCurrent48
- H0mework.Versions.R71e.ReleaseMaterials.Physics.LowEnergyPhenomenology.ExternalCompositeDecay.SourceCanonical79BraHeavyCurrent52
- H0mework.Versions.R71e.ReleaseMaterials.Physics.LowEnergyPhenomenology.ExternalCompositeDecay.SourceCanonical79BraNativeCurrentPilot
- H0mework.Versions.R71e.ReleaseMaterials.Physics.LowEnergyPhenomenology.ExternalCompositeDecay.SourceCanonical79BraNativeCurrentRows2
- H0mework.Versions.R71e.ReleaseMaterials.Physics.LowEnergyPhenomenology.ExternalCompositeDecay.SourceCanonical79BraNativeCurrentRows3
- H0mework.Versions.R71e.ReleaseMaterials.Physics.LowEnergyPhenomenology.ExternalCompositeDecay.SourceCanonical79BraHeavyDeltaPilot
error: build failed
