warning: mathlib: repository './Lean/.lake/packages/mathlib' has local changes
warning: batteries: repository './Lean/.lake/packages/batteries' has local changes
ℹ [1566/1589] Replayed H0mework.Foundation.Source.Root
info: H0mework/Foundation/Source/Root.lean:544:0: 'SaturationMonoid.ResponsibilityLifecycle.LivingLawEvolution.ConstructiveRoot.LedgerEntryEvolutionAt.toDebtLineage' does not depend on any axioms
ℹ [1576/1589] Replayed H0mework.Foundation.Semantics.TheoryState
info: H0mework/Foundation/Semantics/TheoryState.lean:137:0: 'SaturationMonoid.ResponsibilityLifecycle.LivingLawEvolution.TheoryState.rootSemantic_actualExpressibilityFailure_isEmpty' does not depend on any axioms
ℹ [1600/1671] Replayed H0mework.Versions.R2.Foundation.Source.SequentialAction
info: H0mework/Versions/R2/Foundation/Source/SequentialAction.lean:348:0: 'SaturationMonoid.ResponsibilityLifecycle.LivingLawEvolution.ConstructiveRoot.RootInquiryCompletion.SourceNativeSequentialActualActionTargetAt.initialOpenLedger_injective' does not depend on any axioms
info: H0mework/Versions/R2/Foundation/Source/SequentialAction.lean:349:0: 'SaturationMonoid.ResponsibilityLifecycle.LivingLawEvolution.ConstructiveRoot.RootInquiryCompletion.SourceNativeSequentialActualActionTargetAt.targetAnswerAndNext_next_eq' does not depend on any axioms
ℹ [1605/1671] Replayed H0mework.Foundation.Ledger.OriginOrBirth
info: H0mework/Foundation/Ledger/OriginOrBirth.lean:141:0: 'SaturationMonoid.ResponsibilityLifecycle.LivingLawEvolution.ConstructiveRoot.ExactTargetDebtOriginAt.excludesFresh' does not depend on any axioms
info: H0mework/Foundation/Ledger/OriginOrBirth.lean:142:0: 'SaturationMonoid.ResponsibilityLifecycle.LivingLawEvolution.ConstructiveRoot.LedgerWriteEvolutionAt.targetOldOrigin' does not depend on any axioms
info: H0mework/Foundation/Ledger/OriginOrBirth.lean:143:0: 'SaturationMonoid.ResponsibilityLifecycle.LivingLawEvolution.ConstructiveRoot.LedgerWriteEvolutionAt.excludesTargetFresh' does not depend on any axioms
info: H0mework/Foundation/Ledger/OriginOrBirth.lean:144:0: 'SaturationMonoid.ResponsibilityLifecycle.LivingLawEvolution.ConstructiveRoot.ExactTargetOldOriginProvenanceAt.excludesBirthFreshness' does not depend on any axioms
ℹ [1606/1671] Replayed H0mework.Realization.Audit.DebtFirstWrite
info: H0mework/Realization/Audit/DebtFirstWrite.lean:187:0: 'SaturationMonoid.ResponsibilityLifecycle.LivingLawEvolution.ConstructiveRoot.DebtAdmissionFirstWrite.SourceGeneratedDebtAdmissionFirstWriteAt.initialBudget_positive' depends on axioms: [propext]
info: H0mework/Realization/Audit/DebtFirstWrite.lean:188:0: 'SaturationMonoid.ResponsibilityLifecycle.LivingLawEvolution.ConstructiveRoot.DebtAdmissionFirstWrite.ordinaryEvolution_cannot_admit' depends on axioms: [propext]
ℹ [1609/1671] Replayed H0mework.Versions.R2.Foundation.Inquiry.SemanticRevision
info: H0mework/Versions/R2/Foundation/Inquiry/SemanticRevision.lean:842:0: 'SaturationMonoid.ResponsibilityLifecycle.LivingLawEvolution.ConstructiveRoot.TypedSemanticWorldNetworkU8.GeneratedTypedSemanticWorldNetworkRevisionAt.SourceGeneratedFirstWriteGenuineSplitAt.ofCompilerSelectedSplit' does not depend on any axioms
info: H0mework/Versions/R2/Foundation/Inquiry/SemanticRevision.lean:843:0: 'SaturationMonoid.ResponsibilityLifecycle.LivingLawEvolution.ConstructiveRoot.TypedSemanticWorldNetworkU8.FieldGroundedTypedSemanticWorldNetworkRevisionAt.ofSourceGeneratedRestructuring' does not depend on any axioms
info: H0mework/Versions/R2/Foundation/Inquiry/SemanticRevision.lean:844:0: 'SaturationMonoid.ResponsibilityLifecycle.LivingLawEvolution.ConstructiveRoot.TypedSemanticWorldNetworkU8.FieldGroundedTypedSemanticWorldNetworkRevisionAt.eq_of_generate_eq' does not depend on any axioms
ℹ [1612/1671] Replayed H0mework.Versions.R2.Foundation.Inquiry.Protocol
info: H0mework/Versions/R2/Foundation/Inquiry/Protocol.lean:1356:0: 'SaturationMonoid.ResponsibilityLifecycle.LivingLawEvolution.ConstructiveRoot.RootInquiryCompletion.SourceNativeInquiryCofaceRealizationAt.ofExactCofaceSource' does not depend on any axioms
info: H0mework/Versions/R2/Foundation/Inquiry/Protocol.lean:1357:0: 'SaturationMonoid.ResponsibilityLifecycle.LivingLawEvolution.ConstructiveRoot.RootInquiryCompletion.SourceNativeInquiryCofaceRealizationAt.ofGeneratedRevision' does not depend on any axioms
ℹ [1614/1671] Replayed H0mework.Versions.R2.Foundation.Inquiry.Engine
info: H0mework/Versions/R2/Foundation/Inquiry/Engine.lean:1341:0: 'SaturationMonoid.ResponsibilityLifecycle.LivingLawEvolution.ConstructiveRoot.RootInquiryCompletion.RootInquiryProcessNode.active_directlyAnswered_successor_valid' depends on axioms: [propext]
info: H0mework/Versions/R2/Foundation/Inquiry/Engine.lean:1342:0: 'SaturationMonoid.ResponsibilityLifecycle.LivingLawEvolution.ConstructiveRoot.RootInquiryCompletion.RootInquiryProcessNode.active_directlyAnswered_terminalHandoff_successor_valid' depends on axioms: [propext]
info: H0mework/Versions/R2/Foundation/Inquiry/Engine.lean:1343:0: 'SaturationMonoid.ResponsibilityLifecycle.LivingLawEvolution.ConstructiveRoot.RootInquiryCompletion.RootInquiryProcessNode.active_actualAction_successor_valid' depends on axioms: [propext]
ℹ [3246/3320] Replayed H0mework.Versions.R2.Foundation.Responsibility.NoetherianClosure
info: H0mework/Versions/R2/Foundation/Responsibility/NoetherianClosure.lean:586:0: 'SaturationMonoid.ResponsibilityLifecycle.LivingLawEvolution.ConstructiveRoot.no_noetherianDebtClosureLaw_of_budget_eq_zero_of_noLocalTerminal' does not depend on any axioms
info: H0mework/Versions/R2/Foundation/Responsibility/NoetherianClosure.lean:587:0: 'SaturationMonoid.ResponsibilityLifecycle.LivingLawEvolution.ConstructiveRoot.sourceNativePaidRootDebtContinuationRel_wellFounded' does not depend on any axioms
info: H0mework/Versions/R2/Foundation/Responsibility/NoetherianClosure.lean:588:0: 'SaturationMonoid.ResponsibilityLifecycle.LivingLawEvolution.ConstructiveRoot.no_paidRootDebtMacro_self_return' does not depend on any axioms
✔ [3508/3546] Built H0mework.Versions.R9c73a630.Realization.Operations.Inquiry.Context.Faces.Execution.Activation.Receipt.Inventory.Installation (5.7s)
✔ [3525/3607] Built H0mework.Versions.R9c73a630.Realization.Operations.Tree.Fold.Dependent.Source (5.0s)
✔ [3638/3988] Built H0mework.Versions.R9c73a630.ReleaseMaterials.SaturationMonoid.GenericFoundation.Operations.Inquiry.Cofinal.Source (3.6s)
✔ [3852/4218] Built H0mework.Versions.R9c73a630.Realization.Perfectification.Occurrence.Temporal.History.Common.RootSource (4.0s)
✔ [3862/4224] Built H0mework.Versions.R9c73a630.Realization.Perfectification.Occurrence.Temporal.History.Common.Evaluator.Source (4.9s)
✔ [4137/4525] Built H0mework.Versions.R9c73a630.Realization.Perfectification.Occurrence.Temporal.History.Common.Action.Source (6.2s)
✔ [4175/4525] Built H0mework.Versions.R9c73a630.Realization.Operations.Tree.Fold.Dependent.Branch.Side (5.5s)
✔ [4176/4525] Built H0mework.Versions.R9c73a630.Realization.Operations.Tree.Fold.Dependent.Joint.Source (5.7s)
✔ [4179/4525] Built H0mework.Versions.R9c73a630.Realization.Operations.Tree.Fold.Dependent.Branch.JointQuery.Actor.Operation.Catalogue (4.0s)
✔ [4180/4525] Built H0mework.Versions.R9c73a630.Realization.Operations.Tree.Fold.Dependent.Branch.Source (5.3s)
✔ [4182/4525] Built H0mework.Versions.R9c73a630.Realization.Operations.Tree.Fold.Dependent.Branch.Installation (4.4s)
✔ [4184/4525] Built H0mework.Versions.R9c73a630.Realization.Operations.Tree.Fold.Dependent.Joint.Laws (6.2s)
✔ [4185/4525] Built H0mework.Versions.R9c73a630.Realization.Perfectification.Occurrence.Temporal.History.Common.Evaluator.Installation (4.1s)
✔ [4186/4525] Built H0mework.Versions.R9c73a630.Realization.Perfectification.Occurrence.Temporal.History.Common.Action.Installation (5.9s)
✔ [4187/4525] Built H0mework.Versions.R9c73a630.Realization.Perfectification.Occurrence.Temporal.History.Common.Installation (6.3s)
✔ [4188/4525] Built H0mework.Versions.R9c73a630.Realization.Operations.Tree.Fold.Dependent.Branch.Consumer (6.5s)
✔ [4189/4525] Built H0mework.Versions.R9c73a630.Realization.Operations.Tree.Fold.Dependent.Joint.Installation (5.0s)
✔ [4190/4525] Built H0mework.Versions.R9c73a630.Realization.Perfectification.Occurrence.Temporal.History.Common.Evaluator.Consumer (6.0s)
✔ [4191/4525] Built H0mework.Versions.R9c73a630.Realization.Perfectification.Occurrence.Temporal.History.Common.Consumer (5.6s)
✔ [4192/4525] Built H0mework.Versions.R9c73a630.Realization.Perfectification.Occurrence.Temporal.History.Common.Action.Consumer (9.6s)
✔ [4193/4527] Built H0mework.Versions.R9c73a630.Realization.Operations.Tree.Fold.Dependent.Branch.SideConsumer (5.6s)
✔ [4194/4530] Built H0mework.Versions.R9c73a630.Realization.Operations.Tree.Fold.Dependent.Branch.SideOutput (5.2s)
✔ [4196/4531] Built H0mework.Versions.R9c73a630.Realization.Operations.Tree.Fold.Dependent.Joint.Consumer (8.9s)
✔ [4199/4534] Built H0mework.Versions.R9c73a630.Realization.Operations.Tree.Fold.Dependent.Branch.Complete (4.6s)
✔ [4203/4534] Built H0mework.Versions.R9c73a630.Realization.Operations.Tree.Fold.Dependent.Joint.Common (4.3s)
✔ [4206/4535] Built H0mework.Versions.R9c73a630.Realization.Operations.Tree.Fold.Dependent.Branch.Words (4.7s)
✔ [4208/4535] Built H0mework.Versions.R9c73a630.Realization.Operations.Tree.Fold.Dependent.Joint.Evaluator (4.9s)
✔ [4209/4536] Built H0mework.Versions.R9c73a630.Realization.Operations.Tree.Fold.Dependent.Branch.Maps (4.7s)
✔ [4211/4538] Built H0mework.Versions.R9c73a630.Realization.Operations.Tree.Fold.Dependent.Branch.Inverse (4.2s)
✔ [4213/4539] Built H0mework.Versions.R9c73a630.Realization.Operations.Tree.Fold.Dependent.Branch.Rich (4.3s)
✔ [4215/4542] Built H0mework.Versions.R9c73a630.Realization.Operations.Tree.Fold.Dependent.Branch.Readback (5.6s)
✔ [4218/4542] Built H0mework.Versions.R9c73a630.Realization.Operations.Tree.Fold.Dependent.Joint.Action (10s)
✔ [4220/4542] Built H0mework.Versions.R9c73a630.Realization.Operations.Tree.Fold.Dependent.Branch.RichConsumer (6.3s)
✔ [4222/4542] Built H0mework.Versions.R9c73a630.Realization.Operations.Tree.Fold.Dependent.Joint.ActionWords.Source (9.1s)
✔ [4223/4544] Built H0mework.Versions.R9c73a630.Realization.Operations.Tree.Fold.Dependent.Branch.Relation.Source (7.3s)
✔ [4225/4544] Built H0mework.Versions.R9c73a630.Realization.Operations.Tree.Fold.Dependent.Branch.Fresh (9.5s)
✔ [4226/4544] Built H0mework.Versions.R9c73a630.Realization.Operations.Tree.Fold.Dependent.Joint.ActionWords.Inventory.Source (9.2s)
✔ [4227/4544] Built H0mework.Versions.R9c73a630.Realization.Operations.Tree.Fold.Dependent.Branch.Relation.Installation (6.3s)
✔ [4229/4547] Built H0mework.Versions.R9c73a630.Realization.Operations.Tree.Fold.Dependent.Branch.Relation.Action.Source (5.8s)
✔ [4230/4547] Built H0mework.Versions.R9c73a630.Realization.Operations.Tree.Fold.Dependent.Joint.ActionWords.Inventory.Restriction (9.1s)
✔ [4231/4549] Built H0mework.Versions.R9c73a630.Realization.Operations.Tree.Fold.Dependent.Joint.ActionWords.Inventory.Programme (8.8s)
✔ [4234/4549] Built H0mework.Versions.R9c73a630.Realization.Operations.Tree.Fold.Dependent.Branch.Relation.Consumer (6.1s)
✔ [4235/4550] Built H0mework.Versions.R9c73a630.Realization.Operations.Tree.Fold.Dependent.Branch.JointQuery.Source (5.8s)
✔ [4238/4550] Built H0mework.Versions.R9c73a630.Realization.Operations.Tree.Fold.Dependent.Joint.ActionWords.Inventory.Acted (8.5s)
✔ [4239/4550] Built H0mework.Versions.R9c73a630.Realization.Operations.Tree.Fold.Dependent.Branch.JointQuery.Actor.Source (5.8s)
✔ [4240/4550] Built H0mework.Versions.R9c73a630.Realization.Operations.Tree.Fold.Dependent.Branch.JointQuery.Action.Source (4.3s)
✔ [4241/4552] Built H0mework.Versions.R9c73a630.Realization.Operations.Tree.Fold.Dependent.Branch.JointQuery.Installation (4.7s)
✔ [4244/4552] Built H0mework.Versions.R9c73a630.Realization.Operations.Tree.Fold.Dependent.Branch.JointQuery.Consumer (5.7s)
✔ [4245/4552] Built H0mework.Versions.R9c73a630.Realization.Operations.Tree.Fold.Dependent.Joint.ActionWords.Inventory.Installation (6.9s)
✔ [4246/4553] Built H0mework.Versions.R9c73a630.Realization.Operations.Tree.Fold.Dependent.Branch.JointQuery.Action.History.Source (5.2s)
✔ [4249/4553] Built H0mework.Versions.R9c73a630.Realization.Operations.Tree.Fold.Dependent.Branch.JointQuery.Actor.Operation.Source (7.1s)
✔ [4250/4555] Built H0mework.Versions.R9c73a630.Realization.Operations.Tree.Fold.Dependent.Branch.JointQuery.Actor.Consumer (4.5s)
✔ [4251/4555] Built H0mework.Versions.R9c73a630.Realization.Operations.Tree.Fold.Dependent.Branch.JointQuery.Action.Consumer (5.0s)
✔ [4254/4555] Built H0mework.Versions.R9c73a630.Realization.Operations.Tree.Fold.Dependent.Branch.JointQuery.Actor.Operation.Query.Source (6.8s)
✔ [4255/4555] Built H0mework.Versions.R9c73a630.Realization.Operations.Tree.Fold.Dependent.Branch.JointQuery.Action.History.Consumer (5.7s)
✔ [4256/4555] Built H0mework.Versions.R9c73a630.Realization.Operations.Tree.Fold.Dependent.Joint.ActionWords.Inventory.Consumer (14s)
✔ [4258/4555] Built H0mework.Versions.R9c73a630.Realization.Operations.Tree.Fold.Dependent.Branch.JointQuery.Actor.Operation.Consumer (5.3s)
✔ [4259/4560] Built H0mework.Versions.R9c73a630.Realization.Operations.Tree.Fold.Dependent.Branch.JointQuery.Actor.Operation.Query.Inventory.Language (8.7s)
✔ [4261/4560] Built H0mework.Versions.R9c73a630.Realization.Operations.Tree.Fold.Dependent.Joint.ActionWords.Inventory.NextInput (7.4s)
✔ [4263/4566] Built H0mework.Versions.R9c73a630.Realization.Operations.Tree.Fold.Dependent.Branch.JointQuery.Actor.Operation.Query.Consumer (4.5s)
ℹ [4630/4959] Replayed H0mework.Arithmetic.Mellin.QuarterTransform
info: H0mework/Arithmetic/Mellin/QuarterTransform.lean:95:2: Try this:
  [apply] ring_nf
  
  The `ring` tactic failed to close the goal. Use `ring_nf` to obtain a normal form.
    
  Note that `ring` works primarily in *commutative* rings. If you have a noncommutative ring, abelian group or module, consider using `noncomm_ring`, `abel` or `module` instead.
info: H0mework/Arithmetic/Mellin/QuarterTransform.lean:145:2: Try this:
  [apply] ring_nf
  
  The `ring` tactic failed to close the goal. Use `ring_nf` to obtain a normal form.
    
  Note that `ring` works primarily in *commutative* rings. If you have a noncommutative ring, abelian group or module, consider using `noncomm_ring`, `abel` or `module` instead.
info: H0mework/Arithmetic/Mellin/QuarterTransform.lean:162:2: Try this:
  [apply] ring_nf
  
  The `ring` tactic failed to close the goal. Use `ring_nf` to obtain a normal form.
    
  Note that `ring` works primarily in *commutative* rings. If you have a noncommutative ring, abelian group or module, consider using `noncomm_ring`, `abel` or `module` instead.
ℹ [4631/4959] Replayed H0mework.Arithmetic.Mellin.QuarterL2
info: H0mework/Arithmetic/Mellin/QuarterL2.lean:84:6: Try this:
  [apply] ring_nf
  
  The `ring` tactic failed to close the goal. Use `ring_nf` to obtain a normal form.
    
  Note that `ring` works primarily in *commutative* rings. If you have a noncommutative ring, abelian group or module, consider using `noncomm_ring`, `abel` or `module` instead.
info: H0mework/Arithmetic/Mellin/QuarterL2.lean:165:4: Try this:
  [apply] ring_nf
  
  The `ring` tactic failed to close the goal. Use `ring_nf` to obtain a normal form.
    
  Note that `ring` works primarily in *commutative* rings. If you have a noncommutative ring, abelian group or module, consider using `noncomm_ring`, `abel` or `module` instead.
ℹ [4655/4959] Replayed H0mework.Versions.R2.Arithmetic.MellinBoundary.PositiveMellinQuarterMaterial
info: H0mework/Versions/R2/Arithmetic/MellinBoundary/PositiveMellinQuarterMaterial.lean:197:6: Try this:
  [apply] ring_nf
  
  The `ring` tactic failed to close the goal. Use `ring_nf` to obtain a normal form.
    
  Note that `ring` works primarily in *commutative* rings. If you have a noncommutative ring, abelian group or module, consider using `noncomm_ring`, `abel` or `module` instead.
info: H0mework/Versions/R2/Arithmetic/MellinBoundary/PositiveMellinQuarterMaterial.lean:238:6: Try this:
  [apply] ring_nf
  
  The `ring` tactic failed to close the goal. Use `ring_nf` to obtain a normal form.
    
  Note that `ring` works primarily in *commutative* rings. If you have a noncommutative ring, abelian group or module, consider using `noncomm_ring`, `abel` or `module` instead.
ℹ [4704/5024] Replayed H0mework.Versions.V2.Arithmetic.RiemannGraph.IntegralGraphJointAction
info: H0mework/Versions/V2/Arithmetic/RiemannGraph/IntegralGraphJointAction.lean:299:0: 'SaturationMonoid.ResponsibilityLifecycle.LivingLawEvolution.ConstructiveRoot.NoIslandNoMagic.CanonicalRiemann.ClozelGeneralizedDual.CenteredGram.IntegralGraphJointAction.selected_jointOmega_faces' depends on axioms: [propext,
 Classical.choice,
 Quot.sound]
info: H0mework/Versions/V2/Arithmetic/RiemannGraph/IntegralGraphJointAction.lean:300:0: 'SaturationMonoid.ResponsibilityLifecycle.LivingLawEvolution.ConstructiveRoot.NoIslandNoMagic.CanonicalRiemann.ClozelGeneralizedDual.CenteredGram.IntegralGraphJointAction.selected_incidence_coherent_readback' depends on axioms: [propext,
 Classical.choice,
 Quot.sound]
info: H0mework/Versions/V2/Arithmetic/RiemannGraph/IntegralGraphJointAction.lean:301:0: 'SaturationMonoid.ResponsibilityLifecycle.LivingLawEvolution.ConstructiveRoot.NoIslandNoMagic.CanonicalRiemann.ClozelGeneralizedDual.CenteredGram.IntegralGraphJointAction.selected_incidence_measurement_readback' depends on axioms: [propext,
 Classical.choice,
 Quot.sound]
info: H0mework/Versions/V2/Arithmetic/RiemannGraph/IntegralGraphJointAction.lean:302:0: 'SaturationMonoid.ResponsibilityLifecycle.LivingLawEvolution.ConstructiveRoot.NoIslandNoMagic.CanonicalRiemann.ClozelGeneralizedDual.CenteredGram.IntegralGraphJointAction.selected_incidence_measurement_delta' depends on axioms: [propext,
 Classical.choice,
 Quot.sound]
info: H0mework/Versions/V2/Arithmetic/RiemannGraph/IntegralGraphJointAction.lean:303:0: 'SaturationMonoid.ResponsibilityLifecycle.LivingLawEvolution.ConstructiveRoot.NoIslandNoMagic.CanonicalRiemann.ClozelGeneralizedDual.CenteredGram.IntegralGraphJointAction.selected_normalized_measurement_reads_existing_character' depends on axioms: [propext,
 Classical.choice,
 Quot.sound]
info: H0mework/Versions/V2/Arithmetic/RiemannGraph/IntegralGraphJointAction.lean:304:0: 'SaturationMonoid.ResponsibilityLifecycle.LivingLawEvolution.ConstructiveRoot.NoIslandNoMagic.CanonicalRiemann.ClozelGeneralizedDual.CenteredGram.IntegralGraphJointAction.paired_jointOmega_faces' depends on axioms: [propext,
 Classical.choice,
 Quot.sound]
info: H0mework/Versions/V2/Arithmetic/RiemannGraph/IntegralGraphJointAction.lean:305:0: 'SaturationMonoid.ResponsibilityLifecycle.LivingLawEvolution.ConstructiveRoot.NoIslandNoMagic.CanonicalRiemann.ClozelGeneralizedDual.CenteredGram.IntegralGraphJointAction.paired_incidence_coherent_readback' depends on axioms: [propext,
 Classical.choice,
 Quot.sound]
info: H0mework/Versions/V2/Arithmetic/RiemannGraph/IntegralGraphJointAction.lean:306:0: 'SaturationMonoid.ResponsibilityLifecycle.LivingLawEvolution.ConstructiveRoot.NoIslandNoMagic.CanonicalRiemann.ClozelGeneralizedDual.CenteredGram.IntegralGraphJointAction.paired_incidence_measurement_readback' depends on axioms: [propext,
 Classical.choice,
 Quot.sound]
info: H0mework/Versions/V2/Arithmetic/RiemannGraph/IntegralGraphJointAction.lean:307:0: 'SaturationMonoid.ResponsibilityLifecycle.LivingLawEvolution.ConstructiveRoot.NoIslandNoMagic.CanonicalRiemann.ClozelGeneralizedDual.CenteredGram.IntegralGraphJointAction.paired_incidence_zmodTwo_zero' depends on axioms: [propext,
 Classical.choice,
 Quot.sound]
info: H0mework/Versions/V2/Arithmetic/RiemannGraph/IntegralGraphJointAction.lean:308:0: 'SaturationMonoid.ResponsibilityLifecycle.LivingLawEvolution.ConstructiveRoot.NoIslandNoMagic.CanonicalRiemann.ClozelGeneralizedDual.CenteredGram.IntegralGraphJointAction.paired_incidence_zmodTwo_one' depends on axioms: [propext,
 Classical.choice,
 Quot.sound]
info: H0mework/Versions/V2/Arithmetic/RiemannGraph/IntegralGraphJointAction.lean:309:0: 'SaturationMonoid.ResponsibilityLifecycle.LivingLawEvolution.ConstructiveRoot.NoIslandNoMagic.CanonicalRiemann.ClozelGeneralizedDual.CenteredGram.IntegralGraphJointAction.paired_normalized_measurement_reads_jointStateModulePair' depends on axioms: [propext,
 Classical.choice,
 Quot.sound]
ℹ [4733/5040] Replayed H0mework.Arithmetic.BurnolCarrier.ConstantGapFace
info: H0mework/Arithmetic/BurnolCarrier/ConstantGapFace.lean:246:0: 'SaturationMonoid.ResponsibilityLifecycle.LivingLawEvolution.ConstructiveRoot.NoIslandNoMagic.CanonicalRiemann.ClozelGeneralizedDual.BurnolPhysicalState.intervalConstantLine_finrank' depends on axioms: [propext,
 Classical.choice,
 Quot.sound]
info: H0mework/Arithmetic/BurnolCarrier/ConstantGapFace.lean:247:0: 'SaturationMonoid.ResponsibilityLifecycle.LivingLawEvolution.ConstructiveRoot.NoIslandNoMagic.CanonicalRiemann.ClozelGeneralizedDual.BurnolPhysicalState.burnolFace_isClosed' depends on axioms: [propext,
 Classical.choice,
 Quot.sound]
ℹ [4738/5040] Replayed H0mework.Arithmetic.BurnolCarrier.ConstantGapFourier
info: H0mework/Arithmetic/BurnolCarrier/ConstantGapFourier.lean:220:0: 'SaturationMonoid.ResponsibilityLifecycle.LivingLawEvolution.ConstructiveRoot.NoIslandNoMagic.CanonicalRiemann.ClozelGeneralizedDual.BurnolPhysicalState.fourierL2_fourierL2' depends on axioms: [propext,
 Classical.choice,
 Quot.sound]
info: H0mework/Arithmetic/BurnolCarrier/ConstantGapFourier.lean:221:0: 'SaturationMonoid.ResponsibilityLifecycle.LivingLawEvolution.ConstructiveRoot.NoIslandNoMagic.CanonicalRiemann.ClozelGeneralizedDual.BurnolPhysicalState.faceFourier_bijective' depends on axioms: [propext,
 Classical.choice,
 Quot.sound]
info: H0mework/Arithmetic/BurnolCarrier/ConstantGapFourier.lean:222:0: 'SaturationMonoid.ResponsibilityLifecycle.LivingLawEvolution.ConstructiveRoot.NoIslandNoMagic.CanonicalRiemann.ClozelGeneralizedDual.BurnolPhysicalState.faceFourier_preserves_energy' depends on axioms: [propext,
 Classical.choice,
 Quot.sound]
ℹ [4784/5106] Replayed H0mework.Versions.V2.Arithmetic.RiemannSpectral.SourceRechart
info: H0mework/Versions/V2/Arithmetic/RiemannSpectral/SourceRechart.lean:39:2: Try this:
  [apply] ring_nf
  
  The `ring` tactic failed to close the goal. Use `ring_nf` to obtain a normal form.
    
  Note that `ring` works primarily in *commutative* rings. If you have a noncommutative ring, abelian group or module, consider using `noncomm_ring`, `abel` or `module` instead.
info: H0mework/Versions/V2/Arithmetic/RiemannSpectral/SourceRechart.lean:75:2: Try this:
  [apply] ring_nf
  
  The `ring` tactic failed to close the goal. Use `ring_nf` to obtain a normal form.
    
  Note that `ring` works primarily in *commutative* rings. If you have a noncommutative ring, abelian group or module, consider using `noncomm_ring`, `abel` or `module` instead.
info: H0mework/Versions/V2/Arithmetic/RiemannSpectral/SourceRechart.lean:141:2: Try this:
  [apply] ring_nf
  
  The `ring` tactic failed to close the goal. Use `ring_nf` to obtain a normal form.
    
  Note that `ring` works primarily in *commutative* rings. If you have a noncommutative ring, abelian group or module, consider using `noncomm_ring`, `abel` or `module` instead.
ℹ [4815/5136] Replayed H0mework.Arithmetic.BurnolMellin.GaussianSuperpositionKernel
info: H0mework/Arithmetic/BurnolMellin/GaussianSuperpositionKernel.lean:57:4: Try this:
  [apply] ring_nf
  
  The `ring` tactic failed to close the goal. Use `ring_nf` to obtain a normal form.
    
  Note that `ring` works primarily in *commutative* rings. If you have a noncommutative ring, abelian group or module, consider using `noncomm_ring`, `abel` or `module` instead.
ℹ [4817/5136] Replayed H0mework.Versions.V2.Arithmetic.BurnolMellin.GenericGaussianFubini
info: H0mework/Versions/V2/Arithmetic/BurnolMellin/GenericGaussianFubini.lean:163:2: Try this:
  [apply] ring_nf
  
  The `ring` tactic failed to close the goal. Use `ring_nf` to obtain a normal form.
    
  Note that `ring` works primarily in *commutative* rings. If you have a noncommutative ring, abelian group or module, consider using `noncomm_ring`, `abel` or `module` instead.
info: H0mework/Versions/V2/Arithmetic/BurnolMellin/GenericGaussianFubini.lean:259:6: Try this:
  [apply] ring_nf
  
  The `ring` tactic failed to close the goal. Use `ring_nf` to obtain a normal form.
    
  Note that `ring` works primarily in *commutative* rings. If you have a noncommutative ring, abelian group or module, consider using `noncomm_ring`, `abel` or `module` instead.
ℹ [4819/5136] Replayed H0mework.Versions.V2.Arithmetic.BurnolMellin.SourceStripGaussianFubini
info: H0mework/Versions/V2/Arithmetic/BurnolMellin/SourceStripGaussianFubini.lean:195:6: Try this:
  [apply] ring_nf
  
  The `ring` tactic failed to close the goal. Use `ring_nf` to obtain a normal form.
    
  Note that `ring` works primarily in *commutative* rings. If you have a noncommutative ring, abelian group or module, consider using `noncomm_ring`, `abel` or `module` instead.
info: H0mework/Versions/V2/Arithmetic/BurnolMellin/SourceStripGaussianFubini.lean:263:4: Try this:
  [apply] ring_nf
  
  The `ring` tactic failed to close the goal. Use `ring_nf` to obtain a normal form.
    
  Note that `ring` works primarily in *commutative* rings. If you have a noncommutative ring, abelian group or module, consider using `noncomm_ring`, `abel` or `module` instead.
ℹ [4860/5187] Replayed H0mework.Versions.V2.Arithmetic.BurnolPhysical.GraphGramBoundary
info: H0mework/Versions/V2/Arithmetic/BurnolPhysical/GraphGramBoundary.lean:140:0: 'SaturationMonoid.ResponsibilityLifecycle.LivingLawEvolution.ConstructiveRoot.NoIslandNoMagic.CanonicalRiemann.ClozelGeneralizedDual.BurnolPhysicalState.quarterMellinGraphDenseSourceMap_denseRange' depends on axioms: [propext,
 Classical.choice,
 Quot.sound]
info: H0mework/Versions/V2/Arithmetic/BurnolPhysical/GraphGramBoundary.lean:141:0: 'SaturationMonoid.ResponsibilityLifecycle.LivingLawEvolution.ConstructiveRoot.NoIslandNoMagic.CanonicalRiemann.ClozelGeneralizedDual.BurnolPhysicalState.graphSourceMap_finTwo_gram' depends on axioms: [propext,
 Classical.choice,
 Quot.sound]
info: H0mework/Versions/V2/Arithmetic/BurnolPhysical/GraphGramBoundary.lean:142:0: 'SaturationMonoid.ResponsibilityLifecycle.LivingLawEvolution.ConstructiveRoot.NoIslandNoMagic.CanonicalRiemann.ClozelGeneralizedDual.BurnolPhysicalState.coPoissonRelationGraphSource_finTwo_gram_at_zero' depends on axioms: [propext,
 Classical.choice,
 Quot.sound]
ℹ [4907/5222] Replayed H0mework.Versions.V2.Arithmetic.RiemannResolvent.CoordinateMatchedExactOrderClosedRange
info: H0mework/Versions/V2/Arithmetic/RiemannResolvent/CoordinateMatchedExactOrderClosedRange.lean:46:4: Try this:
  [apply] ring_nf
  
  The `ring` tactic failed to close the goal. Use `ring_nf` to obtain a normal form.
    
  Note that `ring` works primarily in *commutative* rings. If you have a noncommutative ring, abelian group or module, consider using `noncomm_ring`, `abel` or `module` instead.
ℹ [4915/5222] Replayed H0mework.Versions.V2.Arithmetic.BurnolMellin.PhysicalHeatMellinStrip
info: H0mework/Versions/V2/Arithmetic/BurnolMellin/PhysicalHeatMellinStrip.lean:426:0: 'SaturationMonoid.ResponsibilityLifecycle.LivingLawEvolution.ConstructiveRoot.NoIslandNoMagic.CanonicalRiemann.ClozelGeneralizedDual.BurnolPhysicalState.burnolGenericGaussianHeatPair_mellin_differentiableOn' depends on axioms: [propext,
 Classical.choice,
 Quot.sound]
info: H0mework/Versions/V2/Arithmetic/BurnolMellin/PhysicalHeatMellinStrip.lean:427:0: 'SaturationMonoid.ResponsibilityLifecycle.LivingLawEvolution.ConstructiveRoot.NoIslandNoMagic.CanonicalRiemann.ClozelGeneralizedDual.BurnolPhysicalState.burnolPhysicalHeatMellinStrip_isConnected' depends on axioms: [propext,
 Classical.choice,
 Quot.sound]
ℹ [4920/5248] Replayed H0mework.Versions.V2.Arithmetic.RiemannDivision.AnalyticComplementAmbientMellinEvaluator
info: H0mework/Versions/V2/Arithmetic/RiemannDivision/AnalyticComplementAmbientMellinEvaluator.lean:146:2: Try this:
  [apply] ring_nf
  
  The `ring` tactic failed to close the goal. Use `ring_nf` to obtain a normal form.
    
  Note that `ring` works primarily in *commutative* rings. If you have a noncommutative ring, abelian group or module, consider using `noncomm_ring`, `abel` or `module` instead.
ℹ [5107/5440] Replayed H0mework.Arithmetic.RieszForcing.WeakIntervalPairing
info: H0mework/Arithmetic/RieszForcing/WeakIntervalPairing.lean:104:2: Try this:
  [apply] ring_nf
  
  The `ring` tactic failed to close the goal. Use `ring_nf` to obtain a normal form.
    
  Note that `ring` works primarily in *commutative* rings. If you have a noncommutative ring, abelian group or module, consider using `noncomm_ring`, `abel` or `module` instead.
✔ [5171/5476] Built H0mework.Versions.R9c73a630.Realization.Operations.Tree.Fold.Dependent.Joint.ActionWords.Inventory.Covariance.Source (9.9s)
✔ [5178/5483] Built H0mework.Versions.R9c73a630.ReleaseMaterials.SaturationMonoid.NoIslandNoMagic.CanonicalRiemann.GeneralizedDual.CoPoissonEnergy.Muntz.Cokernel.CenteredGram.JointAction.Runtime.Feedback.ClozelOriginalKPhysicalPricing (11s)
✔ [5183/5483] Built H0mework.Versions.R9c73a630.Realization.Operations.Tree.Fold.Dependent.Joint.ActionWords.Inventory.Covariance.Programme (12s)
✔ [5184/5485] Built H0mework.Versions.R9c73a630.ReleaseMaterials.SaturationMonoid.NoIslandNoMagic.CanonicalRiemann.GeneralizedDual.CoPoissonEnergy.Muntz.Cokernel.CenteredGram.JointAction.Sonine.Physical.Source.ModifiedWeakFE.Localization.Physical.Division.SourceRealization.Complete.First.Generator.Resolvent.Fourier (9.9s)
✔ [5185/5485] Built H0mework.Versions.R9c73a630.Realization.Operations.Tree.Fold.Dependent.Joint.ActionWords.Inventory.Covariance.PairMaterial (7.2s)
✔ [5187/5486] Built H0mework.Versions.R9c73a630.ReleaseMaterials.SaturationMonoid.NoIslandNoMagic.CanonicalRiemann.GeneralizedDual.CoPoissonEnergy.Muntz.Cokernel.CenteredGram.JointAction.Sonine.Physical.Source.ModifiedWeakFE.Localization.Physical.Division.SourceRealization.Complete.First.UnitResponse.Fourier.Forcing.Pa.Response.Action.SourceEquation (7.4s)
✔ [5189/5486] Built H0mework.Versions.R9c73a630.Realization.Operations.Tree.Fold.Dependent.Joint.ActionWords.Inventory.Covariance.Installation (5.5s)
✔ [5191/5495] Built H0mework.Versions.R9c73a630.Realization.Operations.Tree.Fold.Dependent.Joint.ActionWords.Inventory.Covariance.Consumer (5.4s)
✔ [5192/5501] Built H0mework.Versions.R9c73a630.ReleaseMaterials.SaturationMonoid.NoIslandNoMagic.CanonicalRiemann.GeneralizedDual.CoPoissonEnergy.Muntz.Cokernel.CenteredGram.JointAction.Sonine.Physical.Source.ModifiedWeakFE.Localization.Physical.Division.SourceRealization.Complete.First.UnitResponse.Fourier.Forcing.Pa.Response.Action.SourceEffect (6.0s)
✔ [5199/5526] Built H0mework.Versions.R9c73a630.ReleaseMaterials.SaturationMonoid.NoIslandNoMagic.CanonicalRiemann.GeneralizedDual.CoPoissonEnergy.Muntz.Cokernel.CenteredGram.JointAction.Sonine.Physical.Source.ModifiedWeakFE.Localization.Physical.Division.SourceRealization.Complete.First.UnitResponse.Fourier.Forcing.Pa.Response.Action.SourceModel (4.4s)
✔ [5201/5526] Built H0mework.Versions.R9c73a630.Realization.Operations.Tree.Fold.Dependent.Joint.ActionWords.Inventory.Covariance.Evolution (24s)
✔ [5202/5526] Built H0mework.Versions.R9c73a630.Realization.Operations.Tree.Fold.Dependent.Joint.ActionWords.Inventory.EffectHistory.Source (7.6s)
✔ [5203/5526] Built H0mework.Versions.R9c73a630.Realization.Operations.Tree.Fold.Dependent.Joint.ActionWords.Inventory.EffectHistory.Programme (6.0s)
✔ [5204/5526] Built H0mework.Versions.R9c73a630.Realization.Operations.Tree.Fold.Dependent.Joint.ActionWords.Inventory.EffectHistory.History (9.4s)
✔ [5205/5526] Built H0mework.Versions.R9c73a630.Realization.Operations.Tree.Fold.Dependent.Joint.ActionWords.Inventory.EffectHistory.Installation (8.5s)
✔ [5206/5526] Built H0mework.Versions.R9c73a630.Realization.Operations.Tree.Fold.Dependent.Joint.ActionWords.Inventory.EffectHistory.Consumer (10s)
✔ [5207/5526] Built H0mework.Versions.R9c73a630.Realization.Operations.Tree.Fold.Dependent.Joint.ActionWords.Inventory.Complete.Source (7.6s)
✔ [5208/5526] Built H0mework.Versions.R9c73a630.Realization.Operations.Tree.Fold.Dependent.Joint.ActionWords.Inventory.Complete.Programme (7.2s)
✔ [5209/5526] Built H0mework.Versions.R9c73a630.Realization.Operations.Tree.Fold.Dependent.Joint.ActionWords.Inventory.Complete.Acted (10s)
✔ [5210/5526] Built H0mework.Versions.R9c73a630.Realization.Operations.Tree.Fold.Dependent.Joint.ActionWords.Inventory.Complete.Installation (11s)
✔ [5211/5526] Built H0mework.Versions.R9c73a630.Realization.Operations.Tree.Fold.Dependent.Joint.ActionWords.Inventory.Complete.Consumer (14s)
✔ [5212/5526] Built H0mework.Versions.R9c73a630.Realization.Operations.Tree.Fold.Dependent.Joint.ActionWords.Inventory.Covariance.Execution.Source (46s)
✔ [5213/5526] Built H0mework.Versions.R9c73a630.Realization.Operations.Tree.Fold.Dependent.Joint.ActionWords.Inventory.Covariance.Execution.Installation (3.6s)
✔ [5214/5526] Built H0mework.Versions.R9c73a630.Realization.Operations.Tree.Fold.Dependent.Joint.ActionWords.Inventory.Covariance.Execution.Consumer (15s)
✔ [5215/5526] Built H0mework.Versions.R9c73a630.Realization.Operations.Tree.Fold.Dependent.Joint.ActionWords.Inventory.NodeHilbert.Source (11s)
✔ [5216/5526] Built H0mework.Versions.R9c73a630.Realization.Operations.Tree.Fold.Dependent.Joint.ActionWords.Inventory.NodeHilbert.Gram (11s)
✔ [5217/5526] Built H0mework.Versions.R9c73a630.Realization.Operations.Tree.Fold.Dependent.Joint.ActionWords.Inventory.NodeHilbert.Programme (8.5s)
✔ [5218/5526] Built H0mework.Versions.R9c73a630.Realization.Operations.Tree.Fold.Dependent.Joint.ActionWords.Inventory.NodeHilbert.Installation (6.6s)
✔ [5219/5526] Built H0mework.Versions.R9c73a630.Realization.Operations.Tree.Fold.Dependent.Joint.ActionWords.Inventory.NodeHilbert.Consumer (7.3s)
✔ [5220/5526] Built H0mework.Versions.R9c73a630.Realization.Operations.Tree.Fold.Dependent.Joint.ActionWords.Inventory.NodeHilbert.Words.Source (5.7s)
✔ [5221/5526] Built H0mework.Versions.R9c73a630.Realization.Operations.Tree.Fold.Dependent.Joint.ActionWords.Inventory.NodeHilbert.Words.Programme (10s)
✔ [5222/5526] Built H0mework.Versions.R9c73a630.Realization.Operations.Tree.Fold.Dependent.Joint.ActionWords.Inventory.NodeHilbert.Words.Installation (6.7s)
✔ [5223/5526] Built H0mework.Versions.R9c73a630.Realization.Operations.Tree.Fold.Dependent.Joint.ActionWords.Inventory.NodeHilbert.Words.Consumer (14s)
✔ [5224/5526] Built H0mework.Versions.R9c73a630.Realization.Operations.Tree.Fold.Dependent.Joint.ActionWords.Inventory.NodeHilbert.Future.Source (5.3s)
✔ [5225/5526] Built H0mework.Versions.R9c73a630.Realization.Operations.Tree.Fold.Dependent.Joint.ActionWords.Inventory.NodeHilbert.Future.Observation (6.7s)
✔ [5226/5526] Built H0mework.Versions.R9c73a630.Realization.Operations.Tree.Fold.Dependent.Joint.ActionWords.Inventory.NodeHilbert.Future.Kernel (14s)
✔ [5227/5526] Built H0mework.Versions.R9c73a630.Realization.Operations.Tree.Fold.Dependent.Joint.ActionWords.Inventory.NodeHilbert.Future.Action (14s)
✔ [5228/5526] Built H0mework.Versions.R9c73a630.Realization.Operations.Tree.Fold.Dependent.Joint.ActionWords.Inventory.NodeHilbert.Future.Programme (10s)
✔ [5229/5526] Built H0mework.Versions.R9c73a630.Realization.Operations.Tree.Fold.Dependent.Joint.ActionWords.Inventory.NodeHilbert.Future.Installation (5.9s)
✔ [5230/5526] Built H0mework.Versions.R9c73a630.Realization.Operations.Tree.Fold.Dependent.Joint.ActionWords.Inventory.NodeHilbert.Future.Consumer (12s)
✔ [5231/5526] Built H0mework.Versions.R9c73a630.Realization.Operations.Tree.Fold.Dependent.Joint.ActionWords.Inventory.NodeHilbert.Future.Recovery.Source (20s)
✔ [5232/5526] Built H0mework.Versions.R9c73a630.Realization.Operations.Tree.Fold.Dependent.Joint.ActionWords.Inventory.NodeHilbert.Future.Recovery.Action (28s)
✔ [5233/5526] Built H0mework.Versions.R9c73a630.Realization.Operations.Tree.Fold.Dependent.Joint.ActionWords.Inventory.NodeHilbert.Future.Recovery.Programme (13s)
✔ [5234/5526] Built H0mework.Versions.R9c73a630.Realization.Operations.Tree.Fold.Dependent.Joint.ActionWords.Inventory.NodeHilbert.Future.Recovery.Acted (28s)
✔ [5235/5526] Built H0mework.Versions.R9c73a630.Realization.Operations.Tree.Fold.Dependent.Joint.ActionWords.Inventory.NodeHilbert.Future.Recovery.Installation (9.4s)
✔ [5236/5526] Built H0mework.Versions.R9c73a630.Realization.Operations.Tree.Fold.Dependent.Joint.ActionWords.Inventory.NodeHilbert.Future.Recovery.Consumer (52s)
✔ [5237/5526] Built H0mework.Versions.R9c73a630.Realization.Operations.Tree.Fold.Dependent.Joint.ActionWords.Inventory.NodeHilbert.Future.Wave.Source (14s)
✔ [5238/5526] Built H0mework.Versions.R9c73a630.Realization.Operations.Tree.Fold.Dependent.Joint.ActionWords.Inventory.NodeHilbert.Future.Wave.Programme (7.9s)
✔ [5239/5526] Built H0mework.Versions.R9c73a630.Realization.Operations.Tree.Fold.Dependent.Joint.ActionWords.Inventory.NodeHilbert.Future.Wave.Installation (7.1s)
✔ [5240/5526] Built H0mework.Versions.R9c73a630.Realization.Operations.Tree.Fold.Dependent.Joint.ActionWords.Inventory.NodeHilbert.Future.Wave.Consumer (8.0s)
✔ [5241/5526] Built H0mework.Versions.R9c73a630.Realization.Operations.Tree.Fold.Dependent.Joint.ActionWords.Inventory.NodeHilbert.Future.Wave.Orbit.Source (7.4s)
✔ [5242/5526] Built H0mework.Versions.R9c73a630.Realization.Operations.Tree.Fold.Dependent.Joint.ActionWords.Inventory.NodeHilbert.Future.Wave.Orbit.Programme (5.0s)
✔ [5243/5526] Built H0mework.Versions.R9c73a630.Realization.Operations.Tree.Fold.Dependent.Joint.ActionWords.Inventory.NodeHilbert.Future.Wave.Orbit.Installation (8.8s)
✔ [5244/5526] Built H0mework.Versions.R9c73a630.Realization.Operations.Tree.Fold.Dependent.Joint.ActionWords.Inventory.NodeHilbert.Future.Wave.Orbit.Output (5.3s)
✔ [5245/5526] Built H0mework.Versions.R9c73a630.Realization.Operations.Tree.Fold.Dependent.Joint.ActionWords.Inventory.NodeHilbert.Future.Wave.Orbit.Pair (6.6s)
✔ [5246/5526] Built H0mework.Versions.R9c73a630.Realization.Operations.Tree.Fold.Dependent.Joint.ActionWords.Inventory.NodeHilbert.Future.Wave.Orbit.Consumer (6.2s)
✔ [5247/5526] Built H0mework.Versions.R9c73a630.Realization.Operations.Tree.Fold.Dependent.Joint.ActionWords.Inventory.NodeHilbert.Future.Wave.Words.Kernel (7.1s)
✔ [5248/5526] Built H0mework.Versions.R9c73a630.Realization.Operations.Tree.Fold.Dependent.Joint.ActionWords.Inventory.NodeHilbert.Future.Wave.Words.Source (6.6s)
✔ [5249/5526] Built H0mework.Versions.R9c73a630.Realization.Operations.Tree.Fold.Dependent.Joint.ActionWords.Inventory.NodeHilbert.Future.Wave.Words.Programme (6.8s)
✔ [5250/5526] Built H0mework.Versions.R9c73a630.Realization.Operations.Tree.Fold.Dependent.Joint.ActionWords.Inventory.NodeHilbert.Future.Wave.Words.Installation (14s)
✔ [5251/5526] Built H0mework.Versions.R9c73a630.Realization.Operations.Tree.Fold.Dependent.Joint.ActionWords.Inventory.NodeHilbert.Future.Wave.Words.Output (8.1s)
✔ [5252/5526] Built H0mework.Versions.R9c73a630.Realization.Operations.Tree.Fold.Dependent.Joint.ActionWords.Inventory.NodeHilbert.Future.Wave.Words.Pair (9.8s)
✔ [5253/5526] Built H0mework.Versions.R9c73a630.Realization.Operations.Tree.Fold.Dependent.Joint.ActionWords.Inventory.NodeHilbert.Future.Wave.Words.Consumer (13s)
✔ [5254/5526] Built H0mework.Versions.R9c73a630.Realization.Operations.Tree.Fold.Dependent.Joint.ActionWords.Inventory.NodeHilbert.Future.Wave.Full.Map (8.9s)
✔ [5255/5526] Built H0mework.Versions.R9c73a630.Realization.Operations.Tree.Fold.Dependent.Joint.ActionWords.Inventory.NodeHilbert.Future.Wave.Full.Source (8.7s)
✔ [5256/5526] Built H0mework.Versions.R9c73a630.Realization.Operations.Tree.Fold.Dependent.Joint.ActionWords.Inventory.NodeHilbert.Future.Wave.Full.Kernel (9.6s)
✔ [5257/5526] Built H0mework.Versions.R9c73a630.Realization.Operations.Tree.Fold.Dependent.Joint.ActionWords.Inventory.NodeHilbert.Future.Wave.Full.Programme (4.3s)
✔ [5258/5526] Built H0mework.Versions.R9c73a630.Realization.Operations.Tree.Fold.Dependent.Joint.ActionWords.Inventory.NodeHilbert.Future.Wave.Full.Installation (8.0s)
✔ [5259/5526] Built H0mework.Versions.R9c73a630.Realization.Operations.Tree.Fold.Dependent.Joint.ActionWords.Inventory.NodeHilbert.Future.Wave.Full.Output (5.3s)
✔ [5260/5526] Built H0mework.Versions.R9c73a630.Realization.Operations.Tree.Fold.Dependent.Joint.ActionWords.Inventory.NodeHilbert.Future.Wave.Full.Pair (8.0s)
✔ [5261/5526] Built H0mework.Versions.R9c73a630.Realization.Operations.Tree.Fold.Dependent.Joint.ActionWords.Inventory.NodeHilbert.Future.Wave.Full.Consumer (5.6s)
✔ [5262/5526] Built H0mework.Versions.R9c73a630.Realization.Operations.Tree.Fold.Dependent.Joint.ActionWords.Inventory.NodeHilbert.Future.Wave.Recovery.Range (3.6s)
✔ [5263/5526] Built H0mework.Versions.R9c73a630.Realization.Operations.Tree.Fold.Dependent.Joint.ActionWords.Inventory.NodeHilbert.Future.Wave.Recovery.Source (7.6s)
✔ [5264/5526] Built H0mework.Versions.R9c73a630.Realization.Operations.Tree.Fold.Dependent.Joint.ActionWords.Inventory.NodeHilbert.Future.Wave.Recovery.Action (8.7s)
✔ [5265/5526] Built H0mework.Versions.R9c73a630.Realization.Operations.Tree.Fold.Dependent.Joint.ActionWords.Inventory.NodeHilbert.Future.Wave.Recovery.Programme (11s)
✔ [5266/5526] Built H0mework.Versions.R9c73a630.Realization.Operations.Tree.Fold.Dependent.Joint.ActionWords.Inventory.NodeHilbert.Future.Wave.Recovery.Acted (5.9s)
✔ [5267/5526] Built H0mework.Versions.R9c73a630.Realization.Operations.Tree.Fold.Dependent.Joint.ActionWords.Inventory.NodeHilbert.Future.Wave.Recovery.Installation (8.0s)
✔ [5268/5526] Built H0mework.Versions.R9c73a630.Realization.Operations.Tree.Fold.Dependent.Joint.ActionWords.Inventory.NodeHilbert.Future.Wave.Recovery.Consumer (9.5s)
✔ [5269/5526] Built H0mework.Versions.R9c73a630.Realization.Operations.Tree.Fold.Dependent.Joint.ActionWords.Inventory.NodeHilbert.Future.Wave.Incidence.Programme (8.7s)
✔ [5270/5526] Built H0mework.Versions.R9c73a630.Realization.Operations.Tree.Fold.Dependent.Joint.ActionWords.Inventory.NodeHilbert.Future.Wave.Incidence.Installation (13s)
✔ [5271/5526] Built H0mework.Versions.R9c73a630.Realization.Operations.Tree.Fold.Dependent.Joint.ActionWords.Inventory.NodeHilbert.Future.Wave.Incidence.Output (3.0s)
✔ [5272/5526] Built H0mework.Versions.R9c73a630.Realization.Operations.Tree.Fold.Dependent.Joint.ActionWords.Inventory.NodeHilbert.Future.Wave.Incidence.Pair (4.5s)
✔ [5273/5526] Built H0mework.Versions.R9c73a630.Realization.Operations.Tree.Fold.Dependent.Joint.ActionWords.Inventory.NodeHilbert.Future.Wave.Incidence.Consumer (4.4s)
✔ [5274/5526] Built H0mework.Versions.R9c73a630.Realization.Operations.Tree.Fold.Dependent.Joint.ActionWords.Inventory.NodeHilbert.Future.Wave.Incidence.Mouth (2.0s)
✔ [5275/5526] Built H0mework.Versions.R9c73a630.Realization.Operations.Tree.Fold.Dependent.Joint.ActionWords.Inventory.NodeHilbert.Future.Wave.Incidence.Branch.Source (4.9s)
✔ [5276/5526] Built H0mework.Versions.R9c73a630.Realization.Operations.Tree.Fold.Dependent.Joint.ActionWords.Inventory.NodeHilbert.Future.Wave.Incidence.Branch.Installation (10s)
✔ [5277/5526] Built H0mework.Versions.R9c73a630.Realization.Operations.Tree.Fold.Dependent.Joint.ActionWords.Inventory.NodeHilbert.Future.Wave.Incidence.Branch.Pair (6.4s)
✔ [5278/5526] Built H0mework.Versions.R9c73a630.Realization.Operations.Tree.Fold.Dependent.Joint.ActionWords.Inventory.NodeHilbert.Future.Wave.Incidence.Branch.Consumer (6.3s)
✔ [5279/5526] Built H0mework.Versions.R9c73a630.Realization.Operations.Tree.Fold.Dependent.Joint.ActionWords.Inventory.NodeHilbert.Future.Wave.Incidence.Branch.Recovery (5.8s)
✔ [5280/5526] Built H0mework.Versions.R9c73a630.Realization.Operations.Tree.Fold.Dependent.Joint.ActionWords.Inventory.NodeHilbert.Future.Wave.Incidence.Relations.Generic (3.8s)
✔ [5281/5526] Built H0mework.Versions.R9c73a630.Realization.Operations.Tree.Fold.Dependent.Joint.ActionWords.Inventory.NodeHilbert.Future.Wave.Incidence.Relations.Source (36s)
✔ [5282/5526] Built H0mework.Versions.R9c73a630.Realization.Operations.Tree.Fold.Dependent.Joint.ActionWords.Inventory.NodeHilbert.Future.Wave.Incidence.Relations.Complex (7.9s)
✔ [5283/5526] Built H0mework.Versions.R9c73a630.Realization.Operations.Tree.Fold.Dependent.Joint.ActionWords.Inventory.NodeHilbert.Future.Wave.Incidence.Relations.Query (7.9s)
✔ [5284/5526] Built H0mework.Versions.R9c73a630.Realization.Operations.Tree.Fold.Dependent.Joint.ActionWords.Inventory.NodeHilbert.Future.Wave.Incidence.Relations.Installation (12s)
✔ [5285/5526] Built H0mework.Versions.R9c73a630.Realization.Operations.Tree.Fold.Dependent.Joint.ActionWords.Inventory.NodeHilbert.Future.Wave.Incidence.Relations.Consumer (8.4s)
✔ [5286/5526] Built H0mework.Versions.R9c73a630.Realization.Operations.Tree.Fold.Dependent.Joint.ActionWords.Inventory.NodeHilbert.Future.Wave.Incidence.Relations.Inventory (6.7s)
✔ [5287/5526] Built H0mework.Versions.R9c73a630.Realization.Operations.Tree.Fold.Dependent.Joint.ActionWords.Inventory.NodeHilbert.Future.Wave.Incidence.Relations.Faces (7.3s)
✔ [5288/5526] Built H0mework.Versions.R9c73a630.Realization.Operations.Tree.Fold.Dependent.Joint.ActionWords.Inventory.NodeHilbert.Future.Wave.Incidence.Cursor.Source (7.7s)
✔ [5289/5526] Built H0mework.Versions.R9c73a630.Realization.Operations.Tree.Fold.Dependent.Joint.ActionWords.Inventory.NodeHilbert.Future.Wave.Incidence.Cursor.Consumer (6.3s)
✔ [5290/5526] Built H0mework.Versions.R9c73a630.Realization.Operations.Tree.Fold.Dependent.Joint.ActionWords.Inventory.NodeHilbert.Future.Wave.Incidence.NextInventory.Source (6.6s)
✔ [5291/5526] Built H0mework.Versions.R9c73a630.Realization.Operations.Tree.Fold.Dependent.Joint.ActionWords.Inventory.NodeHilbert.Future.Wave.Incidence.NextInventory.Consumer (41s)
✔ [5292/5526] Built H0mework.Versions.R9c73a630.Realization.Operations.Tree.Fold.Dependent.Joint.ActionWords.Inventory.NodeHilbert.Future.Wave.Incidence.Lineage.Programme (5.5s)
✔ [5293/5526] Built H0mework.Versions.R9c73a630.Realization.Operations.Tree.Fold.Dependent.Joint.ActionWords.Inventory.NodeHilbert.Future.Wave.Incidence.Lineage.Installation (7.1s)
✔ [5294/5526] Built H0mework.Versions.R9c73a630.Realization.Operations.Tree.Fold.Dependent.Joint.ActionWords.Inventory.NodeHilbert.Future.Wave.Incidence.Lineage.Consumer (19s)
✔ [5295/5526] Built H0mework.Versions.R9c73a630.Realization.Operations.Tree.Fold.Dependent.Joint.ActionWords.Inventory.NodeHilbert.Future.Wave.Incidence.Gram.Kernel (5.5s)
✔ [5296/5526] Built H0mework.Versions.R9c73a630.Realization.Operations.Tree.Fold.Dependent.Joint.ActionWords.Inventory.NodeHilbert.Future.Wave.Incidence.Gram.Observation (15s)
✔ [5297/5526] Built H0mework.Versions.R9c73a630.Realization.Operations.Tree.Fold.Dependent.Joint.ActionWords.Inventory.NodeHilbert.Future.Wave.Incidence.Gram.Programme (6.5s)
✔ [5298/5526] Built H0mework.Versions.R9c73a630.Realization.Operations.Tree.Fold.Dependent.Joint.ActionWords.Inventory.NodeHilbert.Future.Wave.Incidence.Gram.Installation (6.2s)
✔ [5299/5526] Built H0mework.Versions.R9c73a630.Realization.Operations.Tree.Fold.Dependent.Joint.ActionWords.Inventory.NodeHilbert.Future.Wave.Incidence.Gram.Consumer (4.6s)
✔ [5300/5526] Built H0mework.Versions.R9c73a630.Realization.Operations.Tree.Fold.Dependent.Joint.ActionWords.Inventory.NodeHilbert.Future.Wave.Incidence.Gram.Energy (3.8s)
✔ [5301/5526] Built H0mework.Versions.R9c73a630.Realization.Operations.Tree.Fold.Dependent.Joint.ActionWords.Inventory.NodeHilbert.Future.Wave.Incidence.Response.Source (5.3s)
✔ [5302/5526] Built H0mework.Versions.R9c73a630.Realization.Operations.Tree.Fold.Dependent.Joint.ActionWords.Inventory.NodeHilbert.Future.Wave.Incidence.Response.Laws (3.4s)
✔ [5303/5526] Built H0mework.Versions.R9c73a630.Realization.Operations.Tree.Fold.Dependent.Joint.ActionWords.Inventory.NodeHilbert.Future.Wave.Incidence.Response.Programme (9.5s)
✔ [5304/5526] Built H0mework.Versions.R9c73a630.Realization.Operations.Tree.Fold.Dependent.Joint.ActionWords.Inventory.NodeHilbert.Future.Wave.Incidence.Response.Installation (7.9s)
✔ [5305/5526] Built H0mework.Versions.R9c73a630.Realization.Operations.Tree.Fold.Dependent.Joint.ActionWords.Inventory.NodeHilbert.Future.Wave.Incidence.Response.Consumer (5.1s)
✔ [5306/5526] Built H0mework.Versions.R9c73a630.Realization.Operations.Tree.Fold.Dependent.Joint.ActionWords.Inventory.NodeHilbert.Future.Wave.Incidence.History.Kernel (6.8s)
✔ [5307/5526] Built H0mework.Versions.R9c73a630.Realization.Operations.Tree.Fold.Dependent.Joint.ActionWords.Inventory.NodeHilbert.Future.Wave.Incidence.History.Source (6.8s)
✔ [5308/5526] Built H0mework.Versions.R9c73a630.Realization.Operations.Tree.Fold.Dependent.Joint.ActionWords.Inventory.NodeHilbert.Future.Wave.Incidence.History.Laws (6.0s)
✔ [5309/5526] Built H0mework.Versions.R9c73a630.Realization.Operations.Tree.Fold.Dependent.Joint.ActionWords.Inventory.NodeHilbert.Future.Wave.Incidence.History.Installation (6.4s)
✔ [5310/5526] Built H0mework.Versions.R9c73a630.Realization.Operations.Tree.Fold.Dependent.Joint.ActionWords.Inventory.NodeHilbert.Future.Wave.Incidence.History.Consumer (6.6s)
✔ [5311/5526] Built H0mework.Versions.R9c73a630.Realization.Operations.Tree.Fold.Dependent.Joint.ActionWords.Inventory.NodeHilbert.Future.Wave.Incidence.Environment.Source (5.2s)
✔ [5312/5526] Built H0mework.Versions.R9c73a630.Realization.Operations.Tree.Fold.Dependent.Joint.ActionWords.Inventory.NodeHilbert.Future.Wave.Incidence.Environment.Consumer (6.2s)
✔ [5313/5526] Built H0mework.Versions.R9c73a630.Realization.Operations.Tree.Fold.Dependent.Joint.ActionWords.Inventory.NodeHilbert.Future.Wave.Incidence.Environment.Faces (14s)
✔ [5314/5526] Built H0mework.Versions.R9c73a630.Realization.Operations.Tree.Fold.Dependent.Joint.ActionWords.Inventory.NodeHilbert.Future.Wave.Incidence.Environment.WriteBack (8.9s)
✔ [5315/5526] Built H0mework.Versions.R9c73a630.Realization.Operations.Tree.Fold.Dependent.Joint.ActionWords.Inventory.NodeHilbert.Future.Wave.Incidence.Environment.Perfect.Kernel (4.7s)
✔ [5316/5526] Built H0mework.Versions.R9c73a630.Realization.Operations.Inquiry.Context.Faces.Execution.Activation.Receipt.Faces.Source (5.4s)
✔ [5317/5526] Built H0mework.Versions.R9c73a630.Realization.Operations.Inquiry.Context.Faces.Execution.Activation.Inventory.Pair.Residual.Joint.Past.NextObservation.Request.Acted.FourFace.Source (5.4s)
✔ [5318/5526] Built H0mework.Versions.R9c73a630.Realization.Operations.Inquiry.Context.Faces.Execution.Activation.Receipt.Faces.Action (5.1s)
✔ [5319/5526] Built H0mework.Versions.R9c73a630.Realization.Operations.Inquiry.Context.Faces.Execution.Activation.Receipt.Faces.Consumer (7.6s)
✔ [5320/5526] Built H0mework.Versions.R9c73a630.Realization.Operations.Inquiry.Context.Faces.Execution.Activation.Inventory.Pair.Residual.Joint.Past.NextObservation.Request.Acted.FourFace.Consumer (15s)
✔ [5321/5526] Built H0mework.Versions.R9c73a630.Realization.Operations.Inquiry.Context.Faces.Execution.Activation.Receipt.Faces.Native.Source (6.8s)
✔ [5322/5526] Built H0mework.Versions.R9c73a630.Realization.Operations.Inquiry.Context.Faces.Execution.Activation.Receipt.Faces.Native.Consumer (3.7s)
✔ [5323/5526] Built H0mework.Versions.R9c73a630.Realization.Operations.Inquiry.Context.Faces.Execution.Activation.Receipt.Inventory.Consumer (4.8s)
✔ [5324/5526] Built H0mework.Versions.R9c73a630.Realization.Operations.Inquiry.Context.Faces.Execution.Activation.Receipt.Inventory.Born.Source (5.0s)
✔ [5325/5526] Built H0mework.Versions.R9c73a630.Realization.Operations.Inquiry.Context.Faces.Execution.Activation.Receipt.Inventory.Born.Consumer (5.8s)
✔ [5326/5526] Built H0mework.Versions.R9c73a630.Realization.Operations.Inquiry.Context.Native.Frame.Stock (12s)
✔ [5327/5526] Built H0mework.Versions.R9c73a630.Realization.Operations.Tree.Fold.Dependent.Branch.JointQuery.Actor.Installation.Source (7.7s)
✔ [5328/5526] Built H0mework.Versions.R9c73a630.Realization.Operations.Tree.Fold.Dependent.Branch.JointQuery.Actor.Operation.Query.Inventory.Source (7.1s)
✔ [5329/5526] Built H0mework.Versions.R9c73a630.Realization.Operations.Tree.Fold.Dependent.Branch.JointQuery.Actor.Action.Source (5.1s)
✔ [5330/5526] Built H0mework.Versions.R9c73a630.Realization.Operations.Tree.Fold.Dependent.Branch.JointQuery.Actor.Operation.Query.Inventory.Consumer (10s)
✔ [5331/5526] Built H0mework.Versions.R9c73a630.Realization.Operations.Tree.Fold.Dependent.Branch.JointQuery.Actor.Operation.Query.Inventory.Action.Source (8.8s)
✔ [5332/5526] Built H0mework.Versions.R9c73a630.Realization.Operations.Tree.Fold.Dependent.Branch.JointQuery.Actor.Operation.Query.Inventory.Installation.Source (6.8s)
✔ [5333/5526] Built H0mework.Versions.R9c73a630.Realization.Operations.Tree.Fold.Dependent.Branch.JointQuery.Actor.Operation.Query.Inventory.Action.Consumer (5.7s)
✔ [5334/5526] Built H0mework.Versions.R9c73a630.Realization.Operations.Inquiry.Context.Native.Frame.Stock.Return (52s)
✔ [5335/5526] Built H0mework.Versions.R9c73a630.Realization.Operations.Tree.Fold.Dependent.Branch.JointQuery.Actor.Operation.Query.Inventory.Live.Source (6.2s)
✔ [5336/5526] Built H0mework.Versions.R9c73a630.Realization.Operations.Tree.Fold.Dependent.Branch.JointQuery.Actor.Operation.Query.Inventory.Live.Consumer (18s)
✔ [5337/5526] Built H0mework.Versions.R9c73a630.ReleaseMaterials.SaturationMonoid.NoIslandNoMagic.CanonicalRiemann.GeneralizedDual.CoPoissonEnergy.Muntz.Cokernel.CenteredGram.JointAction.Runtime.Feedback.ClozelOriginalKReceiptSource (22s)
✔ [5338/5526] Built H0mework.Versions.R9c73a630.Realization.Operations.Tree.Fold.Dependent.Branch.JointQuery.Actor.Operation.Query.Inventory.Observer.Source (21s)
✔ [5339/5526] Built H0mework.Versions.R9c73a630.ReleaseMaterials.SaturationMonoid.NoIslandNoMagic.CanonicalRiemann.GeneralizedDual.CoPoissonEnergy.Muntz.Cokernel.CenteredGram.JointAction.Runtime.Feedback.ClozelOriginalKReceiptFeedback (35s)
✔ [5340/5526] Built H0mework.Versions.R9c73a630.Realization.Operations.Tree.Fold.Dependent.Branch.JointQuery.Actor.Operation.Query.Inventory.Observer.Consumer (15s)
✔ [5341/5526] Built H0mework.Versions.R9c73a630.Realization.Operations.Tree.Fold.Dependent.Branch.JointQuery.Actor.Operation.Query.Inventory.Observer.Installation.Source (5.4s)
✔ [5342/5526] Built H0mework.Versions.R9c73a630.ReleaseMaterials.SaturationMonoid.NoIslandNoMagic.CanonicalRiemann.GeneralizedDual.CoPoissonEnergy.Muntz.Cokernel.CenteredGram.JointAction.Runtime.Feedback.ClozelOriginalKPhysicalAction (9.1s)
✔ [5343/5526] Built H0mework.Versions.R9c73a630.Realization.Operations.Tree.Fold.Dependent.Branch.JointQuery.Actor.Operation.Query.Inventory.Observer.Action.Source (6.0s)
✔ [5344/5526] Built H0mework.Versions.R9c73a630.Realization.Operations.Tree.Fold.Dependent.Branch.JointQuery.Actor.Operation.Query.Inventory.Observer.Action.Consumer (8.5s)
✔ [5345/5526] Built H0mework.Versions.R9c73a630.Realization.Operations.Tree.Fold.Dependent.Branch.JointQuery.Actor.Operation.Query.Inventory.Observer.ActiveRaw.Source (5.0s)
✔ [5346/5526] Built H0mework.Versions.R9c73a630.ReleaseMaterials.SaturationMonoid.NoIslandNoMagic.CanonicalRiemann.GeneralizedDual.CoPoissonEnergy.Muntz.Cokernel.CenteredGram.JointAction.Runtime.Feedback.ClozelOriginalKPhysicalFeedback (17s)
✔ [5347/5526] Built H0mework.Versions.R9c73a630.Realization.Operations.Tree.Fold.Dependent.Branch.JointQuery.Actor.Operation.Query.Inventory.Observer.Live.Source (7.6s)
✔ [5348/5526] Built H0mework.Versions.R9c73a630.Realization.Operations.Tree.Fold.Dependent.Branch.JointQuery.Actor.Operation.Query.Inventory.Observer.ActiveRaw.Consumer (11s)
✔ [5349/5526] Built H0mework.Versions.R9c73a630.Realization.Operations.Tree.Fold.Dependent.Branch.JointQuery.Actor.Operation.Query.Inventory.Observer.CurrentActor.Source (4.0s)
✔ [5350/5526] Built H0mework.Versions.R9c73a630.Realization.Operations.Tree.Fold.Dependent.Branch.JointQuery.Actor.Operation.Query.Inventory.Observer.CurrentActor.Consumer (5.9s)
✔ [5351/5526] Built H0mework.Versions.R9c73a630.Realization.Operations.Tree.Fold.Dependent.Branch.JointQuery.Actor.Operation.Query.Inventory.Observer.CurrentChild.Language (4.2s)
✔ [5352/5526] Built H0mework.Versions.R9c73a630.Realization.Operations.Tree.Fold.Dependent.Branch.JointQuery.Actor.Operation.Query.Inventory.Observer.CurrentChild.Source (4.1s)
✔ [5353/5526] Built H0mework.Versions.R9c73a630.ReleaseMaterials.SaturationMonoid.NoIslandNoMagic.CanonicalRiemann.GeneralizedDual.CoPoissonEnergy.Muntz.Cokernel.CenteredGram.JointAction.Runtime.Feedback.ClozelOriginalKRegisteredSourceFeed (46s)
✔ [5354/5526] Built H0mework.Versions.R9c73a630.Realization.Operations.Tree.Fold.Dependent.Branch.JointQuery.Actor.Operation.Query.Inventory.Observer.CurrentChild.Inventory (3.5s)
✔ [5355/5526] Built H0mework.Versions.R9c73a630.Realization.Operations.Tree.Fold.Dependent.Branch.JointQuery.Actor.Operation.Query.Inventory.Observer.CurrentChild.Consumer (12s)
✔ [5356/5526] Built H0mework.Versions.R9c73a630.Realization.Operations.Tree.Fold.Dependent.Branch.JointQuery.Actor.Operation.Query.Inventory.Observer.CurrentChild.Installation.Source (3.5s)
✔ [5357/5526] Built H0mework.Versions.R9c73a630.Realization.Operations.Tree.Fold.Dependent.Branch.JointQuery.Actor.Operation.Query.Inventory.Observer.CurrentChild.Dynamic.Source (4.8s)
✔ [5358/5526] Built H0mework.Versions.R9c73a630.Realization.Operations.Tree.Fold.Dependent.Branch.JointQuery.Actor.Operation.Query.Inventory.Observer.CurrentChild.Dynamic.Action.Source (4.9s)
✔ [5359/5526] Built H0mework.Versions.R9c73a630.Realization.Operations.Tree.Fold.Dependent.Branch.JointQuery.Actor.Operation.Query.Inventory.Observer.CurrentChild.Dynamic.Consumer (5.3s)
✔ [5360/5526] Built H0mework.Versions.R9c73a630.Realization.Operations.Tree.Fold.Dependent.Branch.JointQuery.Actor.Operation.Query.Inventory.Observer.CurrentChild.Dynamic.Live.Source (7.9s)
✔ [5361/5526] Built H0mework.Versions.R9c73a630.Realization.Operations.Tree.Fold.Dependent.Branch.JointQuery.Actor.Operation.Query.Inventory.Observer.CurrentChild.Dynamic.Live.Origin.Consumer (8.9s)
✔ [5362/5526] Built H0mework.Versions.R9c73a630.Realization.Operations.Tree.Fold.Dependent.Branch.JointQuery.Actor.Operation.Query.Inventory.Observer.CurrentChild.Dynamic.Live.Native.Source (4.3s)
✔ [5363/5526] Built H0mework.Versions.R9c73a630.Realization.Operations.Tree.Fold.Dependent.Branch.JointQuery.Actor.Operation.Query.Inventory.Observer.CurrentChild.Dynamic.Live.Epoch.Consumer (5.2s)
✔ [5364/5526] Built H0mework.Versions.R9c73a630.Realization.Operations.Tree.Fold.Dependent.Branch.JointQuery.Actor.Operation.Query.Inventory.Observer.CurrentChild.Dynamic.Live.LowStock.Consumer (50s)
✔ [5365/5526] Built H0mework.Versions.R9c73a630.Realization.Operations.Tree.Fold.Dependent.Branch.JointQuery.Actor.Operation.Query.Inventory.Observer.CurrentChild.Dynamic.Live.Native.Consumer (15s)
✔ [5366/5526] Built H0mework.Versions.R9c73a630.Realization.Operations.Tree.Fold.Dependent.Branch.JointQuery.Actor.Operation.Query.Inventory.Observer.CurrentChild.Dynamic.Live.Native.Action.Source (5.4s)
✔ [5367/5526] Built H0mework.Versions.R9c73a630.Realization.Operations.Tree.Fold.Dependent.Branch.JointQuery.Actor.Operation.Query.Inventory.Observer.CurrentChild.Dynamic.Live.Native.Action.Runtime (6.0s)
✔ [5368/5526] Built H0mework.Versions.R9c73a630.Realization.Operations.Tree.Fold.Dependent.Branch.JointQuery.Actor.Operation.Query.Inventory.Observer.CurrentChild.Dynamic.Live.Native.Action.Consumer (10s)
✔ [5369/5526] Built H0mework.Versions.R9c73a630.Realization.Operations.Tree.Fold.Dependent.Branch.JointQuery.Actor.Operation.Query.Inventory.Observer.CurrentChild.Dynamic.Live.Native.Action.Root (3.1s)
✔ [5370/5526] Built H0mework.Versions.R9c73a630.Realization.Operations.Tree.Fold.Dependent.Branch.JointQuery.Actor.Operation.Query.Inventory.Observer.CurrentChild.Dynamic.Live.Native.Action.Intake.Source (9.5s)
✔ [5371/5526] Built H0mework.Versions.R9c73a630.Realization.Operations.Tree.Fold.Dependent.Branch.JointQuery.Actor.Operation.Query.Inventory.Observer.CurrentChild.Dynamic.Live.Native.Action.Intake.Consumer (11s)
✔ [5372/5526] Built H0mework.Versions.R9c73a630.ReleaseMaterials.SaturationMonoid.GenericFoundation.Operations.Inquiry.Context.Faces.Execution.Activation.Receipt.Configured.Writeback.Source (3.8s)
✔ [5373/5526] Built H0mework.Versions.R9c73a630.Realization.Operations.Tree.Fold.Dependent.Branch.JointQuery.Actor.Operation.Query.Inventory.Observer.CurrentChild.Dynamic.Live.Native.Action.DebtReplay.Source (4.4s)
✔ [5374/5526] Built H0mework.Versions.R9c73a630.Realization.Operations.Tree.Fold.Dependent.Branch.JointQuery.Actor.Operation.Query.Inventory.Observer.CurrentChild.Dynamic.Live.Native.Action.Catalogue.Source (4.4s)
✔ [5375/5526] Built H0mework.Versions.R9c73a630.ReleaseMaterials.SaturationMonoid.GenericFoundation.Operations.Inquiry.Context.Faces.Execution.Activation.Receipt.Configured.Writeback.Consumer (4.0s)
✔ [5376/5526] Built H0mework.Versions.R9c73a630.Realization.Operations.Tree.Fold.Dependent.Branch.JointQuery.Actor.Operation.Query.Inventory.Observer.CurrentChild.Dynamic.Live.Native.Action.Catalogue.Charge (2.9s)
✔ [5377/5526] Built H0mework.Versions.R9c73a630.Realization.Operations.Tree.Fold.Dependent.Branch.JointQuery.Actor.Operation.Query.Inventory.Observer.CurrentChild.Dynamic.Live.Native.Action.DebtReplay.Intake (7.6s)
✔ [5378/5526] Built H0mework.Versions.R9c73a630.Realization.Operations.Tree.Fold.Dependent.Branch.JointQuery.Actor.Operation.Query.Inventory.Observer.CurrentChild.Dynamic.Live.Native.Action.Catalogue.Runtime (4.0s)
✔ [5379/5526] Built H0mework.Versions.R9c73a630.ReleaseMaterials.SaturationMonoid.NoIslandNoMagic.CanonicalRiemann.GeneralizedDual.CoPoissonEnergy.Muntz.Cokernel.CenteredGram.JointAction.Runtime.Feedback.ClozelOriginalKConfiguredPairWriteback (28s)
✔ [5380/5526] Built H0mework.Versions.R9c73a630.Realization.Operations.Tree.Fold.Dependent.Branch.JointQuery.Actor.Operation.Query.Inventory.Observer.CurrentChild.Dynamic.Live.Native.Action.DebtReplay.Consumer (28s)
✔ [5381/5526] Built H0mework.Versions.R9c73a630.Realization.Operations.Tree.Fold.Dependent.Branch.JointQuery.Actor.Operation.Query.Inventory.Observer.CurrentChild.Dynamic.Live.Native.Action.Catalogue.Orbit (4.8s)
ℹ [5382/5526] Built H0mework.Versions.R9c73a630.ReleaseMaterials.Verification.NoIsland.RiemannCombSource.ConfiguredPairWriteback (4.3s)
info: H0mework/Versions/R9c73a630/ReleaseMaterials/Verification/NoIsland/RiemannCombSource/ConfiguredPairWriteback.lean:63:0: 'SaturationMonoid.ResponsibilityLifecycle.LivingLawEvolution.ConstructiveRoot.NoIslandNoMagic.CanonicalRiemann.ClozelGeneralizedDual.CenteredGram.IntegralGraphJointAction.OriginalKCombConfiguredPairWriteback.actual_born_pair' depends on axioms: [propext,
 Classical.choice,
 Quot.sound]
info: H0mework/Versions/R9c73a630/ReleaseMaterials/Verification/NoIsland/RiemannCombSource/ConfiguredPairWriteback.lean:116:0: 'SaturationMonoid.ResponsibilityLifecycle.LivingLawEvolution.ConstructiveRoot.SourceGeneratedInquiryReceiptAction.Configured.Writeback.Controls.written_one' depends on axioms: [propext,
 Classical.choice,
 Quot.sound]
info: H0mework/Versions/R9c73a630/ReleaseMaterials/Verification/NoIsland/RiemannCombSource/ConfiguredPairWriteback.lean:119:0: 'SaturationMonoid.ResponsibilityLifecycle.LivingLawEvolution.ConstructiveRoot.SourceGeneratedInquiryReceiptAction.Configured.Writeback.updated_total' depends on axioms: [propext,
 Classical.choice,
 Quot.sound]
info: H0mework/Versions/R9c73a630/ReleaseMaterials/Verification/NoIsland/RiemannCombSource/ConfiguredPairWriteback.lean:120:0: 'SaturationMonoid.ResponsibilityLifecycle.LivingLawEvolution.ConstructiveRoot.SourceGeneratedInquiryReceiptAction.Configured.Writeback.born_environment' depends on axioms: [propext,
 Classical.choice,
 Quot.sound]
info: H0mework/Versions/R9c73a630/ReleaseMaterials/Verification/NoIsland/RiemannCombSource/ConfiguredPairWriteback.lean:121:0: 'SaturationMonoid.ResponsibilityLifecycle.LivingLawEvolution.ConstructiveRoot.SourceGeneratedInquiryReceiptAction.Configured.Writeback.source_compiles' depends on axioms: [propext,
 Classical.choice,
 Quot.sound]
info: H0mework/Versions/R9c73a630/ReleaseMaterials/Verification/NoIsland/RiemannCombSource/ConfiguredPairWriteback.lean:122:0: 'SaturationMonoid.ResponsibilityLifecycle.LivingLawEvolution.ConstructiveRoot.SourceGeneratedInquiryReceiptAction.Configured.Writeback.actual_receipt_next' depends on axioms: [propext,
 Classical.choice,
 Quot.sound]
info: H0mework/Versions/R9c73a630/ReleaseMaterials/Verification/NoIsland/RiemannCombSource/ConfiguredPairWriteback.lean:123:0: 'SaturationMonoid.ResponsibilityLifecycle.LivingLawEvolution.ConstructiveRoot.SourceGeneratedInquiryReceiptAction.Configured.Writeback.native_effect' depends on axioms: [propext,
 Classical.choice,
 Quot.sound]
info: H0mework/Versions/R9c73a630/ReleaseMaterials/Verification/NoIsland/RiemannCombSource/ConfiguredPairWriteback.lean:124:0: 'SaturationMonoid.ResponsibilityLifecycle.LivingLawEvolution.ConstructiveRoot.SourceGeneratedInquiryReceiptAction.Configured.Writeback.native_inverse' depends on axioms: [propext,
 Classical.choice,
 Quot.sound]
info: H0mework/Versions/R9c73a630/ReleaseMaterials/Verification/NoIsland/RiemannCombSource/ConfiguredPairWriteback.lean:125:0: 'SaturationMonoid.ResponsibilityLifecycle.LivingLawEvolution.ConstructiveRoot.SourceGeneratedInquiryReceiptAction.Configured.Writeback.configured_actual_paid_pair_writeback' depends on axioms: [propext,
 Classical.choice,
 Quot.sound]
✔ [5383/5526] Built H0mework.Versions.R9c73a630.Realization.Operations.Tree.Fold.Dependent.Branch.JointQuery.Actor.Operation.Query.Inventory.Observer.CurrentChild.Dynamic.Live.Native.Action.Catalogue.Consumer (23s)
✔ [5384/5526] Built H0mework.Versions.R9c73a630.Realization.Operations.Tree.Fold.Dependent.Branch.JointQuery.Actor.Operation.Query.Inventory.Observer.CurrentChild.Dynamic.Live.Native.Action.Coupled.Source (7.3s)
✔ [5385/5526] Built H0mework.Versions.R9c73a630.Realization.Operations.Tree.Fold.Dependent.Branch.JointQuery.Actor.Operation.Query.Inventory.Observer.CurrentChild.Dynamic.Live.Native.Action.Coupled.Consumer (18s)
✔ [5386/5526] Built H0mework.Versions.R9c73a630.Realization.Operations.Tree.Fold.Dependent.Branch.JointQuery.Actor.Operation.Query.Inventory.Observer.CurrentChild.Dynamic.Live.Native.Action.Coupled.Registry.Shape (27s)
✔ [5387/5526] Built H0mework.Versions.R9c73a630.Realization.Operations.Tree.Fold.Dependent.Branch.JointQuery.Actor.Operation.Query.Inventory.Observer.CurrentChild.Dynamic.Live.Native.Action.Coupled.Registry.Continuation (26s)
✔ [5388/5526] Built H0mework.Versions.R9c73a630.Realization.Operations.Tree.Fold.Dependent.Branch.JointQuery.Actor.Operation.Query.Inventory.Observer.CurrentChild.Dynamic.Live.Native.Action.Coupled.Registry.Source (26s)
✔ [5389/5526] Built H0mework.Versions.R9c73a630.Realization.Operations.Tree.Fold.Dependent.Branch.JointQuery.Actor.Operation.Query.Inventory.Observer.CurrentChild.Dynamic.Live.Native.Action.Coupled.Registry.Bootstrap.Source (36s)
✔ [5390/5526] Built H0mework.Versions.R9c73a630.Realization.Operations.Tree.Fold.Dependent.Branch.JointQuery.Actor.Operation.Query.Inventory.Observer.CurrentChild.Dynamic.Live.Native.Action.Coupled.Registry.Calculation.Common.Feedback.Continuation.Future.Source (5.9s)
✔ [5391/5526] Built H0mework.Versions.R9c73a630.Realization.Operations.Tree.Fold.Dependent.Branch.JointQuery.Actor.Operation.Query.Inventory.Observer.CurrentChild.Dynamic.Live.Native.Action.Coupled.Registry.Bootstrap.Runtime (18s)
✔ [5392/5526] Built H0mework.Versions.R9c73a630.Realization.Operations.Tree.Fold.Dependent.Branch.JointQuery.Actor.Operation.Query.Inventory.Observer.CurrentChild.Dynamic.Live.Native.Action.Coupled.Registry.Calculation.Common.Source (3.7s)
✔ [5393/5526] Built H0mework.Versions.R9c73a630.Realization.Operations.Tree.Fold.Dependent.Branch.JointQuery.Actor.Operation.Query.Inventory.Observer.CurrentChild.Dynamic.Live.Native.Action.Coupled.Registry.Calculation.Common.Direct (3.7s)
✔ [5394/5526] Built H0mework.Versions.R9c73a630.Realization.Operations.Tree.Fold.Dependent.Branch.JointQuery.Actor.Operation.Query.Inventory.Observer.CurrentChild.Dynamic.Live.Native.Action.Coupled.Registry.Runtime (7.5s)
✔ [5395/5526] Built H0mework.Versions.R9c73a630.Realization.Operations.Tree.Fold.Dependent.Branch.JointQuery.Actor.Operation.Query.Inventory.Observer.CurrentChild.Dynamic.Live.Native.Action.Coupled.Registry.Read.Query.Source (8.4s)
✔ [5396/5526] Built H0mework.Versions.R9c73a630.Realization.Operations.Tree.Fold.Dependent.Branch.JointQuery.Actor.Operation.Query.Inventory.Observer.CurrentChild.Dynamic.Live.Native.Action.Coupled.Registry.Read.Query.Moving (3.9s)
✔ [5397/5526] Built H0mework.Versions.R9c73a630.Realization.Operations.Tree.Fold.Dependent.Branch.JointQuery.Actor.Operation.Query.Inventory.Observer.CurrentChild.Dynamic.Live.Native.Action.Coupled.Registry.Calculation.Action.Source (4.8s)
✔ [5398/5526] Built H0mework.Versions.R9c73a630.Realization.Operations.Tree.Fold.Dependent.Branch.JointQuery.Actor.Operation.Query.Inventory.Observer.CurrentChild.Dynamic.Live.Native.Action.Coupled.Registry.Calculation.Action.Consumer (6.3s)
✔ [5399/5526] Built H0mework.Versions.R9c73a630.Realization.Operations.Tree.Fold.Dependent.Branch.JointQuery.Actor.Operation.Query.Inventory.Observer.CurrentChild.Dynamic.Live.Native.Action.Coupled.Registry.Calculation.Action.Installed (3.6s)
✔ [5400/5526] Built H0mework.Versions.R9c73a630.Realization.Operations.Tree.Fold.Dependent.Branch.JointQuery.Actor.Operation.Query.Inventory.Observer.CurrentChild.Dynamic.Live.Native.Action.Coupled.Registry.Calculation.Common.Feedback.Source (4.8s)
✔ [5401/5526] Built H0mework.Versions.R9c73a630.Realization.Operations.Tree.Fold.Dependent.Branch.JointQuery.Actor.Operation.Query.Inventory.Observer.CurrentChild.Dynamic.Live.Native.Action.Coupled.Registry.Calculation.Common.Feedback.Transport.Source (4.4s)
✔ [5402/5526] Built H0mework.Versions.R9c73a630.Realization.Operations.Tree.Fold.Dependent.Branch.JointQuery.Actor.Operation.Query.Inventory.Observer.CurrentChild.Dynamic.Live.Native.Action.Coupled.Registry.Calculation.Action.Runtime (6.2s)
✔ [5403/5526] Built H0mework.Versions.R9c73a630.Realization.Operations.Tree.Fold.Dependent.Branch.JointQuery.Actor.Operation.Query.Inventory.Observer.CurrentChild.Dynamic.Live.Native.Action.Coupled.Registry.Calculation.Common.Runtime (5.2s)
✔ [5404/5526] Built H0mework.Versions.R9c73a630.Realization.Operations.Tree.Fold.Dependent.Branch.JointQuery.Actor.Operation.Query.Inventory.Observer.CurrentChild.Dynamic.Live.Native.Action.Coupled.Registry.Calculation.Common.Raw (3.5s)
✔ [5405/5526] Built H0mework.Versions.R9c73a630.Realization.Operations.Tree.Fold.Dependent.Branch.JointQuery.Actor.Operation.Query.Inventory.Observer.CurrentChild.Dynamic.Live.Native.Action.Coupled.Registry.Calculation.Common.Consumer (4.9s)
✔ [5406/5526] Built H0mework.Versions.R9c73a630.Realization.Operations.Tree.Fold.Dependent.Branch.JointQuery.Actor.Operation.Query.Inventory.Observer.CurrentChild.Dynamic.Live.Native.Action.Coupled.Registry.Calculation.Common.Faces.Source (3.6s)
✔ [5407/5526] Built H0mework.Versions.R9c73a630.Realization.Operations.Tree.Fold.Dependent.Branch.JointQuery.Actor.Operation.Query.Inventory.Observer.CurrentChild.Dynamic.Live.Native.Action.Coupled.Registry.Calculation.Common.Faces.Laws (3.4s)
✔ [5408/5526] Built H0mework.Versions.R9c73a630.Realization.Operations.Tree.Fold.Dependent.Branch.JointQuery.Actor.Operation.Query.Inventory.Observer.CurrentChild.Dynamic.Live.Native.Action.Coupled.Registry.Calculation.Common.Feedback.Runtime (4.8s)
✔ [5409/5526] Built H0mework.Versions.R9c73a630.Realization.Operations.Tree.Fold.Dependent.Branch.JointQuery.Actor.Operation.Query.Inventory.Observer.CurrentChild.Dynamic.Live.Native.Action.Coupled.Registry.Calculation.Common.Feedback.Raw (3.5s)
✔ [5410/5526] Built H0mework.Versions.R9c73a630.Realization.Operations.Tree.Fold.Dependent.Branch.JointQuery.Actor.Operation.Query.Inventory.Observer.CurrentChild.Dynamic.Live.Native.Action.Coupled.Registry.Calculation.Common.Feedback.Continuation.Source (2.5s)
✔ [5411/5526] Built H0mework.Versions.R9c73a630.Realization.Operations.Tree.Fold.Dependent.Branch.JointQuery.Actor.Operation.Query.Inventory.Observer.CurrentChild.Dynamic.Live.Native.Action.Coupled.Registry.Calculation.Common.Feedback.Continuation.Future.Actual (3.4s)
✔ [5412/5526] Built H0mework.Versions.R9c73a630.Realization.Operations.Tree.Fold.Dependent.Branch.JointQuery.Actor.Operation.Query.Inventory.Observer.CurrentChild.Dynamic.Live.Native.Action.Coupled.Registry.Calculation.Common.Feedback.Continuation.SourceFamily.Foresight.Contextual.Mixed.Source (3.4s)
✔ [5413/5526] Built H0mework.Versions.R9c73a630.Realization.Operations.Tree.Fold.Dependent.Branch.JointQuery.Actor.Operation.Query.Inventory.Observer.CurrentChild.Dynamic.Live.Native.Action.Coupled.Registry.Calculation.Common.Feedback.Continuation.Future.Feedback.Binding (2.3s)
✔ [5414/5526] Built H0mework.Versions.R9c73a630.Realization.Operations.Tree.Fold.Dependent.Branch.JointQuery.Actor.Operation.Query.Inventory.Observer.CurrentChild.Dynamic.Live.Native.Action.Coupled.Registry.Calculation.Common.Feedback.Continuation.SourceFamily.Factory (3.2s)
✔ [5415/5526] Built H0mework.Versions.R9c73a630.Realization.Operations.Tree.Fold.Dependent.Branch.JointQuery.Actor.Operation.Query.Inventory.Observer.CurrentChild.Dynamic.Live.Native.Action.Coupled.Registry.Calculation.Common.Feedback.Continuation.Future.Feedback.Action (2.7s)
✔ [5416/5526] Built H0mework.Versions.R9c73a630.Realization.Operations.Tree.Fold.Dependent.Branch.JointQuery.Actor.Operation.Query.Inventory.Observer.CurrentChild.Dynamic.Live.Native.Action.Coupled.Registry.Calculation.Common.Feedback.Continuation.Observation (16s)
✔ [5417/5526] Built H0mework.Versions.R9c73a630.Realization.Operations.Tree.Fold.Dependent.Branch.JointQuery.Actor.Operation.Query.Inventory.Observer.CurrentChild.Dynamic.Live.Native.Action.Coupled.Registry.Calculation.Common.Feedback.Continuation.SourceFamily.Stage (2.6s)
✔ [5418/5526] Built H0mework.Versions.R9c73a630.Realization.Operations.Tree.Fold.Dependent.Branch.JointQuery.Actor.Operation.Query.Inventory.Observer.CurrentChild.Dynamic.Live.Native.Action.Coupled.Registry.Calculation.Common.Feedback.Continuation.Future.Feedback.Source (2.6s)
✔ [5419/5526] Built H0mework.Versions.R9c73a630.Realization.Operations.Tree.Fold.Dependent.Branch.JointQuery.Actor.Operation.Query.Inventory.Observer.CurrentChild.Dynamic.Live.Native.Action.Coupled.Registry.Calculation.Common.Feedback.Continuation.Stage (8.3s)
✔ [5420/5526] Built H0mework.Versions.R9c73a630.Realization.Operations.Tree.Fold.Dependent.Branch.JointQuery.Actor.Operation.Query.Inventory.Observer.CurrentChild.Dynamic.Live.Native.Action.Coupled.Registry.Calculation.Common.Feedback.Continuation.Future.Feedback.Installation (3.9s)
✔ [5421/5526] Built H0mework.Versions.R9c73a630.Realization.Operations.Tree.Fold.Dependent.Branch.JointQuery.Actor.Operation.Query.Inventory.Observer.CurrentChild.Dynamic.Live.Native.Action.Coupled.Registry.Calculation.Common.Feedback.Continuation.Future.Feedback.Consumer (3.8s)
✔ [5422/5526] Built H0mework.Versions.R9c73a630.Realization.Operations.Tree.Fold.Dependent.Branch.JointQuery.Actor.Operation.Query.Inventory.Observer.CurrentChild.Dynamic.Live.Native.Action.Coupled.Registry.Calculation.Common.Feedback.Continuation.SourceFamily.Effect.Source (3.8s)
✔ [5423/5526] Built H0mework.Versions.R9c73a630.Realization.Operations.Tree.Fold.Dependent.Branch.JointQuery.Actor.Operation.Query.Inventory.Observer.CurrentChild.Dynamic.Live.Native.Action.Coupled.Registry.Calculation.Common.Feedback.Continuation.SourceFamily.Effect.Payment (4.7s)
✔ [5424/5526] Built H0mework.Versions.R9c73a630.Realization.Operations.Tree.Fold.Dependent.Branch.JointQuery.Actor.Operation.Query.Inventory.Observer.CurrentChild.Dynamic.Live.Native.Action.Coupled.Registry.Calculation.Common.Feedback.Continuation.SourceFamily.Effect.Words (3.4s)
✔ [5425/5526] Built H0mework.Versions.R9c73a630.Realization.Operations.Tree.Fold.Dependent.Branch.JointQuery.Actor.Operation.Query.Inventory.Observer.CurrentChild.Dynamic.Live.Native.Action.Coupled.Registry.Calculation.Common.Feedback.Continuation.Admission (37s)
✔ [5426/5526] Built H0mework.Versions.R9c73a630.ReleaseMaterials.SaturationMonoid.GenericFoundation.Operations.Native.Tree.Fold.Dependent.Branch.JointQuery.Actor.Operation.Query.Inventory.Observer.CurrentChild.Dynamic.Live.Native.Action.Coupled.Registry.Calculation.Common.Feedback.Continuation.SourceFamily.Activation.Source (4.1s)
✔ [5427/5526] Built H0mework.Versions.R9c73a630.Realization.Operations.Tree.Fold.Dependent.Branch.JointQuery.Actor.Operation.Query.Inventory.Observer.CurrentChild.Dynamic.Live.Native.Action.Coupled.Registry.Calculation.Common.Feedback.Continuation.SourceFamily.Engine (7.3s)
ℹ [5428/5526] Built H0mework.Versions.R9c73a630.ReleaseMaterials.Verification.Framework.SourcePolicy.SourceActionPreservation (4.6s)
info: H0mework/Versions/R9c73a630/ReleaseMaterials/Verification/Framework/SourcePolicy/SourceActionPreservation.lean:69:0: 'SaturationMonoid.ResponsibilityLifecycle.LivingLawEvolution.ConstructiveRoot.SourceOperationNative.Tree.Fold.Dependent.Branch.JointQuery.Actor.Operation.Query.Inventory.Observer.CurrentChild.Dynamic.Live.Native.Action.Coupled.Registry.Calculation.Common.Feedback.Continuation.Lower.SourceFamily.ActivationSource.stock_action_reader' depends on axioms: [propext,
 Classical.choice,
 Quot.sound]
info: H0mework/Versions/R9c73a630/ReleaseMaterials/Verification/Framework/SourcePolicy/SourceActionPreservation.lean:70:0: 'SaturationMonoid.ResponsibilityLifecycle.LivingLawEvolution.ConstructiveRoot.SourceOperationNative.Tree.Fold.Dependent.Branch.JointQuery.Actor.Operation.Query.Inventory.Observer.CurrentChild.Dynamic.Live.Native.Action.Coupled.Registry.Calculation.Common.Feedback.Continuation.Lower.SourceFamily.ActivationSource.stock_query_reader' depends on axioms: [propext,
 Classical.choice,
 Quot.sound]
info: H0mework/Versions/R9c73a630/ReleaseMaterials/Verification/Framework/SourcePolicy/SourceActionPreservation.lean:71:0: 'SaturationMonoid.ResponsibilityLifecycle.LivingLawEvolution.ConstructiveRoot.SourceOperationNative.Tree.Fold.Dependent.Branch.JointQuery.Actor.Operation.Query.Inventory.Observer.CurrentChild.Dynamic.Live.Native.Action.Coupled.Registry.Calculation.Common.Feedback.Continuation.Lower.SourceFamily.ActivationSource.next_action_reader' depends on axioms: [propext,
 Classical.choice,
 Quot.sound]
ℹ [5429/5526] Built H0mework.Versions.R9c73a630.ReleaseMaterials.Verification.Framework.SourcePolicy.StockSourceBranch (17s)
info: H0mework/Versions/R9c73a630/ReleaseMaterials/Verification/Framework/SourcePolicy/StockSourceBranch.lean:121:0: 'SaturationMonoid.ResponsibilityLifecycle.LivingLawEvolution.ConstructiveRoot.SourceOperationNative.Tree.Fold.Dependent.Branch.JointQuery.Actor.Operation.Query.Inventory.Observer.CurrentChild.Dynamic.Live.Native.Action.Coupled.Registry.StockTarget.target_current' depends on axioms: [propext,
 Classical.choice,
 Quot.sound]
info: H0mework/Versions/R9c73a630/ReleaseMaterials/Verification/Framework/SourcePolicy/StockSourceBranch.lean:122:0: 'SaturationMonoid.ResponsibilityLifecycle.LivingLawEvolution.ConstructiveRoot.SourceOperationNative.Tree.Fold.Dependent.Branch.JointQuery.Actor.Operation.Query.Inventory.Observer.CurrentChild.Dynamic.Live.Native.Action.Coupled.Registry.StockTarget.successor_valid' depends on axioms: [propext,
 Classical.choice,
 Quot.sound]
info: H0mework/Versions/R9c73a630/ReleaseMaterials/Verification/Framework/SourcePolicy/StockSourceBranch.lean:123:0: 'SaturationMonoid.ResponsibilityLifecycle.LivingLawEvolution.ConstructiveRoot.SourcePolicyStockSourceBranch.actual_paid_compiles' depends on axioms: [propext,
 Classical.choice,
 Quot.sound]
info: H0mework/Versions/R9c73a630/ReleaseMaterials/Verification/Framework/SourcePolicy/StockSourceBranch.lean:124:0: 'SaturationMonoid.ResponsibilityLifecycle.LivingLawEvolution.ConstructiveRoot.SourcePolicyStockSourceBranch.actual_paid_native_next' depends on axioms: [propext,
 Classical.choice,
 Quot.sound]
info: H0mework/Versions/R9c73a630/ReleaseMaterials/Verification/Framework/SourcePolicy/StockSourceBranch.lean:125:0: 'SaturationMonoid.ResponsibilityLifecycle.LivingLawEvolution.ConstructiveRoot.SourcePolicyStockSourceBranch.actual_settled_compiles' depends on axioms: [propext,
 Classical.choice,
 Quot.sound]
info: H0mework/Versions/R9c73a630/ReleaseMaterials/Verification/Framework/SourcePolicy/StockSourceBranch.lean:126:0: 'SaturationMonoid.ResponsibilityLifecycle.LivingLawEvolution.ConstructiveRoot.SourcePolicyStockSourceBranch.actual_settled_not_answered' depends on axioms: [propext,
 Classical.choice,
 Quot.sound]
info: H0mework/Versions/R9c73a630/ReleaseMaterials/Verification/Framework/SourcePolicy/StockSourceBranch.lean:127:0: 'SaturationMonoid.ResponsibilityLifecycle.LivingLawEvolution.ConstructiveRoot.SourcePolicyStockSourceBranch.actual_settled_literal_next' depends on axioms: [propext,
 Classical.choice,
 Quot.sound]
✔ [5430/5526] Built H0mework.Versions.R9c73a630.Realization.Operations.Tree.Fold.Dependent.Branch.JointQuery.Actor.Operation.Query.Inventory.Observer.CurrentChild.Dynamic.Live.Native.Action.Coupled.Registry.Calculation.Common.Feedback.Continuation.Engine (7.2s)
✔ [5431/5526] Built H0mework.Versions.R9c73a630.Realization.Operations.Tree.Fold.Dependent.Branch.JointQuery.Actor.Operation.Query.Inventory.Observer.CurrentChild.Dynamic.Live.Native.Action.Coupled.Registry.Calculation.Common.Feedback.Continuation.Future.Feedback.Next (5.3s)
✔ [5432/5526] Built H0mework.Versions.R9c73a630.Realization.Operations.Tree.Fold.Dependent.Branch.JointQuery.Actor.Operation.Query.Inventory.Observer.CurrentChild.Dynamic.Live.Native.Action.Coupled.Registry.Calculation.Common.Feedback.Continuation.Future.Feedback.Written (4.4s)
✔ [5433/5526] Built H0mework.Versions.R9c73a630.ReleaseMaterials.SaturationMonoid.GenericFoundation.Operations.Native.Tree.Fold.Dependent.Branch.JointQuery.Actor.Operation.Query.Inventory.Observer.CurrentChild.Dynamic.Live.Native.Action.Coupled.Registry.Calculation.Common.Feedback.Continuation.SourceFamily.Activation.Stage (62s)
✔ [5434/5526] Built H0mework.Versions.R9c73a630.Realization.Operations.Tree.Fold.Dependent.Branch.JointQuery.Actor.Operation.Query.Inventory.Observer.CurrentChild.Dynamic.Live.Native.Action.Coupled.Registry.Calculation.Common.Feedback.Continuation.SourceFamily.Runtime (2.8s)
✔ [5435/5526] Built H0mework.Versions.R9c73a630.Realization.Operations.Tree.Fold.Dependent.Branch.JointQuery.Actor.Operation.Query.Inventory.Observer.CurrentChild.Dynamic.Live.Native.Action.Coupled.Registry.Calculation.Common.Feedback.Continuation.Runtime (3.2s)
✔ [5436/5526] Built H0mework.Versions.R9c73a630.ReleaseMaterials.SaturationMonoid.GenericFoundation.Operations.Inquiry.Context.Faces.Execution.Activation.Receipt.Configured.Writeback.Successor.Source (3.3s)
✔ [5437/5526] Built H0mework.Versions.R9c73a630.Realization.Operations.Tree.Fold.Dependent.Branch.JointQuery.Actor.Operation.Query.Inventory.Observer.CurrentChild.Dynamic.Live.Native.Action.Coupled.Registry.Calculation.Common.Feedback.Continuation.SourceFamily.Feedback (3.2s)
✔ [5438/5526] Built H0mework.Versions.R9c73a630.ReleaseMaterials.SaturationMonoid.GenericFoundation.Operations.Native.Tree.Fold.Dependent.Branch.JointQuery.Actor.Operation.Query.Inventory.Observer.CurrentChild.Dynamic.Live.Native.Action.Coupled.Registry.Calculation.Common.Feedback.Continuation.SourceFamily.Activation.Admissions (5.1s)
✔ [5439/5526] Built H0mework.Versions.R9c73a630.Realization.Operations.Tree.Fold.Dependent.Branch.JointQuery.Actor.Operation.Query.Inventory.Observer.CurrentChild.Dynamic.Live.Native.Action.Coupled.Registry.Calculation.Common.Feedback.Continuation.Installed (3.2s)
✔ [5440/5526] Built H0mework.Versions.R9c73a630.Realization.Operations.Tree.Fold.Dependent.Branch.JointQuery.Actor.Operation.Query.Inventory.Observer.CurrentChild.Dynamic.Live.Native.Action.Coupled.Registry.Calculation.Common.Feedback.Continuation.SourceFamily.Packet (3.5s)
✔ [5441/5526] Built H0mework.Versions.R9c73a630.Realization.Operations.Tree.Fold.Dependent.Branch.JointQuery.Actor.Operation.Query.Inventory.Observer.CurrentChild.Dynamic.Live.Native.Action.Coupled.Registry.Calculation.Common.Feedback.Continuation.SourceFamily.Foresight.Tail (2.9s)
ℹ [5442/5526] Built H0mework.Versions.R9c73a630.ReleaseMaterials.Verification.Framework.SourcePolicy.FullSourcePacket (2.6s)
info: H0mework/Versions/R9c73a630/ReleaseMaterials/Verification/Framework/SourcePolicy/FullSourcePacket.lean:80:0: 'SaturationMonoid.ResponsibilityLifecycle.LivingLawEvolution.ConstructiveRoot.SourceOperationNative.Tree.Fold.Dependent.Branch.JointQuery.Actor.Operation.Query.Inventory.Observer.CurrentChild.Dynamic.Live.Native.Action.Coupled.Registry.Calculation.Common.Feedback.Continuation.Lower.SourceFamily.ActivationSource.bornAfterNative' depends on axioms: [propext,
 Classical.choice,
 Quot.sound]
info: H0mework/Versions/R9c73a630/ReleaseMaterials/Verification/Framework/SourcePolicy/FullSourcePacket.lean:81:0: 'SaturationMonoid.ResponsibilityLifecycle.LivingLawEvolution.ConstructiveRoot.SourceOperationNative.Tree.Fold.Dependent.Branch.JointQuery.Actor.Operation.Query.Inventory.Observer.CurrentChild.Dynamic.Live.Native.Action.Coupled.Registry.Calculation.Common.Feedback.Continuation.Lower.SourceFamily.ActivationSource.nativeAfterAdmission' depends on axioms: [propext,
 Classical.choice,
 Quot.sound]
info: H0mework/Versions/R9c73a630/ReleaseMaterials/Verification/Framework/SourcePolicy/FullSourcePacket.lean:82:0: 'SaturationMonoid.ResponsibilityLifecycle.LivingLawEvolution.ConstructiveRoot.SourceOperationNative.Tree.Fold.Dependent.Branch.JointQuery.Actor.Operation.Query.Inventory.Observer.CurrentChild.Dynamic.Live.Native.Action.Coupled.Registry.Calculation.Common.Feedback.Continuation.Lower.SourceFamily.ActivationSource.nativeAfterAdmission_grade' depends on axioms: [propext,
 Classical.choice,
 Quot.sound]
info: H0mework/Versions/R9c73a630/ReleaseMaterials/Verification/Framework/SourcePolicy/FullSourcePacket.lean:83:0: 'SaturationMonoid.ResponsibilityLifecycle.LivingLawEvolution.ConstructiveRoot.SourceOperationNative.Tree.Fold.Dependent.Branch.JointQuery.Actor.Operation.Query.Inventory.Observer.CurrentChild.Dynamic.Live.Native.Action.Coupled.Registry.Calculation.Common.Feedback.Continuation.Lower.SourceFamily.ActivationSource.admissionPoint_successor' depends on axioms: [propext,
 Classical.choice,
 Quot.sound]
info: H0mework/Versions/R9c73a630/ReleaseMaterials/Verification/Framework/SourcePolicy/FullSourcePacket.lean:84:0: 'SaturationMonoid.ResponsibilityLifecycle.LivingLawEvolution.ConstructiveRoot.SourceOperationNative.Tree.Fold.Dependent.Branch.JointQuery.Actor.Operation.Query.Inventory.Observer.CurrentChild.Dynamic.Live.Native.Action.Coupled.Registry.Calculation.Common.Feedback.Continuation.Lower.SourceFamily.ActivationSource.admissionPoint_successor_grade' depends on axioms: [propext,
 Classical.choice,
 Quot.sound]
info: H0mework/Versions/R9c73a630/ReleaseMaterials/Verification/Framework/SourcePolicy/FullSourcePacket.lean:85:0: 'SaturationMonoid.ResponsibilityLifecycle.LivingLawEvolution.ConstructiveRoot.SourceOperationNative.Tree.Fold.Dependent.Branch.JointQuery.Actor.Operation.Query.Inventory.Observer.CurrentChild.Dynamic.Live.Native.Action.Coupled.Registry.Calculation.Common.Feedback.Continuation.Lower.SourceFamily.Admissions.packetAt_successor' depends on axioms: [propext,
 Classical.choice,
 Quot.sound]
info: H0mework/Versions/R9c73a630/ReleaseMaterials/Verification/Framework/SourcePolicy/FullSourcePacket.lean:86:0: 'SaturationMonoid.ResponsibilityLifecycle.LivingLawEvolution.ConstructiveRoot.SourceOperationNative.Tree.Fold.Dependent.Branch.JointQuery.Actor.Operation.Query.Inventory.Observer.CurrentChild.Dynamic.Live.Native.Action.Coupled.Registry.Calculation.Common.Feedback.Continuation.Lower.SourceFamily.Admissions.packetAt_successor_grade' depends on axioms: [propext,
 Classical.choice,
 Quot.sound]
✔ [5443/5526] Built H0mework.Versions.R9c73a630.ReleaseMaterials.SaturationMonoid.GenericFoundation.Operations.Inquiry.Context.Faces.Execution.Activation.Receipt.Configured.Writeback.Successor.Consumer (12s)
✔ [5444/5526] Built H0mework.Versions.R9c73a630.ReleaseMaterials.SaturationMonoid.GenericFoundation.Operations.Inquiry.Cofinal.Consumer (3.1s)
✔ [5445/5526] Built H0mework.Versions.R9c73a630.Realization.Operations.Tree.Fold.Dependent.Branch.JointQuery.Actor.Operation.Query.Inventory.Observer.CurrentChild.Dynamic.Live.Native.Action.Coupled.Registry.Calculation.Common.Feedback.Continuation.SourceFamily.Foresight.Model (3.6s)
✔ [5446/5526] Built H0mework.Versions.R9c73a630.Realization.Operations.Tree.Fold.Dependent.Branch.JointQuery.Actor.Operation.Query.Inventory.Observer.CurrentChild.Dynamic.Live.Native.Action.Coupled.Registry.Calculation.Common.Feedback.Continuation.Material (5.1s)
✔ [5447/5526] Built H0mework.Versions.R9c73a630.ReleaseMaterials.SaturationMonoid.GenericFoundation.Operations.Inquiry.Context.Faces.Execution.Activation.Receipt.Configured.Writeback.Successor.FourFace.Source (3.6s)
✔ [5448/5526] Built H0mework.Versions.R9c73a630.Realization.Operations.Tree.Fold.Dependent.Branch.JointQuery.Actor.Operation.Query.Inventory.Observer.CurrentChild.Dynamic.Live.Native.Action.Coupled.Registry.Calculation.Common.Feedback.Continuation.SourceFamily.Foresight.Operator (4.6s)
✔ [5449/5526] Built H0mework.Versions.R9c73a630.Realization.Operations.Tree.Fold.Dependent.Branch.JointQuery.Actor.Operation.Query.Inventory.Observer.CurrentChild.Dynamic.Live.Native.Action.Coupled.Registry.Calculation.Common.Feedback.Continuation.Fields (3.3s)
✔ [5450/5526] Built H0mework.Versions.R9c73a630.ReleaseMaterials.SaturationMonoid.NoIslandNoMagic.CanonicalRiemann.GeneralizedDual.CoPoissonEnergy.Muntz.Cokernel.CenteredGram.JointAction.Runtime.Feedback.ClozelOriginalKSourceSuccessor (14s)
✔ [5451/5526] Built H0mework.Versions.R9c73a630.ReleaseMaterials.SaturationMonoid.GenericFoundation.Operations.Inquiry.Context.Faces.Execution.Activation.Receipt.Configured.Writeback.Successor.FourFace.Native.Source (10s)
✔ [5452/5526] Built H0mework.Versions.R9c73a630.Realization.Operations.Tree.Fold.Dependent.Branch.JointQuery.Actor.Operation.Query.Inventory.Observer.CurrentChild.Dynamic.Live.Native.Action.Coupled.Registry.Calculation.Common.Feedback.Continuation.SourceFamily.Foresight.Facets (3.6s)
✔ [5453/5526] Built H0mework.Versions.R9c73a630.Realization.Operations.Tree.Fold.Dependent.Branch.JointQuery.Actor.Operation.Query.Inventory.Observer.CurrentChild.Dynamic.Live.Native.Action.Coupled.Registry.Calculation.Common.Feedback.Continuation.SourceFamily.Foresight.Next (3.9s)
✔ [5454/5526] Built H0mework.Versions.R9c73a630.Realization.Operations.Tree.Fold.Dependent.Branch.JointQuery.Actor.Operation.Query.Inventory.Observer.CurrentChild.Dynamic.Live.Native.Action.Coupled.Registry.Calculation.Common.Feedback.Continuation.SourceFamily.Foresight.Decoder (4.0s)
✔ [5455/5526] Built H0mework.Versions.R9c73a630.ReleaseMaterials.SaturationMonoid.GenericFoundation.Operations.Inquiry.Context.Faces.Execution.Activation.Receipt.Configured.Writeback.Successor.FourFace.Consumer (21s)
ℹ [5456/5526] Built H0mework.Versions.R9c73a630.ReleaseMaterials.Verification.Framework.SourcePolicy.InquiryCofinalDiagram (4.3s)
info: H0mework/Versions/R9c73a630/ReleaseMaterials/Verification/Framework/SourcePolicy/InquiryCofinalDiagram.lean:81:0: 'SaturationMonoid.ResponsibilityLifecycle.LivingLawEvolution.ConstructiveRoot.SourceInquiryCofinalDiagram.actual_environment' depends on axioms: [propext,
 Classical.choice,
 Quot.sound]
info: H0mework/Versions/R9c73a630/ReleaseMaterials/Verification/Framework/SourcePolicy/InquiryCofinalDiagram.lean:82:0: 'SaturationMonoid.ResponsibilityLifecycle.LivingLawEvolution.ConstructiveRoot.SourceInquiryCofinalDiagram.generated_state' depends on axioms: [propext,
 Classical.choice,
 Quot.sound]
info: H0mework/Versions/R9c73a630/ReleaseMaterials/Verification/Framework/SourcePolicy/InquiryCofinalDiagram.lean:83:0: 'SaturationMonoid.ResponsibilityLifecycle.LivingLawEvolution.ConstructiveRoot.SourceInquiryCofinalDiagram.actual_diagram_arrow' depends on axioms: [propext,
 Classical.choice,
 Quot.sound]
info: H0mework/Versions/R9c73a630/ReleaseMaterials/Verification/Framework/SourcePolicy/InquiryCofinalDiagram.lean:84:0: 'SaturationMonoid.ResponsibilityLifecycle.LivingLawEvolution.ConstructiveRoot.SourceInquiryCofinalDiagram.iterated_point' depends on axioms: [propext,
 Classical.choice,
 Quot.sound]
info: H0mework/Versions/R9c73a630/ReleaseMaterials/Verification/Framework/SourcePolicy/InquiryCofinalDiagram.lean:85:0: 'SaturationMonoid.ResponsibilityLifecycle.LivingLawEvolution.ConstructiveRoot.SourceInquiryCofinalDiagram.Admission.actual_object' depends on axioms: [propext,
 Classical.choice,
 Quot.sound]
info: H0mework/Versions/R9c73a630/ReleaseMaterials/Verification/Framework/SourcePolicy/InquiryCofinalDiagram.lean:86:0: 'SaturationMonoid.ResponsibilityLifecycle.LivingLawEvolution.ConstructiveRoot.SourceInquiryCofinalDiagram.Admission.actual_arrow' depends on axioms: [propext,
 Classical.choice,
 Quot.sound]
info: H0mework/Versions/R9c73a630/ReleaseMaterials/Verification/Framework/SourcePolicy/InquiryCofinalDiagram.lean:87:0: 'SaturationMonoid.ResponsibilityLifecycle.LivingLawEvolution.ConstructiveRoot.SourceInquiryCofinalDiagram.Admission.full_word' depends on axioms: [propext,
 Classical.choice,
 Quot.sound]
info: H0mework/Versions/R9c73a630/ReleaseMaterials/Verification/Framework/SourcePolicy/InquiryCofinalDiagram.lean:88:0: 'SaturationMonoid.ResponsibilityLifecycle.LivingLawEvolution.ConstructiveRoot.SourceInquiryCofinalDiagram.Admission.actual_admission' depends on axioms: [propext,
 Classical.choice,
 Quot.sound]
info: H0mework/Versions/R9c73a630/ReleaseMaterials/Verification/Framework/SourcePolicy/InquiryCofinalDiagram.lean:89:0: 'SaturationMonoid.ResponsibilityLifecycle.LivingLawEvolution.ConstructiveRoot.SourceInquiryCofinalDiagram.Admission.source_span' depends on axioms: [propext,
 Classical.choice,
 Quot.sound]
info: H0mework/Versions/R9c73a630/ReleaseMaterials/Verification/Framework/SourcePolicy/InquiryCofinalDiagram.lean:90:0: 'SaturationMonoid.ResponsibilityLifecycle.LivingLawEvolution.ConstructiveRoot.SourceInquiryCofinalDiagram.Admission.occurrence_injective' depends on axioms: [propext,
 Classical.choice,
 Quot.sound]
info: H0mework/Versions/R9c73a630/ReleaseMaterials/Verification/Framework/SourcePolicy/InquiryCofinalDiagram.lean:91:0: 'SaturationMonoid.ResponsibilityLifecycle.LivingLawEvolution.ConstructiveRoot.SourcePolicyActualInquiryDiagram.scalar_equal' depends on axioms: [propext,
 Classical.choice,
 Quot.sound]
info: H0mework/Versions/R9c73a630/ReleaseMaterials/Verification/Framework/SourcePolicy/InquiryCofinalDiagram.lean:92:0: 'SaturationMonoid.ResponsibilityLifecycle.LivingLawEvolution.ConstructiveRoot.SourcePolicyActualInquiryDiagram.occurrences_distinct' depends on axioms: [propext,
 Classical.choice,
 Quot.sound]
info: H0mework/Versions/R9c73a630/ReleaseMaterials/Verification/Framework/SourcePolicy/InquiryCofinalDiagram.lean:93:0: 'SaturationMonoid.ResponsibilityLifecycle.LivingLawEvolution.ConstructiveRoot.SourcePolicyActualInquiryDiagram.full_field_nonzero' depends on axioms: [propext,
 Classical.choice,
 Quot.sound]
✔ [5457/5526] Built H0mework.Versions.R9c73a630.Realization.Operations.Tree.Fold.Dependent.Branch.JointQuery.Actor.Operation.Query.Inventory.Observer.CurrentChild.Dynamic.Live.Native.Action.Coupled.Registry.Calculation.Common.Feedback.Continuation.Consumer (9.9s)
ℹ [5458/5526] Built H0mework.Versions.R9c73a630.ReleaseMaterials.Verification.Framework.SourcePolicy.SourceActivation (5.5s)
info: H0mework/Versions/R9c73a630/ReleaseMaterials/Verification/Framework/SourcePolicy/SourceActivation.lean:140:0: 'SaturationMonoid.ResponsibilityLifecycle.LivingLawEvolution.ConstructiveRoot.SourceOperationNative.Tree.Fold.Dependent.Branch.JointQuery.Actor.Operation.Query.Inventory.Observer.CurrentChild.Dynamic.Live.Native.Action.Coupled.Registry.Calculation.Common.Feedback.Continuation.Lower.SourceFamily.actual_first_activation_full' depends on axioms: [propext,
 Classical.choice,
 Quot.sound]
info: H0mework/Versions/R9c73a630/ReleaseMaterials/Verification/Framework/SourcePolicy/SourceActivation.lean:141:0: 'SaturationMonoid.ResponsibilityLifecycle.LivingLawEvolution.ConstructiveRoot.SourceOperationNative.Tree.Fold.Dependent.Branch.JointQuery.Actor.Operation.Query.Inventory.Observer.CurrentChild.Dynamic.Live.Native.Action.Coupled.Registry.Calculation.Common.Feedback.Continuation.Lower.SourceFamily.actual_first_native' depends on axioms: [propext,
 Classical.choice,
 Quot.sound]
info: H0mework/Versions/R9c73a630/ReleaseMaterials/Verification/Framework/SourcePolicy/SourceActivation.lean:142:0: 'SaturationMonoid.ResponsibilityLifecycle.LivingLawEvolution.ConstructiveRoot.SourceOperationNative.Tree.Fold.Dependent.Branch.JointQuery.Actor.Operation.Query.Inventory.Observer.CurrentChild.Dynamic.Live.Native.Action.Coupled.Registry.Calculation.Common.Feedback.Continuation.Lower.SourceFamily.actual_first_born' depends on axioms: [propext,
 Classical.choice,
 Quot.sound]
info: H0mework/Versions/R9c73a630/ReleaseMaterials/Verification/Framework/SourcePolicy/SourceActivation.lean:143:0: 'SaturationMonoid.ResponsibilityLifecycle.LivingLawEvolution.ConstructiveRoot.SourcePolicyActualSourceActivation.actual_first_paid_budget' depends on axioms: [propext,
 Classical.choice,
 Quot.sound]
info: H0mework/Versions/R9c73a630/ReleaseMaterials/Verification/Framework/SourcePolicy/SourceActivation.lean:144:0: 'SaturationMonoid.ResponsibilityLifecycle.LivingLawEvolution.ConstructiveRoot.SourcePolicyActualSourceActivation.actual_paid_activation' depends on axioms: [propext,
 Classical.choice,
 Quot.sound]
info: H0mework/Versions/R9c73a630/ReleaseMaterials/Verification/Framework/SourcePolicy/SourceActivation.lean:145:0: 'SaturationMonoid.ResponsibilityLifecycle.LivingLawEvolution.ConstructiveRoot.SourcePolicyActualSourceActivation.paid_compilation' depends on axioms: [propext,
 Classical.choice,
 Quot.sound]
info: H0mework/Versions/R9c73a630/ReleaseMaterials/Verification/Framework/SourcePolicy/SourceActivation.lean:146:0: 'SaturationMonoid.ResponsibilityLifecycle.LivingLawEvolution.ConstructiveRoot.SourcePolicyActualSourceActivation.settled_compilation' depends on axioms: [propext,
 Classical.choice,
 Quot.sound]
info: H0mework/Versions/R9c73a630/ReleaseMaterials/Verification/Framework/SourcePolicy/SourceActivation.lean:147:0: 'SaturationMonoid.ResponsibilityLifecycle.LivingLawEvolution.ConstructiveRoot.SourcePolicyActualSourceActivation.settled_not_old_answered' depends on axioms: [propext,
 Classical.choice,
 Quot.sound]
✔ [5459/5526] Built H0mework.Versions.R9c73a630.ReleaseMaterials.SaturationMonoid.GenericFoundation.Operations.Inquiry.Cofinal.Native.Installed.Cofinal.Action.Source (77s)
✔ [5460/5526] Built H0mework.Versions.R9c73a630.ReleaseMaterials.SaturationMonoid.GenericFoundation.Operations.Inquiry.Context.Faces.Execution.Activation.Receipt.Configured.Writeback.Successor.FourFace.Native.Consumer (10s)
✔ [5461/5526] Built H0mework.Versions.R9c73a630.Realization.Operations.Tree.Fold.Dependent.Branch.JointQuery.Actor.Operation.Query.Inventory.Observer.CurrentChild.Dynamic.Live.Native.Action.Coupled.Registry.Calculation.Common.Feedback.Continuation.SourceFamily.Foresight.Installation (6.6s)
ℹ [5462/5526] Built H0mework.Versions.R9c73a630.ReleaseMaterials.Verification.NoIsland.RiemannCombSource.ActualMaterialFourFace (80s)
info: H0mework/Versions/R9c73a630/ReleaseMaterials/Verification/NoIsland/RiemannCombSource/ActualMaterialFourFace.lean:227:0: 'SaturationMonoid.ResponsibilityLifecycle.LivingLawEvolution.ConstructiveRoot.SourceGeneratedInquiryReceiptAction.Configured.Writeback.Successor.FourFace.Controls.positive_read' depends on axioms: [propext,
 Classical.choice,
 Quot.sound]
info: H0mework/Versions/R9c73a630/ReleaseMaterials/Verification/NoIsland/RiemannCombSource/ActualMaterialFourFace.lean:228:0: 'SaturationMonoid.ResponsibilityLifecycle.LivingLawEvolution.ConstructiveRoot.SourceGeneratedInquiryReceiptAction.Configured.Writeback.Successor.FourFace.Controls.negative_read' depends on axioms: [propext,
 Classical.choice,
 Quot.sound]
info: H0mework/Versions/R9c73a630/ReleaseMaterials/Verification/NoIsland/RiemannCombSource/ActualMaterialFourFace.lean:230:0: 'SaturationMonoid.ResponsibilityLifecycle.LivingLawEvolution.ConstructiveRoot.SourceGeneratedInquiryReceiptAction.Configured.Writeback.Successor.FourFace.source_root' depends on axioms: [propext,
 Classical.choice,
 Quot.sound]
info: H0mework/Versions/R9c73a630/ReleaseMaterials/Verification/NoIsland/RiemannCombSource/ActualMaterialFourFace.lean:231:0: 'SaturationMonoid.ResponsibilityLifecycle.LivingLawEvolution.ConstructiveRoot.SourceGeneratedInquiryReceiptAction.Configured.Writeback.Successor.FourFace.source_trace' depends on axioms: [propext,
 Classical.choice,
 Quot.sound]
info: H0mework/Versions/R9c73a630/ReleaseMaterials/Verification/NoIsland/RiemannCombSource/ActualMaterialFourFace.lean:232:0: 'SaturationMonoid.ResponsibilityLifecycle.LivingLawEvolution.ConstructiveRoot.SourceGeneratedInquiryReceiptAction.Configured.Writeback.Successor.FourFace.full_paid_steps' depends on axioms: [propext,
 Classical.choice,
 Quot.sound]
info: H0mework/Versions/R9c73a630/ReleaseMaterials/Verification/NoIsland/RiemannCombSource/ActualMaterialFourFace.lean:233:0: 'SaturationMonoid.ResponsibilityLifecycle.LivingLawEvolution.ConstructiveRoot.SourceGeneratedInquiryReceiptAction.Configured.Writeback.Successor.FourFace.source_boundary' depends on axioms: [propext,
 Classical.choice,
 Quot.sound]
info: H0mework/Versions/R9c73a630/ReleaseMaterials/Verification/NoIsland/RiemannCombSource/ActualMaterialFourFace.lean:234:0: 'SaturationMonoid.ResponsibilityLifecycle.LivingLawEvolution.ConstructiveRoot.SourceGeneratedInquiryReceiptAction.Configured.Writeback.Successor.FourFace.generated_differential' depends on axioms: [propext,
 Classical.choice,
 Quot.sound]
info: H0mework/Versions/R9c73a630/ReleaseMaterials/Verification/NoIsland/RiemannCombSource/ActualMaterialFourFace.lean:235:0: 'SaturationMonoid.ResponsibilityLifecycle.LivingLawEvolution.ConstructiveRoot.SourceGeneratedInquiryReceiptAction.Configured.Writeback.Successor.FourFace.completion_zero' depends on axioms: [propext,
 Classical.choice,
 Quot.sound]
info: H0mework/Versions/R9c73a630/ReleaseMaterials/Verification/NoIsland/RiemannCombSource/ActualMaterialFourFace.lean:236:0: 'SaturationMonoid.ResponsibilityLifecycle.LivingLawEvolution.ConstructiveRoot.SourceGeneratedInquiryReceiptAction.Configured.Writeback.Successor.FourFace.same_source' depends on axioms: [propext,
 Classical.choice,
 Quot.sound]
info: H0mework/Versions/R9c73a630/ReleaseMaterials/Verification/NoIsland/RiemannCombSource/ActualMaterialFourFace.lean:237:0: 'SaturationMonoid.ResponsibilityLifecycle.LivingLawEvolution.ConstructiveRoot.SourceGeneratedInquiryReceiptAction.Configured.Writeback.Successor.FourFace.generated_relation' depends on axioms: [propext,
 Classical.choice,
 Quot.sound]
info: H0mework/Versions/R9c73a630/ReleaseMaterials/Verification/NoIsland/RiemannCombSource/ActualMaterialFourFace.lean:238:0: 'SaturationMonoid.ResponsibilityLifecycle.LivingLawEvolution.ConstructiveRoot.SourceGeneratedInquiryReceiptAction.Configured.Writeback.Successor.FourFace.generated_cochain' depends on axioms: [propext,
 Classical.choice,
 Quot.sound]
info: H0mework/Versions/R9c73a630/ReleaseMaterials/Verification/NoIsland/RiemannCombSource/ActualMaterialFourFace.lean:239:0: 'SaturationMonoid.ResponsibilityLifecycle.LivingLawEvolution.ConstructiveRoot.SourceGeneratedInquiryReceiptAction.Configured.Writeback.Successor.FourFace.whole_paid_trace' depends on axioms: [propext,
 Classical.choice,
 Quot.sound]
info: H0mework/Versions/R9c73a630/ReleaseMaterials/Verification/NoIsland/RiemannCombSource/ActualMaterialFourFace.lean:240:0: 'SaturationMonoid.ResponsibilityLifecycle.LivingLawEvolution.ConstructiveRoot.SourceGeneratedInquiryReceiptAction.Configured.Writeback.Successor.FourFace.actual_inverse' depends on axioms: [propext,
 Classical.choice,
 Quot.sound]
info: H0mework/Versions/R9c73a630/ReleaseMaterials/Verification/NoIsland/RiemannCombSource/ActualMaterialFourFace.lean:241:0: 'SaturationMonoid.ResponsibilityLifecycle.LivingLawEvolution.ConstructiveRoot.SourceGeneratedInquiryReceiptAction.Configured.Writeback.Successor.FourFace.actual_effect' depends on axioms: [propext,
 Classical.choice,
 Quot.sound]
info: H0mework/Versions/R9c73a630/ReleaseMaterials/Verification/NoIsland/RiemannCombSource/ActualMaterialFourFace.lean:242:0: 'SaturationMonoid.ResponsibilityLifecycle.LivingLawEvolution.ConstructiveRoot.SourceGeneratedInquiryReceiptAction.Configured.Writeback.Successor.FourFace.differential_effect' depends on axioms: [propext,
 Classical.choice,
 Quot.sound]
info: H0mework/Versions/R9c73a630/ReleaseMaterials/Verification/NoIsland/RiemannCombSource/ActualMaterialFourFace.lean:243:0: 'SaturationMonoid.ResponsibilityLifecycle.LivingLawEvolution.ConstructiveRoot.SourceGeneratedInquiryReceiptAction.Configured.Writeback.Successor.FourFace.whole_recovery' depends on axioms: [propext,
 Classical.choice,
 Quot.sound]
info: H0mework/Versions/R9c73a630/ReleaseMaterials/Verification/NoIsland/RiemannCombSource/ActualMaterialFourFace.lean:244:0: 'SaturationMonoid.ResponsibilityLifecycle.LivingLawEvolution.ConstructiveRoot.SourceGeneratedInquiryReceiptAction.Configured.Writeback.Successor.FourFace.relation_recovery' depends on axioms: [propext,
 Classical.choice,
 Quot.sound]
info: H0mework/Versions/R9c73a630/ReleaseMaterials/Verification/NoIsland/RiemannCombSource/ActualMaterialFourFace.lean:245:0: 'SaturationMonoid.ResponsibilityLifecycle.LivingLawEvolution.ConstructiveRoot.SourceGeneratedInquiryReceiptAction.Configured.Writeback.Successor.FourFace.native_zero_iff' depends on axioms: [propext,
 Classical.choice,
 Quot.sound]
info: H0mework/Versions/R9c73a630/ReleaseMaterials/Verification/NoIsland/RiemannCombSource/ActualMaterialFourFace.lean:246:0: 'SaturationMonoid.ResponsibilityLifecycle.LivingLawEvolution.ConstructiveRoot.SourceGeneratedInquiryReceiptAction.Configured.Writeback.Successor.FourFace.Actual.actual_native' depends on axioms: [propext,
 Classical.choice,
 Quot.sound]
info: H0mework/Versions/R9c73a630/ReleaseMaterials/Verification/NoIsland/RiemannCombSource/ActualMaterialFourFace.lean:247:0: 'SaturationMonoid.ResponsibilityLifecycle.LivingLawEvolution.ConstructiveRoot.SourceGeneratedInquiryReceiptAction.Configured.Writeback.Successor.FourFace.Actual.actual_whole_relation' depends on axioms: [propext,
 Classical.choice,
 Quot.sound]
info: H0mework/Versions/R9c73a630/ReleaseMaterials/Verification/NoIsland/RiemannCombSource/ActualMaterialFourFace.lean:248:0: 'SaturationMonoid.ResponsibilityLifecycle.LivingLawEvolution.ConstructiveRoot.SourceGeneratedInquiryReceiptAction.Configured.Writeback.Successor.FourFace.Actual.actual_generated_differential' depends on axioms: [propext,
 Classical.choice,
 Quot.sound]
info: H0mework/Versions/R9c73a630/ReleaseMaterials/Verification/NoIsland/RiemannCombSource/ActualMaterialFourFace.lean:249:0: 'SaturationMonoid.ResponsibilityLifecycle.LivingLawEvolution.ConstructiveRoot.SourceGeneratedInquiryReceiptAction.Configured.Writeback.Successor.FourFace.Actual.actual_complete_frame' depends on axioms: [propext,
 Classical.choice,
 Quot.sound]
info: H0mework/Versions/R9c73a630/ReleaseMaterials/Verification/NoIsland/RiemannCombSource/ActualMaterialFourFace.lean:250:0: 'SaturationMonoid.ResponsibilityLifecycle.LivingLawEvolution.ConstructiveRoot.SourceGeneratedInquiryReceiptAction.Configured.Writeback.Successor.FourFace.Actual.actual_native_inverse' depends on axioms: [propext,
 Classical.choice,
 Quot.sound]
info: H0mework/Versions/R9c73a630/ReleaseMaterials/Verification/NoIsland/RiemannCombSource/ActualMaterialFourFace.lean:251:0: 'SaturationMonoid.ResponsibilityLifecycle.LivingLawEvolution.ConstructiveRoot.SourceGeneratedInquiryReceiptAction.Configured.Writeback.Successor.FourFace.Actual.actual_native_effect' depends on axioms: [propext,
 Classical.choice,
 Quot.sound]
info: H0mework/Versions/R9c73a630/ReleaseMaterials/Verification/NoIsland/RiemannCombSource/ActualMaterialFourFace.lean:252:0: 'SaturationMonoid.ResponsibilityLifecycle.LivingLawEvolution.ConstructiveRoot.SourceGeneratedInquiryReceiptAction.Configured.Writeback.Successor.FourFace.Actual.source_trace_in_seed' depends on axioms: [propext,
 Classical.choice,
 Quot.sound]
info: H0mework/Versions/R9c73a630/ReleaseMaterials/Verification/NoIsland/RiemannCombSource/ActualMaterialFourFace.lean:253:0: 'SaturationMonoid.ResponsibilityLifecycle.LivingLawEvolution.ConstructiveRoot.SourceGeneratedInquiryReceiptAction.Configured.Writeback.Successor.FourFace.Actual.actual_boundary_in_born' depends on axioms: [propext,
 Classical.choice,
 Quot.sound]
✔ [5463/5526] Built H0mework.Versions.R9c73a630.Realization.Operations.Tree.Fold.Dependent.Branch.JointQuery.Actor.Operation.Query.Inventory.Observer.CurrentChild.Dynamic.Live.Native.Action.Coupled.Registry.Calculation.Common.Feedback.Continuation.Future.Tail (4.7s)
✔ [5464/5526] Built H0mework.Versions.R9c73a630.ReleaseMaterials.SaturationMonoid.GenericFoundation.Operations.Inquiry.Cofinal.Native.Installed.Cofinal.Action.Consumer (2.6s)
ℹ [5465/5526] Built H0mework.Versions.R9c73a630.ReleaseMaterials.Verification.Framework.SourcePolicy.NativeRelationWriteback (2.5s)
info: H0mework/Versions/R9c73a630/ReleaseMaterials/Verification/Framework/SourcePolicy/NativeRelationWriteback.lean:41:0: 'SaturationMonoid.ResponsibilityLifecycle.LivingLawEvolution.ConstructiveRoot.ActualNativeRelationTransport.stock_material_source' depends on axioms: [propext,
 Classical.choice,
 Quot.sound]
info: H0mework/Versions/R9c73a630/ReleaseMaterials/Verification/Framework/SourcePolicy/NativeRelationWriteback.lean:42:0: 'SaturationMonoid.ResponsibilityLifecycle.LivingLawEvolution.ConstructiveRoot.ActualNativeRelationTransport.stock_paid_trace' depends on axioms: [propext,
 Classical.choice,
 Quot.sound]
info: H0mework/Versions/R9c73a630/ReleaseMaterials/Verification/Framework/SourcePolicy/NativeRelationWriteback.lean:43:0: 'SaturationMonoid.ResponsibilityLifecycle.LivingLawEvolution.ConstructiveRoot.ActualNativeRelationTransport.new_relation_in_born' depends on axioms: [propext,
 Classical.choice,
 Quot.sound]
info: H0mework/Versions/R9c73a630/ReleaseMaterials/Verification/Framework/SourcePolicy/NativeRelationWriteback.lean:44:0: 'SaturationMonoid.ResponsibilityLifecycle.LivingLawEvolution.ConstructiveRoot.ActualNativeRelationTransport.native_trace_actual' depends on axioms: [propext,
 Classical.choice,
 Quot.sound]
info: H0mework/Versions/R9c73a630/ReleaseMaterials/Verification/Framework/SourcePolicy/NativeRelationWriteback.lean:45:0: 'SaturationMonoid.ResponsibilityLifecycle.LivingLawEvolution.ConstructiveRoot.ActualNativeRelationTransport.native_value' depends on axioms: [propext,
 Classical.choice,
 Quot.sound]
info: H0mework/Versions/R9c73a630/ReleaseMaterials/Verification/Framework/SourcePolicy/NativeRelationWriteback.lean:46:0: 'SaturationMonoid.ResponsibilityLifecycle.LivingLawEvolution.ConstructiveRoot.ActualNativeRelationTransport.new_literal_boundary' depends on axioms: [propext,
 Classical.choice,
 Quot.sound]
info: H0mework/Versions/R9c73a630/ReleaseMaterials/Verification/Framework/SourcePolicy/NativeRelationWriteback.lean:47:0: 'SaturationMonoid.ResponsibilityLifecycle.LivingLawEvolution.ConstructiveRoot.ActualNativeRelationTransport.new_environment_sound' depends on axioms: [propext,
 Classical.choice,
 Quot.sound]
info: H0mework/Versions/R9c73a630/ReleaseMaterials/Verification/Framework/SourcePolicy/NativeRelationWriteback.lean:48:0: 'SaturationMonoid.ResponsibilityLifecycle.LivingLawEvolution.ConstructiveRoot.ActualNativeRelationTransport.affine_correction' depends on axioms: [propext,
 Classical.choice,
 Quot.sound]
info: H0mework/Versions/R9c73a630/ReleaseMaterials/Verification/Framework/SourcePolicy/NativeRelationWriteback.lean:49:0: 'SaturationMonoid.ResponsibilityLifecycle.LivingLawEvolution.ConstructiveRoot.ActualNativeRelationTransport.actual_new_relation_in_born' depends on axioms: [propext,
 Classical.choice,
 Quot.sound]
info: H0mework/Versions/R9c73a630/ReleaseMaterials/Verification/Framework/SourcePolicy/NativeRelationWriteback.lean:50:0: 'SaturationMonoid.ResponsibilityLifecycle.LivingLawEvolution.ConstructiveRoot.ActualNativeRelationTransport.actual_native_activation' depends on axioms: [propext,
 Classical.choice,
 Quot.sound]
info: H0mework/Versions/R9c73a630/ReleaseMaterials/Verification/Framework/SourcePolicy/NativeRelationWriteback.lean:51:0: 'SaturationMonoid.ResponsibilityLifecycle.LivingLawEvolution.ConstructiveRoot.ActualNativeRelationTransport.actual_born_activation' depends on axioms: [propext,
 Classical.choice,
 Quot.sound]
✔ [5466/5526] Built H0mework.Versions.R9c73a630.ReleaseMaterials.SaturationMonoid.GenericFoundation.Operations.Inquiry.Cofinal.Native.Source (4.1s)
✔ [5467/5526] Built H0mework.Versions.R9c73a630.Realization.Operations.Tree.Fold.Dependent.Branch.JointQuery.Actor.Operation.Query.Inventory.Observer.CurrentChild.Dynamic.Live.Native.Action.Coupled.Registry.Calculation.Common.Feedback.Continuation.SourceFamily.Foresight.Factory (3.5s)
✔ [5468/5526] Built H0mework.Versions.R9c73a630.Realization.Operations.Tree.Fold.Dependent.Branch.JointQuery.Actor.Operation.Query.Inventory.Observer.CurrentChild.Dynamic.Live.Native.Action.Coupled.Registry.Calculation.Common.Feedback.Continuation.SourceFamily.Foresight.Contextual.Source (4.3s)
✔ [5469/5526] Built H0mework.Versions.R9c73a630.Realization.Operations.Tree.Fold.Dependent.Branch.JointQuery.Actor.Operation.Query.Inventory.Observer.CurrentChild.Dynamic.Live.Native.Action.Coupled.Registry.Calculation.Common.Feedback.Continuation.Future.Words (3.8s)
ℹ [5470/5526] Built H0mework.Versions.R9c73a630.ReleaseMaterials.Verification.Framework.SourcePolicy.ActualCofinalSourceAction (3.8s)
info: H0mework/Versions/R9c73a630/ReleaseMaterials/Verification/Framework/SourcePolicy/ActualCofinalSourceAction.lean:58:0: 'SaturationMonoid.ResponsibilityLifecycle.LivingLawEvolution.ConstructiveRoot.ActualCofinalSourceAction.native_packet_actual' depends on axioms: [propext,
 Classical.choice,
 Quot.sound]
info: H0mework/Versions/R9c73a630/ReleaseMaterials/Verification/Framework/SourcePolicy/ActualCofinalSourceAction.lean:59:0: 'SaturationMonoid.ResponsibilityLifecycle.LivingLawEvolution.ConstructiveRoot.ActualCofinalSourceAction.receiver_input' depends on axioms: [propext,
 Classical.choice,
 Quot.sound]
info: H0mework/Versions/R9c73a630/ReleaseMaterials/Verification/Framework/SourcePolicy/ActualCofinalSourceAction.lean:60:0: 'SaturationMonoid.ResponsibilityLifecycle.LivingLawEvolution.ConstructiveRoot.ActualCofinalSourceAction.receiver_ast' depends on axioms: [propext,
 Classical.choice,
 Quot.sound]
info: H0mework/Versions/R9c73a630/ReleaseMaterials/Verification/Framework/SourcePolicy/ActualCofinalSourceAction.lean:61:0: 'SaturationMonoid.ResponsibilityLifecycle.LivingLawEvolution.ConstructiveRoot.ActualCofinalSourceAction.born_ast' depends on axioms: [propext,
 Classical.choice,
 Quot.sound]
info: H0mework/Versions/R9c73a630/ReleaseMaterials/Verification/Framework/SourcePolicy/ActualCofinalSourceAction.lean:62:0: 'SaturationMonoid.ResponsibilityLifecycle.LivingLawEvolution.ConstructiveRoot.ActualCofinalSourceAction.paid_prefix_stocks' depends on axioms: [propext,
 Classical.choice,
 Quot.sound]
info: H0mework/Versions/R9c73a630/ReleaseMaterials/Verification/Framework/SourcePolicy/ActualCofinalSourceAction.lean:63:0: 'SaturationMonoid.ResponsibilityLifecycle.LivingLawEvolution.ConstructiveRoot.ActualCofinalSourceAction.born_inventory' depends on axioms: [propext,
 Classical.choice,
 Quot.sound]
info: H0mework/Versions/R9c73a630/ReleaseMaterials/Verification/Framework/SourcePolicy/ActualCofinalSourceAction.lean:64:0: 'SaturationMonoid.ResponsibilityLifecycle.LivingLawEvolution.ConstructiveRoot.ActualCofinalSourceAction.born_pair_inventory' depends on axioms: [propext,
 Classical.choice,
 Quot.sound]
info: H0mework/Versions/R9c73a630/ReleaseMaterials/Verification/Framework/SourcePolicy/ActualCofinalSourceAction.lean:65:0: 'SaturationMonoid.ResponsibilityLifecycle.LivingLawEvolution.ConstructiveRoot.ActualCofinalSourceAction.old_event_in_born' depends on axioms: [propext,
 Classical.choice,
 Quot.sound]
info: H0mework/Versions/R9c73a630/ReleaseMaterials/Verification/Framework/SourcePolicy/ActualCofinalSourceAction.lean:66:0: 'SaturationMonoid.ResponsibilityLifecycle.LivingLawEvolution.ConstructiveRoot.ActualCofinalSourceAction.old_pair_event_in_born' depends on axioms: [propext,
 Classical.choice,
 Quot.sound]
info: H0mework/Versions/R9c73a630/ReleaseMaterials/Verification/Framework/SourcePolicy/ActualCofinalSourceAction.lean:67:0: 'SaturationMonoid.ResponsibilityLifecycle.LivingLawEvolution.ConstructiveRoot.ActualCofinalSourceAction.whole_paid_in_born' depends on axioms: [propext,
 Classical.choice,
 Quot.sound]
info: H0mework/Versions/R9c73a630/ReleaseMaterials/Verification/Framework/SourcePolicy/ActualCofinalSourceAction.lean:68:0: 'SaturationMonoid.ResponsibilityLifecycle.LivingLawEvolution.ConstructiveRoot.ActualCofinalSourceAction.generated_joint_in_born' depends on axioms: [propext,
 Classical.choice,
 Quot.sound]
info: H0mework/Versions/R9c73a630/ReleaseMaterials/Verification/Framework/SourcePolicy/ActualCofinalSourceAction.lean:69:0: 'SaturationMonoid.ResponsibilityLifecycle.LivingLawEvolution.ConstructiveRoot.ActualCofinalSourceAction.decoder_source' depends on axioms: [propext,
 Classical.choice,
 Quot.sound]
info: H0mework/Versions/R9c73a630/ReleaseMaterials/Verification/Framework/SourcePolicy/ActualCofinalSourceAction.lean:70:0: 'SaturationMonoid.ResponsibilityLifecycle.LivingLawEvolution.ConstructiveRoot.ActualCofinalSourceAction.born_environment' depends on axioms: [propext,
 Classical.choice,
 Quot.sound]
info: H0mework/Versions/R9c73a630/ReleaseMaterials/Verification/Framework/SourcePolicy/ActualCofinalSourceAction.lean:71:0: 'SaturationMonoid.ResponsibilityLifecycle.LivingLawEvolution.ConstructiveRoot.ActualCofinalSourceAction.source_word_action_relation' depends on axioms: [propext,
 Classical.choice,
 Quot.sound]
info: H0mework/Versions/R9c73a630/ReleaseMaterials/Verification/Framework/SourcePolicy/ActualCofinalSourceAction.lean:72:0: 'SaturationMonoid.ResponsibilityLifecycle.LivingLawEvolution.ConstructiveRoot.ActualCofinalSourceAction.source_word_action_in_born' depends on axioms: [propext,
 Classical.choice,
 Quot.sound]
info: H0mework/Versions/R9c73a630/ReleaseMaterials/Verification/Framework/SourcePolicy/ActualCofinalSourceAction.lean:73:0: 'SaturationMonoid.ResponsibilityLifecycle.LivingLawEvolution.ConstructiveRoot.ActualCofinalSourceAction.source_word_action_inventory' depends on axioms: [propext,
 Classical.choice,
 Quot.sound]
info: H0mework/Versions/R9c73a630/ReleaseMaterials/Verification/Framework/SourcePolicy/ActualCofinalSourceAction.lean:74:0: 'SaturationMonoid.ResponsibilityLifecycle.LivingLawEvolution.ConstructiveRoot.ActualCofinalSourceAction.source_word_action_substitution' depends on axioms: [propext,
 Classical.choice,
 Quot.sound]
info: H0mework/Versions/R9c73a630/ReleaseMaterials/Verification/Framework/SourcePolicy/ActualCofinalSourceAction.lean:75:0: 'SaturationMonoid.ResponsibilityLifecycle.LivingLawEvolution.ConstructiveRoot.ActualCofinalSourceAction.actual_next_packet' depends on axioms: [propext,
 Classical.choice,
 Quot.sound]
info: H0mework/Versions/R9c73a630/ReleaseMaterials/Verification/Framework/SourcePolicy/ActualCofinalSourceAction.lean:76:0: 'SaturationMonoid.ResponsibilityLifecycle.LivingLawEvolution.ConstructiveRoot.ActualCofinalSourceAction.Consumer.actual_next_inventory' depends on axioms: [propext,
 Classical.choice,
 Quot.sound]
info: H0mework/Versions/R9c73a630/ReleaseMaterials/Verification/Framework/SourcePolicy/ActualCofinalSourceAction.lean:77:0: 'SaturationMonoid.ResponsibilityLifecycle.LivingLawEvolution.ConstructiveRoot.ActualCofinalSourceAction.Consumer.actual_next_word' depends on axioms: [propext,
 Classical.choice,
 Quot.sound]
info: H0mework/Versions/R9c73a630/ReleaseMaterials/Verification/Framework/SourcePolicy/ActualCofinalSourceAction.lean:78:0: 'SaturationMonoid.ResponsibilityLifecycle.LivingLawEvolution.ConstructiveRoot.ActualCofinalSourceAction.Consumer.actual_next_substitution' depends on axioms: [propext,
 Classical.choice,
 Quot.sound]
✔ [5471/5526] Built H0mework.Versions.R9c73a630.ReleaseMaterials.SaturationMonoid.GenericFoundation.Operations.Inquiry.Cofinal.Native.Registered.Source (5.2s)
✔ [5472/5526] Built H0mework.Versions.R9c73a630.ReleaseMaterials.SaturationMonoid.GenericFoundation.Operations.Inquiry.Cofinal.Native.Consumer (7.5s)
✔ [5473/5526] Built H0mework.Versions.R9c73a630.Realization.Operations.Tree.Fold.Dependent.Branch.JointQuery.Actor.Operation.Query.Inventory.Observer.CurrentChild.Dynamic.Live.Native.Action.Coupled.Registry.Calculation.Common.Feedback.Continuation.SourceFamily.Foresight.Effect (4.3s)
✔ [5474/5526] Built H0mework.Versions.R9c73a630.Realization.Operations.Tree.Fold.Dependent.Branch.JointQuery.Actor.Operation.Query.Inventory.Observer.CurrentChild.Dynamic.Live.Native.Action.Coupled.Registry.Calculation.Common.Feedback.Continuation.SourceFamily.Foresight.Contextual.Forecast.Renderer (4.7s)
✔ [5475/5526] Built H0mework.Versions.R9c73a630.Realization.Operations.Tree.Fold.Dependent.Branch.JointQuery.Actor.Operation.Query.Inventory.Observer.CurrentChild.Dynamic.Live.Native.Action.Coupled.Registry.Calculation.Common.Feedback.Continuation.SourceFamily.Foresight.Contextual.Joint (5.5s)
✔ [5476/5526] Built H0mework.Versions.R9c73a630.Realization.Operations.Tree.Fold.Dependent.Branch.JointQuery.Actor.Operation.Query.Inventory.Observer.CurrentChild.Dynamic.Live.Native.Action.Coupled.Registry.Calculation.Common.Feedback.Continuation.Future.Transport (5.6s)
ℹ [5477/5526] Built H0mework.Versions.R9c73a630.ReleaseMaterials.Verification.Framework.SourcePolicy.ActualBornSegment (6.5s)
info: H0mework/Versions/R9c73a630/ReleaseMaterials/Verification/Framework/SourcePolicy/ActualBornSegment.lean:53:0: 'SaturationMonoid.ResponsibilityLifecycle.LivingLawEvolution.ConstructiveRoot.ActualNativeBornSourceEffect.actual_born_registered_expression' depends on axioms: [propext,
 Classical.choice,
 Quot.sound]
info: H0mework/Versions/R9c73a630/ReleaseMaterials/Verification/Framework/SourcePolicy/ActualBornSegment.lean:54:0: 'SaturationMonoid.ResponsibilityLifecycle.LivingLawEvolution.ConstructiveRoot.ActualNativeBornSourceEffect.actual_born_registered_environment' depends on axioms: [propext,
 Classical.choice,
 Quot.sound]
info: H0mework/Versions/R9c73a630/ReleaseMaterials/Verification/Framework/SourcePolicy/ActualBornSegment.lean:55:0: 'SaturationMonoid.ResponsibilityLifecycle.LivingLawEvolution.ConstructiveRoot.ActualNativeBornSourceEffect.actual_born_boundary' depends on axioms: [propext,
 Classical.choice,
 Quot.sound]
info: H0mework/Versions/R9c73a630/ReleaseMaterials/Verification/Framework/SourcePolicy/ActualBornSegment.lean:56:0: 'SaturationMonoid.ResponsibilityLifecycle.LivingLawEvolution.ConstructiveRoot.ActualNativeBornSourceEffect.actual_born_affine_write' depends on axioms: [propext,
 Classical.choice,
 Quot.sound]
info: H0mework/Versions/R9c73a630/ReleaseMaterials/Verification/Framework/SourcePolicy/ActualBornSegment.lean:57:0: 'SaturationMonoid.ResponsibilityLifecycle.LivingLawEvolution.ConstructiveRoot.ActualNativeBornSourceEffect.actual_born_updated_environment' depends on axioms: [propext,
 Classical.choice,
 Quot.sound]
info: H0mework/Versions/R9c73a630/ReleaseMaterials/Verification/Framework/SourcePolicy/ActualBornSegment.lean:58:0: 'SaturationMonoid.ResponsibilityLifecycle.LivingLawEvolution.ConstructiveRoot.ActualNativeBornSourceEffect.actual_born_effect' depends on axioms: [propext,
 Classical.choice,
 Quot.sound]
info: H0mework/Versions/R9c73a630/ReleaseMaterials/Verification/Framework/SourcePolicy/ActualBornSegment.lean:59:0: 'SaturationMonoid.ResponsibilityLifecycle.LivingLawEvolution.ConstructiveRoot.ActualNativeBornSourceEffect.actual_born_relation_residual' depends on axioms: [propext,
 Classical.choice,
 Quot.sound]
info: H0mework/Versions/R9c73a630/ReleaseMaterials/Verification/Framework/SourcePolicy/ActualBornSegment.lean:60:0: 'SaturationMonoid.ResponsibilityLifecycle.LivingLawEvolution.ConstructiveRoot.ActualNativeBornSourceEffect.actual_born_inverse' depends on axioms: [propext,
 Classical.choice,
 Quot.sound]
info: H0mework/Versions/R9c73a630/ReleaseMaterials/Verification/Framework/SourcePolicy/ActualBornSegment.lean:61:0: 'SaturationMonoid.ResponsibilityLifecycle.LivingLawEvolution.ConstructiveRoot.ActualNativeBornSourceEffect.actual_binding_environment' depends on axioms: [propext,
 Classical.choice,
 Quot.sound]
info: H0mework/Versions/R9c73a630/ReleaseMaterials/Verification/Framework/SourcePolicy/ActualBornSegment.lean:62:0: 'SaturationMonoid.ResponsibilityLifecycle.LivingLawEvolution.ConstructiveRoot.ActualNativeBornSourceEffect.bornEnvArrow' depends on axioms: [propext,
 Classical.choice,
 Quot.sound]
info: H0mework/Versions/R9c73a630/ReleaseMaterials/Verification/Framework/SourcePolicy/ActualBornSegment.lean:63:0: 'SaturationMonoid.ResponsibilityLifecycle.LivingLawEvolution.ConstructiveRoot.ActualSourceSegmentBornEffect.selected_settled' depends on axioms: [propext,
 Classical.choice,
 Quot.sound]
info: H0mework/Versions/R9c73a630/ReleaseMaterials/Verification/Framework/SourcePolicy/ActualBornSegment.lean:64:0: 'SaturationMonoid.ResponsibilityLifecycle.LivingLawEvolution.ConstructiveRoot.ActualSourceSegmentBornEffect.nativePayload' depends on axioms: [propext,
 Classical.choice,
 Quot.sound]
info: H0mework/Versions/R9c73a630/ReleaseMaterials/Verification/Framework/SourcePolicy/ActualBornSegment.lean:65:0: 'SaturationMonoid.ResponsibilityLifecycle.LivingLawEvolution.ConstructiveRoot.ActualSourceSegmentBornEffect.realizedSegment' depends on axioms: [propext,
 Classical.choice,
 Quot.sound]
info: H0mework/Versions/R9c73a630/ReleaseMaterials/Verification/Framework/SourcePolicy/ActualBornSegment.lean:66:0: 'SaturationMonoid.ResponsibilityLifecycle.LivingLawEvolution.ConstructiveRoot.ActualSourceSegmentBornEffect.cofinalSegment' depends on axioms: [propext,
 Classical.choice,
 Quot.sound]
info: H0mework/Versions/R9c73a630/ReleaseMaterials/Verification/Framework/SourcePolicy/ActualBornSegment.lean:67:0: 'SaturationMonoid.ResponsibilityLifecycle.LivingLawEvolution.ConstructiveRoot.ActualSourceSegmentBornEffect.realizedSegment_source' depends on axioms: [propext,
 Classical.choice,
 Quot.sound]
info: H0mework/Versions/R9c73a630/ReleaseMaterials/Verification/Framework/SourcePolicy/ActualBornSegment.lean:68:0: 'SaturationMonoid.ResponsibilityLifecycle.LivingLawEvolution.ConstructiveRoot.ActualSourceSegmentBornEffect.consumeCofinalSegment' depends on axioms: [propext,
 Classical.choice,
 Quot.sound]
info: H0mework/Versions/R9c73a630/ReleaseMaterials/Verification/Framework/SourcePolicy/ActualBornSegment.lean:69:0: 'SaturationMonoid.ResponsibilityLifecycle.LivingLawEvolution.ConstructiveRoot.ActualSourceSegmentBornEffect.cofinal_source_span' depends on axioms: [propext,
 Classical.choice,
 Quot.sound]
✔ [5478/5526] Built H0mework.Versions.R9c73a630.ReleaseMaterials.SaturationMonoid.GenericFoundation.Operations.Inquiry.Cofinal.Native.Next.Source (8.4s)
✔ [5479/5526] Built H0mework.Versions.R9c73a630.Realization.Operations.Tree.Fold.Dependent.Branch.JointQuery.Actor.Operation.Query.Inventory.Observer.CurrentChild.Dynamic.Live.Native.Action.Coupled.Registry.Calculation.Common.Feedback.Continuation.SourceFamily.Foresight.Paid.Word (4.8s)
✔ [5480/5526] Built H0mework.Versions.R9c73a630.Realization.Operations.Tree.Fold.Dependent.Branch.JointQuery.Actor.Operation.Query.Inventory.Observer.CurrentChild.Dynamic.Live.Native.Action.Coupled.Registry.Calculation.Common.Feedback.Continuation.SourceFamily.Foresight.Contextual.Profile.Source.Core (3.6s)
✔ [5481/5526] Built H0mework.Versions.R9c73a630.Realization.Operations.Tree.Fold.Dependent.Branch.JointQuery.Actor.Operation.Query.Inventory.Observer.CurrentChild.Dynamic.Live.Native.Action.Coupled.Registry.Calculation.Common.Feedback.Continuation.SourceFamily.Foresight.Contextual.Reader.Core (3.3s)
✔ [5482/5526] Built H0mework.Versions.R9c73a630.Realization.Operations.Tree.Fold.Dependent.Branch.JointQuery.Actor.Operation.Query.Inventory.Observer.CurrentChild.Dynamic.Live.Native.Action.Coupled.Registry.Calculation.Common.Feedback.Continuation.Future.Read (2.0s)
✔ [5483/5526] Built H0mework.Versions.R9c73a630.ReleaseMaterials.SaturationMonoid.GenericFoundation.Operations.Inquiry.Cofinal.Native.Installed.Source (34s)
✔ [5484/5526] Built H0mework.Versions.R9c73a630.ReleaseMaterials.SaturationMonoid.GenericFoundation.Operations.Inquiry.Cofinal.Native.Next.Consumer (141s)
✔ [5485/5526] Built H0mework.Versions.R9c73a630.Realization.Operations.Tree.Fold.Dependent.Branch.JointQuery.Actor.Operation.Query.Inventory.Observer.CurrentChild.Dynamic.Live.Native.Action.Coupled.Registry.Calculation.Common.Feedback.Continuation.SourceFamily.Foresight.Paid.Fold (6.3s)
✔ [5486/5526] Built H0mework.Versions.R9c73a630.Realization.Operations.Tree.Fold.Dependent.Branch.JointQuery.Actor.Operation.Query.Inventory.Observer.CurrentChild.Dynamic.Live.Native.Action.Coupled.Registry.Calculation.Common.Feedback.Continuation.SourceFamily.Foresight.Contextual.Profile.Binding.Source (6.7s)
✔ [5487/5526] Built H0mework.Versions.R9c73a630.Realization.Operations.Tree.Fold.Dependent.Branch.JointQuery.Actor.Operation.Query.Inventory.Observer.CurrentChild.Dynamic.Live.Native.Action.Coupled.Registry.Calculation.Common.Feedback.Continuation.Future.First (3.5s)
✔ [5488/5526] Built H0mework.Versions.R9c73a630.ReleaseMaterials.SaturationMonoid.GenericFoundation.Operations.Inquiry.Cofinal.Native.Installed.Cofinal.Source (13s)
✔ [5489/5526] Built H0mework.Versions.R9c73a630.ReleaseMaterials.SaturationMonoid.GenericFoundation.Operations.Inquiry.Cofinal.Native.Installed.Consumer (129s)
ℹ [5490/5526] Built H0mework.Versions.R9c73a630.ReleaseMaterials.Verification.Framework.SourcePolicy.CanonicalRegisteredBornEffect (6.1s)
info: H0mework/Versions/R9c73a630/ReleaseMaterials/Verification/Framework/SourcePolicy/CanonicalRegisteredBornEffect.lean:118:0: 'SaturationMonoid.ResponsibilityLifecycle.LivingLawEvolution.ConstructiveRoot.CanonicalBornGate.RegisteredControls.registered_value' depends on axioms: [propext,
 Classical.choice,
 Quot.sound]
info: H0mework/Versions/R9c73a630/ReleaseMaterials/Verification/Framework/SourcePolicy/CanonicalRegisteredBornEffect.lean:119:0: 'SaturationMonoid.ResponsibilityLifecycle.LivingLawEvolution.ConstructiveRoot.CanonicalBornGate.RegisteredControls.actual_after' depends on axioms: [propext,
 Classical.choice,
 Quot.sound]
info: H0mework/Versions/R9c73a630/ReleaseMaterials/Verification/Framework/SourcePolicy/CanonicalRegisteredBornEffect.lean:120:0: 'SaturationMonoid.ResponsibilityLifecycle.LivingLawEvolution.ConstructiveRoot.CanonicalBornGate.RegisteredControls.stopped_raw' depends on axioms: [propext,
 Classical.choice,
 Quot.sound]
info: H0mework/Versions/R9c73a630/ReleaseMaterials/Verification/Framework/SourcePolicy/CanonicalRegisteredBornEffect.lean:195:0: 'SaturationMonoid.ResponsibilityLifecycle.LivingLawEvolution.ConstructiveRoot.ActualRegisteredBornEffect.actual_input' depends on axioms: [propext,
 Classical.choice,
 Quot.sound]
info: H0mework/Versions/R9c73a630/ReleaseMaterials/Verification/Framework/SourcePolicy/CanonicalRegisteredBornEffect.lean:196:0: 'SaturationMonoid.ResponsibilityLifecycle.LivingLawEvolution.ConstructiveRoot.ActualRegisteredBornEffect.original_boundary' depends on axioms: [propext,
 Classical.choice,
 Quot.sound]
info: H0mework/Versions/R9c73a630/ReleaseMaterials/Verification/Framework/SourcePolicy/CanonicalRegisteredBornEffect.lean:197:0: 'SaturationMonoid.ResponsibilityLifecycle.LivingLawEvolution.ConstructiveRoot.ActualRegisteredBornEffect.original_trace' depends on axioms: [propext,
 Classical.choice,
 Quot.sound]
info: H0mework/Versions/R9c73a630/ReleaseMaterials/Verification/Framework/SourcePolicy/CanonicalRegisteredBornEffect.lean:198:0: 'SaturationMonoid.ResponsibilityLifecycle.LivingLawEvolution.ConstructiveRoot.ActualRegisteredBornEffect.same_source_occurrence' depends on axioms: [propext,
 Classical.choice,
 Quot.sound]
info: H0mework/Versions/R9c73a630/ReleaseMaterials/Verification/Framework/SourcePolicy/CanonicalRegisteredBornEffect.lean:199:0: 'SaturationMonoid.ResponsibilityLifecycle.LivingLawEvolution.ConstructiveRoot.ActualRegisteredBornEffect.same_complex' depends on axioms: [propext,
 Classical.choice,
 Quot.sound]
info: H0mework/Versions/R9c73a630/ReleaseMaterials/Verification/Framework/SourcePolicy/CanonicalRegisteredBornEffect.lean:200:0: 'SaturationMonoid.ResponsibilityLifecycle.LivingLawEvolution.ConstructiveRoot.ActualRegisteredBornEffect.complete_word' depends on axioms: [propext,
 Classical.choice,
 Quot.sound]
info: H0mework/Versions/R9c73a630/ReleaseMaterials/Verification/Framework/SourcePolicy/CanonicalRegisteredBornEffect.lean:201:0: 'SaturationMonoid.ResponsibilityLifecycle.LivingLawEvolution.ConstructiveRoot.ActualRegisteredBornEffect.registered_effect' depends on axioms: [propext,
 Classical.choice,
 Quot.sound]
info: H0mework/Versions/R9c73a630/ReleaseMaterials/Verification/Framework/SourcePolicy/CanonicalRegisteredBornEffect.lean:202:0: 'SaturationMonoid.ResponsibilityLifecycle.LivingLawEvolution.ConstructiveRoot.ActualRegisteredBornEffect.registered_inverse' depends on axioms: [propext,
 Classical.choice,
 Quot.sound]
info: H0mework/Versions/R9c73a630/ReleaseMaterials/Verification/Framework/SourcePolicy/CanonicalRegisteredBornEffect.lean:203:0: 'SaturationMonoid.ResponsibilityLifecycle.LivingLawEvolution.ConstructiveRoot.ActualRegisteredBornEffect.registered_pair' depends on axioms: [propext,
 Classical.choice,
 Quot.sound]
info: H0mework/Versions/R9c73a630/ReleaseMaterials/Verification/Framework/SourcePolicy/CanonicalRegisteredBornEffect.lean:204:0: 'SaturationMonoid.ResponsibilityLifecycle.LivingLawEvolution.ConstructiveRoot.ActualRegisteredBornEffect.registered_zero_iff' depends on axioms: [propext,
 Classical.choice,
 Quot.sound]
info: H0mework/Versions/R9c73a630/ReleaseMaterials/Verification/Framework/SourcePolicy/CanonicalRegisteredBornEffect.lean:205:0: 'SaturationMonoid.ResponsibilityLifecycle.LivingLawEvolution.ConstructiveRoot.ActualRegisteredBornEffect.registered_affine_write' depends on axioms: [propext,
 Classical.choice,
 Quot.sound]
info: H0mework/Versions/R9c73a630/ReleaseMaterials/Verification/Framework/SourcePolicy/CanonicalRegisteredBornEffect.lean:206:0: 'SaturationMonoid.ResponsibilityLifecycle.LivingLawEvolution.ConstructiveRoot.ActualCanonicalBornSource.selected_actual_presentation' depends on axioms: [propext,
 Classical.choice,
 Quot.sound]
info: H0mework/Versions/R9c73a630/ReleaseMaterials/Verification/Framework/SourcePolicy/CanonicalRegisteredBornEffect.lean:207:0: 'SaturationMonoid.ResponsibilityLifecycle.LivingLawEvolution.ConstructiveRoot.ActualCanonicalBornSource.actual_born_root_current' depends on axioms: [propext,
 Classical.choice,
 Quot.sound]
info: H0mework/Versions/R9c73a630/ReleaseMaterials/Verification/Framework/SourcePolicy/CanonicalRegisteredBornEffect.lean:208:0: 'SaturationMonoid.ResponsibilityLifecycle.LivingLawEvolution.ConstructiveRoot.ActualCanonicalBornSource.materialAtNext' depends on axioms: [propext,
 Classical.choice,
 Quot.sound]
info: H0mework/Versions/R9c73a630/ReleaseMaterials/Verification/Framework/SourcePolicy/CanonicalRegisteredBornEffect.lean:209:0: 'SaturationMonoid.ResponsibilityLifecycle.LivingLawEvolution.ConstructiveRoot.ActualCanonicalBornSource.registeredAtNext' depends on axioms: [propext,
 Classical.choice,
 Quot.sound]
info: H0mework/Versions/R9c73a630/ReleaseMaterials/Verification/Framework/SourcePolicy/CanonicalRegisteredBornEffect.lean:210:0: 'SaturationMonoid.ResponsibilityLifecycle.LivingLawEvolution.ConstructiveRoot.ActualCanonicalBornSource.registeredAtNext_source' depends on axioms: [propext,
 Classical.choice,
 Quot.sound]
info: H0mework/Versions/R9c73a630/ReleaseMaterials/Verification/Framework/SourcePolicy/CanonicalRegisteredBornEffect.lean:211:0: 'SaturationMonoid.ResponsibilityLifecycle.LivingLawEvolution.ConstructiveRoot.ActualCanonicalBornSource.cofinalRegisteredAtNext' depends on axioms: [propext,
 Classical.choice,
 Quot.sound]
info: H0mework/Versions/R9c73a630/ReleaseMaterials/Verification/Framework/SourcePolicy/CanonicalRegisteredBornEffect.lean:212:0: 'SaturationMonoid.ResponsibilityLifecycle.LivingLawEvolution.ConstructiveRoot.ActualCanonicalBornSource.cofinalRegisteredAtNext_source' depends on axioms: [propext,
 Classical.choice,
 Quot.sound]
info: H0mework/Versions/R9c73a630/ReleaseMaterials/Verification/Framework/SourcePolicy/CanonicalRegisteredBornEffect.lean:213:0: 'SaturationMonoid.ResponsibilityLifecycle.LivingLawEvolution.ConstructiveRoot.ActualCanonicalBornSource.cofinal_registered_effect' depends on axioms: [propext,
 Classical.choice,
 Quot.sound]
info: H0mework/Versions/R9c73a630/ReleaseMaterials/Verification/Framework/SourcePolicy/CanonicalRegisteredBornEffect.lean:214:0: 'SaturationMonoid.ResponsibilityLifecycle.LivingLawEvolution.ConstructiveRoot.ActualCanonicalBornSource.cofinal_registered_inverse' depends on axioms: [propext,
 Classical.choice,
 Quot.sound]
info: H0mework/Versions/R9c73a630/ReleaseMaterials/Verification/Framework/SourcePolicy/CanonicalRegisteredBornEffect.lean:215:0: 'SaturationMonoid.ResponsibilityLifecycle.LivingLawEvolution.ConstructiveRoot.ActualCanonicalBornSource.cofinal_registered_affine' depends on axioms: [propext,
 Classical.choice,
 Quot.sound]
info: H0mework/Versions/R9c73a630/ReleaseMaterials/Verification/Framework/SourcePolicy/CanonicalRegisteredBornEffect.lean:216:0: 'SaturationMonoid.ResponsibilityLifecycle.LivingLawEvolution.ConstructiveRoot.ActualCanonicalBornSource.cofinal_registered_zero_iff' depends on axioms: [propext,
 Classical.choice,
 Quot.sound]
✔ [5491/5526] Built H0mework.Versions.R9c73a630.Realization.Operations.Tree.Fold.Dependent.Branch.JointQuery.Actor.Operation.Query.Inventory.Observer.CurrentChild.Dynamic.Live.Native.Action.Coupled.Registry.Calculation.Common.Feedback.Continuation.SourceFamily.Foresight.Paid.Tree (3.7s)
✔ [5492/5526] Built H0mework.Versions.R9c73a630.Realization.Operations.Tree.Fold.Dependent.Branch.JointQuery.Actor.Operation.Query.Inventory.Observer.CurrentChild.Dynamic.Live.Native.Action.Coupled.Registry.Calculation.Common.Feedback.Continuation.SourceFamily.Foresight.Contextual.Profile.Producer (4.3s)
✔ [5493/5526] Built H0mework.Versions.R9c73a630.ReleaseMaterials.SaturationMonoid.GenericFoundation.Operations.Inquiry.Cofinal.Native.Installed.Cofinal.Consumer (3.1s)
ℹ [5494/5526] Built H0mework.Versions.R9c73a630.ReleaseMaterials.Verification.Framework.SourcePolicy.InstalledCanonicalRaw (5.1s)
info: H0mework/Versions/R9c73a630/ReleaseMaterials/Verification/Framework/SourcePolicy/InstalledCanonicalRaw.lean:118:0: 'SaturationMonoid.ResponsibilityLifecycle.LivingLawEvolution.ConstructiveRoot.InstalledGate.RegisteredControls.registered_value' depends on axioms: [propext,
 Classical.choice,
 Quot.sound]
info: H0mework/Versions/R9c73a630/ReleaseMaterials/Verification/Framework/SourcePolicy/InstalledCanonicalRaw.lean:119:0: 'SaturationMonoid.ResponsibilityLifecycle.LivingLawEvolution.ConstructiveRoot.InstalledGate.RegisteredControls.actual_after' depends on axioms: [propext,
 Classical.choice,
 Quot.sound]
info: H0mework/Versions/R9c73a630/ReleaseMaterials/Verification/Framework/SourcePolicy/InstalledCanonicalRaw.lean:120:0: 'SaturationMonoid.ResponsibilityLifecycle.LivingLawEvolution.ConstructiveRoot.InstalledGate.RegisteredControls.stopped_raw' depends on axioms: [propext,
 Classical.choice,
 Quot.sound]
info: H0mework/Versions/R9c73a630/ReleaseMaterials/Verification/Framework/SourcePolicy/InstalledCanonicalRaw.lean:177:0: 'SaturationMonoid.ResponsibilityLifecycle.LivingLawEvolution.ConstructiveRoot.ActualInstalledNativeRaw.stockRawRestriction' depends on axioms: [propext,
 Classical.choice,
 Quot.sound]
info: H0mework/Versions/R9c73a630/ReleaseMaterials/Verification/Framework/SourcePolicy/InstalledCanonicalRaw.lean:178:0: 'SaturationMonoid.ResponsibilityLifecycle.LivingLawEvolution.ConstructiveRoot.ActualInstalledNativeRaw.stock_raw_read' depends on axioms: [propext,
 Classical.choice,
 Quot.sound]
info: H0mework/Versions/R9c73a630/ReleaseMaterials/Verification/Framework/SourcePolicy/InstalledCanonicalRaw.lean:179:0: 'SaturationMonoid.ResponsibilityLifecycle.LivingLawEvolution.ConstructiveRoot.ActualInstalledNativeRaw.raw_registered' depends on axioms: [propext,
 Classical.choice,
 Quot.sound]
info: H0mework/Versions/R9c73a630/ReleaseMaterials/Verification/Framework/SourcePolicy/InstalledCanonicalRaw.lean:180:0: 'SaturationMonoid.ResponsibilityLifecycle.LivingLawEvolution.ConstructiveRoot.ActualInstalledNativeRaw.rawAtNext' depends on axioms: [propext,
 Classical.choice,
 Quot.sound]
info: H0mework/Versions/R9c73a630/ReleaseMaterials/Verification/Framework/SourcePolicy/InstalledCanonicalRaw.lean:181:0: 'SaturationMonoid.ResponsibilityLifecycle.LivingLawEvolution.ConstructiveRoot.ActualInstalledNativeRaw.rawAtNext_read' depends on axioms: [propext,
 Classical.choice,
 Quot.sound]
info: H0mework/Versions/R9c73a630/ReleaseMaterials/Verification/Framework/SourcePolicy/InstalledCanonicalRaw.lean:182:0: 'SaturationMonoid.ResponsibilityLifecycle.LivingLawEvolution.ConstructiveRoot.ActualInstalledNativeRaw.installed_request' depends on axioms: [propext,
 Classical.choice,
 Quot.sound]
info: H0mework/Versions/R9c73a630/ReleaseMaterials/Verification/Framework/SourcePolicy/InstalledCanonicalRaw.lean:183:0: 'SaturationMonoid.ResponsibilityLifecycle.LivingLawEvolution.ConstructiveRoot.ActualInstalledNativeRaw.cofinalRaw' depends on axioms: [propext,
 Classical.choice,
 Quot.sound]
info: H0mework/Versions/R9c73a630/ReleaseMaterials/Verification/Framework/SourcePolicy/InstalledCanonicalRaw.lean:184:0: 'SaturationMonoid.ResponsibilityLifecycle.LivingLawEvolution.ConstructiveRoot.ActualInstalledNativeRaw.installed_effect' depends on axioms: [propext,
 Classical.choice,
 Quot.sound]
info: H0mework/Versions/R9c73a630/ReleaseMaterials/Verification/Framework/SourcePolicy/InstalledCanonicalRaw.lean:185:0: 'SaturationMonoid.ResponsibilityLifecycle.LivingLawEvolution.ConstructiveRoot.ActualInstalledNativeRaw.installed_inverse' depends on axioms: [propext,
 Classical.choice,
 Quot.sound]
info: H0mework/Versions/R9c73a630/ReleaseMaterials/Verification/Framework/SourcePolicy/InstalledCanonicalRaw.lean:186:0: 'SaturationMonoid.ResponsibilityLifecycle.LivingLawEvolution.ConstructiveRoot.ActualInstalledNativeRaw.installed_zero_iff' depends on axioms: [propext,
 Classical.choice,
 Quot.sound]
info: H0mework/Versions/R9c73a630/ReleaseMaterials/Verification/Framework/SourcePolicy/InstalledCanonicalRaw.lean:187:0: 'SaturationMonoid.ResponsibilityLifecycle.LivingLawEvolution.ConstructiveRoot.ActualInstalledNativeRaw.installed_affine' depends on axioms: [propext,
 Classical.choice,
 Quot.sound]
info: H0mework/Versions/R9c73a630/ReleaseMaterials/Verification/Framework/SourcePolicy/InstalledCanonicalRaw.lean:203:0: 'SaturationMonoid.ResponsibilityLifecycle.LivingLawEvolution.ConstructiveRoot.InstalledGate.RegisteredControls.installed_value' depends on axioms: [propext,
 Classical.choice,
 Quot.sound]
✔ [5495/5526] Built H0mework.Versions.R9c73a630.Realization.Operations.Tree.Fold.Dependent.Branch.JointQuery.Actor.Operation.Query.Inventory.Observer.CurrentChild.Dynamic.Live.Native.Action.Coupled.Registry.Calculation.Common.Feedback.Continuation.SourceFamily.Foresight.Contextual.Forecast.Source (3.1s)
✔ [5496/5526] Built H0mework.Versions.R9c73a630.Realization.Operations.Tree.Fold.Dependent.Branch.JointQuery.Actor.Operation.Query.Inventory.Observer.CurrentChild.Dynamic.Live.Native.Action.Coupled.Registry.Calculation.Common.Feedback.Continuation.SourceFamily.Foresight.Paid.Factory (3.2s)
✔ [5497/5526] Built H0mework.Versions.R9c73a630.Realization.Operations.Tree.Fold.Dependent.Branch.JointQuery.Actor.Operation.Query.Inventory.Observer.CurrentChild.Dynamic.Live.Native.Action.Coupled.Registry.Calculation.Common.Feedback.Continuation.SourceFamily.Foresight.Contextual.Reader (2.8s)
✔ [5498/5526] Built H0mework.Versions.R9c73a630.Realization.Operations.Tree.Fold.Dependent.Branch.JointQuery.Actor.Operation.Query.Inventory.Observer.CurrentChild.Dynamic.Live.Native.Action.Coupled.Registry.Calculation.Common.Feedback.Continuation.SourceFamily.Foresight.Contextual.Profile.Finite.Source (8.1s)
ℹ [5499/5526] Built H0mework.Versions.R9c73a630.ReleaseMaterials.Verification.Framework.SourcePolicy.CofinalInstalledRaw (4.5s)
info: H0mework/Versions/R9c73a630/ReleaseMaterials/Verification/Framework/SourcePolicy/CofinalInstalledRaw.lean:55:0: 'SaturationMonoid.ResponsibilityLifecycle.LivingLawEvolution.ConstructiveRoot.ActualCofinalInstalledRaw.packet' depends on axioms: [propext,
 Classical.choice,
 Quot.sound]
info: H0mework/Versions/R9c73a630/ReleaseMaterials/Verification/Framework/SourcePolicy/CofinalInstalledRaw.lean:56:0: 'SaturationMonoid.ResponsibilityLifecycle.LivingLawEvolution.ConstructiveRoot.ActualCofinalInstalledRaw.currentAtStop' depends on axioms: [propext,
 Classical.choice,
 Quot.sound]
info: H0mework/Versions/R9c73a630/ReleaseMaterials/Verification/Framework/SourcePolicy/CofinalInstalledRaw.lean:57:0: 'SaturationMonoid.ResponsibilityLifecycle.LivingLawEvolution.ConstructiveRoot.ActualCofinalInstalledRaw.actual_current' depends on axioms: [propext,
 Classical.choice,
 Quot.sound]
info: H0mework/Versions/R9c73a630/ReleaseMaterials/Verification/Framework/SourcePolicy/CofinalInstalledRaw.lean:58:0: 'SaturationMonoid.ResponsibilityLifecycle.LivingLawEvolution.ConstructiveRoot.ActualCofinalInstalledRaw.rawAtStop' depends on axioms: [propext,
 Classical.choice,
 Quot.sound]
info: H0mework/Versions/R9c73a630/ReleaseMaterials/Verification/Framework/SourcePolicy/CofinalInstalledRaw.lean:59:0: 'SaturationMonoid.ResponsibilityLifecycle.LivingLawEvolution.ConstructiveRoot.ActualCofinalInstalledRaw.rawAtStop_read' depends on axioms: [propext,
 Classical.choice,
 Quot.sound]
info: H0mework/Versions/R9c73a630/ReleaseMaterials/Verification/Framework/SourcePolicy/CofinalInstalledRaw.lean:60:0: 'SaturationMonoid.ResponsibilityLifecycle.LivingLawEvolution.ConstructiveRoot.ActualCofinalInstalledRaw.materialAtStop' depends on axioms: [propext,
 Classical.choice,
 Quot.sound]
info: H0mework/Versions/R9c73a630/ReleaseMaterials/Verification/Framework/SourcePolicy/CofinalInstalledRaw.lean:61:0: 'SaturationMonoid.ResponsibilityLifecycle.LivingLawEvolution.ConstructiveRoot.ActualCofinalInstalledRaw.materialAtStop_source' depends on axioms: [propext,
 Classical.choice,
 Quot.sound]
info: H0mework/Versions/R9c73a630/ReleaseMaterials/Verification/Framework/SourcePolicy/CofinalInstalledRaw.lean:62:0: 'SaturationMonoid.ResponsibilityLifecycle.LivingLawEvolution.ConstructiveRoot.ActualCofinalInstalledRaw.requestAtStop' depends on axioms: [propext,
 Classical.choice,
 Quot.sound]
info: H0mework/Versions/R9c73a630/ReleaseMaterials/Verification/Framework/SourcePolicy/CofinalInstalledRaw.lean:63:0: 'SaturationMonoid.ResponsibilityLifecycle.LivingLawEvolution.ConstructiveRoot.ActualCofinalInstalledRaw.installed_request' depends on axioms: [propext,
 Classical.choice,
 Quot.sound]
info: H0mework/Versions/R9c73a630/ReleaseMaterials/Verification/Framework/SourcePolicy/CofinalInstalledRaw.lean:64:0: 'SaturationMonoid.ResponsibilityLifecycle.LivingLawEvolution.ConstructiveRoot.ActualCofinalInstalledRaw.installed_boundary' depends on axioms: [propext,
 Classical.choice,
 Quot.sound]
info: H0mework/Versions/R9c73a630/ReleaseMaterials/Verification/Framework/SourcePolicy/CofinalInstalledRaw.lean:65:0: 'SaturationMonoid.ResponsibilityLifecycle.LivingLawEvolution.ConstructiveRoot.ActualCofinalInstalledRaw.installed_differential' depends on axioms: [propext,
 Classical.choice,
 Quot.sound]
info: H0mework/Versions/R9c73a630/ReleaseMaterials/Verification/Framework/SourcePolicy/CofinalInstalledRaw.lean:66:0: 'SaturationMonoid.ResponsibilityLifecycle.LivingLawEvolution.ConstructiveRoot.ActualCofinalInstalledRaw.whole_trace' depends on axioms: [propext,
 Classical.choice,
 Quot.sound]
info: H0mework/Versions/R9c73a630/ReleaseMaterials/Verification/Framework/SourcePolicy/CofinalInstalledRaw.lean:67:0: 'SaturationMonoid.ResponsibilityLifecycle.LivingLawEvolution.ConstructiveRoot.ActualCofinalInstalledRaw.installed_relation_inverse' depends on axioms: [propext,
 Classical.choice,
 Quot.sound]
info: H0mework/Versions/R9c73a630/ReleaseMaterials/Verification/Framework/SourcePolicy/CofinalInstalledRaw.lean:68:0: 'SaturationMonoid.ResponsibilityLifecycle.LivingLawEvolution.ConstructiveRoot.ActualCofinalInstalledRaw.whole_word' depends on axioms: [propext,
 Classical.choice,
 Quot.sound]
✔ [5500/5526] Built H0mework.Versions.R9c73a630.ReleaseMaterials.SaturationMonoid.GenericFoundation.Operations.Inquiry.Cofinal.Native.Installed.Cofinal.Tower.Source (6.6s)
✔ [5501/5526] Built H0mework.Versions.R9c73a630.Realization.Operations.Tree.Fold.Dependent.Branch.JointQuery.Actor.Operation.Query.Inventory.Observer.CurrentChild.Dynamic.Live.Native.Action.Coupled.Registry.Calculation.Common.Feedback.Continuation.SourceFamily.Foresight.Paid.Effect (4.2s)
✔ [5502/5526] Built H0mework.Versions.R9c73a630.Realization.Operations.Tree.Fold.Dependent.Branch.JointQuery.Actor.Operation.Query.Inventory.Observer.CurrentChild.Dynamic.Live.Native.Action.Coupled.Registry.Calculation.Common.Feedback.Continuation.SourceFamily.Foresight.Contextual.Installation (9.0s)
✔ [5503/5526] Built H0mework.Versions.R9c73a630.Realization.Operations.Tree.Fold.Dependent.Branch.JointQuery.Actor.Operation.Query.Inventory.Observer.CurrentChild.Dynamic.Live.Native.Action.Coupled.Registry.Calculation.Common.Feedback.Continuation.SourceFamily.Foresight.Contextual.Profile.Finite.Programme (5.8s)
✔ [5504/5526] Built H0mework.Versions.R9c73a630.ReleaseMaterials.SaturationMonoid.GenericFoundation.Operations.Inquiry.Cofinal.Native.Installed.Cofinal.Tower.Consumer (9.1s)
✔ [5505/5526] Built H0mework.Versions.R9c73a630.Realization.Operations.Tree.Fold.Dependent.Branch.JointQuery.Actor.Operation.Query.Inventory.Observer.CurrentChild.Dynamic.Live.Native.Action.Coupled.Registry.Calculation.Common.Feedback.Continuation.SourceFamily.Foresight.Contextual.Faces (17s)
✔ [5506/5526] Built H0mework.Versions.R9c73a630.Realization.Operations.Tree.Fold.Dependent.Branch.JointQuery.Actor.Operation.Query.Inventory.Observer.CurrentChild.Dynamic.Live.Native.Action.Coupled.Registry.Calculation.Common.Feedback.Continuation.SourceFamily.Foresight.Contextual.Profile.Finite.Indexed (9.5s)
✔ [5507/5526] Built H0mework.Versions.R9c73a630.ReleaseMaterials.SaturationMonoid.GenericFoundation.Operations.Inquiry.Cofinal.Native.Installed.Cofinal.Action.Common.Source (23s)
✔ [5508/5526] Built H0mework.Versions.R9c73a630.ReleaseMaterials.Verification.Framework.SourcePolicy.ActualNativeCoefficientTower (7.2s)
✔ [5509/5526] Built H0mework.Versions.R9c73a630.Realization.Operations.Tree.Fold.Dependent.Branch.JointQuery.Actor.Operation.Query.Inventory.Observer.CurrentChild.Dynamic.Live.Native.Action.Coupled.Registry.Calculation.Common.Feedback.Continuation.SourceFamily.Foresight.Contextual.Profile.Finite.Native (13s)
✔ [5510/5526] Built H0mework.Versions.R9c73a630.Realization.Operations.Tree.Fold.Dependent.Branch.JointQuery.Actor.Operation.Query.Inventory.Observer.CurrentChild.Dynamic.Live.Native.Action.Coupled.Registry.Calculation.Common.Feedback.Continuation.SourceFamily.Foresight.Contextual.Profile.Finite.Reader.Difference.Incoming (2.5s)
✔ [5511/5526] Built H0mework.Versions.R9c73a630.ReleaseMaterials.SaturationMonoid.GenericFoundation.Operations.Inquiry.Cofinal.Native.Installed.Cofinal.Action.Common.Consumer (4.0s)
✔ [5512/5526] Built H0mework.Versions.R9c73a630.Realization.Operations.Tree.Fold.Dependent.Branch.JointQuery.Actor.Operation.Query.Inventory.Observer.CurrentChild.Dynamic.Live.Native.Action.Coupled.Registry.Calculation.Common.Feedback.Continuation.SourceFamily.Foresight.Contextual.Profile.Finite.Writer (5.0s)
✔ [5513/5526] Built H0mework.Versions.R9c73a630.Realization.Operations.Tree.Fold.Dependent.Branch.JointQuery.Actor.Operation.Query.Inventory.Observer.CurrentChild.Dynamic.Live.Native.Action.Coupled.Registry.Calculation.Common.Feedback.Continuation.SourceFamily.Foresight.Contextual.Profile.Finite.Installation (7.8s)
ℹ [5514/5526] Built H0mework.Versions.R9c73a630.ReleaseMaterials.Verification.Framework.SourcePolicy.ActualCommonSourceAction (3.9s)
info: H0mework/Versions/R9c73a630/ReleaseMaterials/Verification/Framework/SourcePolicy/ActualCommonSourceAction.lean:49:0: 'SaturationMonoid.ResponsibilityLifecycle.LivingLawEvolution.ConstructiveRoot.ActualCofinalCommonAction.siteAction' depends on axioms: [propext,
 Classical.choice,
 Quot.sound]
info: H0mework/Versions/R9c73a630/ReleaseMaterials/Verification/Framework/SourcePolicy/ActualCommonSourceAction.lean:50:0: 'SaturationMonoid.ResponsibilityLifecycle.LivingLawEvolution.ConstructiveRoot.ActualCofinalCommonAction.action' depends on axioms: [propext,
 Classical.choice,
 Quot.sound]
info: H0mework/Versions/R9c73a630/ReleaseMaterials/Verification/Framework/SourcePolicy/ActualCommonSourceAction.lean:51:0: 'SaturationMonoid.ResponsibilityLifecycle.LivingLawEvolution.ConstructiveRoot.ActualCofinalCommonAction.action_source_word' depends on axioms: [propext,
 Classical.choice,
 Quot.sound]
info: H0mework/Versions/R9c73a630/ReleaseMaterials/Verification/Framework/SourcePolicy/ActualCommonSourceAction.lean:52:0: 'SaturationMonoid.ResponsibilityLifecycle.LivingLawEvolution.ConstructiveRoot.ActualCofinalCommonAction.action_next_component' depends on axioms: [propext,
 Classical.choice,
 Quot.sound]
info: H0mework/Versions/R9c73a630/ReleaseMaterials/Verification/Framework/SourcePolicy/ActualCommonSourceAction.lean:53:0: 'SaturationMonoid.ResponsibilityLifecycle.LivingLawEvolution.ConstructiveRoot.ActualCofinalCommonAction.site_action_inventory' depends on axioms: [propext,
 Classical.choice,
 Quot.sound]
info: H0mework/Versions/R9c73a630/ReleaseMaterials/Verification/Framework/SourcePolicy/ActualCommonSourceAction.lean:54:0: 'SaturationMonoid.ResponsibilityLifecycle.LivingLawEvolution.ConstructiveRoot.ActualCofinalCommonAction.actual_receiver_square' depends on axioms: [propext,
 Classical.choice,
 Quot.sound]
info: H0mework/Versions/R9c73a630/ReleaseMaterials/Verification/Framework/SourcePolicy/ActualCommonSourceAction.lean:55:0: 'SaturationMonoid.ResponsibilityLifecycle.LivingLawEvolution.ConstructiveRoot.ActualCofinalCommonAction.Model' depends on axioms: [propext,
 Classical.choice,
 Quot.sound]
info: H0mework/Versions/R9c73a630/ReleaseMaterials/Verification/Framework/SourcePolicy/ActualCommonSourceAction.lean:56:0: 'SaturationMonoid.ResponsibilityLifecycle.LivingLawEvolution.ConstructiveRoot.ActualCofinalCommonAction.modelAction' depends on axioms: [propext,
 Classical.choice,
 Quot.sound]
info: H0mework/Versions/R9c73a630/ReleaseMaterials/Verification/Framework/SourcePolicy/ActualCommonSourceAction.lean:57:0: 'SaturationMonoid.ResponsibilityLifecycle.LivingLawEvolution.ConstructiveRoot.ActualCofinalCommonAction.model_action_source' depends on axioms: [propext,
 Classical.choice,
 Quot.sound]
info: H0mework/Versions/R9c73a630/ReleaseMaterials/Verification/Framework/SourcePolicy/ActualCommonSourceAction.lean:58:0: 'SaturationMonoid.ResponsibilityLifecycle.LivingLawEvolution.ConstructiveRoot.ActualCofinalCommonAction.model_fibre' depends on axioms: [propext,
 Classical.choice,
 Quot.sound]
info: H0mework/Versions/R9c73a630/ReleaseMaterials/Verification/Framework/SourcePolicy/ActualCommonSourceAction.lean:59:0: 'SaturationMonoid.ResponsibilityLifecycle.LivingLawEvolution.ConstructiveRoot.ActualCofinalCommonAction.nativeRestriction' depends on axioms: [propext,
 Classical.choice,
 Quot.sound]
info: H0mework/Versions/R9c73a630/ReleaseMaterials/Verification/Framework/SourcePolicy/ActualCommonSourceAction.lean:60:0: 'SaturationMonoid.ResponsibilityLifecycle.LivingLawEvolution.ConstructiveRoot.ActualCofinalCommonAction.native_restriction_source' depends on axioms: [propext,
 Classical.choice,
 Quot.sound]
info: H0mework/Versions/R9c73a630/ReleaseMaterials/Verification/Framework/SourcePolicy/ActualCommonSourceAction.lean:61:0: 'SaturationMonoid.ResponsibilityLifecycle.LivingLawEvolution.ConstructiveRoot.ActualCofinalCommonAction.model_action_native' depends on axioms: [propext,
 Classical.choice,
 Quot.sound]
info: H0mework/Versions/R9c73a630/ReleaseMaterials/Verification/Framework/SourcePolicy/ActualCommonSourceAction.lean:62:0: 'SaturationMonoid.ResponsibilityLifecycle.LivingLawEvolution.ConstructiveRoot.ActualCofinalCommonAction.actual_source_word_step' depends on axioms: [propext,
 Classical.choice,
 Quot.sound]
info: H0mework/Versions/R9c73a630/ReleaseMaterials/Verification/Framework/SourcePolicy/ActualCommonSourceAction.lean:63:0: 'SaturationMonoid.ResponsibilityLifecycle.LivingLawEvolution.ConstructiveRoot.ActualCofinalCommonAction.model_read_source' depends on axioms: [propext,
 Classical.choice,
 Quot.sound]
info: H0mework/Versions/R9c73a630/ReleaseMaterials/Verification/Framework/SourcePolicy/ActualCommonSourceAction.lean:64:0: 'SaturationMonoid.ResponsibilityLifecycle.LivingLawEvolution.ConstructiveRoot.ActualCofinalCommonAction.model_read_action' depends on axioms: [propext,
 Classical.choice,
 Quot.sound]
✔ [5515/5526] Built H0mework.Versions.R9c73a630.Realization.Operations.Tree.Fold.Dependent.Branch.JointQuery.Actor.Operation.Query.Inventory.Observer.CurrentChild.Dynamic.Live.Native.Action.Coupled.Registry.Calculation.Common.Feedback.Continuation.SourceFamily.Foresight.Contextual.Psi.Source (3.3s)
✔ [5516/5526] Built H0mework.Versions.R9c73a630.Realization.Operations.Tree.Fold.Dependent.Branch.JointQuery.Actor.Operation.Query.Inventory.Observer.CurrentChild.Dynamic.Live.Native.Action.Coupled.Registry.Calculation.Common.Feedback.Continuation.SourceFamily.Foresight.Contextual.Profile.Finite.Reader.Source (3.3s)
✔ [5517/5526] Built H0mework.Papers.SecondEdition9c73FullStockNext (3.4s)
✔ [5518/5526] Built H0mework.Versions.R9c73a630.Realization.Operations.Tree.Fold.Dependent.Branch.JointQuery.Actor.Operation.Query.Inventory.Observer.CurrentChild.Dynamic.Live.Native.Action.Coupled.Registry.Calculation.Common.Feedback.Continuation.SourceFamily.Foresight.Contextual.Profile.Finite.Reader.Difference.Forward (3.8s)
✔ [5519/5526] Built H0mework.Versions.R9c73a630.Realization.Operations.Tree.Fold.Dependent.Branch.JointQuery.Actor.Operation.Query.Inventory.Observer.CurrentChild.Dynamic.Live.Native.Action.Coupled.Registry.Calculation.Common.Feedback.Continuation.SourceFamily.Foresight.Contextual.Factory (3.9s)
✔ [5520/5526] Built H0mework.Versions.R9c73a630.Realization.Operations.Tree.Fold.Dependent.Branch.JointQuery.Actor.Operation.Query.Inventory.Observer.CurrentChild.Dynamic.Live.Native.Action.Coupled.Registry.Calculation.Common.Feedback.Continuation.SourceFamily.Foresight.Contextual.Written (3.8s)
✔ [5521/5526] Built H0mework.Versions.R9c73a630.Realization.Operations.Tree.Fold.Dependent.Branch.JointQuery.Actor.Operation.Query.Inventory.Observer.CurrentChild.Dynamic.Live.Native.Action.Coupled.Registry.Calculation.Common.Feedback.Continuation.SourceFamily.Installed (3.5s)
✔ [5522/5526] Built H0mework.Versions.R9c73a630.Realization.Operations.Tree.Fold.Dependent.Branch.JointQuery.Actor.Operation.Query.Inventory.Observer.CurrentChild.Dynamic.Live.Native.Action.Coupled.Registry.Calculation.Common.Feedback.Continuation.SourceFamily.Effect.Installed (2.8s)
✔ [5523/5526] Built H0mework.Versions.R9c73a630.Realization.Operations.Tree.Fold.Dependent.Branch.JointQuery.Actor.Operation.Query.Inventory.Observer.CurrentChild.Dynamic.Live.Native.Action.Coupled.Registry.Calculation.Common.Feedback.Continuation.SourceFamily.Effect.Environment.Generated (2.7s)
✔ [5524/5526] Built H0mework.Papers.SecondEdition9c73SameEventFeedback (3.4s)
ℹ [5525/5526] Built H0mework.Versions.R9c73a630.ReleaseMaterials.Verification.Framework.SourcePolicy.AdmissionStops (4949s)
info: H0mework/Versions/R9c73a630/ReleaseMaterials/Verification/Framework/SourcePolicy/AdmissionStops.lean:133:0: 'SaturationMonoid.ResponsibilityLifecycle.LivingLawEvolution.ConstructiveRoot.SourceOperationNative.Tree.Fold.Dependent.Branch.JointQuery.Actor.Operation.Query.Inventory.Observer.CurrentChild.Dynamic.Live.Native.Action.Coupled.Registry.Calculation.Common.Feedback.Continuation.Lower.SourceFamily.ActivationSource.nextAdmissionAt' depends on axioms: [propext,
 Classical.choice,
 Quot.sound]
info: H0mework/Versions/R9c73a630/ReleaseMaterials/Verification/Framework/SourcePolicy/AdmissionStops.lean:134:0: 'SaturationMonoid.ResponsibilityLifecycle.LivingLawEvolution.ConstructiveRoot.SourceOperationNative.Tree.Fold.Dependent.Branch.JointQuery.Actor.Operation.Query.Inventory.Observer.CurrentChild.Dynamic.Live.Native.Action.Coupled.Registry.Calculation.Common.Feedback.Continuation.Lower.SourceFamily.Admissions.actual_admission' depends on axioms: [propext,
 Classical.choice,
 Quot.sound]
info: H0mework/Versions/R9c73a630/ReleaseMaterials/Verification/Framework/SourcePolicy/AdmissionStops.lean:135:0: 'SaturationMonoid.ResponsibilityLifecycle.LivingLawEvolution.ConstructiveRoot.SourceOperationNative.Tree.Fold.Dependent.Branch.JointQuery.Actor.Operation.Query.Inventory.Observer.CurrentChild.Dynamic.Live.Native.Action.Coupled.Registry.Calculation.Common.Feedback.Continuation.Lower.SourceFamily.Admissions.actual_segment' depends on axioms: [propext,
 Classical.choice,
 Quot.sound]
info: H0mework/Versions/R9c73a630/ReleaseMaterials/Verification/Framework/SourcePolicy/AdmissionStops.lean:136:0: 'SaturationMonoid.ResponsibilityLifecycle.LivingLawEvolution.ConstructiveRoot.SourceOperationNative.Tree.Fold.Dependent.Branch.JointQuery.Actor.Operation.Query.Inventory.Observer.CurrentChild.Dynamic.Live.Native.Action.Coupled.Registry.Calculation.Common.Feedback.Continuation.Lower.SourceFamily.Admissions.strictMono' depends on axioms: [propext,
 Classical.choice,
 Quot.sound]
info: H0mework/Versions/R9c73a630/ReleaseMaterials/Verification/Framework/SourcePolicy/AdmissionStops.lean:137:0: 'SaturationMonoid.ResponsibilityLifecycle.LivingLawEvolution.ConstructiveRoot.SourceOperationNative.Tree.Fold.Dependent.Branch.JointQuery.Actor.Operation.Query.Inventory.Observer.CurrentChild.Dynamic.Live.Native.Action.Coupled.Registry.Calculation.Common.Feedback.Continuation.Lower.SourceFamily.Admissions.cofinal' depends on axioms: [propext,
 Classical.choice,
 Quot.sound]
info: H0mework/Versions/R9c73a630/ReleaseMaterials/Verification/Framework/SourcePolicy/AdmissionStops.lean:138:0: 'SaturationMonoid.ResponsibilityLifecycle.LivingLawEvolution.ConstructiveRoot.SourceOperationNative.Tree.Fold.Dependent.Branch.JointQuery.Actor.Operation.Query.Inventory.Observer.CurrentChild.Dynamic.Live.Native.Action.Coupled.Registry.Calculation.Common.Feedback.Continuation.Lower.SourceFamily.Admissions.actual_index' depends on axioms: [propext,
 Classical.choice,
 Quot.sound]
info: H0mework/Versions/R9c73a630/ReleaseMaterials/Verification/Framework/SourcePolicy/AdmissionStops.lean:139:0: 'SaturationMonoid.ResponsibilityLifecycle.LivingLawEvolution.ConstructiveRoot.SourceOperationNative.Tree.Fold.Dependent.Branch.JointQuery.Actor.Operation.Query.Inventory.Observer.CurrentChild.Dynamic.Live.Native.Action.Coupled.Registry.Calculation.Common.Feedback.Continuation.Lower.SourceFamily.Admissions.complete_word' depends on axioms: [propext,
 Classical.choice,
 Quot.sound]
info: H0mework/Versions/R9c73a630/ReleaseMaterials/Verification/Framework/SourcePolicy/AdmissionStops.lean:140:0: 'SaturationMonoid.ResponsibilityLifecycle.LivingLawEvolution.ConstructiveRoot.SourcePolicyActualAdmissionStops.paid_compilation' depends on axioms: [propext,
 Classical.choice,
 Quot.sound]
info: H0mework/Versions/R9c73a630/ReleaseMaterials/Verification/Framework/SourcePolicy/AdmissionStops.lean:141:0: 'SaturationMonoid.ResponsibilityLifecycle.LivingLawEvolution.ConstructiveRoot.SourcePolicyActualAdmissionStops.paid_not_settled' depends on axioms: [propext,
 Classical.choice,
 Quot.sound]
info: H0mework/Versions/R9c73a630/ReleaseMaterials/Verification/Framework/SourcePolicy/AdmissionStops.lean:142:0: 'SaturationMonoid.ResponsibilityLifecycle.LivingLawEvolution.ConstructiveRoot.SourcePolicyActualAdmissionStops.settled_compilation' depends on axioms: [propext,
 Classical.choice,
 Quot.sound]
✔ [5526/5526] Built H0mework.Papers.SecondEdition9c73TypeCompletion (5.9s)
Build completed successfully (5526 jobs).
