19	H0mework
4.6	H0mework.Arithmetic.BurnolCarrier.AdditiveCoSum
6.8	H0mework.Arithmetic.BurnolCarrier.AdditiveFourierLanding
7.4	H0mework.Arithmetic.BurnolCarrier.AdditiveFourierPairing
4.8	H0mework.Arithmetic.BurnolCarrier.AdditiveFullEvenL2
6.8	H0mework.Arithmetic.BurnolCarrier.AdditiveL2
4	H0mework.Arithmetic.BurnolCarrier.AdditiveNonzeroBoundary
4	H0mework.Arithmetic.BurnolCarrier.AdditiveSourceIntegral
7.1	H0mework.Arithmetic.BurnolCarrier.CompactAnnulusAdditiveFamily
4.9	H0mework.Arithmetic.BurnolCarrier.CompactAnnulusClosedRange
9	H0mework.Arithmetic.BurnolCarrier.CompactAnnulusFourierFamily
5.7	H0mework.Arithmetic.BurnolCarrier.CompactAnnulusFourierLanding
6.1	H0mework.Arithmetic.BurnolCarrier.ConstantGapFace
6.4	H0mework.Arithmetic.BurnolCarrier.ConstantGapFourier
4	H0mework.Arithmetic.BurnolMellin.CompletedMellinEvaluatorKernel
5.7	H0mework.Arithmetic.BurnolMellin.GaussianFourierKernel
4.5	H0mework.Arithmetic.BurnolMellin.GaussianHeatPair
5.9	H0mework.Arithmetic.BurnolMellin.GaussianSuperpositionKernel
2.6	H0mework.Arithmetic.BurnolMellin.PairedMellinCharacter
3.5	H0mework.Arithmetic.BurnolMellin.PairedMellinCharacterRigidity
5.3	H0mework.Arithmetic.BurnolPhysical.ConcreteAnnulusCoPoisson
4.2	H0mework.Arithmetic.BurnolPhysical.EvenFourierSource
6.5	H0mework.Arithmetic.BurnolPhysical.PhysicalityProjection
3.8	H0mework.Arithmetic.CoPoisson.Energy
4.8	H0mework.Arithmetic.CoPoisson.FirstResidual
2	H0mework.Arithmetic.CoPoisson.LogOrbit
4.1	H0mework.Arithmetic.CoPoisson.MellinConvergence
3.1	H0mework.Arithmetic.CoPoisson.MuntzCoupling
4.3	H0mework.Arithmetic.CoPoisson.PositiveDecay
3.7	H0mework.Arithmetic.CoPoisson.PrimePowerFace
3.4	H0mework.Arithmetic.CoPoisson.QuarterChart
3	H0mework.Arithmetic.CoPoisson.RelationQuotient
6.6	H0mework.Arithmetic.CoPoisson.RoleRepresentation
4.6	H0mework.Arithmetic.CoPoisson.ThetaRoles
1	H0mework.Arithmetic.CodePairs.Residual
13	H0mework.Arithmetic.EulerAnalytic.CoordinateEndpointSection
4.1	H0mework.Arithmetic.EulerAnalytic.CoordinateSpecialization
7.3	H0mework.Arithmetic.EulerAnalytic.EndpointBoundaryEigenAction
9.3	H0mework.Arithmetic.EulerAnalytic.EndpointCofiberElement
6.1	H0mework.Arithmetic.EulerAnalytic.GlobalActionCofiber
7.1	H0mework.Arithmetic.EulerAnalytic.TautologicalReadback
6.7	H0mework.Arithmetic.EulerDerived.AdjugateEndpointAtom
6.2	H0mework.Arithmetic.EulerDerived.AdjugateSuccessor
4.6	H0mework.Arithmetic.EulerDerived.AdjugateTotalFiber
8.9	H0mework.Arithmetic.EulerDerived.ComplexAdjugate
6.4	H0mework.Arithmetic.EulerDerived.DeterminantSection
5.3	H0mework.Arithmetic.EulerDerived.EndpointCokernelState
5.1	H0mework.Arithmetic.EulerDerived.EndpointDeterminantSupport
3.9	H0mework.Arithmetic.EulerDerived.EndpointKoszulCycle
7	H0mework.Arithmetic.EulerDerived.EndpointZeroFiberState
4.5	H0mework.Arithmetic.EulerDerived.PointActualDatum
6.4	H0mework.Arithmetic.EulerDerived.SolutionCofinal
95	H0mework.Arithmetic.EulerDerived.SolutionFixedCoordinate
11	H0mework.Arithmetic.EulerDerived.SolutionSpecialization
4.8	H0mework.Arithmetic.EulerDualBlock.DeterminantLineCoordinate
7.2	H0mework.Arithmetic.EulerDualBlock.DeterminantLineEndpointSection
9.4	H0mework.Arithmetic.EulerDualBlock.EndpointFixedCoordinateReadback
7.7	H0mework.Arithmetic.EulerDualBlock.Frame
9.3	H0mework.Arithmetic.EulerDualBlock.GlobalAction
6	H0mework.Arithmetic.EulerDualBlock.GlobalComplexLine
5.9	H0mework.Arithmetic.EulerDualBlock.GlobalComplexSpecialization
3.5	H0mework.Arithmetic.EulerDualBlock.GlobalDeterminantSection
3.9	H0mework.Arithmetic.EulerDualBlock.GlobalZeroFiber
4.7	H0mework.Arithmetic.EulerDualBlock.LinearGlobalAction
5.4	H0mework.Arithmetic.EulerDualBlock.LinearGlobalEndpointSection
7.3	H0mework.Arithmetic.EulerDualBlock.WholeRelationDeterminant
4	H0mework.Arithmetic.EulerGlobal.Action
10	H0mework.Arithmetic.EulerGlobal.CofiberCofinalRigidity
24	H0mework.Arithmetic.EulerGlobal.CofiberFamily
5.1	H0mework.Arithmetic.EulerGlobal.CoordinateGerm
5.8	H0mework.Arithmetic.EulerGlobal.DerivedDeterminant
4.4	H0mework.Arithmetic.EulerGlobal.DeterminantSection
3.3	H0mework.Arithmetic.EulerGlobal.DeterminantSuccessor
9.7	H0mework.Arithmetic.EulerGlobal.HistoryCofinalRigidity
9.2	H0mework.Arithmetic.EulerGlobal.HistoryRelationEmbedding
9.2	H0mework.Arithmetic.EulerGlobal.HistoryZeroFiberState
3.7	H0mework.Arithmetic.EulerGlobal.ReversalZeroFibre
5	H0mework.Arithmetic.EulerGlobal.SolutionAction
12	H0mework.Arithmetic.EulerGlobal.WholeDerivedSection
6.1	H0mework.Arithmetic.EulerGlobal.WholeGlobalAction
2.6	H0mework.Arithmetic.EulerGlobal.WholeGlobalSection
5.5	H0mework.Arithmetic.EulerGlobal.WholeHistory
8.8	H0mework.Arithmetic.EulerGlobal.WholeRelationAction
12	H0mework.Arithmetic.EulerGlobal.WholeUniversalLanding
6.6	H0mework.Arithmetic.EulerGlobal.WholeUniversalSolution
2.9	H0mework.Arithmetic.EulerGlobal.ZeroFibre
3.5	H0mework.Arithmetic.EulerLocal.CrossPrimeResidual
23	H0mework.Arithmetic.EulerLocal.DependentDiagram
3.6	H0mework.Arithmetic.EulerLocal.DeterminantNormalization
3.2	H0mework.Arithmetic.EulerLocal.DivisionLanding
4.8	H0mework.Arithmetic.EulerLocal.EulerLanding
2.4	H0mework.Arithmetic.EulerLocal.FiniteEnvelope
10	H0mework.Arithmetic.EulerLocal.LandingSuccessor
9	H0mework.Arithmetic.EulerLocal.Operator
3.7	H0mework.Arithmetic.EulerLocal.RuntimePrimeLanding
8.5	H0mework.Arithmetic.EulerLocal.UnitDeterminantAction
6.3	H0mework.Arithmetic.EulerLocal.UnitRealization
17	H0mework.Arithmetic.EulerLocal.UnitRelationHistory
3.5	H0mework.Arithmetic.EulerLocal.ZeroFibreLanding
3.8	H0mework.Arithmetic.EulerLog.GlobalGerm
1.6	H0mework.Arithmetic.Factorization.Action
4.3	H0mework.Arithmetic.FockDynamics.AtomicDynamics
4.6	H0mework.Arithmetic.FockDynamics.AtomicState
3.3	H0mework.Arithmetic.FockDynamics.OperationDerivation
3.6	H0mework.Arithmetic.FockDynamics.OperationRelation
4.3	H0mework.Arithmetic.FockDynamics.PhysicalCurrent
29	H0mework.Arithmetic.FockDynamics.RootRuntime
3	H0mework.Arithmetic.FockDynamics.RootUpdate
3.8	H0mework.Arithmetic.FockDynamics.SpeciesFlux
3.5	H0mework.Arithmetic.FockResponsibility.Actuality.Admission.LivingLawCanonicalParticleWaveFockPrimePairActualityAdmissionBoundary
3.9	H0mework.Arithmetic.FockResponsibility.Actuality.Admission.LivingLawCanonicalParticleWaveFockPrimePairPendingClaimBirth
4.8	H0mework.Arithmetic.FockResponsibility.Actuality.Authority.LivingLawCanonicalParticleWaveFockPrimePairPaidRootConsumer
3.8	H0mework.Arithmetic.FockResponsibility.Actuality.Regression.LivingLawCanonicalParticleWaveFockPrimePairActualityDebtRegression
8.7	H0mework.Arithmetic.FockResponsibility.Actuality.Runtime.LivingLawCanonicalParticleWaveFockPrimePairGatedClaimCurrent
5.7	H0mework.Arithmetic.FockResponsibility.ActualityClaim
5.3	H0mework.Arithmetic.FockResponsibility.ActualityDebt
4.8	H0mework.Arithmetic.FockResponsibility.AtomicDebtRuntime
4.4	H0mework.Arithmetic.FockResponsibility.AtomicRuntime
4.3	H0mework.Arithmetic.FockResponsibility.AtomicSectorDebt
3	H0mework.Arithmetic.FockResponsibility.DebtActivation
6.9	H0mework.Arithmetic.FockResponsibility.DebtU7Admission
4.9	H0mework.Arithmetic.FockResponsibility.DebtU7AuditSource
5.7	H0mework.Arithmetic.FockResponsibility.DebtU7LivingRoot
4.5	H0mework.Arithmetic.FockResponsibility.DirectActuality
4.1	H0mework.Arithmetic.FockResponsibility.DirectResponsibility
3.9	H0mework.Arithmetic.FockResponsibility.OccurrenceHistory
5.2	H0mework.Arithmetic.FockResponsibility.OccurrenceRuntime
4.2	H0mework.Arithmetic.FockResponsibility.OccurrenceSector
4.3	H0mework.Arithmetic.FockResponsibility.ProcessReceipt
12	H0mework.Arithmetic.FockResponsibility.ProvenanceRecurrence
4.3	H0mework.Arithmetic.FockResponsibility.SectorDebt
5.5	H0mework.Arithmetic.FockResponsibility.TargetSixActionDebt
14	H0mework.Arithmetic.FockResponsibility.TargetSixProcessAction
2.7	H0mework.Arithmetic.FockState.AtomicSpecies
4.4	H0mework.Arithmetic.FockState.Carrier
4	H0mework.Arithmetic.FockState.Charge
4.9	H0mework.Arithmetic.FockState.FactorDecay
4.9	H0mework.Arithmetic.FockState.IndistinguishablePairs
4.1	H0mework.Arithmetic.FockState.JointMeasurement
3.8	H0mework.Arithmetic.FockState.ParentOccurrence
4.9	H0mework.Arithmetic.FockState.ParityMeasurement
5	H0mework.Arithmetic.FockState.PhysicalDecay
3.7	H0mework.Arithmetic.FockState.PrimePairOccupation
3.8	H0mework.Arithmetic.FockState.SpeciesMeasurement
4.5	H0mework.Arithmetic.FockUnitAction.FourierSibling
3.2	H0mework.Arithmetic.FockUnitAction.RuntimeOccupation
1.9	H0mework.Arithmetic.Goldbach.EffectiveConsumer
2.2	H0mework.Arithmetic.Goldbach.EffectiveDisposition
1.6	H0mework.Arithmetic.Goldbach.EffectiveReadout
1.8	H0mework.Arithmetic.Goldbach.ExactUnfolding
4.1	H0mework.Arithmetic.Goldbach.FirstResidualConsumer
4.4	H0mework.Arithmetic.Goldbach.FirstResidualProducer
4.5	H0mework.Arithmetic.Goldbach.FirstResidualProvenanceFlux
3	H0mework.Arithmetic.Goldbach.GlobalDisposition
3.9	H0mework.Arithmetic.Goldbach.RiemannJointConsumer
3.8	H0mework.Arithmetic.Goldbach.RuntimeConsumer
3.2	H0mework.Arithmetic.Goldbach.SeedConsumer
1.9	H0mework.Arithmetic.GoldbachDynamics.DecayReachability
1.7	H0mework.Arithmetic.GoldbachDynamics.ExactOperationalFace
2.8	H0mework.Arithmetic.GoldbachDynamics.FactorEmission
2.7	H0mework.Arithmetic.GoldbachDynamics.FactorOrbit
1.8	H0mework.Arithmetic.GoldbachDynamics.FactorRepair
2	H0mework.Arithmetic.GoldbachDynamics.OperationalDecay
2	H0mework.Arithmetic.GoldbachDynamics.RepairReachability
3.8	H0mework.Arithmetic.GoldbachDynamics.Runtime
12	H0mework.Arithmetic.GoldbachFourier.ClassicalBridge
9.1	H0mework.Arithmetic.GoldbachFourier.Cyclic
1.8	H0mework.Arithmetic.GoldbachFourier.EffectiveCoefficient
3.7	H0mework.Arithmetic.GoldbachFourier.FlexibleWindow
3.2	H0mework.Arithmetic.GoldbachFourier.NaturalWindow
5.2	H0mework.Arithmetic.GoldbachFourier.PairCarrier
4	H0mework.Arithmetic.GoldbachResidual.ClosedDecay
3	H0mework.Arithmetic.GoldbachResidual.MinimalSCC
3.9	H0mework.Arithmetic.GoldbachResidual.PrimeTrace
2	H0mework.Arithmetic.Mellin.Functional
5.8	H0mework.Arithmetic.Mellin.GaussianRemainderKernel
4.5	H0mework.Arithmetic.Mellin.GaussianRemainderMellin
6.1	H0mework.Arithmetic.Mellin.MellinDilationAction
2.1	H0mework.Arithmetic.Mellin.PositiveDomain
4.7	H0mework.Arithmetic.Mellin.PositiveMellinCarrier
3.8	H0mework.Arithmetic.Mellin.PositiveMellinGaussianTate
5.8	H0mework.Arithmetic.Mellin.PositiveMellinTate
7.8	H0mework.Arithmetic.Mellin.ProperMellinL1
4.1	H0mework.Arithmetic.Mellin.QuarterEnergy
3.5	H0mework.Arithmetic.Mellin.QuarterL2
2.7	H0mework.Arithmetic.Mellin.QuarterTest
2.7	H0mework.Arithmetic.Mellin.QuarterTransform
4.2	H0mework.Arithmetic.Mellin.TateFiniteJump
2.3	H0mework.Arithmetic.Mellin.TateInvolution
4.1	H0mework.Arithmetic.MellinBoundary.PositiveMellinQuarterBoundedEigenNoGoBase
4.6	H0mework.Arithmetic.MellinBoundary.PositiveMellinQuarterEnergyBoundary
3.7	H0mework.Arithmetic.MellinBoundary.PositiveMellinQuarterEnergyCharacter
63	H0mework.Arithmetic.MellinBoundary.PositiveMellinQuarterExtension
5.8	H0mework.Arithmetic.MellinBoundary.PositiveMellinQuarterExtensionNoGo
5.8	H0mework.Arithmetic.MellinBoundary.PositiveMellinQuarterMaterial
7	H0mework.Arithmetic.MellinBoundary.PositiveMellinQuarterTranslationNoGo
7.7	H0mework.Arithmetic.MellinBoundary.ProperMellinL1StarInversion
4	H0mework.Arithmetic.MellinBoundary.ProperMellinLowHighRelativeOccurrence
5.9	H0mework.Arithmetic.MellinBoundary.ProperMellinScalarEnvelope
5.2	H0mework.Arithmetic.MellinBoundary.ProperMellinScalarEnvelopeOccurrence
4.6	H0mework.Arithmetic.MellinBoundary.StageZeroLowHighResidualNoGo
6.3	H0mework.Arithmetic.MellinBoundary.StageZeroLowHighSupport
2.5	H0mework.Arithmetic.MellinConductor.DirichletLogPosition
7.5	H0mework.Arithmetic.MellinProjection.CompletedEvaluator
5.9	H0mework.Arithmetic.MellinProjection.TailKernel
5.9	H0mework.Arithmetic.MellinTateSource.FourierPairing
4.5	H0mework.Arithmetic.MellinTateSource.FourierRead
6.1	H0mework.Arithmetic.MellinTateSource.TateCompact
4.4	H0mework.Arithmetic.MobiusSource.CompactMobiusInverse
5	H0mework.Arithmetic.MobiusSource.MobiusDivisorFourierPairing
19	H0mework.Arithmetic.MobiusSource.MobiusDivisorInverse
3.8	H0mework.Arithmetic.MobiusSource.MobiusFiniteCutoff
4.4	H0mework.Arithmetic.MobiusSource.MobiusPairingBounds
5	H0mework.Arithmetic.MobiusSource.MobiusReciprocalPairing
18	H0mework.Arithmetic.MobiusSource.MobiusReconstruction
3.9	H0mework.Arithmetic.Muntz.CoPoissonEnergyNaturality
5.1	H0mework.Arithmetic.Muntz.CoPoissonLogContact
4	H0mework.Arithmetic.Muntz.CoPoissonMuntzDirichletSeed
4.5	H0mework.Arithmetic.Muntz.CoPoissonMuntzDirichletSource
4.5	H0mework.Arithmetic.Muntz.CoPoissonMuntzFactorization
5.5	H0mework.Arithmetic.Muntz.CoPoissonMuntzStripReadback
4.3	H0mework.Arithmetic.Muntz.CoPoissonMuntzWeakFEPair
4.7	H0mework.Arithmetic.Muntz.CoPoissonMuntzZeroAnnihilation
4.5	H0mework.Arithmetic.Muntz.CoPoissonSchwartzEnergyAction
7.7	H0mework.Arithmetic.Muntz.FunctionalGraphAction
6.8	H0mework.Arithmetic.Muntz.FunctionalGraphPerfectification
5.1	H0mework.Arithmetic.Muntz.WholeL2EquivariantResidual
4.7	H0mework.Arithmetic.Muntz.WholeL2EquivariantResidualOccurrence
5.6	H0mework.Arithmetic.MuntzAction.CoPoissonMuntzDilationActionLaws
5.4	H0mework.Arithmetic.MuntzAction.CoPoissonMuntzDilationRelationSquare
6.8	H0mework.Arithmetic.MuntzAction.CoPoissonMuntzGraphCokernel
7.6	H0mework.Arithmetic.MuntzAction.CoPoissonMuntzGraphCokernelDilationAction
5.9	H0mework.Arithmetic.MuntzAction.CoPoissonMuntzRieszDilation
7.2	H0mework.Arithmetic.MuntzAction.CoPoissonMuntzZeroGraphCokernel
4.4	H0mework.Arithmetic.MuntzAction.CoPoissonTranslationCarrier
5.7	H0mework.Arithmetic.MuntzAction.GaussianCoPoissonRelation
4.1	H0mework.Arithmetic.MuntzAction.GaussianSchwartz
8.5	H0mework.Arithmetic.MuntzAction.LocalEndpointDifferentialResidual
4.6	H0mework.Arithmetic.PoleOrbit.GlobalGermArithmeticCounterterm
5.9	H0mework.Arithmetic.PrimeShadow.LivingLawCanonicalUnitArithmeticActionCofiberCyclePrimePowerSplice
5.4	H0mework.Arithmetic.PrimeShadow.LivingLawCanonicalUnitArithmeticCofinalRelationAction
3.9	H0mework.Arithmetic.PrimeShadow.LivingLawCanonicalUnitArithmeticCofinalRelationHomotopyLimit
3.5	H0mework.Arithmetic.PrimeShadow.LivingLawCanonicalUnitArithmeticCofinalRelationZeroLocus
5.1	H0mework.Arithmetic.PrimeShadow.LivingLawCanonicalUnitArithmeticDerivedCoordinateRegression
5.4	H0mework.Arithmetic.PrimeShadow.LivingLawCanonicalUnitArithmeticEulerDeterminantCoordinateRegression
4.3	H0mework.Arithmetic.PrimeShadow.LivingLawCanonicalUnitArithmeticFactorizationFullEulerGlobalZeroFiberFlatness
7.5	H0mework.Arithmetic.PrimeShadow.LivingLawCanonicalUnitArithmeticFactorizationWholeRelationGeneratedUniversalSolutionFixedness
7.3	H0mework.Arithmetic.PrimeShadow.LivingLawCanonicalUnitArithmeticIntegralFixedCoordinateReadout
5.9	H0mework.Arithmetic.PrimeShadow.LivingLawCanonicalUnitArithmeticIntegralFixedNamedFacade
6	H0mework.Arithmetic.PrimeShadow.LivingLawCanonicalUnitArithmeticLocalCoordinateClassCycleEvaluation
5.6	H0mework.Arithmetic.PrimeShadow.LivingLawCanonicalUnitArithmeticSourceFixedCoordinateCohomology
5.8	H0mework.Arithmetic.PrimeShadow.LivingLawCanonicalUnitArithmeticUnitNormalizedCoordinateRegression
4.1	H0mework.Arithmetic.PrimeShadow.LivingLawCanonicalUnitArithmeticUniversalSolutionCycleSplice
2.6	H0mework.Arithmetic.PrimeShadow.LivingLawRootAnswerNextHistoryRegression
3.3	H0mework.Arithmetic.PrimeShadow.LivingLawRootAnswerNextRegression
3.3	H0mework.Arithmetic.PrimeShadow.LivingLawRootEffectDynamicalClosureRegression
2.5	H0mework.Arithmetic.PrimeShadow.LivingLawRootEffectReactivationRegression
2.2	H0mework.Arithmetic.PrimeShadow.LivingLawRootSourceNativeAuthorityRegression
2.1	H0mework.Arithmetic.PrimeShadow.LivingLawRootSourceNativeLedgerRestructuringRegression
1	H0mework.Arithmetic.PrimeShadow.LivingLawRootTemporalAnswerNextRegression
1.6	H0mework.Arithmetic.PrimeShadow.LivingLawRootTotalRealityRegression
2.2	H0mework.Arithmetic.PrimeShadow.LivingLawTypedSemanticWorldNetworkU8RecoveryRegression
7.3	H0mework.Arithmetic.PrimeShadow.NoIslandNoMagic.Facade.CanonicalRiemannAnalyticFacade
7.4	H0mework.Arithmetic.ProjectionDefect.AtomProjectionDefectCore
1.2	H0mework.Arithmetic.ProjectionDefect.BoundedPersistentProjectionDefectTrace
1.3	H0mework.Arithmetic.ProjectionDefect.BoundedPersistentTraceExtraction
1.2	H0mework.Arithmetic.ProjectionDefect.BoundedTransportHardness
1.4	H0mework.Arithmetic.ProjectionDefect.CodeMediatedBoundedTransport
1	H0mework.Arithmetic.ProjectionDefect.DefectConditionedSourceAnchoredNoReturnLaw
1.4	H0mework.Arithmetic.ProjectionDefect.DefectConditionedSourceAnchoredReturnPathLaw
1.8	H0mework.Arithmetic.ProjectionDefect.DefectConditionedSourceReturnForcing
1.4	H0mework.Arithmetic.ProjectionDefect.DefectIntrinsicSourceReturnForcing
1.8	H0mework.Arithmetic.ProjectionDefect.DefectRealizationCoexistenceObstruction
1.4	H0mework.Arithmetic.ProjectionDefect.DefectToHolonomyMap
1.7	H0mework.Arithmetic.ProjectionDefect.GeneratedLoweringResidualNoReturn
1.3	H0mework.Arithmetic.ProjectionDefect.GeneratedObservedDefectClosedDomain
2	H0mework.Arithmetic.ProjectionDefect.GeneratedObservedDefectEntryGate
1.7	H0mework.Arithmetic.ProjectionDefect.NativeTraceDefectIntrinsicForcing
1.4	H0mework.Arithmetic.ProjectionDefect.SourceMediatedBoundedTransport
1.9	H0mework.Arithmetic.ProjectionDefect.SourceNoReturnGapDescent
1.8	H0mework.Arithmetic.ProjectionDefect.StableArithmeticProjectionDefectInstability
1.9	H0mework.Arithmetic.ProjectionDefect.TraceCarriedGeneratedLoweringNoReturnStableDomain
3.6	H0mework.Arithmetic.RemainderSource.Divisor
5.7	H0mework.Arithmetic.RiemannAnnulus.CoordinateMatchedAnnulusSource
3.8	H0mework.Arithmetic.RiemannCharacter.ZeroMultiplicativeCharacterOccurrence
6.2	H0mework.Arithmetic.RiemannGraph.Sonine.Physical.Spectral.Runtime.Admission.ClozelBurnolSpectralGatedClaimCurrent
4.9	H0mework.Arithmetic.RiemannGraph.Sonine.Physical.Spectral.Runtime.Admission.ClozelBurnolSpectralPendingClaimBirth
4.8	H0mework.Arithmetic.RiemannGraph.Sonine.Physical.Spectral.Runtime.Authority.ClozelBurnolSpectralPaidRootConsumer
4.9	H0mework.Arithmetic.RiemannGraph.Sonine.Physical.Spectral.Runtime.Claim.ClozelBurnolSpectralActualityClaim
4.6	H0mework.Arithmetic.RiemannGraph.Sonine.Physical.Spectral.Runtime.Claim.ClozelBurnolSpectralActualityClaimProjectionLaw
4.7	H0mework.Arithmetic.RiemannGraph.Sonine.Physical.Spectral.Runtime.Debt.ClozelBurnolSpectralActualityDebt
5.1	H0mework.Arithmetic.RiemannGraph.Sonine.Physical.Spectral.Runtime.Face.ClozelBurnolPhysicalActionFace
4.9	H0mework.Arithmetic.RiemannGraph.Sonine.Physical.Spectral.Runtime.Face.ClozelBurnolPhysicalActionProjectionLaw
8.1	H0mework.Arithmetic.RiemannGraph.Sonine.Physical.Spectral.Runtime.Settlement.ClozelBurnolSpectralActualitySettlement
3.9	H0mework.Arithmetic.RiemannInverseFibre.CompleteFibre
4	H0mework.Arithmetic.RiemannInverseFibre.DerivedPointReadback
4.3	H0mework.Arithmetic.RiemannInverseFibre.DeterminantLineIncidence
4.5	H0mework.Arithmetic.RiemannInverseFibre.Disposition
4.1	H0mework.Arithmetic.RiemannInverseFibre.GeneratedZeroRead
4.2	H0mework.Arithmetic.RiemannInverseFibre.QRichSeparator
4	H0mework.Arithmetic.RiemannInverseFibre.ReversalResidual
5.7	H0mework.Arithmetic.RiemannLineage.ClozelProperMellinScalarRelationIncidence
7.9	H0mework.Arithmetic.RiemannLineage.DerivedFullRowLineage
72	H0mework.Arithmetic.RiemannLineage.DerivedFullRowLineageOuterSuccessor
4.6	H0mework.Arithmetic.RiemannLineage.DerivedFullRowLineageSuccessor
8.3	H0mework.Arithmetic.RiemannLineage.DerivedLineagePoint
7.5	H0mework.Arithmetic.RiemannLineage.FiniteEndpointCycle
4.7	H0mework.Arithmetic.RiemannLineage.FullRowCReadback
6	H0mework.Arithmetic.RiemannLineage.FullRowCaps
17	H0mework.Arithmetic.RiemannLineage.FullRowPairSeparator
6.6	H0mework.Arithmetic.RiemannLineage.FullRowSeparatorPoint
9.2	H0mework.Arithmetic.RiemannLineage.FullRowSquare
6.1	H0mework.Arithmetic.RiemannLineage.FullRowSuccessor
4.7	H0mework.Arithmetic.RiemannLineage.LineagePoint
6.8	H0mework.Arithmetic.RiemannMellinOrbit.FourierTarget
4.9	H0mework.Arithmetic.RiemannMellinOrbit.JumpSuccessor
5.5	H0mework.Arithmetic.RiemannMellinOrbit.MellinOrbitQuotient
5.1	H0mework.Arithmetic.RiemannMellinOrbit.ParityFourier
5.1	H0mework.Arithmetic.RiemannMellinOrbit.ParitySeparator
5.7	H0mework.Arithmetic.RiemannMellinOrbit.PositiveMellinOrbit
4.9	H0mework.Arithmetic.RiemannMellinOrbit.PositiveMellinTateOrbit
71	H0mework.Arithmetic.RiemannMellinOrbit.ProperMellinFullRowIncidence
4.8	H0mework.Arithmetic.RiemannMellinOrbit.ZeroMellinOrbit
5.7	H0mework.Arithmetic.RiemannMellinOrbit.ZeroPositiveMellinRadialDefect
4.7	H0mework.Arithmetic.RiemannMellinOrbit.ZeroPositiveMellinTateOrbit
3.9	H0mework.Arithmetic.RiemannMellinOrbit.ZeroPositiveParameter
6.2	H0mework.Arithmetic.RiemannSource.FiniteEulerNonvanishingAtGeneratedZero
4.8	H0mework.Arithmetic.RiemannSource.FiniteThetaExposure
5	H0mework.Arithmetic.RiemannSource.NontrivialCompletedZero
6.2	H0mework.Arithmetic.RiemannSource.TemperedPartnerEffect
3	H0mework.Arithmetic.RiemannSource.ThetaCofinalFold
4	H0mework.Arithmetic.RiemannSource.ThetaEulerOverlap
3.9	H0mework.Arithmetic.RiemannSource.ThetaMellinContinuation
4.5	H0mework.Arithmetic.RiemannSource.ThetaWeakFEPair
4.1	H0mework.Arithmetic.RiemannSource.ThetaZeroMode
9.3	H0mework.Arithmetic.RiemannSpectral.AdditiveFourierFixedSourceState
6.6	H0mework.Arithmetic.RiemannSpectral.ClozelBurnolOwnerGeneratedPhysicalReceiptOccurrence
4.5	H0mework.Arithmetic.RiemannSpectral.ClozelBurnolThetaCommonActionReceiptConsumer
10	H0mework.Arithmetic.RiemannSpectral.FourierFixedCompression
6.1	H0mework.Arithmetic.RiemannSpectral.FourierFixedSelfAdjoint
7	H0mework.Arithmetic.RiemannSpectral.MultiplicativeDilation
4.1	H0mework.Arithmetic.RiemannUnitFourier.ForcingKernel
5.2	H0mework.Arithmetic.RieszForcing.Pulse
4.8	H0mework.Arithmetic.RieszForcing.WeakInterval
4.7	H0mework.Arithmetic.RieszForcing.WeakIntervalPairing
5	H0mework.Arithmetic.RieszGreen.WeakDerivative
3.6	H0mework.Arithmetic.RieszResponse.Integration
5.5	H0mework.Arithmetic.SonineCoupling.ConjugateTateEnergyScalarEquivalence
6.7	H0mework.Arithmetic.SonineCoupling.ConjugateTateGaussianSource
8.6	H0mework.Arithmetic.SonineCoupling.ConjugateTateGraphCokernelNaturality
6.6	H0mework.Arithmetic.SonineCoupling.ConjugateTateGraphSourceMorphism
6.7	H0mework.Arithmetic.SonineCoupling.ConjugateTateInverseDilationSource
7.2	H0mework.Arithmetic.SonineCoupling.ConjugateTateMuntzRelationNaturality
4.7	H0mework.Arithmetic.SonineCoupling.ConjugateTateParameterInvolution
4.3	H0mework.Arithmetic.SonineCoupling.ConjugateTateQuarterMellinInverseValue
4.5	H0mework.Arithmetic.SonineCoupling.ConjugateTateQuarterMellinInverseValueLaws
4.4	H0mework.Arithmetic.SonineCoupling.ConjugateTateQuarterMellinTestEquivalence
5.8	H0mework.Arithmetic.SonineCoupling.ConjugateTateRelationGraphEquivalence
5.3	H0mework.Arithmetic.SonineCoupling.ConjugateTateSchwartzRelationEquivalence
5.8	H0mework.Arithmetic.SonineGap.BalancedSonineGapFace
10	H0mework.Arithmetic.SonineProjection.MeanZeroBlock
4.8	H0mework.Arithmetic.SonineSource.StageZeroSonineDilation
12	H0mework.Arithmetic.SourceAdmission.CanonicalPreP950RawCoordinates
8	H0mework.Arithmetic.SourceAtoms.A6CrystalSource
8.7	H0mework.Arithmetic.SourceAtoms.A6FiveSevenObservedTraceCore
1.7	H0mework.Arithmetic.SourceAtoms.AntisymmetricSourceSideHolonomyGapDescent
1.5	H0mework.Arithmetic.SourceAtoms.CrystalBranchingSource
3.3	H0mework.Arithmetic.SourceAtoms.EndpointCoordinates
2.2	H0mework.Arithmetic.SourceAtoms.EndpointRootAction
1.9	H0mework.Arithmetic.SourceAtoms.GeneratedLoweringStrictPotential
1.4	H0mework.Arithmetic.SourceAtoms.HolonomyGapObstruction
1.7	H0mework.Arithmetic.SourceAtoms.NativeTraceActiveReturnCore
1.3	H0mework.Arithmetic.SourceAtoms.NativeTraceReturnCertificateAdapter
1.4	H0mework.Arithmetic.SourceAtoms.NativeTraceReturnHardDoorGeometry
1.8	H0mework.Arithmetic.SourceAtoms.RootDatum
1.3	H0mework.Arithmetic.SourceAtoms.SourceAnchoredReturnPathLaw
1.7	H0mework.Arithmetic.SourceAtoms.SourceAntisymmetricHolonomy
10	H0mework.Arithmetic.SourceAtoms.SourceCore
1.5	H0mework.Arithmetic.SourceAtoms.SourceHolonomyLoop
1.4	H0mework.Arithmetic.SourceAtoms.SourcePotentialPathAntisymmetry
1.7	H0mework.Arithmetic.SourceAtoms.SourceReturnPathGapDescent
1.6	H0mework.Arithmetic.SourceAtoms.SourceReturnPathLaw
1.5	H0mework.Arithmetic.SourceAtoms.SourceSideHolonomyGapDescent
1.4	H0mework.Arithmetic.SourceAtoms.SourceStrictPotentialPathAntisymmetry
2.2	H0mework.Arithmetic.SourceAtoms.TerminalDischargedSourceReturnForcing
1.6	H0mework.Arithmetic.SourceAtoms.TraceCarriedGeneratedLoweringReturnCertificate
1.7	H0mework.Arithmetic.SourceAtoms.TracedTerminalCodeNoThirdSink
1.9	H0mework.Arithmetic.SourceAtoms.UniformSourceReturnForcingInstability
1.3	H0mework.Arithmetic.SourceRepair.ActiveRepairLiftHardness
1.3	H0mework.Arithmetic.SourceRepair.ActiveRepairProducer
1.5	H0mework.Arithmetic.SourceRepair.CodeMediatedRepairLift
4	H0mework.Arithmetic.Tempered.MuntzTheta
4.5	H0mework.Arithmetic.Tempered.RealStructure
4.4	H0mework.Arithmetic.Tempered.Remainder
3.2	H0mework.Arithmetic.Tempered.RemainderReality
5.7	H0mework.Arithmetic.Tempered.Scaling
3.7	H0mework.Arithmetic.Tempered.VariableCoPoisson
4.2	H0mework.Arithmetic.TruncatedFourier.ActualBridge
11	H0mework.Arithmetic.TruncatedFourier.BlockStates
6.7	H0mework.Arithmetic.TruncatedFourier.ConjugatedKernel
6.6	H0mework.Arithmetic.TruncatedFourier.IntegralKernel
6.6	H0mework.Arithmetic.TruncatedFourier.MeasureRechart
7.8	H0mework.Arithmetic.TruncatedFourier.RadiusActualBridge
6.6	H0mework.Arithmetic.TruncatedFourier.RadiusIntegralKernel
5.1	H0mework.Arithmetic.TruncatedFourier.RechartEquiv
4.7	H0mework.Arithmetic.TruncatedFourier.RectangularKernel
3.9	H0mework.Arithmetic.TruncatedFourier.SonineSolve
3.9	H0mework.Arithmetic.UnitArithmetic.CofinalReversalRelation
3.7	H0mework.Arithmetic.UnitArithmetic.CommonCarrier
3.2	H0mework.Arithmetic.UnitArithmetic.CoordinateProjectionObstruction
3.3	H0mework.Arithmetic.UnitArithmetic.DeterminantState
4	H0mework.Arithmetic.UnitArithmetic.DualReadouts
2	H0mework.Arithmetic.UnitArithmetic.EulerLimit
2.4	H0mework.Arithmetic.UnitArithmetic.EulerPrefix
3.2	H0mework.Arithmetic.UnitArithmetic.Factorization
2.6	H0mework.Arithmetic.UnitArithmetic.PrimePowerIncidence
2.7	H0mework.Arithmetic.UnitArithmetic.Root
3	H0mework.Arithmetic.UnitArithmetic.RuntimeEuler
24	H0mework.Arithmetic.UnitArithmetic.SettlementFacade
1.4	H0mework.Biology.Renewal.Access
1.9	H0mework.Biology.Renewal.CarbonLift
0.6	H0mework.Biology.Renewal.ConsciousSuccessor
20	H0mework.Checks.Physics.LowEnergy.ClosedLoops.Consumer
22	H0mework.Checks.Physics.LowEnergy.PreparedLoops.Consumer
50	H0mework.Checks.Physics.SourceFormation.MotherFixedSourceRealizationConsumer
6	H0mework.Checks.Probability.EmpiricalSource
4.1	H0mework.Checks.Probability.InvariantSource
2.9	H0mework.Checks.Realization.NativeBinary
7.2	H0mework.Checks.Realization.NativeSource
2	H0mework.Checks.Realization.NativeUnitWrite
3.1	H0mework.Checks.Realization.OccurrenceChargeHistory
2.7	H0mework.Checks.Realization.OperationDerivations
2.4	H0mework.Checks.Realization.OperationEffects
3.4	H0mework.Checks.Realization.OperationMixedTrace
2.9	H0mework.Checks.Realization.OperationRelations
2.8	H0mework.Checks.Realization.QuantifiedUpdate
2.1	H0mework.Checks.Runtime.Inquiry
1.6	H0mework.Checks.Runtime.OperationalSeparation
2.9	H0mework.Checks.Runtime.RootNativeLedgerCompilerRegression
2.2	H0mework.Checks.Runtime.U7Ledger
5.9	H0mework.Checks.Runtime.U8Completion
104	H0mework.Chemistry.LAlanineAtomicMass.RuntimeConsumers
74	H0mework.Chemistry.LAlanineAtomicMass.RuntimeFacade
82	H0mework.Chemistry.LAlanineAtomicMass.RuntimeInstallation
72	H0mework.Chemistry.LAlanineAtomicMass.RuntimeInventory
42	H0mework.Chemistry.LAlanineAtomicMass.RuntimeParent
70	H0mework.Chemistry.LAlanineAtomicMass.RuntimeParentConsumers
20	H0mework.Chemistry.LAlanineBandAttractor.SourceA007Bounds
22	H0mework.Chemistry.LAlanineBandAttractor.SourceA007Flow
26	H0mework.Chemistry.LAlanineBandAttractor.SourceA007Geometry
20	H0mework.Chemistry.LAlanineBandAttractor.SourceA007HullAssembly
80	H0mework.Chemistry.LAlanineBandAttractor.SourceA007HullDensityCheck
18.2	H0mework.Chemistry.LAlanineBandAttractor.SourceA007HullDensityData
468	H0mework.Chemistry.LAlanineBandAttractor.SourceA007HullGroups
30	H0mework.Chemistry.LAlanineBandAttractor.SourceA007HullMatrixData
118	H0mework.Chemistry.LAlanineBandAttractor.SourceA007HullMatrixPart0
114	H0mework.Chemistry.LAlanineBandAttractor.SourceA007HullMatrixPart1
124	H0mework.Chemistry.LAlanineBandAttractor.SourceA007HullMatrixPart2
128	H0mework.Chemistry.LAlanineBandAttractor.SourceA007HullMatrixPart3
76	H0mework.Chemistry.LAlanineBandAttractor.SourceA007HullOrbitals
22	H0mework.Chemistry.LAlanineBandAttractor.SourceA007PointAssembly
80	H0mework.Chemistry.LAlanineBandAttractor.SourceA007PointDensityCheck
26	H0mework.Chemistry.LAlanineBandAttractor.SourceA007PointDensityData
432	H0mework.Chemistry.LAlanineBandAttractor.SourceA007PointGroups
30	H0mework.Chemistry.LAlanineBandAttractor.SourceA007PointMatrixData
120	H0mework.Chemistry.LAlanineBandAttractor.SourceA007PointMatrixPart0
124	H0mework.Chemistry.LAlanineBandAttractor.SourceA007PointMatrixPart1
130	H0mework.Chemistry.LAlanineBandAttractor.SourceA007PointMatrixPart2
132	H0mework.Chemistry.LAlanineBandAttractor.SourceA007PointMatrixPart3
76	H0mework.Chemistry.LAlanineBandAttractor.SourceA007PointOrbitals
19.2	H0mework.Chemistry.LAlanineBandAttractor.SourceA007Producer
26	H0mework.Chemistry.LAlanineBandAttractor.SourceFieldBounds
3.3	H0mework.Chemistry.LAlanineBandCache.SaturationBounds
28	H0mework.Chemistry.LAlanineBandCache.SaturationRuntimeConsumers
96	H0mework.Chemistry.LAlanineBandCache.SaturationRuntimeFacade
90	H0mework.Chemistry.LAlanineBandCache.SaturationRuntimeInstallation
50	H0mework.Chemistry.LAlanineBandCache.SaturationRuntimeInventory
86	H0mework.Chemistry.LAlanineBandCache.SaturationRuntimeParent
40	H0mework.Chemistry.LAlanineBandCache.SaturationRuntimeParentConsumers
26	H0mework.Chemistry.LAlanineBandCache.SaturationRuntimeRegression
3.9	H0mework.Chemistry.LAlanineBandCache.SaturationSequence
20	H0mework.Chemistry.LAlanineBandCalculation.Actual
86	H0mework.Chemistry.LAlanineBandCall001.FieldField
86	H0mework.Chemistry.LAlanineBandCall002.FieldField
86	H0mework.Chemistry.LAlanineBandCall003.FieldField
86	H0mework.Chemistry.LAlanineBandCall004.FieldField
86	H0mework.Chemistry.LAlanineBandCall005.FieldField
86	H0mework.Chemistry.LAlanineBandCall006.FieldField
86	H0mework.Chemistry.LAlanineBandCall007.FieldField
86	H0mework.Chemistry.LAlanineBandCall008.FieldField
86	H0mework.Chemistry.LAlanineBandCall009.FieldField
86	H0mework.Chemistry.LAlanineBandCall010.FieldField
86	H0mework.Chemistry.LAlanineBandCall011.FieldField
86	H0mework.Chemistry.LAlanineBandCall012.FieldField
30	H0mework.Chemistry.LAlanineBandCall013.FieldField
28	H0mework.Chemistry.LAlanineBandCall014.FieldField
28	H0mework.Chemistry.LAlanineBandCall015.FieldField
30	H0mework.Chemistry.LAlanineBandCall016.FieldField
30	H0mework.Chemistry.LAlanineBandCall017.FieldField
30	H0mework.Chemistry.LAlanineBandCall018.FieldField
28	H0mework.Chemistry.LAlanineBandCall019.FieldField
28	H0mework.Chemistry.LAlanineBandCall020.FieldField
28	H0mework.Chemistry.LAlanineBandCall021.FieldField
28	H0mework.Chemistry.LAlanineBandCall022.FieldField
30	H0mework.Chemistry.LAlanineBandCall023.FieldField
28	H0mework.Chemistry.LAlanineBandCall024.FieldField
28	H0mework.Chemistry.LAlanineBandCall025.FieldField
28	H0mework.Chemistry.LAlanineBandCall026.FieldField
30	H0mework.Chemistry.LAlanineBandCall027.FieldField
30	H0mework.Chemistry.LAlanineBandCall028.FieldField
32	H0mework.Chemistry.LAlanineBandCall029.FieldField
32	H0mework.Chemistry.LAlanineBandCall030.FieldField
34	H0mework.Chemistry.LAlanineBandCall031.FieldField
86	H0mework.Chemistry.LAlanineBandCall033.FieldField
30	H0mework.Chemistry.LAlanineBandCall034.FieldField
32	H0mework.Chemistry.LAlanineBandCall035.FieldField
30	H0mework.Chemistry.LAlanineBandCall036.FieldField
32	H0mework.Chemistry.LAlanineBandCall037.FieldField
30	H0mework.Chemistry.LAlanineBandCall038.FieldField
30	H0mework.Chemistry.LAlanineBandCall039.FieldField
30	H0mework.Chemistry.LAlanineBandCall040.FieldField
32	H0mework.Chemistry.LAlanineBandCall041.FieldField
32	H0mework.Chemistry.LAlanineBandCall042.FieldField
32	H0mework.Chemistry.LAlanineBandCall043.FieldField
32	H0mework.Chemistry.LAlanineBandCall044.FieldField
30	H0mework.Chemistry.LAlanineBandCall045.FieldField
32	H0mework.Chemistry.LAlanineBandCall046.FieldField
32	H0mework.Chemistry.LAlanineBandCall047.FieldField
34	H0mework.Chemistry.LAlanineBandCall048.FieldField
34	H0mework.Chemistry.LAlanineBandCall049.FieldField
32	H0mework.Chemistry.LAlanineBandCall050.FieldField
32	H0mework.Chemistry.LAlanineBandCall051.FieldField
32	H0mework.Chemistry.LAlanineBandCall052.FieldField
34	H0mework.Chemistry.LAlanineBandCall053.FieldField
32	H0mework.Chemistry.LAlanineBandCall054.FieldField
32	H0mework.Chemistry.LAlanineBandCall055.FieldField
32	H0mework.Chemistry.LAlanineBandCall056.FieldField
32	H0mework.Chemistry.LAlanineBandCall057.FieldField
32	H0mework.Chemistry.LAlanineBandCall058.FieldField
32	H0mework.Chemistry.LAlanineBandCall059.FieldField
32	H0mework.Chemistry.LAlanineBandCall060.FieldField
32	H0mework.Chemistry.LAlanineBandCall061.FieldField
32	H0mework.Chemistry.LAlanineBandCall062.FieldField
28	H0mework.Chemistry.LAlanineBandCall063.FieldField
30	H0mework.Chemistry.LAlanineBandCall064.FieldField
30	H0mework.Chemistry.LAlanineBandCall065.FieldField
30	H0mework.Chemistry.LAlanineBandCall066.FieldField
34	H0mework.Chemistry.LAlanineBandCall067.FieldField
34	H0mework.Chemistry.LAlanineBandCall068.FieldField
34	H0mework.Chemistry.LAlanineBandCall069.FieldField
34	H0mework.Chemistry.LAlanineBandCall070.FieldField
32	H0mework.Chemistry.LAlanineBandCall071.FieldField
34	H0mework.Chemistry.LAlanineBandCall072.FieldField
34	H0mework.Chemistry.LAlanineBandCall073.FieldField
34	H0mework.Chemistry.LAlanineBandCall074.FieldField
32	H0mework.Chemistry.LAlanineBandCall075.FieldField
34	H0mework.Chemistry.LAlanineBandCall076.FieldField
32	H0mework.Chemistry.LAlanineBandCall077.FieldField
34	H0mework.Chemistry.LAlanineBandCall078.FieldField
20	H0mework.Chemistry.LAlanineBandCall079.FieldField
28	H0mework.Chemistry.LAlanineBandCall080.FieldField
28	H0mework.Chemistry.LAlanineBandCall081.FieldField
28	H0mework.Chemistry.LAlanineBandCall082.FieldField
26	H0mework.Chemistry.LAlanineBandCall083.FieldField
26	H0mework.Chemistry.LAlanineBandCall084.FieldField
26	H0mework.Chemistry.LAlanineBandCall085.FieldField
26	H0mework.Chemistry.LAlanineBandCall086.FieldField
26	H0mework.Chemistry.LAlanineBandCall087.FieldField
26	H0mework.Chemistry.LAlanineBandCall088.FieldField
26	H0mework.Chemistry.LAlanineBandCall089.FieldField
26	H0mework.Chemistry.LAlanineBandCall090.FieldField
26	H0mework.Chemistry.LAlanineBandCall091.FieldField
26	H0mework.Chemistry.LAlanineBandCall092.FieldField
26	H0mework.Chemistry.LAlanineBandCall093.FieldField
20	H0mework.Chemistry.LAlanineBandCall094.FieldField
26	H0mework.Chemistry.LAlanineBandCall095.FieldField
26	H0mework.Chemistry.LAlanineBandCall097.FieldField
26	H0mework.Chemistry.LAlanineBandCall098.FieldField
28	H0mework.Chemistry.LAlanineBandCall099.FieldField
28	H0mework.Chemistry.LAlanineBandCall100.FieldField
28	H0mework.Chemistry.LAlanineBandCall101.FieldField
28	H0mework.Chemistry.LAlanineBandCall102.FieldField
28	H0mework.Chemistry.LAlanineBandCall103.FieldField
28	H0mework.Chemistry.LAlanineBandCall104.FieldField
28	H0mework.Chemistry.LAlanineBandCall105.FieldField
28	H0mework.Chemistry.LAlanineBandCall106.FieldField
28	H0mework.Chemistry.LAlanineBandCall107.FieldField
26	H0mework.Chemistry.LAlanineBandCall108.FieldField
22	H0mework.Chemistry.LAlanineBandCall109.FieldField
26	H0mework.Chemistry.LAlanineBandCall110.FieldField
28	H0mework.Chemistry.LAlanineBandCall111.FieldField
26	H0mework.Chemistry.LAlanineBandCall112.FieldField
26	H0mework.Chemistry.LAlanineBandCall113.FieldField
28	H0mework.Chemistry.LAlanineBandCall114.FieldField
26	H0mework.Chemistry.LAlanineBandCall115.FieldField
28	H0mework.Chemistry.LAlanineBandCall116.FieldField
26	H0mework.Chemistry.LAlanineBandCall117.FieldField
26	H0mework.Chemistry.LAlanineBandCall118.FieldField
26	H0mework.Chemistry.LAlanineBandCall119.FieldField
26	H0mework.Chemistry.LAlanineBandCall120.FieldField
26	H0mework.Chemistry.LAlanineBandCall121.FieldField
26	H0mework.Chemistry.LAlanineBandCall122.FieldField
18.6	H0mework.Chemistry.LAlanineBandCall123.FieldField
16	H0mework.Chemistry.LAlanineBandCall124.FieldField
24	H0mework.Chemistry.LAlanineBandCall125.FieldField
28	H0mework.Chemistry.LAlanineBandCall126.FieldField
28	H0mework.Chemistry.LAlanineBandCall127.FieldField
88	H0mework.Chemistry.LAlanineBandCall128.FieldCache
104	H0mework.Chemistry.LAlanineBandCall128.FieldData
92	H0mework.Chemistry.LAlanineBandCall128.FieldField
470	H0mework.Chemistry.LAlanineBandCall128.FieldGroups
40	H0mework.Chemistry.LAlanineBandCall128.FieldMatrixData
76	H0mework.Chemistry.LAlanineBandCall128.FieldMatrixFirstRow
372	H0mework.Chemistry.LAlanineBandCall128.FieldMatrixRemainingRows
348	H0mework.Chemistry.LAlanineBandCall128.FieldOrbitals
44	H0mework.Chemistry.LAlanineBandCall128.FieldRegistered
26	H0mework.Chemistry.LAlanineBandCellDifferential.Actual
18.8	H0mework.Chemistry.LAlanineBandCellDifferential.Derivative
20	H0mework.Chemistry.LAlanineBandCellDifferential.Domain
24	H0mework.Chemistry.LAlanineBandCellDifferential.Equation
26	H0mework.Chemistry.LAlanineBandCellDifferential.Evolution
22	H0mework.Chemistry.LAlanineBandCellDifferential.GradientTransport
24	H0mework.Chemistry.LAlanineBandCellDifferential.Implicit
22	H0mework.Chemistry.LAlanineBandCellDifferential.Injective
20	H0mework.Chemistry.LAlanineBandCellDifferential.Linearization
24	H0mework.Chemistry.LAlanineBandCellDifferential.Nondegenerate
26	H0mework.Chemistry.LAlanineBandCellDifferential.ParameterMap
24	H0mework.Chemistry.LAlanineBandCellDifferential.RuntimeConsumers
52	H0mework.Chemistry.LAlanineBandCellDifferential.RuntimeFacade
24	H0mework.Chemistry.LAlanineBandCellDifferential.RuntimeInstallation
26	H0mework.Chemistry.LAlanineBandCellDifferential.RuntimeInventory
42	H0mework.Chemistry.LAlanineBandCellDifferential.RuntimeParent
42	H0mework.Chemistry.LAlanineBandCellDifferential.RuntimeParentConsumers
24	H0mework.Chemistry.LAlanineBandCellDifferential.ScaledEquation
26	H0mework.Chemistry.LAlanineBandCellDifferential.ScaledImplicit
22	H0mework.Chemistry.LAlanineBandCellDifferential.ScaledLinearization
26	H0mework.Chemistry.LAlanineBandCellDifferential.ScaledNearby
20	H0mework.Chemistry.LAlanineBandCellDifferential.ScaledPath
22	H0mework.Chemistry.LAlanineBandCellDifferential.Seed
24	H0mework.Chemistry.LAlanineBandCellDifferential.SeedColumns
20	H0mework.Chemistry.LAlanineBandCellDifferential.SourceClosure
24	H0mework.Chemistry.LAlanineBandCellDifferential.TimeColumn
26	H0mework.Chemistry.LAlanineBandCellDifferential.Variational
86	H0mework.Chemistry.LAlanineBandCertified.InitialField
20	H0mework.Chemistry.LAlanineBandContinuation.ConservationCell0Consumer
24	H0mework.Chemistry.LAlanineBandContinuation.ConservationLocalCharts
26	H0mework.Chemistry.LAlanineBandContinuation.ConservationOrientation
22	H0mework.Chemistry.LAlanineBandContinuation.ConservationRetime
22	H0mework.Chemistry.LAlanineBandContinuation.ConservationTimeIntegral
22	H0mework.Chemistry.LAlanineBandContinuation.ConservationVolumeEvolution
24	H0mework.Chemistry.LAlanineBandContinuation.DifferentialActual
28	H0mework.Chemistry.LAlanineBandContinuation.DifferentialDerivative
24	H0mework.Chemistry.LAlanineBandContinuation.DifferentialEquation
24	H0mework.Chemistry.LAlanineBandContinuation.DifferentialEvolution
22	H0mework.Chemistry.LAlanineBandContinuation.DifferentialGradientTransport
22	H0mework.Chemistry.LAlanineBandContinuation.DifferentialImplicit
22	H0mework.Chemistry.LAlanineBandContinuation.DifferentialInjective
26	H0mework.Chemistry.LAlanineBandContinuation.DifferentialLinearization
22	H0mework.Chemistry.LAlanineBandContinuation.DifferentialVariational
20	H0mework.Chemistry.LAlanineBandContinuation.Full
26	H0mework.Chemistry.LAlanineBandContinuation.Images
24	H0mework.Chemistry.LAlanineBandContinuation.ParameterColumns
24	H0mework.Chemistry.LAlanineBandContinuation.ParameterDomain
22	H0mework.Chemistry.LAlanineBandContinuation.ParameterNondegenerate
24	H0mework.Chemistry.LAlanineBandContinuation.ParameterParameterMap
24	H0mework.Chemistry.LAlanineBandContinuation.ParameterScaledEquation
28	H0mework.Chemistry.LAlanineBandContinuation.ParameterScaledImplicit
24	H0mework.Chemistry.LAlanineBandContinuation.ParameterScaledLinearization
22	H0mework.Chemistry.LAlanineBandContinuation.ParameterScaledNearby
28	H0mework.Chemistry.LAlanineBandContinuation.ParameterScaledPath
24	H0mework.Chemistry.LAlanineBandContinuation.ParameterSeed
24	H0mework.Chemistry.LAlanineBandContinuation.Separation
20	H0mework.Chemistry.LAlanineBandFlow.ActualCanonical
19.6	H0mework.Chemistry.LAlanineBandFlow.ActualFirstStep
26	H0mework.Chemistry.LAlanineBandFlow.ActualFullFlow
24	H0mework.Chemistry.LAlanineBandFlow.ActualRealization
28	H0mework.Chemistry.LAlanineBandFlow.RuntimeConsumers
34	H0mework.Chemistry.LAlanineBandFlow.RuntimeFacade
18.8	H0mework.Chemistry.LAlanineBandFlow.RuntimeInstallation
22	H0mework.Chemistry.LAlanineBandFlow.RuntimeInventory
20	H0mework.Chemistry.LAlanineBandFlow.RuntimeParent
26	H0mework.Chemistry.LAlanineBandFlow.RuntimeParentConsumers
22	H0mework.Chemistry.LAlanineBandFlow.SeedEnclosure
28	H0mework.Chemistry.LAlanineBandFlow.SeedSource
22	H0mework.Chemistry.LAlanineBandFlow.SourceClosure
44	H0mework.Chemistry.LAlanineBandFlowBounds.Cell02
46	H0mework.Chemistry.LAlanineBandFlowBounds.Cell03
52	H0mework.Chemistry.LAlanineBandFlowBounds.Cell04
44	H0mework.Chemistry.LAlanineBandFlowBounds.Cell05
46	H0mework.Chemistry.LAlanineBandFlowBounds.Cell06
44	H0mework.Chemistry.LAlanineBandFlowBounds.Cell07
44	H0mework.Chemistry.LAlanineBandFlowBounds.Cell08
44	H0mework.Chemistry.LAlanineBandFlowBounds.Cell09
44	H0mework.Chemistry.LAlanineBandFlowBounds.Cell10
44	H0mework.Chemistry.LAlanineBandFlowBounds.Cell11
44	H0mework.Chemistry.LAlanineBandFlowBounds.Cell12
42	H0mework.Chemistry.LAlanineBandFlowBounds.Cell13
42	H0mework.Chemistry.LAlanineBandFlowBounds.Cell14
40	H0mework.Chemistry.LAlanineBandFlowBounds.Cell15
40	H0mework.Chemistry.LAlanineBandFlowBounds.Cell16
38	H0mework.Chemistry.LAlanineBandFlowBounds.Cell17
40	H0mework.Chemistry.LAlanineBandFlowBounds.Cell18
44	H0mework.Chemistry.LAlanineBandFlowBounds.Cell19
40	H0mework.Chemistry.LAlanineBandFlowBounds.Cell20
42	H0mework.Chemistry.LAlanineBandFlowBounds.Cell21
42	H0mework.Chemistry.LAlanineBandFlowBounds.Cell22
40	H0mework.Chemistry.LAlanineBandFlowBounds.Cell23
40	H0mework.Chemistry.LAlanineBandFlowBounds.Cell24
38	H0mework.Chemistry.LAlanineBandFlowBounds.Cell25
40	H0mework.Chemistry.LAlanineBandFlowBounds.Cell26
40	H0mework.Chemistry.LAlanineBandFlowBounds.Cell27
40	H0mework.Chemistry.LAlanineBandFlowBounds.Cell28
38	H0mework.Chemistry.LAlanineBandFlowBounds.Cell29
40	H0mework.Chemistry.LAlanineBandFlowBounds.Cell30
38	H0mework.Chemistry.LAlanineBandFlowBounds.Cell31
40	H0mework.Chemistry.LAlanineBandFlowBounds.Common
28	H0mework.Chemistry.LAlanineBandFlowBounds.Producer
36	H0mework.Chemistry.LAlanineBandFlowBounds.Reifier
32	H0mework.Chemistry.LAlanineBandFullCarrier.RuntimeConsumers
66	H0mework.Chemistry.LAlanineBandFullCarrier.RuntimeFacade
38	H0mework.Chemistry.LAlanineBandFullCarrier.RuntimeInstallation
46	H0mework.Chemistry.LAlanineBandFullCarrier.RuntimeInventory
52	H0mework.Chemistry.LAlanineBandFullCarrier.RuntimeParent
30	H0mework.Chemistry.LAlanineBandFullCarrier.RuntimeParentConsumers
22	H0mework.Chemistry.LAlanineBandFullCarrier.RuntimeRegression
18.8	H0mework.Chemistry.LAlanineBandFullCarrier.SourceClosure
24	H0mework.Chemistry.LAlanineBandFullCarrier.SourceConservation
24	H0mework.Chemistry.LAlanineBandFullCarrier.SourceFlow
34	H0mework.Chemistry.LAlanineBandFullCarrier.SourceMaterial
42	H0mework.Chemistry.LAlanineBandFullCarrier.SourceSpatial
22	H0mework.Chemistry.LAlanineBandGeometry.Cells
20	H0mework.Chemistry.LAlanineBandGeometry.Immersion
18.2	H0mework.Chemistry.LAlanineBandGeometry.Seed
24	H0mework.Chemistry.LAlanineBandGlobalSource.FlowRecognition
4.1	H0mework.Chemistry.LAlanineBandGlobalSource.Orbital
5.5	H0mework.Chemistry.LAlanineBandGlobalSource.Primitive
26	H0mework.Chemistry.LAlanineBandHighJet.Assembly
22	H0mework.Chemistry.LAlanineBandInputs.Calculations
20	H0mework.Chemistry.LAlanineBandInputs.Producer
34	H0mework.Chemistry.LAlanineBandMaterial.Family
26	H0mework.Chemistry.LAlanineBandMaterial.Tile
24	H0mework.Chemistry.LAlanineBandRegression.ContinuationCell0
24	H0mework.Chemistry.LAlanineBandRegression.ContinuationPaid
26	H0mework.Chemistry.LAlanineBandRuntime.Consumers
52	H0mework.Chemistry.LAlanineBandRuntime.Facade
24	H0mework.Chemistry.LAlanineBandRuntime.Installation
20	H0mework.Chemistry.LAlanineBandRuntime.Inventory
19.2	H0mework.Chemistry.LAlanineBandRuntime.Parent
19.2	H0mework.Chemistry.LAlanineBandRuntime.ParentConsumers
30	H0mework.Chemistry.LAlanineBandSource.Certified
20	H0mework.Chemistry.LAlanineBandSource.Closure
22	H0mework.Chemistry.LAlanineBandSource.Parent
20	H0mework.Chemistry.LAlanineBandSpatial.AtlasCarrier
22	H0mework.Chemistry.LAlanineBandSpatial.AtlasConservationBalance
28	H0mework.Chemistry.LAlanineBandSpatial.AtlasConservationIntegrability
34	H0mework.Chemistry.LAlanineBandSpatial.AtlasConservationSlices
26	H0mework.Chemistry.LAlanineBandSpatial.AtlasCover
22	H0mework.Chemistry.LAlanineBandSpatial.AtlasFaceParameter
36	H0mework.Chemistry.LAlanineBandSpatial.AtlasFaceRegular
28	H0mework.Chemistry.LAlanineBandSpatial.AtlasFaceTangents
22	H0mework.Chemistry.LAlanineBandSpatial.AtlasImages
22	H0mework.Chemistry.LAlanineBandSpatial.AtlasIntegrals
26	H0mework.Chemistry.LAlanineBandSpatial.AtlasInverse
24	H0mework.Chemistry.LAlanineBandSpatial.AtlasSeamArea
24	H0mework.Chemistry.LAlanineBandSpatial.AtlasSeamDerivative
20	H0mework.Chemistry.LAlanineBandSpatial.AtlasSeamFaceIdentity
24	H0mework.Chemistry.LAlanineBandSpatial.AtlasSeamImages
18	H0mework.Chemistry.LAlanineBandSpatial.AtlasSeamRegular
26	H0mework.Chemistry.LAlanineBandSpatial.AtlasSeamSource
30	H0mework.Chemistry.LAlanineBandSpatial.AtlasSource
26	H0mework.Chemistry.LAlanineBandSpatial.AtlasVolume
4.2	H0mework.Chemistry.LAlanineBandTaylor.Scalar
24	H0mework.Chemistry.LAlanineBandTaylor000.CenterAssembly
19.2	H0mework.Chemistry.LAlanineBandTaylor000.CenterBounds
28	H0mework.Chemistry.LAlanineBandTaylor000.CenterData
108	H0mework.Chemistry.LAlanineBandTaylor000.CenterDensityCheck
15.2	H0mework.Chemistry.LAlanineBandTaylor000.CenterDensityData
452	H0mework.Chemistry.LAlanineBandTaylor000.CenterGroups
26	H0mework.Chemistry.LAlanineBandTaylor000.CenterMatrixData
32	H0mework.Chemistry.LAlanineBandTaylor000.CenterMatrixFirst
88	H0mework.Chemistry.LAlanineBandTaylor000.CenterMatrixPart0
112	H0mework.Chemistry.LAlanineBandTaylor000.CenterMatrixPart1
112	H0mework.Chemistry.LAlanineBandTaylor000.CenterMatrixPart2
114	H0mework.Chemistry.LAlanineBandTaylor000.CenterMatrixPart3
66	H0mework.Chemistry.LAlanineBandTaylor000.CenterOrbitals
24	H0mework.Chemistry.LAlanineBandTaylor000.HullAssembly
17.6	H0mework.Chemistry.LAlanineBandTaylor000.HullBounds
28	H0mework.Chemistry.LAlanineBandTaylor000.HullData
216	H0mework.Chemistry.LAlanineBandTaylor000.HullDensityCheck
16.4	H0mework.Chemistry.LAlanineBandTaylor000.HullDensityData
478	H0mework.Chemistry.LAlanineBandTaylor000.HullGroups
30	H0mework.Chemistry.LAlanineBandTaylor000.HullMatrixData
120	H0mework.Chemistry.LAlanineBandTaylor000.HullMatrixPart0
120	H0mework.Chemistry.LAlanineBandTaylor000.HullMatrixPart1
118	H0mework.Chemistry.LAlanineBandTaylor000.HullMatrixPart2
126	H0mework.Chemistry.LAlanineBandTaylor000.HullMatrixPart3
128	H0mework.Chemistry.LAlanineBandTaylor000.HullMatrixPart4
120	H0mework.Chemistry.LAlanineBandTaylor000.HullMatrixPart5
122	H0mework.Chemistry.LAlanineBandTaylor000.HullMatrixPart6
118	H0mework.Chemistry.LAlanineBandTaylor000.HullOrbitals
110	H0mework.Chemistry.LAlanineBandTaylor000.InputBlock0
110	H0mework.Chemistry.LAlanineBandTaylor000.InputBlock1
12	H0mework.Chemistry.LAlanineBandTaylor000.Material
30	H0mework.Chemistry.LAlanineBandTaylor000.TileActual
17.4	H0mework.Chemistry.LAlanineBandTaylor000.TileData
28	H0mework.Chemistry.LAlanineBandTaylor000.TileReportFirst
20	H0mework.Chemistry.LAlanineBandTaylor000.TileReports
138	H0mework.Chemistry.LAlanineBandTaylor000.TileReports0
156	H0mework.Chemistry.LAlanineBandTaylor000.TileReports1
160	H0mework.Chemistry.LAlanineBandTaylor000.TileReports2
166	H0mework.Chemistry.LAlanineBandTaylor000.TileReports3
22	H0mework.Chemistry.LAlanineBandTaylor001.CenterAssembly
19.8	H0mework.Chemistry.LAlanineBandTaylor001.CenterBounds
24	H0mework.Chemistry.LAlanineBandTaylor001.CenterData
106	H0mework.Chemistry.LAlanineBandTaylor001.CenterDensityCheck
15.6	H0mework.Chemistry.LAlanineBandTaylor001.CenterDensityData
444	H0mework.Chemistry.LAlanineBandTaylor001.CenterGroups
30	H0mework.Chemistry.LAlanineBandTaylor001.CenterMatrixData
114	H0mework.Chemistry.LAlanineBandTaylor001.CenterMatrixPart0
120	H0mework.Chemistry.LAlanineBandTaylor001.CenterMatrixPart1
122	H0mework.Chemistry.LAlanineBandTaylor001.CenterMatrixPart2
128	H0mework.Chemistry.LAlanineBandTaylor001.CenterMatrixPart3
64	H0mework.Chemistry.LAlanineBandTaylor001.CenterOrbitals
20	H0mework.Chemistry.LAlanineBandTaylor001.HullAssembly
14.8	H0mework.Chemistry.LAlanineBandTaylor001.HullBounds
32	H0mework.Chemistry.LAlanineBandTaylor001.HullData
204	H0mework.Chemistry.LAlanineBandTaylor001.HullDensityCheck
18.4	H0mework.Chemistry.LAlanineBandTaylor001.HullDensityData
452	H0mework.Chemistry.LAlanineBandTaylor001.HullGroups
24	H0mework.Chemistry.LAlanineBandTaylor001.HullMatrixData
122	H0mework.Chemistry.LAlanineBandTaylor001.HullMatrixPart0
122	H0mework.Chemistry.LAlanineBandTaylor001.HullMatrixPart1
126	H0mework.Chemistry.LAlanineBandTaylor001.HullMatrixPart2
124	H0mework.Chemistry.LAlanineBandTaylor001.HullMatrixPart3
118	H0mework.Chemistry.LAlanineBandTaylor001.HullMatrixPart4
124	H0mework.Chemistry.LAlanineBandTaylor001.HullMatrixPart5
134	H0mework.Chemistry.LAlanineBandTaylor001.HullMatrixPart6
88	H0mework.Chemistry.LAlanineBandTaylor001.HullOrbitals
98	H0mework.Chemistry.LAlanineBandTaylor001.InputBlock0
112	H0mework.Chemistry.LAlanineBandTaylor001.InputBlock1
16.6	H0mework.Chemistry.LAlanineBandTaylor001.Material
32	H0mework.Chemistry.LAlanineBandTaylor001.TileActual
20	H0mework.Chemistry.LAlanineBandTaylor001.TileData
17.2	H0mework.Chemistry.LAlanineBandTaylor001.TileReports
106	H0mework.Chemistry.LAlanineBandTaylor001.TileReports0
110	H0mework.Chemistry.LAlanineBandTaylor001.TileReports1
110	H0mework.Chemistry.LAlanineBandTaylor001.TileReports2
118	H0mework.Chemistry.LAlanineBandTaylor001.TileReports3
22	H0mework.Chemistry.LAlanineBandTaylor002.CenterAssembly
22	H0mework.Chemistry.LAlanineBandTaylor002.CenterBounds
32	H0mework.Chemistry.LAlanineBandTaylor002.CenterData
92	H0mework.Chemistry.LAlanineBandTaylor002.CenterDensityCheck
20	H0mework.Chemistry.LAlanineBandTaylor002.CenterDensityData
446	H0mework.Chemistry.LAlanineBandTaylor002.CenterGroups
20	H0mework.Chemistry.LAlanineBandTaylor002.CenterMatrixData
122	H0mework.Chemistry.LAlanineBandTaylor002.CenterMatrixPart0
138	H0mework.Chemistry.LAlanineBandTaylor002.CenterMatrixPart1
124	H0mework.Chemistry.LAlanineBandTaylor002.CenterMatrixPart2
122	H0mework.Chemistry.LAlanineBandTaylor002.CenterMatrixPart3
42	H0mework.Chemistry.LAlanineBandTaylor002.CenterOrbitals
20	H0mework.Chemistry.LAlanineBandTaylor002.HullAssembly
13.4	H0mework.Chemistry.LAlanineBandTaylor002.HullBounds
32	H0mework.Chemistry.LAlanineBandTaylor002.HullData
200	H0mework.Chemistry.LAlanineBandTaylor002.HullDensityCheck
32	H0mework.Chemistry.LAlanineBandTaylor002.HullDensityData
480	H0mework.Chemistry.LAlanineBandTaylor002.HullGroups
22	H0mework.Chemistry.LAlanineBandTaylor002.HullMatrixData
130	H0mework.Chemistry.LAlanineBandTaylor002.HullMatrixPart0
124	H0mework.Chemistry.LAlanineBandTaylor002.HullMatrixPart1
130	H0mework.Chemistry.LAlanineBandTaylor002.HullMatrixPart2
132	H0mework.Chemistry.LAlanineBandTaylor002.HullMatrixPart3
126	H0mework.Chemistry.LAlanineBandTaylor002.HullMatrixPart4
136	H0mework.Chemistry.LAlanineBandTaylor002.HullMatrixPart5
140	H0mework.Chemistry.LAlanineBandTaylor002.HullMatrixPart6
92	H0mework.Chemistry.LAlanineBandTaylor002.HullOrbitals
100	H0mework.Chemistry.LAlanineBandTaylor002.InputBlock0
98	H0mework.Chemistry.LAlanineBandTaylor002.InputBlock1
20	H0mework.Chemistry.LAlanineBandTaylor002.Material
40	H0mework.Chemistry.LAlanineBandTaylor002.TileActual
12	H0mework.Chemistry.LAlanineBandTaylor002.TileData
14.8	H0mework.Chemistry.LAlanineBandTaylor002.TileReports
98	H0mework.Chemistry.LAlanineBandTaylor002.TileReports0
100	H0mework.Chemistry.LAlanineBandTaylor002.TileReports1
104	H0mework.Chemistry.LAlanineBandTaylor002.TileReports2
110	H0mework.Chemistry.LAlanineBandTaylor002.TileReports3
20	H0mework.Chemistry.LAlanineBandTaylor003.CenterAssembly
24	H0mework.Chemistry.LAlanineBandTaylor003.CenterBounds
30	H0mework.Chemistry.LAlanineBandTaylor003.CenterData
92	H0mework.Chemistry.LAlanineBandTaylor003.CenterDensityCheck
28	H0mework.Chemistry.LAlanineBandTaylor003.CenterDensityData
438	H0mework.Chemistry.LAlanineBandTaylor003.CenterGroups
20	H0mework.Chemistry.LAlanineBandTaylor003.CenterMatrixData
126	H0mework.Chemistry.LAlanineBandTaylor003.CenterMatrixPart0
116	H0mework.Chemistry.LAlanineBandTaylor003.CenterMatrixPart1
118	H0mework.Chemistry.LAlanineBandTaylor003.CenterMatrixPart2
132	H0mework.Chemistry.LAlanineBandTaylor003.CenterMatrixPart3
46	H0mework.Chemistry.LAlanineBandTaylor003.CenterOrbitals
16.4	H0mework.Chemistry.LAlanineBandTaylor003.HullAssembly
14.6	H0mework.Chemistry.LAlanineBandTaylor003.HullBounds
22	H0mework.Chemistry.LAlanineBandTaylor003.HullData
194	H0mework.Chemistry.LAlanineBandTaylor003.HullDensityCheck
18.8	H0mework.Chemistry.LAlanineBandTaylor003.HullDensityData
406	H0mework.Chemistry.LAlanineBandTaylor003.HullGroups
24	H0mework.Chemistry.LAlanineBandTaylor003.HullMatrixData
110	H0mework.Chemistry.LAlanineBandTaylor003.HullMatrixPart0
114	H0mework.Chemistry.LAlanineBandTaylor003.HullMatrixPart1
114	H0mework.Chemistry.LAlanineBandTaylor003.HullMatrixPart2
112	H0mework.Chemistry.LAlanineBandTaylor003.HullMatrixPart3
116	H0mework.Chemistry.LAlanineBandTaylor003.HullMatrixPart4
118	H0mework.Chemistry.LAlanineBandTaylor003.HullMatrixPart5
124	H0mework.Chemistry.LAlanineBandTaylor003.HullMatrixPart6
100	H0mework.Chemistry.LAlanineBandTaylor003.HullOrbitals
96	H0mework.Chemistry.LAlanineBandTaylor003.InputBlock0
104	H0mework.Chemistry.LAlanineBandTaylor003.InputBlock1
13.6	H0mework.Chemistry.LAlanineBandTaylor003.Material
40	H0mework.Chemistry.LAlanineBandTaylor003.TileActual
13.2	H0mework.Chemistry.LAlanineBandTaylor003.TileData
19	H0mework.Chemistry.LAlanineBandTaylor003.TileReports
96	H0mework.Chemistry.LAlanineBandTaylor003.TileReports0
100	H0mework.Chemistry.LAlanineBandTaylor003.TileReports1
104	H0mework.Chemistry.LAlanineBandTaylor003.TileReports2
108	H0mework.Chemistry.LAlanineBandTaylor003.TileReports3
15.8	H0mework.Chemistry.LAlanineBandTaylor004.CenterAssembly
16.8	H0mework.Chemistry.LAlanineBandTaylor004.CenterBounds
20	H0mework.Chemistry.LAlanineBandTaylor004.CenterData
74	H0mework.Chemistry.LAlanineBandTaylor004.CenterDensityCheck
20	H0mework.Chemistry.LAlanineBandTaylor004.CenterDensityData
370	H0mework.Chemistry.LAlanineBandTaylor004.CenterGroups
20	H0mework.Chemistry.LAlanineBandTaylor004.CenterMatrixData
108	H0mework.Chemistry.LAlanineBandTaylor004.CenterMatrixPart0
102	H0mework.Chemistry.LAlanineBandTaylor004.CenterMatrixPart1
114	H0mework.Chemistry.LAlanineBandTaylor004.CenterMatrixPart2
106	H0mework.Chemistry.LAlanineBandTaylor004.CenterMatrixPart3
46	H0mework.Chemistry.LAlanineBandTaylor004.CenterOrbitals
16.8	H0mework.Chemistry.LAlanineBandTaylor004.HullAssembly
15.2	H0mework.Chemistry.LAlanineBandTaylor004.HullBounds
20	H0mework.Chemistry.LAlanineBandTaylor004.HullData
148	H0mework.Chemistry.LAlanineBandTaylor004.HullDensityCheck
17.2	H0mework.Chemistry.LAlanineBandTaylor004.HullDensityData
398	H0mework.Chemistry.LAlanineBandTaylor004.HullGroups
22	H0mework.Chemistry.LAlanineBandTaylor004.HullMatrixData
108	H0mework.Chemistry.LAlanineBandTaylor004.HullMatrixPart0
108	H0mework.Chemistry.LAlanineBandTaylor004.HullMatrixPart1
112	H0mework.Chemistry.LAlanineBandTaylor004.HullMatrixPart2
114	H0mework.Chemistry.LAlanineBandTaylor004.HullMatrixPart3
114	H0mework.Chemistry.LAlanineBandTaylor004.HullMatrixPart4
122	H0mework.Chemistry.LAlanineBandTaylor004.HullMatrixPart5
120	H0mework.Chemistry.LAlanineBandTaylor004.HullMatrixPart6
100	H0mework.Chemistry.LAlanineBandTaylor004.HullOrbitals
102	H0mework.Chemistry.LAlanineBandTaylor004.InputBlock0
106	H0mework.Chemistry.LAlanineBandTaylor004.InputBlock1
20	H0mework.Chemistry.LAlanineBandTaylor004.Material
32	H0mework.Chemistry.LAlanineBandTaylor004.TileActual
18.4	H0mework.Chemistry.LAlanineBandTaylor004.TileData
16.4	H0mework.Chemistry.LAlanineBandTaylor004.TileReports
130	H0mework.Chemistry.LAlanineBandTaylor004.TileReports0
132	H0mework.Chemistry.LAlanineBandTaylor004.TileReports1
144	H0mework.Chemistry.LAlanineBandTaylor004.TileReports2
152	H0mework.Chemistry.LAlanineBandTaylor004.TileReports3
17.2	H0mework.Chemistry.LAlanineBandTaylor005.CenterAssembly
20	H0mework.Chemistry.LAlanineBandTaylor005.CenterBounds
16.2	H0mework.Chemistry.LAlanineBandTaylor005.CenterData
80	H0mework.Chemistry.LAlanineBandTaylor005.CenterDensityCheck
14.6	H0mework.Chemistry.LAlanineBandTaylor005.CenterDensityData
366	H0mework.Chemistry.LAlanineBandTaylor005.CenterGroups
14.2	H0mework.Chemistry.LAlanineBandTaylor005.CenterMatrixData
104	H0mework.Chemistry.LAlanineBandTaylor005.CenterMatrixPart0
104	H0mework.Chemistry.LAlanineBandTaylor005.CenterMatrixPart1
102	H0mework.Chemistry.LAlanineBandTaylor005.CenterMatrixPart2
106	H0mework.Chemistry.LAlanineBandTaylor005.CenterMatrixPart3
44	H0mework.Chemistry.LAlanineBandTaylor005.CenterOrbitals
19.6	H0mework.Chemistry.LAlanineBandTaylor005.HullAssembly
20	H0mework.Chemistry.LAlanineBandTaylor005.HullBounds
15.8	H0mework.Chemistry.LAlanineBandTaylor005.HullData
180	H0mework.Chemistry.LAlanineBandTaylor005.HullDensityCheck
17.2	H0mework.Chemistry.LAlanineBandTaylor005.HullDensityData
406	H0mework.Chemistry.LAlanineBandTaylor005.HullGroups
20	H0mework.Chemistry.LAlanineBandTaylor005.HullMatrixData
116	H0mework.Chemistry.LAlanineBandTaylor005.HullMatrixPart0
106	H0mework.Chemistry.LAlanineBandTaylor005.HullMatrixPart1
110	H0mework.Chemistry.LAlanineBandTaylor005.HullMatrixPart2
118	H0mework.Chemistry.LAlanineBandTaylor005.HullMatrixPart3
116	H0mework.Chemistry.LAlanineBandTaylor005.HullMatrixPart4
114	H0mework.Chemistry.LAlanineBandTaylor005.HullMatrixPart5
112	H0mework.Chemistry.LAlanineBandTaylor005.HullMatrixPart6
90	H0mework.Chemistry.LAlanineBandTaylor005.HullOrbitals
102	H0mework.Chemistry.LAlanineBandTaylor005.InputBlock0
102	H0mework.Chemistry.LAlanineBandTaylor005.InputBlock1
24	H0mework.Chemistry.LAlanineBandTaylor005.Material
42	H0mework.Chemistry.LAlanineBandTaylor005.TileActual
17.6	H0mework.Chemistry.LAlanineBandTaylor005.TileData
24	H0mework.Chemistry.LAlanineBandTaylor005.TileReports
120	H0mework.Chemistry.LAlanineBandTaylor005.TileReports0
120	H0mework.Chemistry.LAlanineBandTaylor005.TileReports1
124	H0mework.Chemistry.LAlanineBandTaylor005.TileReports2
130	H0mework.Chemistry.LAlanineBandTaylor005.TileReports3
20	H0mework.Chemistry.LAlanineBandTaylor006.CenterAssembly
19	H0mework.Chemistry.LAlanineBandTaylor006.CenterBounds
17.6	H0mework.Chemistry.LAlanineBandTaylor006.CenterData
78	H0mework.Chemistry.LAlanineBandTaylor006.CenterDensityCheck
15.6	H0mework.Chemistry.LAlanineBandTaylor006.CenterDensityData
382	H0mework.Chemistry.LAlanineBandTaylor006.CenterGroups
20	H0mework.Chemistry.LAlanineBandTaylor006.CenterMatrixData
104	H0mework.Chemistry.LAlanineBandTaylor006.CenterMatrixPart0
104	H0mework.Chemistry.LAlanineBandTaylor006.CenterMatrixPart1
106	H0mework.Chemistry.LAlanineBandTaylor006.CenterMatrixPart2
116	H0mework.Chemistry.LAlanineBandTaylor006.CenterMatrixPart3
48	H0mework.Chemistry.LAlanineBandTaylor006.CenterOrbitals
22	H0mework.Chemistry.LAlanineBandTaylor006.HullAssembly
19.2	H0mework.Chemistry.LAlanineBandTaylor006.HullBounds
17.8	H0mework.Chemistry.LAlanineBandTaylor006.HullData
182	H0mework.Chemistry.LAlanineBandTaylor006.HullDensityCheck
15.8	H0mework.Chemistry.LAlanineBandTaylor006.HullDensityData
410	H0mework.Chemistry.LAlanineBandTaylor006.HullGroups
26	H0mework.Chemistry.LAlanineBandTaylor006.HullMatrixData
102	H0mework.Chemistry.LAlanineBandTaylor006.HullMatrixPart0
102	H0mework.Chemistry.LAlanineBandTaylor006.HullMatrixPart1
104	H0mework.Chemistry.LAlanineBandTaylor006.HullMatrixPart2
110	H0mework.Chemistry.LAlanineBandTaylor006.HullMatrixPart3
112	H0mework.Chemistry.LAlanineBandTaylor006.HullMatrixPart4
112	H0mework.Chemistry.LAlanineBandTaylor006.HullMatrixPart5
114	H0mework.Chemistry.LAlanineBandTaylor006.HullMatrixPart6
90	H0mework.Chemistry.LAlanineBandTaylor006.HullOrbitals
102	H0mework.Chemistry.LAlanineBandTaylor006.InputBlock0
144	H0mework.Chemistry.LAlanineBandTaylor006.InputBlock1
22	H0mework.Chemistry.LAlanineBandTaylor006.Material
40	H0mework.Chemistry.LAlanineBandTaylor006.TileActual
17.2	H0mework.Chemistry.LAlanineBandTaylor006.TileData
24	H0mework.Chemistry.LAlanineBandTaylor006.TileReports
142	H0mework.Chemistry.LAlanineBandTaylor006.TileReports0
146	H0mework.Chemistry.LAlanineBandTaylor006.TileReports1
148	H0mework.Chemistry.LAlanineBandTaylor006.TileReports2
152	H0mework.Chemistry.LAlanineBandTaylor006.TileReports3
20	H0mework.Chemistry.LAlanineBandTaylor007.CenterAssembly
20	H0mework.Chemistry.LAlanineBandTaylor007.CenterBounds
19.6	H0mework.Chemistry.LAlanineBandTaylor007.CenterData
78	H0mework.Chemistry.LAlanineBandTaylor007.CenterDensityCheck
14.6	H0mework.Chemistry.LAlanineBandTaylor007.CenterDensityData
380	H0mework.Chemistry.LAlanineBandTaylor007.CenterGroups
20	H0mework.Chemistry.LAlanineBandTaylor007.CenterMatrixData
110	H0mework.Chemistry.LAlanineBandTaylor007.CenterMatrixPart0
112	H0mework.Chemistry.LAlanineBandTaylor007.CenterMatrixPart1
110	H0mework.Chemistry.LAlanineBandTaylor007.CenterMatrixPart2
114	H0mework.Chemistry.LAlanineBandTaylor007.CenterMatrixPart3
50	H0mework.Chemistry.LAlanineBandTaylor007.CenterOrbitals
26	H0mework.Chemistry.LAlanineBandTaylor007.HullAssembly
22	H0mework.Chemistry.LAlanineBandTaylor007.HullBounds
19.8	H0mework.Chemistry.LAlanineBandTaylor007.HullData
180	H0mework.Chemistry.LAlanineBandTaylor007.HullDensityCheck
15.8	H0mework.Chemistry.LAlanineBandTaylor007.HullDensityData
410	H0mework.Chemistry.LAlanineBandTaylor007.HullGroups
24	H0mework.Chemistry.LAlanineBandTaylor007.HullMatrixData
114	H0mework.Chemistry.LAlanineBandTaylor007.HullMatrixPart0
124	H0mework.Chemistry.LAlanineBandTaylor007.HullMatrixPart1
130	H0mework.Chemistry.LAlanineBandTaylor007.HullMatrixPart2
126	H0mework.Chemistry.LAlanineBandTaylor007.HullMatrixPart3
124	H0mework.Chemistry.LAlanineBandTaylor007.HullMatrixPart4
128	H0mework.Chemistry.LAlanineBandTaylor007.HullMatrixPart5
132	H0mework.Chemistry.LAlanineBandTaylor007.HullMatrixPart6
94	H0mework.Chemistry.LAlanineBandTaylor007.HullOrbitals
108	H0mework.Chemistry.LAlanineBandTaylor007.InputBlock0
112	H0mework.Chemistry.LAlanineBandTaylor007.InputBlock1
24	H0mework.Chemistry.LAlanineBandTaylor007.Material
44	H0mework.Chemistry.LAlanineBandTaylor007.TileActual
18.2	H0mework.Chemistry.LAlanineBandTaylor007.TileData
24	H0mework.Chemistry.LAlanineBandTaylor007.TileReports
136	H0mework.Chemistry.LAlanineBandTaylor007.TileReports0
138	H0mework.Chemistry.LAlanineBandTaylor007.TileReports1
144	H0mework.Chemistry.LAlanineBandTaylor007.TileReports2
150	H0mework.Chemistry.LAlanineBandTaylor007.TileReports3
26	H0mework.Chemistry.LAlanineBandTaylor008.CenterAssembly
22	H0mework.Chemistry.LAlanineBandTaylor008.CenterBounds
18.4	H0mework.Chemistry.LAlanineBandTaylor008.CenterData
76	H0mework.Chemistry.LAlanineBandTaylor008.CenterDensityCheck
18.2	H0mework.Chemistry.LAlanineBandTaylor008.CenterDensityData
382	H0mework.Chemistry.LAlanineBandTaylor008.CenterGroups
22	H0mework.Chemistry.LAlanineBandTaylor008.CenterMatrixData
122	H0mework.Chemistry.LAlanineBandTaylor008.CenterMatrixPart0
122	H0mework.Chemistry.LAlanineBandTaylor008.CenterMatrixPart1
126	H0mework.Chemistry.LAlanineBandTaylor008.CenterMatrixPart2
124	H0mework.Chemistry.LAlanineBandTaylor008.CenterMatrixPart3
52	H0mework.Chemistry.LAlanineBandTaylor008.CenterOrbitals
22	H0mework.Chemistry.LAlanineBandTaylor008.HullAssembly
20	H0mework.Chemistry.LAlanineBandTaylor008.HullBounds
208	H0mework.Chemistry.LAlanineBandTaylor008.HullDensityCheck
18	H0mework.Chemistry.LAlanineBandTaylor008.HullDensityData
436	H0mework.Chemistry.LAlanineBandTaylor008.HullGroups
20	H0mework.Chemistry.LAlanineBandTaylor008.HullMatrixData
124	H0mework.Chemistry.LAlanineBandTaylor008.HullMatrixPart0
126	H0mework.Chemistry.LAlanineBandTaylor008.HullMatrixPart1
126	H0mework.Chemistry.LAlanineBandTaylor008.HullMatrixPart2
128	H0mework.Chemistry.LAlanineBandTaylor008.HullMatrixPart3
132	H0mework.Chemistry.LAlanineBandTaylor008.HullMatrixPart4
144	H0mework.Chemistry.LAlanineBandTaylor008.HullMatrixPart5
148	H0mework.Chemistry.LAlanineBandTaylor008.HullMatrixPart6
102	H0mework.Chemistry.LAlanineBandTaylor008.HullOrbitals
112	H0mework.Chemistry.LAlanineBandTaylor008.InputBlock0
110	H0mework.Chemistry.LAlanineBandTaylor008.InputBlock1
24	H0mework.Chemistry.LAlanineBandTaylor008.Material
40	H0mework.Chemistry.LAlanineBandTaylor008.TileActual
24	H0mework.Chemistry.LAlanineBandTaylor008.TileData
15.8	H0mework.Chemistry.LAlanineBandTaylor008.TileReports
146	H0mework.Chemistry.LAlanineBandTaylor008.TileReports0
154	H0mework.Chemistry.LAlanineBandTaylor008.TileReports1
158	H0mework.Chemistry.LAlanineBandTaylor008.TileReports2
164	H0mework.Chemistry.LAlanineBandTaylor008.TileReports3
22	H0mework.Chemistry.LAlanineBandTaylor009.CenterAssembly
19	H0mework.Chemistry.LAlanineBandTaylor009.CenterBounds
96	H0mework.Chemistry.LAlanineBandTaylor009.CenterDensityCheck
24	H0mework.Chemistry.LAlanineBandTaylor009.CenterDensityData
428	H0mework.Chemistry.LAlanineBandTaylor009.CenterGroups
24	H0mework.Chemistry.LAlanineBandTaylor009.CenterMatrixData
140	H0mework.Chemistry.LAlanineBandTaylor009.CenterMatrixPart0
140	H0mework.Chemistry.LAlanineBandTaylor009.CenterMatrixPart1
144	H0mework.Chemistry.LAlanineBandTaylor009.CenterMatrixPart2
144	H0mework.Chemistry.LAlanineBandTaylor009.CenterMatrixPart3
66	H0mework.Chemistry.LAlanineBandTaylor009.CenterOrbitals
20	H0mework.Chemistry.LAlanineBandTaylor009.HullAssembly
19.4	H0mework.Chemistry.LAlanineBandTaylor009.HullBounds
210	H0mework.Chemistry.LAlanineBandTaylor009.HullDensityCheck
20	H0mework.Chemistry.LAlanineBandTaylor009.HullDensityData
456	H0mework.Chemistry.LAlanineBandTaylor009.HullGroups
26	H0mework.Chemistry.LAlanineBandTaylor009.HullMatrixData
140	H0mework.Chemistry.LAlanineBandTaylor009.HullMatrixPart0
144	H0mework.Chemistry.LAlanineBandTaylor009.HullMatrixPart1
138	H0mework.Chemistry.LAlanineBandTaylor009.HullMatrixPart2
138	H0mework.Chemistry.LAlanineBandTaylor009.HullMatrixPart3
134	H0mework.Chemistry.LAlanineBandTaylor009.HullMatrixPart4
138	H0mework.Chemistry.LAlanineBandTaylor009.HullMatrixPart5
142	H0mework.Chemistry.LAlanineBandTaylor009.HullMatrixPart6
120	H0mework.Chemistry.LAlanineBandTaylor009.HullOrbitals
108	H0mework.Chemistry.LAlanineBandTaylor009.InputBlock0
110	H0mework.Chemistry.LAlanineBandTaylor009.InputBlock1
22	H0mework.Chemistry.LAlanineBandTaylor009.Material
40	H0mework.Chemistry.LAlanineBandTaylor009.TileActual
22	H0mework.Chemistry.LAlanineBandTaylor009.TileData
20	H0mework.Chemistry.LAlanineBandTaylor009.TileReports
146	H0mework.Chemistry.LAlanineBandTaylor009.TileReports0
146	H0mework.Chemistry.LAlanineBandTaylor009.TileReports1
150	H0mework.Chemistry.LAlanineBandTaylor009.TileReports2
156	H0mework.Chemistry.LAlanineBandTaylor009.TileReports3
24	H0mework.Chemistry.LAlanineBandTaylor010.CenterAssembly
22	H0mework.Chemistry.LAlanineBandTaylor010.CenterBounds
96	H0mework.Chemistry.LAlanineBandTaylor010.CenterDensityCheck
17.4	H0mework.Chemistry.LAlanineBandTaylor010.CenterDensityData
412	H0mework.Chemistry.LAlanineBandTaylor010.CenterGroups
22	H0mework.Chemistry.LAlanineBandTaylor010.CenterMatrixData
134	H0mework.Chemistry.LAlanineBandTaylor010.CenterMatrixPart0
138	H0mework.Chemistry.LAlanineBandTaylor010.CenterMatrixPart1
128	H0mework.Chemistry.LAlanineBandTaylor010.CenterMatrixPart2
130	H0mework.Chemistry.LAlanineBandTaylor010.CenterMatrixPart3
60	H0mework.Chemistry.LAlanineBandTaylor010.CenterOrbitals
22	H0mework.Chemistry.LAlanineBandTaylor010.HullAssembly
20	H0mework.Chemistry.LAlanineBandTaylor010.HullBounds
202	H0mework.Chemistry.LAlanineBandTaylor010.HullDensityCheck
22	H0mework.Chemistry.LAlanineBandTaylor010.HullDensityData
454	H0mework.Chemistry.LAlanineBandTaylor010.HullGroups
26	H0mework.Chemistry.LAlanineBandTaylor010.HullMatrixData
128	H0mework.Chemistry.LAlanineBandTaylor010.HullMatrixPart0
130	H0mework.Chemistry.LAlanineBandTaylor010.HullMatrixPart1
136	H0mework.Chemistry.LAlanineBandTaylor010.HullMatrixPart2
138	H0mework.Chemistry.LAlanineBandTaylor010.HullMatrixPart3
146	H0mework.Chemistry.LAlanineBandTaylor010.HullMatrixPart4
140	H0mework.Chemistry.LAlanineBandTaylor010.HullMatrixPart5
136	H0mework.Chemistry.LAlanineBandTaylor010.HullMatrixPart6
106	H0mework.Chemistry.LAlanineBandTaylor010.HullOrbitals
106	H0mework.Chemistry.LAlanineBandTaylor010.InputBlock0
106	H0mework.Chemistry.LAlanineBandTaylor010.InputBlock1
20	H0mework.Chemistry.LAlanineBandTaylor010.Material
40	H0mework.Chemistry.LAlanineBandTaylor010.TileActual
18.8	H0mework.Chemistry.LAlanineBandTaylor010.TileData
22	H0mework.Chemistry.LAlanineBandTaylor010.TileReports
172	H0mework.Chemistry.LAlanineBandTaylor010.TileReports0
176	H0mework.Chemistry.LAlanineBandTaylor010.TileReports1
182	H0mework.Chemistry.LAlanineBandTaylor010.TileReports2
188	H0mework.Chemistry.LAlanineBandTaylor010.TileReports3
20	H0mework.Chemistry.LAlanineBandTaylor011.CenterAssembly
22	H0mework.Chemistry.LAlanineBandTaylor011.CenterBounds
90	H0mework.Chemistry.LAlanineBandTaylor011.CenterDensityCheck
20	H0mework.Chemistry.LAlanineBandTaylor011.CenterDensityData
422	H0mework.Chemistry.LAlanineBandTaylor011.CenterGroups
24	H0mework.Chemistry.LAlanineBandTaylor011.CenterMatrixData
124	H0mework.Chemistry.LAlanineBandTaylor011.CenterMatrixPart0
132	H0mework.Chemistry.LAlanineBandTaylor011.CenterMatrixPart1
130	H0mework.Chemistry.LAlanineBandTaylor011.CenterMatrixPart2
138	H0mework.Chemistry.LAlanineBandTaylor011.CenterMatrixPart3
60	H0mework.Chemistry.LAlanineBandTaylor011.CenterOrbitals
16	H0mework.Chemistry.LAlanineBandTaylor011.HullAssembly
20	H0mework.Chemistry.LAlanineBandTaylor011.HullBounds
212	H0mework.Chemistry.LAlanineBandTaylor011.HullDensityCheck
20	H0mework.Chemistry.LAlanineBandTaylor011.HullDensityData
476	H0mework.Chemistry.LAlanineBandTaylor011.HullGroups
24	H0mework.Chemistry.LAlanineBandTaylor011.HullMatrixData
126	H0mework.Chemistry.LAlanineBandTaylor011.HullMatrixPart0
130	H0mework.Chemistry.LAlanineBandTaylor011.HullMatrixPart1
132	H0mework.Chemistry.LAlanineBandTaylor011.HullMatrixPart2
144	H0mework.Chemistry.LAlanineBandTaylor011.HullMatrixPart3
136	H0mework.Chemistry.LAlanineBandTaylor011.HullMatrixPart4
140	H0mework.Chemistry.LAlanineBandTaylor011.HullMatrixPart5
144	H0mework.Chemistry.LAlanineBandTaylor011.HullMatrixPart6
108	H0mework.Chemistry.LAlanineBandTaylor011.HullOrbitals
96	H0mework.Chemistry.LAlanineBandTaylor011.InputBlock0
108	H0mework.Chemistry.LAlanineBandTaylor011.InputBlock1
16	H0mework.Chemistry.LAlanineBandTaylor011.Material
56	H0mework.Chemistry.LAlanineBandTaylor011.TileActual
22	H0mework.Chemistry.LAlanineBandTaylor011.TileData
18.8	H0mework.Chemistry.LAlanineBandTaylor011.TileReports
144	H0mework.Chemistry.LAlanineBandTaylor011.TileReports0
144	H0mework.Chemistry.LAlanineBandTaylor011.TileReports1
152	H0mework.Chemistry.LAlanineBandTaylor011.TileReports2
154	H0mework.Chemistry.LAlanineBandTaylor011.TileReports3
24	H0mework.Chemistry.LAlanineBandTaylor012.CenterAssembly
19.8	H0mework.Chemistry.LAlanineBandTaylor012.CenterBounds
96	H0mework.Chemistry.LAlanineBandTaylor012.CenterDensityCheck
18.6	H0mework.Chemistry.LAlanineBandTaylor012.CenterDensityData
444	H0mework.Chemistry.LAlanineBandTaylor012.CenterGroups
24	H0mework.Chemistry.LAlanineBandTaylor012.CenterMatrixData
114	H0mework.Chemistry.LAlanineBandTaylor012.CenterMatrixPart0
116	H0mework.Chemistry.LAlanineBandTaylor012.CenterMatrixPart1
122	H0mework.Chemistry.LAlanineBandTaylor012.CenterMatrixPart2
128	H0mework.Chemistry.LAlanineBandTaylor012.CenterMatrixPart3
66	H0mework.Chemistry.LAlanineBandTaylor012.CenterOrbitals
20	H0mework.Chemistry.LAlanineBandTaylor012.HullAssembly
18.2	H0mework.Chemistry.LAlanineBandTaylor012.HullBounds
212	H0mework.Chemistry.LAlanineBandTaylor012.HullDensityCheck
18.8	H0mework.Chemistry.LAlanineBandTaylor012.HullDensityData
512	H0mework.Chemistry.LAlanineBandTaylor012.HullGroups
26	H0mework.Chemistry.LAlanineBandTaylor012.HullMatrixData
110	H0mework.Chemistry.LAlanineBandTaylor012.HullMatrixPart0
112	H0mework.Chemistry.LAlanineBandTaylor012.HullMatrixPart1
120	H0mework.Chemistry.LAlanineBandTaylor012.HullMatrixPart2
114	H0mework.Chemistry.LAlanineBandTaylor012.HullMatrixPart3
126	H0mework.Chemistry.LAlanineBandTaylor012.HullMatrixPart4
116	H0mework.Chemistry.LAlanineBandTaylor012.HullMatrixPart5
128	H0mework.Chemistry.LAlanineBandTaylor012.HullMatrixPart6
100	H0mework.Chemistry.LAlanineBandTaylor012.HullOrbitals
108	H0mework.Chemistry.LAlanineBandTaylor012.InputBlock0
112	H0mework.Chemistry.LAlanineBandTaylor012.InputBlock1
20	H0mework.Chemistry.LAlanineBandTaylor012.Material
60	H0mework.Chemistry.LAlanineBandTaylor012.TileActual
16	H0mework.Chemistry.LAlanineBandTaylor012.TileData
28	H0mework.Chemistry.LAlanineBandTaylor012.TileReports
170	H0mework.Chemistry.LAlanineBandTaylor012.TileReports0
174	H0mework.Chemistry.LAlanineBandTaylor012.TileReports1
176	H0mework.Chemistry.LAlanineBandTaylor012.TileReports2
188	H0mework.Chemistry.LAlanineBandTaylor012.TileReports3
22	H0mework.Chemistry.LAlanineBandTaylor013.CenterAssembly
26	H0mework.Chemistry.LAlanineBandTaylor013.CenterBounds
114	H0mework.Chemistry.LAlanineBandTaylor013.CenterDensityCheck
20	H0mework.Chemistry.LAlanineBandTaylor013.CenterDensityData
476	H0mework.Chemistry.LAlanineBandTaylor013.CenterGroups
26	H0mework.Chemistry.LAlanineBandTaylor013.CenterMatrixData
112	H0mework.Chemistry.LAlanineBandTaylor013.CenterMatrixPart0
112	H0mework.Chemistry.LAlanineBandTaylor013.CenterMatrixPart1
118	H0mework.Chemistry.LAlanineBandTaylor013.CenterMatrixPart2
116	H0mework.Chemistry.LAlanineBandTaylor013.CenterMatrixPart3
62	H0mework.Chemistry.LAlanineBandTaylor013.CenterOrbitals
26	H0mework.Chemistry.LAlanineBandTaylor013.HullAssembly
20	H0mework.Chemistry.LAlanineBandTaylor013.HullBounds
254	H0mework.Chemistry.LAlanineBandTaylor013.HullDensityCheck
17.6	H0mework.Chemistry.LAlanineBandTaylor013.HullDensityData
544	H0mework.Chemistry.LAlanineBandTaylor013.HullGroups
24	H0mework.Chemistry.LAlanineBandTaylor013.HullMatrixData
116	H0mework.Chemistry.LAlanineBandTaylor013.HullMatrixPart0
122	H0mework.Chemistry.LAlanineBandTaylor013.HullMatrixPart1
120	H0mework.Chemistry.LAlanineBandTaylor013.HullMatrixPart2
120	H0mework.Chemistry.LAlanineBandTaylor013.HullMatrixPart3
118	H0mework.Chemistry.LAlanineBandTaylor013.HullMatrixPart4
118	H0mework.Chemistry.LAlanineBandTaylor013.HullMatrixPart5
144	H0mework.Chemistry.LAlanineBandTaylor013.HullMatrixPart6
102	H0mework.Chemistry.LAlanineBandTaylor013.HullOrbitals
94	H0mework.Chemistry.LAlanineBandTaylor013.InputBlock0
108	H0mework.Chemistry.LAlanineBandTaylor013.InputBlock1
17.8	H0mework.Chemistry.LAlanineBandTaylor013.Material
58	H0mework.Chemistry.LAlanineBandTaylor013.TileActual
20	H0mework.Chemistry.LAlanineBandTaylor013.TileData
22	H0mework.Chemistry.LAlanineBandTaylor013.TileReports
222	H0mework.Chemistry.LAlanineBandTaylor013.TileReports0
226	H0mework.Chemistry.LAlanineBandTaylor013.TileReports1
234	H0mework.Chemistry.LAlanineBandTaylor013.TileReports2
242	H0mework.Chemistry.LAlanineBandTaylor013.TileReports3
34	H0mework.Chemistry.LAlanineBandTaylor014.CenterAssembly
30	H0mework.Chemistry.LAlanineBandTaylor014.CenterBounds
104	H0mework.Chemistry.LAlanineBandTaylor014.CenterDensityCheck
22	H0mework.Chemistry.LAlanineBandTaylor014.CenterDensityData
580	H0mework.Chemistry.LAlanineBandTaylor014.CenterGroups
28	H0mework.Chemistry.LAlanineBandTaylor014.CenterMatrixData
114	H0mework.Chemistry.LAlanineBandTaylor014.CenterMatrixPart0
116	H0mework.Chemistry.LAlanineBandTaylor014.CenterMatrixPart1
116	H0mework.Chemistry.LAlanineBandTaylor014.CenterMatrixPart2
116	H0mework.Chemistry.LAlanineBandTaylor014.CenterMatrixPart3
68	H0mework.Chemistry.LAlanineBandTaylor014.CenterOrbitals
22	H0mework.Chemistry.LAlanineBandTaylor014.HullAssembly
26	H0mework.Chemistry.LAlanineBandTaylor014.HullBounds
262	H0mework.Chemistry.LAlanineBandTaylor014.HullDensityCheck
20	H0mework.Chemistry.LAlanineBandTaylor014.HullDensityData
624	H0mework.Chemistry.LAlanineBandTaylor014.HullGroups
30	H0mework.Chemistry.LAlanineBandTaylor014.HullMatrixData
112	H0mework.Chemistry.LAlanineBandTaylor014.HullMatrixPart0
116	H0mework.Chemistry.LAlanineBandTaylor014.HullMatrixPart1
116	H0mework.Chemistry.LAlanineBandTaylor014.HullMatrixPart2
116	H0mework.Chemistry.LAlanineBandTaylor014.HullMatrixPart3
110	H0mework.Chemistry.LAlanineBandTaylor014.HullMatrixPart4
106	H0mework.Chemistry.LAlanineBandTaylor014.HullMatrixPart5
112	H0mework.Chemistry.LAlanineBandTaylor014.HullMatrixPart6
118	H0mework.Chemistry.LAlanineBandTaylor014.HullOrbitals
108	H0mework.Chemistry.LAlanineBandTaylor014.InputBlock0
102	H0mework.Chemistry.LAlanineBandTaylor014.InputBlock1
32	H0mework.Chemistry.LAlanineBandTaylor014.Material
54	H0mework.Chemistry.LAlanineBandTaylor014.TileActual
19.6	H0mework.Chemistry.LAlanineBandTaylor014.TileData
18.6	H0mework.Chemistry.LAlanineBandTaylor014.TileReports
208	H0mework.Chemistry.LAlanineBandTaylor014.TileReports0
212	H0mework.Chemistry.LAlanineBandTaylor014.TileReports1
220	H0mework.Chemistry.LAlanineBandTaylor014.TileReports2
228	H0mework.Chemistry.LAlanineBandTaylor014.TileReports3
32	H0mework.Chemistry.LAlanineBandTaylor015.CenterAssembly
24	H0mework.Chemistry.LAlanineBandTaylor015.CenterBounds
136	H0mework.Chemistry.LAlanineBandTaylor015.CenterDensityCheck
15.8	H0mework.Chemistry.LAlanineBandTaylor015.CenterDensityData
602	H0mework.Chemistry.LAlanineBandTaylor015.CenterGroups
19.2	H0mework.Chemistry.LAlanineBandTaylor015.CenterMatrixData
120	H0mework.Chemistry.LAlanineBandTaylor015.CenterMatrixPart0
114	H0mework.Chemistry.LAlanineBandTaylor015.CenterMatrixPart1
114	H0mework.Chemistry.LAlanineBandTaylor015.CenterMatrixPart2
118	H0mework.Chemistry.LAlanineBandTaylor015.CenterMatrixPart3
46	H0mework.Chemistry.LAlanineBandTaylor015.CenterOrbitals
20	H0mework.Chemistry.LAlanineBandTaylor015.HullAssembly
22	H0mework.Chemistry.LAlanineBandTaylor015.HullBounds
304	H0mework.Chemistry.LAlanineBandTaylor015.HullDensityCheck
17.8	H0mework.Chemistry.LAlanineBandTaylor015.HullDensityData
660	H0mework.Chemistry.LAlanineBandTaylor015.HullGroups
22	H0mework.Chemistry.LAlanineBandTaylor015.HullMatrixData
116	H0mework.Chemistry.LAlanineBandTaylor015.HullMatrixPart0
128	H0mework.Chemistry.LAlanineBandTaylor015.HullMatrixPart1
128	H0mework.Chemistry.LAlanineBandTaylor015.HullMatrixPart2
130	H0mework.Chemistry.LAlanineBandTaylor015.HullMatrixPart3
132	H0mework.Chemistry.LAlanineBandTaylor015.HullMatrixPart4
120	H0mework.Chemistry.LAlanineBandTaylor015.HullMatrixPart5
128	H0mework.Chemistry.LAlanineBandTaylor015.HullMatrixPart6
112	H0mework.Chemistry.LAlanineBandTaylor015.HullOrbitals
106	H0mework.Chemistry.LAlanineBandTaylor015.InputBlock0
100	H0mework.Chemistry.LAlanineBandTaylor015.InputBlock1
20	H0mework.Chemistry.LAlanineBandTaylor015.Material
56	H0mework.Chemistry.LAlanineBandTaylor015.TileActual
22	H0mework.Chemistry.LAlanineBandTaylor015.TileData
20	H0mework.Chemistry.LAlanineBandTaylor015.TileReports
222	H0mework.Chemistry.LAlanineBandTaylor015.TileReports0
232	H0mework.Chemistry.LAlanineBandTaylor015.TileReports1
230	H0mework.Chemistry.LAlanineBandTaylor015.TileReports2
238	H0mework.Chemistry.LAlanineBandTaylor015.TileReports3
26	H0mework.Chemistry.LAlanineBandTaylor016.CenterAssembly
32	H0mework.Chemistry.LAlanineBandTaylor016.CenterBounds
132	H0mework.Chemistry.LAlanineBandTaylor016.CenterDensityCheck
16.2	H0mework.Chemistry.LAlanineBandTaylor016.CenterDensityData
634	H0mework.Chemistry.LAlanineBandTaylor016.CenterGroups
24	H0mework.Chemistry.LAlanineBandTaylor016.CenterMatrixData
164	H0mework.Chemistry.LAlanineBandTaylor016.CenterMatrixPart0
144	H0mework.Chemistry.LAlanineBandTaylor016.CenterMatrixPart1
152	H0mework.Chemistry.LAlanineBandTaylor016.CenterMatrixPart2
154	H0mework.Chemistry.LAlanineBandTaylor016.CenterMatrixPart3
64	H0mework.Chemistry.LAlanineBandTaylor016.CenterOrbitals
32	H0mework.Chemistry.LAlanineBandTaylor016.HullAssembly
20	H0mework.Chemistry.LAlanineBandTaylor016.HullBounds
298	H0mework.Chemistry.LAlanineBandTaylor016.HullDensityCheck
40	H0mework.Chemistry.LAlanineBandTaylor016.HullDensityData
682	H0mework.Chemistry.LAlanineBandTaylor016.HullGroups
26	H0mework.Chemistry.LAlanineBandTaylor016.HullMatrixData
160	H0mework.Chemistry.LAlanineBandTaylor016.HullMatrixPart0
164	H0mework.Chemistry.LAlanineBandTaylor016.HullMatrixPart1
146	H0mework.Chemistry.LAlanineBandTaylor016.HullMatrixPart2
148	H0mework.Chemistry.LAlanineBandTaylor016.HullMatrixPart3
138	H0mework.Chemistry.LAlanineBandTaylor016.HullMatrixPart4
136	H0mework.Chemistry.LAlanineBandTaylor016.HullMatrixPart5
130	H0mework.Chemistry.LAlanineBandTaylor016.HullMatrixPart6
162	H0mework.Chemistry.LAlanineBandTaylor016.HullOrbitals
100	H0mework.Chemistry.LAlanineBandTaylor016.InputBlock0
100	H0mework.Chemistry.LAlanineBandTaylor016.InputBlock1
20	H0mework.Chemistry.LAlanineBandTaylor016.Material
66	H0mework.Chemistry.LAlanineBandTaylor016.TileActual
24	H0mework.Chemistry.LAlanineBandTaylor016.TileData
26	H0mework.Chemistry.LAlanineBandTaylor016.TileReports
246	H0mework.Chemistry.LAlanineBandTaylor016.TileReports0
250	H0mework.Chemistry.LAlanineBandTaylor016.TileReports1
262	H0mework.Chemistry.LAlanineBandTaylor016.TileReports2
276	H0mework.Chemistry.LAlanineBandTaylor016.TileReports3
20	H0mework.Chemistry.LAlanineBandTaylor017.CenterAssembly
26	H0mework.Chemistry.LAlanineBandTaylor017.CenterBounds
122	H0mework.Chemistry.LAlanineBandTaylor017.CenterDensityCheck
20	H0mework.Chemistry.LAlanineBandTaylor017.CenterDensityData
652	H0mework.Chemistry.LAlanineBandTaylor017.CenterGroups
28	H0mework.Chemistry.LAlanineBandTaylor017.CenterMatrixData
126	H0mework.Chemistry.LAlanineBandTaylor017.CenterMatrixPart0
126	H0mework.Chemistry.LAlanineBandTaylor017.CenterMatrixPart1
122	H0mework.Chemistry.LAlanineBandTaylor017.CenterMatrixPart2
122	H0mework.Chemistry.LAlanineBandTaylor017.CenterMatrixPart3
80	H0mework.Chemistry.LAlanineBandTaylor017.CenterOrbitals
26	H0mework.Chemistry.LAlanineBandTaylor017.HullAssembly
26	H0mework.Chemistry.LAlanineBandTaylor017.HullBounds
306	H0mework.Chemistry.LAlanineBandTaylor017.HullDensityCheck
26	H0mework.Chemistry.LAlanineBandTaylor017.HullDensityData
704	H0mework.Chemistry.LAlanineBandTaylor017.HullGroups
28	H0mework.Chemistry.LAlanineBandTaylor017.HullMatrixData
130	H0mework.Chemistry.LAlanineBandTaylor017.HullMatrixPart0
138	H0mework.Chemistry.LAlanineBandTaylor017.HullMatrixPart1
142	H0mework.Chemistry.LAlanineBandTaylor017.HullMatrixPart2
136	H0mework.Chemistry.LAlanineBandTaylor017.HullMatrixPart3
140	H0mework.Chemistry.LAlanineBandTaylor017.HullMatrixPart4
130	H0mework.Chemistry.LAlanineBandTaylor017.HullMatrixPart5
140	H0mework.Chemistry.LAlanineBandTaylor017.HullMatrixPart6
148	H0mework.Chemistry.LAlanineBandTaylor017.HullOrbitals
102	H0mework.Chemistry.LAlanineBandTaylor017.InputBlock0
100	H0mework.Chemistry.LAlanineBandTaylor017.InputBlock1
30	H0mework.Chemistry.LAlanineBandTaylor017.Material
76	H0mework.Chemistry.LAlanineBandTaylor017.TileActual
24	H0mework.Chemistry.LAlanineBandTaylor017.TileData
22	H0mework.Chemistry.LAlanineBandTaylor017.TileReports
240	H0mework.Chemistry.LAlanineBandTaylor017.TileReports0
250	H0mework.Chemistry.LAlanineBandTaylor017.TileReports1
262	H0mework.Chemistry.LAlanineBandTaylor017.TileReports2
276	H0mework.Chemistry.LAlanineBandTaylor017.TileReports3
30	H0mework.Chemistry.LAlanineBandTaylor018.CenterAssembly
24	H0mework.Chemistry.LAlanineBandTaylor018.CenterBounds
152	H0mework.Chemistry.LAlanineBandTaylor018.CenterDensityCheck
20	H0mework.Chemistry.LAlanineBandTaylor018.CenterDensityData
658	H0mework.Chemistry.LAlanineBandTaylor018.CenterGroups
24	H0mework.Chemistry.LAlanineBandTaylor018.CenterMatrixData
148	H0mework.Chemistry.LAlanineBandTaylor018.CenterMatrixPart0
150	H0mework.Chemistry.LAlanineBandTaylor018.CenterMatrixPart1
152	H0mework.Chemistry.LAlanineBandTaylor018.CenterMatrixPart2
160	H0mework.Chemistry.LAlanineBandTaylor018.CenterMatrixPart3
70	H0mework.Chemistry.LAlanineBandTaylor018.CenterOrbitals
22	H0mework.Chemistry.LAlanineBandTaylor018.HullAssembly
26	H0mework.Chemistry.LAlanineBandTaylor018.HullBounds
304	H0mework.Chemistry.LAlanineBandTaylor018.HullDensityCheck
22	H0mework.Chemistry.LAlanineBandTaylor018.HullDensityData
702	H0mework.Chemistry.LAlanineBandTaylor018.HullGroups
26	H0mework.Chemistry.LAlanineBandTaylor018.HullMatrixData
162	H0mework.Chemistry.LAlanineBandTaylor018.HullMatrixPart0
162	H0mework.Chemistry.LAlanineBandTaylor018.HullMatrixPart1
152	H0mework.Chemistry.LAlanineBandTaylor018.HullMatrixPart2
132	H0mework.Chemistry.LAlanineBandTaylor018.HullMatrixPart3
138	H0mework.Chemistry.LAlanineBandTaylor018.HullMatrixPart4
150	H0mework.Chemistry.LAlanineBandTaylor018.HullMatrixPart5
144	H0mework.Chemistry.LAlanineBandTaylor018.HullMatrixPart6
172	H0mework.Chemistry.LAlanineBandTaylor018.HullOrbitals
98	H0mework.Chemistry.LAlanineBandTaylor018.InputBlock0
100	H0mework.Chemistry.LAlanineBandTaylor018.InputBlock1
28	H0mework.Chemistry.LAlanineBandTaylor018.Material
100	H0mework.Chemistry.LAlanineBandTaylor018.TileActual
24	H0mework.Chemistry.LAlanineBandTaylor018.TileData
30	H0mework.Chemistry.LAlanineBandTaylor018.TileReports
250	H0mework.Chemistry.LAlanineBandTaylor018.TileReports0
256	H0mework.Chemistry.LAlanineBandTaylor018.TileReports1
272	H0mework.Chemistry.LAlanineBandTaylor018.TileReports2
294	H0mework.Chemistry.LAlanineBandTaylor018.TileReports3
26	H0mework.Chemistry.LAlanineBandTaylor019.CenterAssembly
24	H0mework.Chemistry.LAlanineBandTaylor019.CenterBounds
130	H0mework.Chemistry.LAlanineBandTaylor019.CenterDensityCheck
20	H0mework.Chemistry.LAlanineBandTaylor019.CenterDensityData
642	H0mework.Chemistry.LAlanineBandTaylor019.CenterGroups
28	H0mework.Chemistry.LAlanineBandTaylor019.CenterMatrixData
134	H0mework.Chemistry.LAlanineBandTaylor019.CenterMatrixPart0
126	H0mework.Chemistry.LAlanineBandTaylor019.CenterMatrixPart1
140	H0mework.Chemistry.LAlanineBandTaylor019.CenterMatrixPart2
152	H0mework.Chemistry.LAlanineBandTaylor019.CenterMatrixPart3
76	H0mework.Chemistry.LAlanineBandTaylor019.CenterOrbitals
30	H0mework.Chemistry.LAlanineBandTaylor019.HullAssembly
36	H0mework.Chemistry.LAlanineBandTaylor019.HullBounds
290	H0mework.Chemistry.LAlanineBandTaylor019.HullDensityCheck
26	H0mework.Chemistry.LAlanineBandTaylor019.HullDensityData
684	H0mework.Chemistry.LAlanineBandTaylor019.HullGroups
26	H0mework.Chemistry.LAlanineBandTaylor019.HullMatrixData
148	H0mework.Chemistry.LAlanineBandTaylor019.HullMatrixPart0
142	H0mework.Chemistry.LAlanineBandTaylor019.HullMatrixPart1
142	H0mework.Chemistry.LAlanineBandTaylor019.HullMatrixPart2
144	H0mework.Chemistry.LAlanineBandTaylor019.HullMatrixPart3
154	H0mework.Chemistry.LAlanineBandTaylor019.HullMatrixPart4
146	H0mework.Chemistry.LAlanineBandTaylor019.HullMatrixPart5
156	H0mework.Chemistry.LAlanineBandTaylor019.HullMatrixPart6
156	H0mework.Chemistry.LAlanineBandTaylor019.HullOrbitals
96	H0mework.Chemistry.LAlanineBandTaylor019.InputBlock0
106	H0mework.Chemistry.LAlanineBandTaylor019.InputBlock1
28	H0mework.Chemistry.LAlanineBandTaylor019.Material
72	H0mework.Chemistry.LAlanineBandTaylor019.TileActual
42	H0mework.Chemistry.LAlanineBandTaylor019.TileData
34	H0mework.Chemistry.LAlanineBandTaylor019.TileReports
268	H0mework.Chemistry.LAlanineBandTaylor019.TileReports0
272	H0mework.Chemistry.LAlanineBandTaylor019.TileReports1
282	H0mework.Chemistry.LAlanineBandTaylor019.TileReports2
304	H0mework.Chemistry.LAlanineBandTaylor019.TileReports3
28	H0mework.Chemistry.LAlanineBandTaylor020.CenterAssembly
26	H0mework.Chemistry.LAlanineBandTaylor020.CenterBounds
118	H0mework.Chemistry.LAlanineBandTaylor020.CenterDensityCheck
22	H0mework.Chemistry.LAlanineBandTaylor020.CenterDensityData
674	H0mework.Chemistry.LAlanineBandTaylor020.CenterGroups
32	H0mework.Chemistry.LAlanineBandTaylor020.CenterMatrixData
138	H0mework.Chemistry.LAlanineBandTaylor020.CenterMatrixPart0
138	H0mework.Chemistry.LAlanineBandTaylor020.CenterMatrixPart1
136	H0mework.Chemistry.LAlanineBandTaylor020.CenterMatrixPart2
148	H0mework.Chemistry.LAlanineBandTaylor020.CenterMatrixPart3
76	H0mework.Chemistry.LAlanineBandTaylor020.CenterOrbitals
28	H0mework.Chemistry.LAlanineBandTaylor020.HullAssembly
30	H0mework.Chemistry.LAlanineBandTaylor020.HullBounds
324	H0mework.Chemistry.LAlanineBandTaylor020.HullDensityCheck
22	H0mework.Chemistry.LAlanineBandTaylor020.HullDensityData
764	H0mework.Chemistry.LAlanineBandTaylor020.HullGroups
28	H0mework.Chemistry.LAlanineBandTaylor020.HullMatrixData
150	H0mework.Chemistry.LAlanineBandTaylor020.HullMatrixPart0
150	H0mework.Chemistry.LAlanineBandTaylor020.HullMatrixPart1
146	H0mework.Chemistry.LAlanineBandTaylor020.HullMatrixPart2
144	H0mework.Chemistry.LAlanineBandTaylor020.HullMatrixPart3
156	H0mework.Chemistry.LAlanineBandTaylor020.HullMatrixPart4
150	H0mework.Chemistry.LAlanineBandTaylor020.HullMatrixPart5
168	H0mework.Chemistry.LAlanineBandTaylor020.HullMatrixPart6
152	H0mework.Chemistry.LAlanineBandTaylor020.HullOrbitals
106	H0mework.Chemistry.LAlanineBandTaylor020.InputBlock0
106	H0mework.Chemistry.LAlanineBandTaylor020.InputBlock1
36	H0mework.Chemistry.LAlanineBandTaylor020.Material
82	H0mework.Chemistry.LAlanineBandTaylor020.TileActual
28	H0mework.Chemistry.LAlanineBandTaylor020.TileData
30	H0mework.Chemistry.LAlanineBandTaylor020.TileReports
256	H0mework.Chemistry.LAlanineBandTaylor020.TileReports0
264	H0mework.Chemistry.LAlanineBandTaylor020.TileReports1
276	H0mework.Chemistry.LAlanineBandTaylor020.TileReports2
292	H0mework.Chemistry.LAlanineBandTaylor020.TileReports3
30	H0mework.Chemistry.LAlanineBandTaylor021.CenterAssembly
26	H0mework.Chemistry.LAlanineBandTaylor021.CenterBounds
160	H0mework.Chemistry.LAlanineBandTaylor021.CenterDensityCheck
20	H0mework.Chemistry.LAlanineBandTaylor021.CenterDensityData
714	H0mework.Chemistry.LAlanineBandTaylor021.CenterGroups
28	H0mework.Chemistry.LAlanineBandTaylor021.CenterMatrixData
142	H0mework.Chemistry.LAlanineBandTaylor021.CenterMatrixPart0
146	H0mework.Chemistry.LAlanineBandTaylor021.CenterMatrixPart1
148	H0mework.Chemistry.LAlanineBandTaylor021.CenterMatrixPart2
138	H0mework.Chemistry.LAlanineBandTaylor021.CenterMatrixPart3
80	H0mework.Chemistry.LAlanineBandTaylor021.CenterOrbitals
36	H0mework.Chemistry.LAlanineBandTaylor021.HullAssembly
32	H0mework.Chemistry.LAlanineBandTaylor021.HullBounds
358	H0mework.Chemistry.LAlanineBandTaylor021.HullDensityCheck
22	H0mework.Chemistry.LAlanineBandTaylor021.HullDensityData
752	H0mework.Chemistry.LAlanineBandTaylor021.HullGroups
30	H0mework.Chemistry.LAlanineBandTaylor021.HullMatrixData
158	H0mework.Chemistry.LAlanineBandTaylor021.HullMatrixPart0
142	H0mework.Chemistry.LAlanineBandTaylor021.HullMatrixPart1
148	H0mework.Chemistry.LAlanineBandTaylor021.HullMatrixPart2
174	H0mework.Chemistry.LAlanineBandTaylor021.HullMatrixPart3
174	H0mework.Chemistry.LAlanineBandTaylor021.HullMatrixPart4
190	H0mework.Chemistry.LAlanineBandTaylor021.HullMatrixPart5
182	H0mework.Chemistry.LAlanineBandTaylor021.HullMatrixPart6
152	H0mework.Chemistry.LAlanineBandTaylor021.HullOrbitals
108	H0mework.Chemistry.LAlanineBandTaylor021.InputBlock0
104	H0mework.Chemistry.LAlanineBandTaylor021.InputBlock1
30	H0mework.Chemistry.LAlanineBandTaylor021.Material
70	H0mework.Chemistry.LAlanineBandTaylor021.TileActual
24	H0mework.Chemistry.LAlanineBandTaylor021.TileData
30	H0mework.Chemistry.LAlanineBandTaylor021.TileReports
270	H0mework.Chemistry.LAlanineBandTaylor021.TileReports0
276	H0mework.Chemistry.LAlanineBandTaylor021.TileReports1
282	H0mework.Chemistry.LAlanineBandTaylor021.TileReports2
292	H0mework.Chemistry.LAlanineBandTaylor021.TileReports3
44	H0mework.Chemistry.LAlanineBandTaylor022.CenterAssembly
24	H0mework.Chemistry.LAlanineBandTaylor022.CenterBounds
146	H0mework.Chemistry.LAlanineBandTaylor022.CenterDensityCheck
38	H0mework.Chemistry.LAlanineBandTaylor022.CenterDensityData
790	H0mework.Chemistry.LAlanineBandTaylor022.CenterGroups
44	H0mework.Chemistry.LAlanineBandTaylor022.CenterMatrixData
162	H0mework.Chemistry.LAlanineBandTaylor022.CenterMatrixPart0
176	H0mework.Chemistry.LAlanineBandTaylor022.CenterMatrixPart1
174	H0mework.Chemistry.LAlanineBandTaylor022.CenterMatrixPart2
180	H0mework.Chemistry.LAlanineBandTaylor022.CenterMatrixPart3
116	H0mework.Chemistry.LAlanineBandTaylor022.CenterOrbitals
32	H0mework.Chemistry.LAlanineBandTaylor022.HullAssembly
32	H0mework.Chemistry.LAlanineBandTaylor022.HullBounds
388	H0mework.Chemistry.LAlanineBandTaylor022.HullDensityCheck
24	H0mework.Chemistry.LAlanineBandTaylor022.HullDensityData
786	H0mework.Chemistry.LAlanineBandTaylor022.HullGroups
40	H0mework.Chemistry.LAlanineBandTaylor022.HullMatrixData
132	H0mework.Chemistry.LAlanineBandTaylor022.HullMatrixPart0
146	H0mework.Chemistry.LAlanineBandTaylor022.HullMatrixPart1
150	H0mework.Chemistry.LAlanineBandTaylor022.HullMatrixPart2
160	H0mework.Chemistry.LAlanineBandTaylor022.HullMatrixPart3
168	H0mework.Chemistry.LAlanineBandTaylor022.HullMatrixPart4
192	H0mework.Chemistry.LAlanineBandTaylor022.HullMatrixPart5
190	H0mework.Chemistry.LAlanineBandTaylor022.HullMatrixPart6
156	H0mework.Chemistry.LAlanineBandTaylor022.HullOrbitals
104	H0mework.Chemistry.LAlanineBandTaylor022.InputBlock0
104	H0mework.Chemistry.LAlanineBandTaylor022.InputBlock1
40	H0mework.Chemistry.LAlanineBandTaylor022.Material
90	H0mework.Chemistry.LAlanineBandTaylor022.TileActual
22	H0mework.Chemistry.LAlanineBandTaylor022.TileData
32	H0mework.Chemistry.LAlanineBandTaylor022.TileReports
274	H0mework.Chemistry.LAlanineBandTaylor022.TileReports0
278	H0mework.Chemistry.LAlanineBandTaylor022.TileReports1
284	H0mework.Chemistry.LAlanineBandTaylor022.TileReports2
296	H0mework.Chemistry.LAlanineBandTaylor022.TileReports3
34	H0mework.Chemistry.LAlanineBandTaylor023.CenterAssembly
28	H0mework.Chemistry.LAlanineBandTaylor023.CenterBounds
190	H0mework.Chemistry.LAlanineBandTaylor023.CenterDensityCheck
28	H0mework.Chemistry.LAlanineBandTaylor023.CenterDensityData
768	H0mework.Chemistry.LAlanineBandTaylor023.CenterGroups
40	H0mework.Chemistry.LAlanineBandTaylor023.CenterMatrixData
210	H0mework.Chemistry.LAlanineBandTaylor023.CenterMatrixPart0
220	H0mework.Chemistry.LAlanineBandTaylor023.CenterMatrixPart1
210	H0mework.Chemistry.LAlanineBandTaylor023.CenterMatrixPart2
216	H0mework.Chemistry.LAlanineBandTaylor023.CenterMatrixPart3
98	H0mework.Chemistry.LAlanineBandTaylor023.CenterOrbitals
38	H0mework.Chemistry.LAlanineBandTaylor023.HullAssembly
34	H0mework.Chemistry.LAlanineBandTaylor023.HullBounds
334	H0mework.Chemistry.LAlanineBandTaylor023.HullDensityCheck
24	H0mework.Chemistry.LAlanineBandTaylor023.HullDensityData
806	H0mework.Chemistry.LAlanineBandTaylor023.HullGroups
42	H0mework.Chemistry.LAlanineBandTaylor023.HullMatrixData
170	H0mework.Chemistry.LAlanineBandTaylor023.HullMatrixPart0
174	H0mework.Chemistry.LAlanineBandTaylor023.HullMatrixPart1
204	H0mework.Chemistry.LAlanineBandTaylor023.HullMatrixPart2
194	H0mework.Chemistry.LAlanineBandTaylor023.HullMatrixPart3
212	H0mework.Chemistry.LAlanineBandTaylor023.HullMatrixPart4
224	H0mework.Chemistry.LAlanineBandTaylor023.HullMatrixPart5
200	H0mework.Chemistry.LAlanineBandTaylor023.HullMatrixPart6
226	H0mework.Chemistry.LAlanineBandTaylor023.HullOrbitals
108	H0mework.Chemistry.LAlanineBandTaylor023.InputBlock0
102	H0mework.Chemistry.LAlanineBandTaylor023.InputBlock1
42	H0mework.Chemistry.LAlanineBandTaylor023.Material
104	H0mework.Chemistry.LAlanineBandTaylor023.TileActual
32	H0mework.Chemistry.LAlanineBandTaylor023.TileData
42	H0mework.Chemistry.LAlanineBandTaylor023.TileReports
262	H0mework.Chemistry.LAlanineBandTaylor023.TileReports0
278	H0mework.Chemistry.LAlanineBandTaylor023.TileReports1
296	H0mework.Chemistry.LAlanineBandTaylor023.TileReports2
310	H0mework.Chemistry.LAlanineBandTaylor023.TileReports3
30	H0mework.Chemistry.LAlanineBandTaylor024.CenterAssembly
34	H0mework.Chemistry.LAlanineBandTaylor024.CenterBounds
138	H0mework.Chemistry.LAlanineBandTaylor024.CenterDensityCheck
32	H0mework.Chemistry.LAlanineBandTaylor024.CenterDensityData
744	H0mework.Chemistry.LAlanineBandTaylor024.CenterGroups
40	H0mework.Chemistry.LAlanineBandTaylor024.CenterMatrixData
158	H0mework.Chemistry.LAlanineBandTaylor024.CenterMatrixPart0
160	H0mework.Chemistry.LAlanineBandTaylor024.CenterMatrixPart1
162	H0mework.Chemistry.LAlanineBandTaylor024.CenterMatrixPart2
168	H0mework.Chemistry.LAlanineBandTaylor024.CenterMatrixPart3
126	H0mework.Chemistry.LAlanineBandTaylor024.CenterOrbitals
34	H0mework.Chemistry.LAlanineBandTaylor024.HullAssembly
34	H0mework.Chemistry.LAlanineBandTaylor024.HullBounds
358	H0mework.Chemistry.LAlanineBandTaylor024.HullDensityCheck
24	H0mework.Chemistry.LAlanineBandTaylor024.HullDensityData
772	H0mework.Chemistry.LAlanineBandTaylor024.HullGroups
46	H0mework.Chemistry.LAlanineBandTaylor024.HullMatrixData
154	H0mework.Chemistry.LAlanineBandTaylor024.HullMatrixPart0
168	H0mework.Chemistry.LAlanineBandTaylor024.HullMatrixPart1
166	H0mework.Chemistry.LAlanineBandTaylor024.HullMatrixPart2
160	H0mework.Chemistry.LAlanineBandTaylor024.HullMatrixPart3
172	H0mework.Chemistry.LAlanineBandTaylor024.HullMatrixPart4
164	H0mework.Chemistry.LAlanineBandTaylor024.HullMatrixPart5
180	H0mework.Chemistry.LAlanineBandTaylor024.HullMatrixPart6
170	H0mework.Chemistry.LAlanineBandTaylor024.HullOrbitals
98	H0mework.Chemistry.LAlanineBandTaylor024.InputBlock0
100	H0mework.Chemistry.LAlanineBandTaylor024.InputBlock1
42	H0mework.Chemistry.LAlanineBandTaylor024.Material
98	H0mework.Chemistry.LAlanineBandTaylor024.TileActual
34	H0mework.Chemistry.LAlanineBandTaylor024.TileData
48	H0mework.Chemistry.LAlanineBandTaylor024.TileReports
268	H0mework.Chemistry.LAlanineBandTaylor024.TileReports0
278	H0mework.Chemistry.LAlanineBandTaylor024.TileReports1
308	H0mework.Chemistry.LAlanineBandTaylor024.TileReports2
322	H0mework.Chemistry.LAlanineBandTaylor024.TileReports3
44	H0mework.Chemistry.LAlanineBandTaylor025.CenterAssembly
44	H0mework.Chemistry.LAlanineBandTaylor025.CenterBounds
162	H0mework.Chemistry.LAlanineBandTaylor025.CenterDensityCheck
26	H0mework.Chemistry.LAlanineBandTaylor025.CenterDensityData
744	H0mework.Chemistry.LAlanineBandTaylor025.CenterGroups
32	H0mework.Chemistry.LAlanineBandTaylor025.CenterMatrixData
168	H0mework.Chemistry.LAlanineBandTaylor025.CenterMatrixPart0
166	H0mework.Chemistry.LAlanineBandTaylor025.CenterMatrixPart1
184	H0mework.Chemistry.LAlanineBandTaylor025.CenterMatrixPart2
186	H0mework.Chemistry.LAlanineBandTaylor025.CenterMatrixPart3
86	H0mework.Chemistry.LAlanineBandTaylor025.CenterOrbitals
46	H0mework.Chemistry.LAlanineBandTaylor025.HullAssembly
38	H0mework.Chemistry.LAlanineBandTaylor025.HullBounds
364	H0mework.Chemistry.LAlanineBandTaylor025.HullDensityCheck
28	H0mework.Chemistry.LAlanineBandTaylor025.HullDensityData
828	H0mework.Chemistry.LAlanineBandTaylor025.HullGroups
32	H0mework.Chemistry.LAlanineBandTaylor025.HullMatrixData
198	H0mework.Chemistry.LAlanineBandTaylor025.HullMatrixPart0
198	H0mework.Chemistry.LAlanineBandTaylor025.HullMatrixPart1
190	H0mework.Chemistry.LAlanineBandTaylor025.HullMatrixPart2
178	H0mework.Chemistry.LAlanineBandTaylor025.HullMatrixPart3
192	H0mework.Chemistry.LAlanineBandTaylor025.HullMatrixPart4
196	H0mework.Chemistry.LAlanineBandTaylor025.HullMatrixPart5
202	H0mework.Chemistry.LAlanineBandTaylor025.HullMatrixPart6
188	H0mework.Chemistry.LAlanineBandTaylor025.HullOrbitals
108	H0mework.Chemistry.LAlanineBandTaylor025.InputBlock0
98	H0mework.Chemistry.LAlanineBandTaylor025.InputBlock1
24	H0mework.Chemistry.LAlanineBandTaylor025.Material
68	H0mework.Chemistry.LAlanineBandTaylor025.TileActual
38	H0mework.Chemistry.LAlanineBandTaylor025.TileData
22	H0mework.Chemistry.LAlanineBandTaylor025.TileReports
290	H0mework.Chemistry.LAlanineBandTaylor025.TileReports0
298	H0mework.Chemistry.LAlanineBandTaylor025.TileReports1
318	H0mework.Chemistry.LAlanineBandTaylor025.TileReports2
330	H0mework.Chemistry.LAlanineBandTaylor025.TileReports3
30	H0mework.Chemistry.LAlanineBandTaylor026.CenterAssembly
28	H0mework.Chemistry.LAlanineBandTaylor026.CenterBounds
150	H0mework.Chemistry.LAlanineBandTaylor026.CenterDensityCheck
22	H0mework.Chemistry.LAlanineBandTaylor026.CenterDensityData
802	H0mework.Chemistry.LAlanineBandTaylor026.CenterGroups
46	H0mework.Chemistry.LAlanineBandTaylor026.CenterMatrixData
134	H0mework.Chemistry.LAlanineBandTaylor026.CenterMatrixPart0
136	H0mework.Chemistry.LAlanineBandTaylor026.CenterMatrixPart1
140	H0mework.Chemistry.LAlanineBandTaylor026.CenterMatrixPart2
146	H0mework.Chemistry.LAlanineBandTaylor026.CenterMatrixPart3
108	H0mework.Chemistry.LAlanineBandTaylor026.CenterOrbitals
24	H0mework.Chemistry.LAlanineBandTaylor026.HullAssembly
20	H0mework.Chemistry.LAlanineBandTaylor026.HullBounds
398	H0mework.Chemistry.LAlanineBandTaylor026.HullDensityCheck
32	H0mework.Chemistry.LAlanineBandTaylor026.HullDensityData
848	H0mework.Chemistry.LAlanineBandTaylor026.HullGroups
42	H0mework.Chemistry.LAlanineBandTaylor026.HullMatrixData
206	H0mework.Chemistry.LAlanineBandTaylor026.HullMatrixPart0
204	H0mework.Chemistry.LAlanineBandTaylor026.HullMatrixPart1
190	H0mework.Chemistry.LAlanineBandTaylor026.HullMatrixPart2
200	H0mework.Chemistry.LAlanineBandTaylor026.HullMatrixPart3
200	H0mework.Chemistry.LAlanineBandTaylor026.HullMatrixPart4
204	H0mework.Chemistry.LAlanineBandTaylor026.HullMatrixPart5
218	H0mework.Chemistry.LAlanineBandTaylor026.HullMatrixPart6
204	H0mework.Chemistry.LAlanineBandTaylor026.HullOrbitals
94	H0mework.Chemistry.LAlanineBandTaylor026.InputBlock0
96	H0mework.Chemistry.LAlanineBandTaylor026.InputBlock1
34	H0mework.Chemistry.LAlanineBandTaylor026.Material
86	H0mework.Chemistry.LAlanineBandTaylor026.TileActual
30	H0mework.Chemistry.LAlanineBandTaylor026.TileData
30	H0mework.Chemistry.LAlanineBandTaylor026.TileReports
238	H0mework.Chemistry.LAlanineBandTaylor026.TileReports0
240	H0mework.Chemistry.LAlanineBandTaylor026.TileReports1
254	H0mework.Chemistry.LAlanineBandTaylor026.TileReports2
266	H0mework.Chemistry.LAlanineBandTaylor026.TileReports3
22	H0mework.Chemistry.LAlanineBandTaylor027.CenterAssembly
22	H0mework.Chemistry.LAlanineBandTaylor027.CenterBounds
180	H0mework.Chemistry.LAlanineBandTaylor027.CenterDensityCheck
32	H0mework.Chemistry.LAlanineBandTaylor027.CenterDensityData
794	H0mework.Chemistry.LAlanineBandTaylor027.CenterGroups
38	H0mework.Chemistry.LAlanineBandTaylor027.CenterMatrixData
214	H0mework.Chemistry.LAlanineBandTaylor027.CenterMatrixPart0
200	H0mework.Chemistry.LAlanineBandTaylor027.CenterMatrixPart1
206	H0mework.Chemistry.LAlanineBandTaylor027.CenterMatrixPart2
220	H0mework.Chemistry.LAlanineBandTaylor027.CenterMatrixPart3
104	H0mework.Chemistry.LAlanineBandTaylor027.CenterOrbitals
28	H0mework.Chemistry.LAlanineBandTaylor027.HullAssembly
30	H0mework.Chemistry.LAlanineBandTaylor027.HullBounds
386	H0mework.Chemistry.LAlanineBandTaylor027.HullDensityCheck
38	H0mework.Chemistry.LAlanineBandTaylor027.HullDensityData
778	H0mework.Chemistry.LAlanineBandTaylor027.HullGroups
44	H0mework.Chemistry.LAlanineBandTaylor027.HullMatrixData
216	H0mework.Chemistry.LAlanineBandTaylor027.HullMatrixPart0
212	H0mework.Chemistry.LAlanineBandTaylor027.HullMatrixPart1
222	H0mework.Chemistry.LAlanineBandTaylor027.HullMatrixPart2
220	H0mework.Chemistry.LAlanineBandTaylor027.HullMatrixPart3
212	H0mework.Chemistry.LAlanineBandTaylor027.HullMatrixPart4
216	H0mework.Chemistry.LAlanineBandTaylor027.HullMatrixPart5
220	H0mework.Chemistry.LAlanineBandTaylor027.HullMatrixPart6
218	H0mework.Chemistry.LAlanineBandTaylor027.HullOrbitals
100	H0mework.Chemistry.LAlanineBandTaylor027.InputBlock0
96	H0mework.Chemistry.LAlanineBandTaylor027.InputBlock1
38	H0mework.Chemistry.LAlanineBandTaylor027.Material
100	H0mework.Chemistry.LAlanineBandTaylor027.TileActual
20	H0mework.Chemistry.LAlanineBandTaylor027.TileData
36	H0mework.Chemistry.LAlanineBandTaylor027.TileReports
264	H0mework.Chemistry.LAlanineBandTaylor027.TileReports0
268	H0mework.Chemistry.LAlanineBandTaylor027.TileReports1
288	H0mework.Chemistry.LAlanineBandTaylor027.TileReports2
302	H0mework.Chemistry.LAlanineBandTaylor027.TileReports3
36	H0mework.Chemistry.LAlanineBandTaylor028.CenterAssembly
38	H0mework.Chemistry.LAlanineBandTaylor028.CenterBounds
148	H0mework.Chemistry.LAlanineBandTaylor028.CenterDensityCheck
28	H0mework.Chemistry.LAlanineBandTaylor028.CenterDensityData
708	H0mework.Chemistry.LAlanineBandTaylor028.CenterGroups
44	H0mework.Chemistry.LAlanineBandTaylor028.CenterMatrixData
138	H0mework.Chemistry.LAlanineBandTaylor028.CenterMatrixPart0
142	H0mework.Chemistry.LAlanineBandTaylor028.CenterMatrixPart1
158	H0mework.Chemistry.LAlanineBandTaylor028.CenterMatrixPart2
156	H0mework.Chemistry.LAlanineBandTaylor028.CenterMatrixPart3
106	H0mework.Chemistry.LAlanineBandTaylor028.CenterOrbitals
40	H0mework.Chemistry.LAlanineBandTaylor028.HullAssembly
46	H0mework.Chemistry.LAlanineBandTaylor028.HullBounds
298	H0mework.Chemistry.LAlanineBandTaylor028.HullDensityCheck
24	H0mework.Chemistry.LAlanineBandTaylor028.HullDensityData
746	H0mework.Chemistry.LAlanineBandTaylor028.HullGroups
40	H0mework.Chemistry.LAlanineBandTaylor028.HullMatrixData
138	H0mework.Chemistry.LAlanineBandTaylor028.HullMatrixPart0
144	H0mework.Chemistry.LAlanineBandTaylor028.HullMatrixPart1
152	H0mework.Chemistry.LAlanineBandTaylor028.HullMatrixPart2
154	H0mework.Chemistry.LAlanineBandTaylor028.HullMatrixPart3
132	H0mework.Chemistry.LAlanineBandTaylor028.HullMatrixPart4
142	H0mework.Chemistry.LAlanineBandTaylor028.HullMatrixPart5
150	H0mework.Chemistry.LAlanineBandTaylor028.HullMatrixPart6
184	H0mework.Chemistry.LAlanineBandTaylor028.HullOrbitals
96	H0mework.Chemistry.LAlanineBandTaylor028.InputBlock0
94	H0mework.Chemistry.LAlanineBandTaylor028.InputBlock1
30	H0mework.Chemistry.LAlanineBandTaylor028.Material
94	H0mework.Chemistry.LAlanineBandTaylor028.TileActual
36	H0mework.Chemistry.LAlanineBandTaylor028.TileData
30	H0mework.Chemistry.LAlanineBandTaylor028.TileReports
276	H0mework.Chemistry.LAlanineBandTaylor028.TileReports0
298	H0mework.Chemistry.LAlanineBandTaylor028.TileReports1
320	H0mework.Chemistry.LAlanineBandTaylor028.TileReports2
330	H0mework.Chemistry.LAlanineBandTaylor028.TileReports3
50	H0mework.Chemistry.LAlanineBandTaylor029.CenterAssembly
46	H0mework.Chemistry.LAlanineBandTaylor029.CenterBounds
110	H0mework.Chemistry.LAlanineBandTaylor029.CenterDensityCheck
20	H0mework.Chemistry.LAlanineBandTaylor029.CenterDensityData
724	H0mework.Chemistry.LAlanineBandTaylor029.CenterGroups
36	H0mework.Chemistry.LAlanineBandTaylor029.CenterMatrixData
112	H0mework.Chemistry.LAlanineBandTaylor029.CenterMatrixPart0
118	H0mework.Chemistry.LAlanineBandTaylor029.CenterMatrixPart1
120	H0mework.Chemistry.LAlanineBandTaylor029.CenterMatrixPart2
128	H0mework.Chemistry.LAlanineBandTaylor029.CenterMatrixPart3
82	H0mework.Chemistry.LAlanineBandTaylor029.CenterOrbitals
32	H0mework.Chemistry.LAlanineBandTaylor029.HullAssembly
46	H0mework.Chemistry.LAlanineBandTaylor029.HullBounds
382	H0mework.Chemistry.LAlanineBandTaylor029.HullDensityCheck
24	H0mework.Chemistry.LAlanineBandTaylor029.HullDensityData
820	H0mework.Chemistry.LAlanineBandTaylor029.HullGroups
30	H0mework.Chemistry.LAlanineBandTaylor029.HullMatrixData
116	H0mework.Chemistry.LAlanineBandTaylor029.HullMatrixPart0
142	H0mework.Chemistry.LAlanineBandTaylor029.HullMatrixPart1
158	H0mework.Chemistry.LAlanineBandTaylor029.HullMatrixPart2
152	H0mework.Chemistry.LAlanineBandTaylor029.HullMatrixPart3
162	H0mework.Chemistry.LAlanineBandTaylor029.HullMatrixPart4
180	H0mework.Chemistry.LAlanineBandTaylor029.HullMatrixPart5
184	H0mework.Chemistry.LAlanineBandTaylor029.HullMatrixPart6
144	H0mework.Chemistry.LAlanineBandTaylor029.HullOrbitals
98	H0mework.Chemistry.LAlanineBandTaylor029.InputBlock0
114	H0mework.Chemistry.LAlanineBandTaylor029.InputBlock1
34	H0mework.Chemistry.LAlanineBandTaylor029.Material
82	H0mework.Chemistry.LAlanineBandTaylor029.TileActual
38	H0mework.Chemistry.LAlanineBandTaylor029.TileData
32	H0mework.Chemistry.LAlanineBandTaylor029.TileReports
268	H0mework.Chemistry.LAlanineBandTaylor029.TileReports0
282	H0mework.Chemistry.LAlanineBandTaylor029.TileReports1
292	H0mework.Chemistry.LAlanineBandTaylor029.TileReports2
304	H0mework.Chemistry.LAlanineBandTaylor029.TileReports3
42	H0mework.Chemistry.LAlanineBandTaylor030.CenterAssembly
30	H0mework.Chemistry.LAlanineBandTaylor030.CenterBounds
184	H0mework.Chemistry.LAlanineBandTaylor030.CenterDensityCheck
30	H0mework.Chemistry.LAlanineBandTaylor030.CenterDensityData
776	H0mework.Chemistry.LAlanineBandTaylor030.CenterGroups
36	H0mework.Chemistry.LAlanineBandTaylor030.CenterMatrixData
192	H0mework.Chemistry.LAlanineBandTaylor030.CenterMatrixPart0
200	H0mework.Chemistry.LAlanineBandTaylor030.CenterMatrixPart1
188	H0mework.Chemistry.LAlanineBandTaylor030.CenterMatrixPart2
208	H0mework.Chemistry.LAlanineBandTaylor030.CenterMatrixPart3
96	H0mework.Chemistry.LAlanineBandTaylor030.CenterOrbitals
34	H0mework.Chemistry.LAlanineBandTaylor030.HullAssembly
32	H0mework.Chemistry.LAlanineBandTaylor030.HullBounds
384	H0mework.Chemistry.LAlanineBandTaylor030.HullDensityCheck
32	H0mework.Chemistry.LAlanineBandTaylor030.HullDensityData
826	H0mework.Chemistry.LAlanineBandTaylor030.HullGroups
44	H0mework.Chemistry.LAlanineBandTaylor030.HullMatrixData
186	H0mework.Chemistry.LAlanineBandTaylor030.HullMatrixPart0
184	H0mework.Chemistry.LAlanineBandTaylor030.HullMatrixPart1
194	H0mework.Chemistry.LAlanineBandTaylor030.HullMatrixPart2
222	H0mework.Chemistry.LAlanineBandTaylor030.HullMatrixPart3
206	H0mework.Chemistry.LAlanineBandTaylor030.HullMatrixPart4
194	H0mework.Chemistry.LAlanineBandTaylor030.HullMatrixPart5
214	H0mework.Chemistry.LAlanineBandTaylor030.HullMatrixPart6
210	H0mework.Chemistry.LAlanineBandTaylor030.HullOrbitals
114	H0mework.Chemistry.LAlanineBandTaylor030.InputBlock0
114	H0mework.Chemistry.LAlanineBandTaylor030.InputBlock1
34	H0mework.Chemistry.LAlanineBandTaylor030.Material
68	H0mework.Chemistry.LAlanineBandTaylor030.TileActual
28	H0mework.Chemistry.LAlanineBandTaylor030.TileData
36	H0mework.Chemistry.LAlanineBandTaylor030.TileReports
264	H0mework.Chemistry.LAlanineBandTaylor030.TileReports0
276	H0mework.Chemistry.LAlanineBandTaylor030.TileReports1
296	H0mework.Chemistry.LAlanineBandTaylor030.TileReports2
304	H0mework.Chemistry.LAlanineBandTaylor030.TileReports3
34	H0mework.Chemistry.LAlanineBandTaylor031.CenterAssembly
36	H0mework.Chemistry.LAlanineBandTaylor031.CenterBounds
154	H0mework.Chemistry.LAlanineBandTaylor031.CenterDensityCheck
44	H0mework.Chemistry.LAlanineBandTaylor031.CenterDensityData
780	H0mework.Chemistry.LAlanineBandTaylor031.CenterGroups
52	H0mework.Chemistry.LAlanineBandTaylor031.CenterMatrixData
170	H0mework.Chemistry.LAlanineBandTaylor031.CenterMatrixPart0
174	H0mework.Chemistry.LAlanineBandTaylor031.CenterMatrixPart1
194	H0mework.Chemistry.LAlanineBandTaylor031.CenterMatrixPart2
186	H0mework.Chemistry.LAlanineBandTaylor031.CenterMatrixPart3
120	H0mework.Chemistry.LAlanineBandTaylor031.CenterOrbitals
36	H0mework.Chemistry.LAlanineBandTaylor031.HullAssembly
34	H0mework.Chemistry.LAlanineBandTaylor031.HullBounds
356	H0mework.Chemistry.LAlanineBandTaylor031.HullDensityCheck
42	H0mework.Chemistry.LAlanineBandTaylor031.HullDensityData
802	H0mework.Chemistry.LAlanineBandTaylor031.HullGroups
52	H0mework.Chemistry.LAlanineBandTaylor031.HullMatrixData
182	H0mework.Chemistry.LAlanineBandTaylor031.HullMatrixPart0
184	H0mework.Chemistry.LAlanineBandTaylor031.HullMatrixPart1
182	H0mework.Chemistry.LAlanineBandTaylor031.HullMatrixPart2
190	H0mework.Chemistry.LAlanineBandTaylor031.HullMatrixPart3
176	H0mework.Chemistry.LAlanineBandTaylor031.HullMatrixPart4
190	H0mework.Chemistry.LAlanineBandTaylor031.HullMatrixPart5
196	H0mework.Chemistry.LAlanineBandTaylor031.HullMatrixPart6
182	H0mework.Chemistry.LAlanineBandTaylor031.HullOrbitals
98	H0mework.Chemistry.LAlanineBandTaylor031.InputBlock0
114	H0mework.Chemistry.LAlanineBandTaylor031.InputBlock1
26	H0mework.Chemistry.LAlanineBandTaylor031.Material
80	H0mework.Chemistry.LAlanineBandTaylor031.TileActual
38	H0mework.Chemistry.LAlanineBandTaylor031.TileData
36	H0mework.Chemistry.LAlanineBandTaylor031.TileReports
246	H0mework.Chemistry.LAlanineBandTaylor031.TileReports0
256	H0mework.Chemistry.LAlanineBandTaylor031.TileReports1
274	H0mework.Chemistry.LAlanineBandTaylor031.TileReports2
284	H0mework.Chemistry.LAlanineBandTaylor031.TileReports3
36	H0mework.Chemistry.LAlanineBandTaylor032.CenterAssembly
28	H0mework.Chemistry.LAlanineBandTaylor032.CenterBounds
140	H0mework.Chemistry.LAlanineBandTaylor032.CenterDensityCheck
28	H0mework.Chemistry.LAlanineBandTaylor032.CenterDensityData
706	H0mework.Chemistry.LAlanineBandTaylor032.CenterGroups
34	H0mework.Chemistry.LAlanineBandTaylor032.CenterMatrixData
178	H0mework.Chemistry.LAlanineBandTaylor032.CenterMatrixPart0
180	H0mework.Chemistry.LAlanineBandTaylor032.CenterMatrixPart1
192	H0mework.Chemistry.LAlanineBandTaylor032.CenterMatrixPart2
188	H0mework.Chemistry.LAlanineBandTaylor032.CenterMatrixPart3
98	H0mework.Chemistry.LAlanineBandTaylor032.CenterOrbitals
32	H0mework.Chemistry.LAlanineBandTaylor032.HullAssembly
24	H0mework.Chemistry.LAlanineBandTaylor032.HullBounds
346	H0mework.Chemistry.LAlanineBandTaylor032.HullDensityCheck
32	H0mework.Chemistry.LAlanineBandTaylor032.HullDensityData
760	H0mework.Chemistry.LAlanineBandTaylor032.HullGroups
40	H0mework.Chemistry.LAlanineBandTaylor032.HullMatrixData
184	H0mework.Chemistry.LAlanineBandTaylor032.HullMatrixPart0
182	H0mework.Chemistry.LAlanineBandTaylor032.HullMatrixPart1
188	H0mework.Chemistry.LAlanineBandTaylor032.HullMatrixPart2
190	H0mework.Chemistry.LAlanineBandTaylor032.HullMatrixPart3
186	H0mework.Chemistry.LAlanineBandTaylor032.HullMatrixPart4
188	H0mework.Chemistry.LAlanineBandTaylor032.HullMatrixPart5
184	H0mework.Chemistry.LAlanineBandTaylor032.HullMatrixPart6
194	H0mework.Chemistry.LAlanineBandTaylor032.HullOrbitals
114	H0mework.Chemistry.LAlanineBandTaylor032.InputBlock0
116	H0mework.Chemistry.LAlanineBandTaylor032.InputBlock1
22	H0mework.Chemistry.LAlanineBandTaylor032.Material
80	H0mework.Chemistry.LAlanineBandTaylor032.TileActual
30	H0mework.Chemistry.LAlanineBandTaylor032.TileData
34	H0mework.Chemistry.LAlanineBandTaylor032.TileReports
288	H0mework.Chemistry.LAlanineBandTaylor032.TileReports0
292	H0mework.Chemistry.LAlanineBandTaylor032.TileReports1
296	H0mework.Chemistry.LAlanineBandTaylor032.TileReports2
302	H0mework.Chemistry.LAlanineBandTaylor032.TileReports3
24	H0mework.Chemistry.LAlanineBandTaylor033.CenterAssembly
40	H0mework.Chemistry.LAlanineBandTaylor033.CenterBounds
142	H0mework.Chemistry.LAlanineBandTaylor033.CenterDensityCheck
38	H0mework.Chemistry.LAlanineBandTaylor033.CenterDensityData
700	H0mework.Chemistry.LAlanineBandTaylor033.CenterGroups
42	H0mework.Chemistry.LAlanineBandTaylor033.CenterMatrixData
166	H0mework.Chemistry.LAlanineBandTaylor033.CenterMatrixPart0
176	H0mework.Chemistry.LAlanineBandTaylor033.CenterMatrixPart1
178	H0mework.Chemistry.LAlanineBandTaylor033.CenterMatrixPart2
178	H0mework.Chemistry.LAlanineBandTaylor033.CenterMatrixPart3
100	H0mework.Chemistry.LAlanineBandTaylor033.CenterOrbitals
36	H0mework.Chemistry.LAlanineBandTaylor033.HullAssembly
26	H0mework.Chemistry.LAlanineBandTaylor033.HullBounds
340	H0mework.Chemistry.LAlanineBandTaylor033.HullDensityCheck
38	H0mework.Chemistry.LAlanineBandTaylor033.HullDensityData
748	H0mework.Chemistry.LAlanineBandTaylor033.HullGroups
36	H0mework.Chemistry.LAlanineBandTaylor033.HullMatrixData
180	H0mework.Chemistry.LAlanineBandTaylor033.HullMatrixPart0
202	H0mework.Chemistry.LAlanineBandTaylor033.HullMatrixPart1
188	H0mework.Chemistry.LAlanineBandTaylor033.HullMatrixPart2
202	H0mework.Chemistry.LAlanineBandTaylor033.HullMatrixPart3
202	H0mework.Chemistry.LAlanineBandTaylor033.HullMatrixPart4
212	H0mework.Chemistry.LAlanineBandTaylor033.HullMatrixPart5
204	H0mework.Chemistry.LAlanineBandTaylor033.HullMatrixPart6
186	H0mework.Chemistry.LAlanineBandTaylor033.HullOrbitals
100	H0mework.Chemistry.LAlanineBandTaylor033.InputBlock0
114	H0mework.Chemistry.LAlanineBandTaylor033.InputBlock1
28	H0mework.Chemistry.LAlanineBandTaylor033.Material
82	H0mework.Chemistry.LAlanineBandTaylor033.TileActual
30	H0mework.Chemistry.LAlanineBandTaylor033.TileData
22	H0mework.Chemistry.LAlanineBandTaylor033.TileReports
282	H0mework.Chemistry.LAlanineBandTaylor033.TileReports0
288	H0mework.Chemistry.LAlanineBandTaylor033.TileReports1
292	H0mework.Chemistry.LAlanineBandTaylor033.TileReports2
320	H0mework.Chemistry.LAlanineBandTaylor033.TileReports3
24	H0mework.Chemistry.LAlanineBandTaylor034.CenterAssembly
34	H0mework.Chemistry.LAlanineBandTaylor034.CenterBounds
148	H0mework.Chemistry.LAlanineBandTaylor034.CenterDensityCheck
34	H0mework.Chemistry.LAlanineBandTaylor034.CenterDensityData
674	H0mework.Chemistry.LAlanineBandTaylor034.CenterGroups
42	H0mework.Chemistry.LAlanineBandTaylor034.CenterMatrixData
184	H0mework.Chemistry.LAlanineBandTaylor034.CenterMatrixPart0
182	H0mework.Chemistry.LAlanineBandTaylor034.CenterMatrixPart1
184	H0mework.Chemistry.LAlanineBandTaylor034.CenterMatrixPart2
182	H0mework.Chemistry.LAlanineBandTaylor034.CenterMatrixPart3
104	H0mework.Chemistry.LAlanineBandTaylor034.CenterOrbitals
28	H0mework.Chemistry.LAlanineBandTaylor034.HullAssembly
26	H0mework.Chemistry.LAlanineBandTaylor034.HullBounds
318	H0mework.Chemistry.LAlanineBandTaylor034.HullDensityCheck
30	H0mework.Chemistry.LAlanineBandTaylor034.HullDensityData
722	H0mework.Chemistry.LAlanineBandTaylor034.HullGroups
44	H0mework.Chemistry.LAlanineBandTaylor034.HullMatrixData
180	H0mework.Chemistry.LAlanineBandTaylor034.HullMatrixPart0
172	H0mework.Chemistry.LAlanineBandTaylor034.HullMatrixPart1
172	H0mework.Chemistry.LAlanineBandTaylor034.HullMatrixPart2
188	H0mework.Chemistry.LAlanineBandTaylor034.HullMatrixPart3
176	H0mework.Chemistry.LAlanineBandTaylor034.HullMatrixPart4
182	H0mework.Chemistry.LAlanineBandTaylor034.HullMatrixPart5
172	H0mework.Chemistry.LAlanineBandTaylor034.HullMatrixPart6
186	H0mework.Chemistry.LAlanineBandTaylor034.HullOrbitals
112	H0mework.Chemistry.LAlanineBandTaylor034.InputBlock0
108	H0mework.Chemistry.LAlanineBandTaylor034.InputBlock1
17.8	H0mework.Chemistry.LAlanineBandTaylor034.Material
70	H0mework.Chemistry.LAlanineBandTaylor034.TileActual
28	H0mework.Chemistry.LAlanineBandTaylor034.TileData
28	H0mework.Chemistry.LAlanineBandTaylor034.TileReports
254	H0mework.Chemistry.LAlanineBandTaylor034.TileReports0
262	H0mework.Chemistry.LAlanineBandTaylor034.TileReports1
264	H0mework.Chemistry.LAlanineBandTaylor034.TileReports2
282	H0mework.Chemistry.LAlanineBandTaylor034.TileReports3
22	H0mework.Chemistry.LAlanineBandTaylor035.CenterAssembly
26	H0mework.Chemistry.LAlanineBandTaylor035.CenterBounds
126	H0mework.Chemistry.LAlanineBandTaylor035.CenterDensityCheck
22	H0mework.Chemistry.LAlanineBandTaylor035.CenterDensityData
658	H0mework.Chemistry.LAlanineBandTaylor035.CenterGroups
30	H0mework.Chemistry.LAlanineBandTaylor035.CenterMatrixData
170	H0mework.Chemistry.LAlanineBandTaylor035.CenterMatrixPart0
170	H0mework.Chemistry.LAlanineBandTaylor035.CenterMatrixPart1
168	H0mework.Chemistry.LAlanineBandTaylor035.CenterMatrixPart2
168	H0mework.Chemistry.LAlanineBandTaylor035.CenterMatrixPart3
84	H0mework.Chemistry.LAlanineBandTaylor035.CenterOrbitals
24	H0mework.Chemistry.LAlanineBandTaylor035.HullAssembly
30	H0mework.Chemistry.LAlanineBandTaylor035.HullBounds
312	H0mework.Chemistry.LAlanineBandTaylor035.HullDensityCheck
28	H0mework.Chemistry.LAlanineBandTaylor035.HullDensityData
684	H0mework.Chemistry.LAlanineBandTaylor035.HullGroups
32	H0mework.Chemistry.LAlanineBandTaylor035.HullMatrixData
164	H0mework.Chemistry.LAlanineBandTaylor035.HullMatrixPart0
166	H0mework.Chemistry.LAlanineBandTaylor035.HullMatrixPart1
170	H0mework.Chemistry.LAlanineBandTaylor035.HullMatrixPart2
172	H0mework.Chemistry.LAlanineBandTaylor035.HullMatrixPart3
172	H0mework.Chemistry.LAlanineBandTaylor035.HullMatrixPart4
160	H0mework.Chemistry.LAlanineBandTaylor035.HullMatrixPart5
168	H0mework.Chemistry.LAlanineBandTaylor035.HullMatrixPart6
164	H0mework.Chemistry.LAlanineBandTaylor035.HullOrbitals
102	H0mework.Chemistry.LAlanineBandTaylor035.InputBlock0
106	H0mework.Chemistry.LAlanineBandTaylor035.InputBlock1
24	H0mework.Chemistry.LAlanineBandTaylor035.Material
76	H0mework.Chemistry.LAlanineBandTaylor035.TileActual
24	H0mework.Chemistry.LAlanineBandTaylor035.TileData
20	H0mework.Chemistry.LAlanineBandTaylor035.TileReports
248	H0mework.Chemistry.LAlanineBandTaylor035.TileReports0
252	H0mework.Chemistry.LAlanineBandTaylor035.TileReports1
258	H0mework.Chemistry.LAlanineBandTaylor035.TileReports2
270	H0mework.Chemistry.LAlanineBandTaylor035.TileReports3
30	H0mework.Chemistry.LAlanineBandTaylor036.CenterAssembly
20	H0mework.Chemistry.LAlanineBandTaylor036.CenterBounds
124	H0mework.Chemistry.LAlanineBandTaylor036.CenterDensityCheck
22	H0mework.Chemistry.LAlanineBandTaylor036.CenterDensityData
636	H0mework.Chemistry.LAlanineBandTaylor036.CenterGroups
36	H0mework.Chemistry.LAlanineBandTaylor036.CenterMatrixData
156	H0mework.Chemistry.LAlanineBandTaylor036.CenterMatrixPart0
158	H0mework.Chemistry.LAlanineBandTaylor036.CenterMatrixPart1
156	H0mework.Chemistry.LAlanineBandTaylor036.CenterMatrixPart2
160	H0mework.Chemistry.LAlanineBandTaylor036.CenterMatrixPart3
84	H0mework.Chemistry.LAlanineBandTaylor036.CenterOrbitals
20	H0mework.Chemistry.LAlanineBandTaylor036.HullAssembly
22	H0mework.Chemistry.LAlanineBandTaylor036.HullBounds
306	H0mework.Chemistry.LAlanineBandTaylor036.HullDensityCheck
30	H0mework.Chemistry.LAlanineBandTaylor036.HullDensityData
684	H0mework.Chemistry.LAlanineBandTaylor036.HullGroups
34	H0mework.Chemistry.LAlanineBandTaylor036.HullMatrixData
134	H0mework.Chemistry.LAlanineBandTaylor036.HullMatrixPart0
142	H0mework.Chemistry.LAlanineBandTaylor036.HullMatrixPart1
162	H0mework.Chemistry.LAlanineBandTaylor036.HullMatrixPart2
168	H0mework.Chemistry.LAlanineBandTaylor036.HullMatrixPart3
176	H0mework.Chemistry.LAlanineBandTaylor036.HullMatrixPart4
178	H0mework.Chemistry.LAlanineBandTaylor036.HullMatrixPart5
176	H0mework.Chemistry.LAlanineBandTaylor036.HullMatrixPart6
166	H0mework.Chemistry.LAlanineBandTaylor036.HullOrbitals
102	H0mework.Chemistry.LAlanineBandTaylor036.InputBlock0
102	H0mework.Chemistry.LAlanineBandTaylor036.InputBlock1
20	H0mework.Chemistry.LAlanineBandTaylor036.Material
78	H0mework.Chemistry.LAlanineBandTaylor036.TileActual
18.2	H0mework.Chemistry.LAlanineBandTaylor036.TileData
22	H0mework.Chemistry.LAlanineBandTaylor036.TileReports
240	H0mework.Chemistry.LAlanineBandTaylor036.TileReports0
236	H0mework.Chemistry.LAlanineBandTaylor036.TileReports1
246	H0mework.Chemistry.LAlanineBandTaylor036.TileReports2
254	H0mework.Chemistry.LAlanineBandTaylor036.TileReports3
24	H0mework.Chemistry.LAlanineBandTaylor037.CenterAssembly
20	H0mework.Chemistry.LAlanineBandTaylor037.CenterBounds
126	H0mework.Chemistry.LAlanineBandTaylor037.CenterDensityCheck
22	H0mework.Chemistry.LAlanineBandTaylor037.CenterDensityData
594	H0mework.Chemistry.LAlanineBandTaylor037.CenterGroups
34	H0mework.Chemistry.LAlanineBandTaylor037.CenterMatrixData
134	H0mework.Chemistry.LAlanineBandTaylor037.CenterMatrixPart0
140	H0mework.Chemistry.LAlanineBandTaylor037.CenterMatrixPart1
140	H0mework.Chemistry.LAlanineBandTaylor037.CenterMatrixPart2
142	H0mework.Chemistry.LAlanineBandTaylor037.CenterMatrixPart3
92	H0mework.Chemistry.LAlanineBandTaylor037.CenterOrbitals
24	H0mework.Chemistry.LAlanineBandTaylor037.HullAssembly
19.8	H0mework.Chemistry.LAlanineBandTaylor037.HullBounds
262	H0mework.Chemistry.LAlanineBandTaylor037.HullDensityCheck
24	H0mework.Chemistry.LAlanineBandTaylor037.HullDensityData
632	H0mework.Chemistry.LAlanineBandTaylor037.HullGroups
28	H0mework.Chemistry.LAlanineBandTaylor037.HullMatrixData
140	H0mework.Chemistry.LAlanineBandTaylor037.HullMatrixPart0
148	H0mework.Chemistry.LAlanineBandTaylor037.HullMatrixPart1
146	H0mework.Chemistry.LAlanineBandTaylor037.HullMatrixPart2
148	H0mework.Chemistry.LAlanineBandTaylor037.HullMatrixPart3
148	H0mework.Chemistry.LAlanineBandTaylor037.HullMatrixPart4
140	H0mework.Chemistry.LAlanineBandTaylor037.HullMatrixPart5
146	H0mework.Chemistry.LAlanineBandTaylor037.HullMatrixPart6
156	H0mework.Chemistry.LAlanineBandTaylor037.HullOrbitals
100	H0mework.Chemistry.LAlanineBandTaylor037.InputBlock0
108	H0mework.Chemistry.LAlanineBandTaylor037.InputBlock1
22	H0mework.Chemistry.LAlanineBandTaylor037.Material
110	H0mework.Chemistry.LAlanineBandTaylor037.TileActual
18.6	H0mework.Chemistry.LAlanineBandTaylor037.TileData
22	H0mework.Chemistry.LAlanineBandTaylor037.TileReports
264	H0mework.Chemistry.LAlanineBandTaylor037.TileReports0
266	H0mework.Chemistry.LAlanineBandTaylor037.TileReports1
270	H0mework.Chemistry.LAlanineBandTaylor037.TileReports2
288	H0mework.Chemistry.LAlanineBandTaylor037.TileReports3
20	H0mework.Chemistry.LAlanineBandTaylor038.CenterAssembly
20	H0mework.Chemistry.LAlanineBandTaylor038.CenterBounds
98	H0mework.Chemistry.LAlanineBandTaylor038.CenterDensityCheck
20	H0mework.Chemistry.LAlanineBandTaylor038.CenterDensityData
574	H0mework.Chemistry.LAlanineBandTaylor038.CenterGroups
34	H0mework.Chemistry.LAlanineBandTaylor038.CenterMatrixData
112	H0mework.Chemistry.LAlanineBandTaylor038.CenterMatrixPart0
114	H0mework.Chemistry.LAlanineBandTaylor038.CenterMatrixPart1
114	H0mework.Chemistry.LAlanineBandTaylor038.CenterMatrixPart2
118	H0mework.Chemistry.LAlanineBandTaylor038.CenterMatrixPart3
82	H0mework.Chemistry.LAlanineBandTaylor038.CenterOrbitals
26	H0mework.Chemistry.LAlanineBandTaylor038.HullAssembly
26	H0mework.Chemistry.LAlanineBandTaylor038.HullBounds
270	H0mework.Chemistry.LAlanineBandTaylor038.HullDensityCheck
24	H0mework.Chemistry.LAlanineBandTaylor038.HullDensityData
602	H0mework.Chemistry.LAlanineBandTaylor038.HullGroups
28	H0mework.Chemistry.LAlanineBandTaylor038.HullMatrixData
120	H0mework.Chemistry.LAlanineBandTaylor038.HullMatrixPart0
124	H0mework.Chemistry.LAlanineBandTaylor038.HullMatrixPart1
124	H0mework.Chemistry.LAlanineBandTaylor038.HullMatrixPart2
136	H0mework.Chemistry.LAlanineBandTaylor038.HullMatrixPart3
136	H0mework.Chemistry.LAlanineBandTaylor038.HullMatrixPart4
124	H0mework.Chemistry.LAlanineBandTaylor038.HullMatrixPart5
130	H0mework.Chemistry.LAlanineBandTaylor038.HullMatrixPart6
104	H0mework.Chemistry.LAlanineBandTaylor038.HullOrbitals
108	H0mework.Chemistry.LAlanineBandTaylor038.InputBlock0
110	H0mework.Chemistry.LAlanineBandTaylor038.InputBlock1
19.6	H0mework.Chemistry.LAlanineBandTaylor038.Material
86	H0mework.Chemistry.LAlanineBandTaylor038.TileActual
19.2	H0mework.Chemistry.LAlanineBandTaylor038.TileData
24	H0mework.Chemistry.LAlanineBandTaylor038.TileReports
332	H0mework.Chemistry.LAlanineBandTaylor038.TileReports0
344	H0mework.Chemistry.LAlanineBandTaylor038.TileReports1
348	H0mework.Chemistry.LAlanineBandTaylor038.TileReports2
364	H0mework.Chemistry.LAlanineBandTaylor038.TileReports3
18.4	H0mework.Chemistry.LAlanineBandTaylor039.CenterAssembly
20	H0mework.Chemistry.LAlanineBandTaylor039.CenterBounds
112	H0mework.Chemistry.LAlanineBandTaylor039.CenterDensityCheck
18.8	H0mework.Chemistry.LAlanineBandTaylor039.CenterDensityData
672	H0mework.Chemistry.LAlanineBandTaylor039.CenterGroups
28	H0mework.Chemistry.LAlanineBandTaylor039.CenterMatrixData
128	H0mework.Chemistry.LAlanineBandTaylor039.CenterMatrixPart0
132	H0mework.Chemistry.LAlanineBandTaylor039.CenterMatrixPart1
136	H0mework.Chemistry.LAlanineBandTaylor039.CenterMatrixPart2
124	H0mework.Chemistry.LAlanineBandTaylor039.CenterMatrixPart3
70	H0mework.Chemistry.LAlanineBandTaylor039.CenterOrbitals
26	H0mework.Chemistry.LAlanineBandTaylor039.HullAssembly
20	H0mework.Chemistry.LAlanineBandTaylor039.HullBounds
308	H0mework.Chemistry.LAlanineBandTaylor039.HullDensityCheck
28	H0mework.Chemistry.LAlanineBandTaylor039.HullDensityData
712	H0mework.Chemistry.LAlanineBandTaylor039.HullGroups
28	H0mework.Chemistry.LAlanineBandTaylor039.HullMatrixData
138	H0mework.Chemistry.LAlanineBandTaylor039.HullMatrixPart0
128	H0mework.Chemistry.LAlanineBandTaylor039.HullMatrixPart1
134	H0mework.Chemistry.LAlanineBandTaylor039.HullMatrixPart2
130	H0mework.Chemistry.LAlanineBandTaylor039.HullMatrixPart3
122	H0mework.Chemistry.LAlanineBandTaylor039.HullMatrixPart4
136	H0mework.Chemistry.LAlanineBandTaylor039.HullMatrixPart5
144	H0mework.Chemistry.LAlanineBandTaylor039.HullMatrixPart6
146	H0mework.Chemistry.LAlanineBandTaylor039.HullOrbitals
120	H0mework.Chemistry.LAlanineBandTaylor039.InputBlock0
106	H0mework.Chemistry.LAlanineBandTaylor039.InputBlock1
32	H0mework.Chemistry.LAlanineBandTaylor039.Material
90	H0mework.Chemistry.LAlanineBandTaylor039.TileActual
20	H0mework.Chemistry.LAlanineBandTaylor039.TileData
48	H0mework.Chemistry.LAlanineBandTaylor039.TileReports
260	H0mework.Chemistry.LAlanineBandTaylor039.TileReports0
268	H0mework.Chemistry.LAlanineBandTaylor039.TileReports1
272	H0mework.Chemistry.LAlanineBandTaylor039.TileReports2
284	H0mework.Chemistry.LAlanineBandTaylor039.TileReports3
22	H0mework.Chemistry.LAlanineBandTaylor040.CenterAssembly
18.4	H0mework.Chemistry.LAlanineBandTaylor040.CenterBounds
150	H0mework.Chemistry.LAlanineBandTaylor040.CenterDensityCheck
20	H0mework.Chemistry.LAlanineBandTaylor040.CenterDensityData
688	H0mework.Chemistry.LAlanineBandTaylor040.CenterGroups
26	H0mework.Chemistry.LAlanineBandTaylor040.CenterMatrixData
134	H0mework.Chemistry.LAlanineBandTaylor040.CenterMatrixPart0
132	H0mework.Chemistry.LAlanineBandTaylor040.CenterMatrixPart1
138	H0mework.Chemistry.LAlanineBandTaylor040.CenterMatrixPart2
156	H0mework.Chemistry.LAlanineBandTaylor040.CenterMatrixPart3
66	H0mework.Chemistry.LAlanineBandTaylor040.CenterOrbitals
40	H0mework.Chemistry.LAlanineBandTaylor040.HullAssembly
50	H0mework.Chemistry.LAlanineBandTaylor040.HullBounds
324	H0mework.Chemistry.LAlanineBandTaylor040.HullDensityCheck
26	H0mework.Chemistry.LAlanineBandTaylor040.HullDensityData
742	H0mework.Chemistry.LAlanineBandTaylor040.HullGroups
28	H0mework.Chemistry.LAlanineBandTaylor040.HullMatrixData
160	H0mework.Chemistry.LAlanineBandTaylor040.HullMatrixPart0
180	H0mework.Chemistry.LAlanineBandTaylor040.HullMatrixPart1
178	H0mework.Chemistry.LAlanineBandTaylor040.HullMatrixPart2
168	H0mework.Chemistry.LAlanineBandTaylor040.HullMatrixPart3
170	H0mework.Chemistry.LAlanineBandTaylor040.HullMatrixPart4
188	H0mework.Chemistry.LAlanineBandTaylor040.HullMatrixPart5
182	H0mework.Chemistry.LAlanineBandTaylor040.HullMatrixPart6
194	H0mework.Chemistry.LAlanineBandTaylor040.HullOrbitals
106	H0mework.Chemistry.LAlanineBandTaylor040.InputBlock0
106	H0mework.Chemistry.LAlanineBandTaylor040.InputBlock1
34	H0mework.Chemistry.LAlanineBandTaylor040.Material
116	H0mework.Chemistry.LAlanineBandTaylor040.TileActual
19.8	H0mework.Chemistry.LAlanineBandTaylor040.TileData
26	H0mework.Chemistry.LAlanineBandTaylor040.TileReports
378	H0mework.Chemistry.LAlanineBandTaylor040.TileReports0
386	H0mework.Chemistry.LAlanineBandTaylor040.TileReports1
386	H0mework.Chemistry.LAlanineBandTaylor040.TileReports2
392	H0mework.Chemistry.LAlanineBandTaylor040.TileReports3
20	H0mework.Chemistry.LAlanineBandTaylor041.CenterAssembly
30	H0mework.Chemistry.LAlanineBandTaylor041.CenterBounds
118	H0mework.Chemistry.LAlanineBandTaylor041.CenterDensityCheck
22	H0mework.Chemistry.LAlanineBandTaylor041.CenterDensityData
706	H0mework.Chemistry.LAlanineBandTaylor041.CenterGroups
28	H0mework.Chemistry.LAlanineBandTaylor041.CenterMatrixData
140	H0mework.Chemistry.LAlanineBandTaylor041.CenterMatrixPart0
134	H0mework.Chemistry.LAlanineBandTaylor041.CenterMatrixPart1
128	H0mework.Chemistry.LAlanineBandTaylor041.CenterMatrixPart2
146	H0mework.Chemistry.LAlanineBandTaylor041.CenterMatrixPart3
98	H0mework.Chemistry.LAlanineBandTaylor041.CenterOrbitals
30	H0mework.Chemistry.LAlanineBandTaylor041.HullAssembly
26	H0mework.Chemistry.LAlanineBandTaylor041.HullBounds
270	H0mework.Chemistry.LAlanineBandTaylor041.HullDensityCheck
18.6	H0mework.Chemistry.LAlanineBandTaylor041.HullDensityData
730	H0mework.Chemistry.LAlanineBandTaylor041.HullGroups
34	H0mework.Chemistry.LAlanineBandTaylor041.HullMatrixData
132	H0mework.Chemistry.LAlanineBandTaylor041.HullMatrixPart0
132	H0mework.Chemistry.LAlanineBandTaylor041.HullMatrixPart1
142	H0mework.Chemistry.LAlanineBandTaylor041.HullMatrixPart2
138	H0mework.Chemistry.LAlanineBandTaylor041.HullMatrixPart3
144	H0mework.Chemistry.LAlanineBandTaylor041.HullMatrixPart4
148	H0mework.Chemistry.LAlanineBandTaylor041.HullMatrixPart5
152	H0mework.Chemistry.LAlanineBandTaylor041.HullMatrixPart6
162	H0mework.Chemistry.LAlanineBandTaylor041.HullOrbitals
118	H0mework.Chemistry.LAlanineBandTaylor041.InputBlock0
106	H0mework.Chemistry.LAlanineBandTaylor041.InputBlock1
20	H0mework.Chemistry.LAlanineBandTaylor041.Material
98	H0mework.Chemistry.LAlanineBandTaylor041.TileActual
22	H0mework.Chemistry.LAlanineBandTaylor041.TileData
20	H0mework.Chemistry.LAlanineBandTaylor041.TileReports
400	H0mework.Chemistry.LAlanineBandTaylor041.TileReports0
404	H0mework.Chemistry.LAlanineBandTaylor041.TileReports1
418	H0mework.Chemistry.LAlanineBandTaylor041.TileReports2
430	H0mework.Chemistry.LAlanineBandTaylor041.TileReports3
30	H0mework.Chemistry.LAlanineBandTaylor042.CenterAssembly
34	H0mework.Chemistry.LAlanineBandTaylor042.CenterBounds
110	H0mework.Chemistry.LAlanineBandTaylor042.CenterDensityCheck
20	H0mework.Chemistry.LAlanineBandTaylor042.CenterDensityData
734	H0mework.Chemistry.LAlanineBandTaylor042.CenterGroups
24	H0mework.Chemistry.LAlanineBandTaylor042.CenterMatrixData
122	H0mework.Chemistry.LAlanineBandTaylor042.CenterMatrixPart0
132	H0mework.Chemistry.LAlanineBandTaylor042.CenterMatrixPart1
118	H0mework.Chemistry.LAlanineBandTaylor042.CenterMatrixPart2
124	H0mework.Chemistry.LAlanineBandTaylor042.CenterMatrixPart3
78	H0mework.Chemistry.LAlanineBandTaylor042.CenterOrbitals
40	H0mework.Chemistry.LAlanineBandTaylor042.HullAssembly
36	H0mework.Chemistry.LAlanineBandTaylor042.HullBounds
380	H0mework.Chemistry.LAlanineBandTaylor042.HullDensityCheck
20	H0mework.Chemistry.LAlanineBandTaylor042.HullDensityData
866	H0mework.Chemistry.LAlanineBandTaylor042.HullGroups
30	H0mework.Chemistry.LAlanineBandTaylor042.HullMatrixData
134	H0mework.Chemistry.LAlanineBandTaylor042.HullMatrixPart0
136	H0mework.Chemistry.LAlanineBandTaylor042.HullMatrixPart1
170	H0mework.Chemistry.LAlanineBandTaylor042.HullMatrixPart2
216	H0mework.Chemistry.LAlanineBandTaylor042.HullMatrixPart3
214	H0mework.Chemistry.LAlanineBandTaylor042.HullMatrixPart4
210	H0mework.Chemistry.LAlanineBandTaylor042.HullMatrixPart5
226	H0mework.Chemistry.LAlanineBandTaylor042.HullMatrixPart6
138	H0mework.Chemistry.LAlanineBandTaylor042.HullOrbitals
106	H0mework.Chemistry.LAlanineBandTaylor042.InputBlock0
106	H0mework.Chemistry.LAlanineBandTaylor042.InputBlock1
16.4	H0mework.Chemistry.LAlanineBandTaylor042.Material
70	H0mework.Chemistry.LAlanineBandTaylor042.TileActual
28	H0mework.Chemistry.LAlanineBandTaylor042.TileData
22	H0mework.Chemistry.LAlanineBandTaylor042.TileReports
370	H0mework.Chemistry.LAlanineBandTaylor042.TileReports0
372	H0mework.Chemistry.LAlanineBandTaylor042.TileReports1
384	H0mework.Chemistry.LAlanineBandTaylor042.TileReports2
392	H0mework.Chemistry.LAlanineBandTaylor042.TileReports3
22	H0mework.Chemistry.LAlanineBandTaylor043.CenterAssembly
22	H0mework.Chemistry.LAlanineBandTaylor043.CenterBounds
134	H0mework.Chemistry.LAlanineBandTaylor043.CenterDensityCheck
32	H0mework.Chemistry.LAlanineBandTaylor043.CenterDensityData
892	H0mework.Chemistry.LAlanineBandTaylor043.CenterGroups
50	H0mework.Chemistry.LAlanineBandTaylor043.CenterMatrixData
186	H0mework.Chemistry.LAlanineBandTaylor043.CenterMatrixPart0
188	H0mework.Chemistry.LAlanineBandTaylor043.CenterMatrixPart1
166	H0mework.Chemistry.LAlanineBandTaylor043.CenterMatrixPart2
192	H0mework.Chemistry.LAlanineBandTaylor043.CenterMatrixPart3
142	H0mework.Chemistry.LAlanineBandTaylor043.CenterOrbitals
22	H0mework.Chemistry.LAlanineBandTaylor043.HullAssembly
18.4	H0mework.Chemistry.LAlanineBandTaylor043.HullBounds
422	H0mework.Chemistry.LAlanineBandTaylor043.HullDensityCheck
24	H0mework.Chemistry.LAlanineBandTaylor043.HullDensityData
878	H0mework.Chemistry.LAlanineBandTaylor043.HullGroups
34	H0mework.Chemistry.LAlanineBandTaylor043.HullMatrixData
188	H0mework.Chemistry.LAlanineBandTaylor043.HullMatrixPart0
180	H0mework.Chemistry.LAlanineBandTaylor043.HullMatrixPart1
208	H0mework.Chemistry.LAlanineBandTaylor043.HullMatrixPart2
196	H0mework.Chemistry.LAlanineBandTaylor043.HullMatrixPart3
198	H0mework.Chemistry.LAlanineBandTaylor043.HullMatrixPart4
218	H0mework.Chemistry.LAlanineBandTaylor043.HullMatrixPart5
232	H0mework.Chemistry.LAlanineBandTaylor043.HullMatrixPart6
186	H0mework.Chemistry.LAlanineBandTaylor043.HullOrbitals
120	H0mework.Chemistry.LAlanineBandTaylor043.InputBlock0
106	H0mework.Chemistry.LAlanineBandTaylor043.InputBlock1
19	H0mework.Chemistry.LAlanineBandTaylor043.Material
74	H0mework.Chemistry.LAlanineBandTaylor043.TileActual
22	H0mework.Chemistry.LAlanineBandTaylor043.TileData
15.8	H0mework.Chemistry.LAlanineBandTaylor043.TileReports
242	H0mework.Chemistry.LAlanineBandTaylor043.TileReports0
246	H0mework.Chemistry.LAlanineBandTaylor043.TileReports1
250	H0mework.Chemistry.LAlanineBandTaylor043.TileReports2
258	H0mework.Chemistry.LAlanineBandTaylor043.TileReports3
22	H0mework.Chemistry.LAlanineBandTaylor044.CenterAssembly
19.4	H0mework.Chemistry.LAlanineBandTaylor044.CenterBounds
198	H0mework.Chemistry.LAlanineBandTaylor044.CenterDensityCheck
30	H0mework.Chemistry.LAlanineBandTaylor044.CenterDensityData
766	H0mework.Chemistry.LAlanineBandTaylor044.CenterGroups
32	H0mework.Chemistry.LAlanineBandTaylor044.CenterMatrixData
214	H0mework.Chemistry.LAlanineBandTaylor044.CenterMatrixPart0
212	H0mework.Chemistry.LAlanineBandTaylor044.CenterMatrixPart1
224	H0mework.Chemistry.LAlanineBandTaylor044.CenterMatrixPart2
222	H0mework.Chemistry.LAlanineBandTaylor044.CenterMatrixPart3
108	H0mework.Chemistry.LAlanineBandTaylor044.CenterOrbitals
20	H0mework.Chemistry.LAlanineBandTaylor044.HullAssembly
18.6	H0mework.Chemistry.LAlanineBandTaylor044.HullBounds
314	H0mework.Chemistry.LAlanineBandTaylor044.HullDensityCheck
38	H0mework.Chemistry.LAlanineBandTaylor044.HullDensityData
686	H0mework.Chemistry.LAlanineBandTaylor044.HullGroups
48	H0mework.Chemistry.LAlanineBandTaylor044.HullMatrixData
186	H0mework.Chemistry.LAlanineBandTaylor044.HullMatrixPart0
176	H0mework.Chemistry.LAlanineBandTaylor044.HullMatrixPart1
160	H0mework.Chemistry.LAlanineBandTaylor044.HullMatrixPart2
172	H0mework.Chemistry.LAlanineBandTaylor044.HullMatrixPart3
160	H0mework.Chemistry.LAlanineBandTaylor044.HullMatrixPart4
176	H0mework.Chemistry.LAlanineBandTaylor044.HullMatrixPart5
150	H0mework.Chemistry.LAlanineBandTaylor044.HullMatrixPart6
210	H0mework.Chemistry.LAlanineBandTaylor044.HullOrbitals
106	H0mework.Chemistry.LAlanineBandTaylor044.InputBlock0
104	H0mework.Chemistry.LAlanineBandTaylor044.InputBlock1
17.4	H0mework.Chemistry.LAlanineBandTaylor044.Material
72	H0mework.Chemistry.LAlanineBandTaylor044.TileActual
20	H0mework.Chemistry.LAlanineBandTaylor044.TileData
22	H0mework.Chemistry.LAlanineBandTaylor044.TileReports
236	H0mework.Chemistry.LAlanineBandTaylor044.TileReports0
240	H0mework.Chemistry.LAlanineBandTaylor044.TileReports1
250	H0mework.Chemistry.LAlanineBandTaylor044.TileReports2
258	H0mework.Chemistry.LAlanineBandTaylor044.TileReports3
20	H0mework.Chemistry.LAlanineBandTaylor045.CenterAssembly
18.8	H0mework.Chemistry.LAlanineBandTaylor045.CenterBounds
126	H0mework.Chemistry.LAlanineBandTaylor045.CenterDensityCheck
20	H0mework.Chemistry.LAlanineBandTaylor045.CenterDensityData
564	H0mework.Chemistry.LAlanineBandTaylor045.CenterGroups
30	H0mework.Chemistry.LAlanineBandTaylor045.CenterMatrixData
114	H0mework.Chemistry.LAlanineBandTaylor045.CenterMatrixPart0
118	H0mework.Chemistry.LAlanineBandTaylor045.CenterMatrixPart1
118	H0mework.Chemistry.LAlanineBandTaylor045.CenterMatrixPart2
122	H0mework.Chemistry.LAlanineBandTaylor045.CenterMatrixPart3
72	H0mework.Chemistry.LAlanineBandTaylor045.CenterOrbitals
19.6	H0mework.Chemistry.LAlanineBandTaylor045.HullAssembly
22	H0mework.Chemistry.LAlanineBandTaylor045.HullBounds
252	H0mework.Chemistry.LAlanineBandTaylor045.HullDensityCheck
22	H0mework.Chemistry.LAlanineBandTaylor045.HullDensityData
602	H0mework.Chemistry.LAlanineBandTaylor045.HullGroups
34	H0mework.Chemistry.LAlanineBandTaylor045.HullMatrixData
128	H0mework.Chemistry.LAlanineBandTaylor045.HullMatrixPart0
126	H0mework.Chemistry.LAlanineBandTaylor045.HullMatrixPart1
140	H0mework.Chemistry.LAlanineBandTaylor045.HullMatrixPart2
132	H0mework.Chemistry.LAlanineBandTaylor045.HullMatrixPart3
130	H0mework.Chemistry.LAlanineBandTaylor045.HullMatrixPart4
120	H0mework.Chemistry.LAlanineBandTaylor045.HullMatrixPart5
112	H0mework.Chemistry.LAlanineBandTaylor045.HullMatrixPart6
148	H0mework.Chemistry.LAlanineBandTaylor045.HullOrbitals
120	H0mework.Chemistry.LAlanineBandTaylor045.InputBlock0
94	H0mework.Chemistry.LAlanineBandTaylor045.InputBlock1
19.6	H0mework.Chemistry.LAlanineBandTaylor045.Material
66	H0mework.Chemistry.LAlanineBandTaylor045.TileActual
22	H0mework.Chemistry.LAlanineBandTaylor045.TileData
17.2	H0mework.Chemistry.LAlanineBandTaylor045.TileReports
262	H0mework.Chemistry.LAlanineBandTaylor045.TileReports0
266	H0mework.Chemistry.LAlanineBandTaylor045.TileReports1
272	H0mework.Chemistry.LAlanineBandTaylor045.TileReports2
280	H0mework.Chemistry.LAlanineBandTaylor045.TileReports3
20	H0mework.Chemistry.LAlanineBandTaylor046.CenterAssembly
17.2	H0mework.Chemistry.LAlanineBandTaylor046.CenterBounds
102	H0mework.Chemistry.LAlanineBandTaylor046.CenterDensityCheck
16.2	H0mework.Chemistry.LAlanineBandTaylor046.CenterDensityData
528	H0mework.Chemistry.LAlanineBandTaylor046.CenterGroups
22	H0mework.Chemistry.LAlanineBandTaylor046.CenterMatrixData
96	H0mework.Chemistry.LAlanineBandTaylor046.CenterMatrixPart0
98	H0mework.Chemistry.LAlanineBandTaylor046.CenterMatrixPart1
98	H0mework.Chemistry.LAlanineBandTaylor046.CenterMatrixPart2
102	H0mework.Chemistry.LAlanineBandTaylor046.CenterMatrixPart3
48	H0mework.Chemistry.LAlanineBandTaylor046.CenterOrbitals
20	H0mework.Chemistry.LAlanineBandTaylor046.HullAssembly
17.8	H0mework.Chemistry.LAlanineBandTaylor046.HullBounds
246	H0mework.Chemistry.LAlanineBandTaylor046.HullDensityCheck
19.8	H0mework.Chemistry.LAlanineBandTaylor046.HullDensityData
596	H0mework.Chemistry.LAlanineBandTaylor046.HullGroups
22	H0mework.Chemistry.LAlanineBandTaylor046.HullMatrixData
112	H0mework.Chemistry.LAlanineBandTaylor046.HullMatrixPart0
116	H0mework.Chemistry.LAlanineBandTaylor046.HullMatrixPart1
114	H0mework.Chemistry.LAlanineBandTaylor046.HullMatrixPart2
112	H0mework.Chemistry.LAlanineBandTaylor046.HullMatrixPart3
114	H0mework.Chemistry.LAlanineBandTaylor046.HullMatrixPart4
114	H0mework.Chemistry.LAlanineBandTaylor046.HullMatrixPart5
116	H0mework.Chemistry.LAlanineBandTaylor046.HullMatrixPart6
120	H0mework.Chemistry.LAlanineBandTaylor046.HullOrbitals
94	H0mework.Chemistry.LAlanineBandTaylor046.InputBlock0
124	H0mework.Chemistry.LAlanineBandTaylor046.InputBlock1
17.4	H0mework.Chemistry.LAlanineBandTaylor046.Material
58	H0mework.Chemistry.LAlanineBandTaylor046.TileActual
16.6	H0mework.Chemistry.LAlanineBandTaylor046.TileData
26	H0mework.Chemistry.LAlanineBandTaylor046.TileReports
218	H0mework.Chemistry.LAlanineBandTaylor046.TileReports0
222	H0mework.Chemistry.LAlanineBandTaylor046.TileReports1
230	H0mework.Chemistry.LAlanineBandTaylor046.TileReports2
236	H0mework.Chemistry.LAlanineBandTaylor046.TileReports3
18.8	H0mework.Chemistry.LAlanineBandTaylor047.CenterAssembly
16.4	H0mework.Chemistry.LAlanineBandTaylor047.CenterBounds
106	H0mework.Chemistry.LAlanineBandTaylor047.CenterDensityCheck
15.8	H0mework.Chemistry.LAlanineBandTaylor047.CenterDensityData
548	H0mework.Chemistry.LAlanineBandTaylor047.CenterGroups
20	H0mework.Chemistry.LAlanineBandTaylor047.CenterMatrixData
106	H0mework.Chemistry.LAlanineBandTaylor047.CenterMatrixPart0
98	H0mework.Chemistry.LAlanineBandTaylor047.CenterMatrixPart1
102	H0mework.Chemistry.LAlanineBandTaylor047.CenterMatrixPart2
100	H0mework.Chemistry.LAlanineBandTaylor047.CenterMatrixPart3
54	H0mework.Chemistry.LAlanineBandTaylor047.CenterOrbitals
24	H0mework.Chemistry.LAlanineBandTaylor047.HullAssembly
17.2	H0mework.Chemistry.LAlanineBandTaylor047.HullBounds
274	H0mework.Chemistry.LAlanineBandTaylor047.HullDensityCheck
20	H0mework.Chemistry.LAlanineBandTaylor047.HullDensityData
582	H0mework.Chemistry.LAlanineBandTaylor047.HullGroups
24	H0mework.Chemistry.LAlanineBandTaylor047.HullMatrixData
110	H0mework.Chemistry.LAlanineBandTaylor047.HullMatrixPart0
110	H0mework.Chemistry.LAlanineBandTaylor047.HullMatrixPart1
110	H0mework.Chemistry.LAlanineBandTaylor047.HullMatrixPart2
110	H0mework.Chemistry.LAlanineBandTaylor047.HullMatrixPart3
110	H0mework.Chemistry.LAlanineBandTaylor047.HullMatrixPart4
110	H0mework.Chemistry.LAlanineBandTaylor047.HullMatrixPart5
118	H0mework.Chemistry.LAlanineBandTaylor047.HullMatrixPart6
102	H0mework.Chemistry.LAlanineBandTaylor047.HullOrbitals
120	H0mework.Chemistry.LAlanineBandTaylor047.InputBlock0
122	H0mework.Chemistry.LAlanineBandTaylor047.InputBlock1
22	H0mework.Chemistry.LAlanineBandTaylor047.Material
72	H0mework.Chemistry.LAlanineBandTaylor047.TileActual
18.4	H0mework.Chemistry.LAlanineBandTaylor047.TileData
18.6	H0mework.Chemistry.LAlanineBandTaylor047.TileReports
224	H0mework.Chemistry.LAlanineBandTaylor047.TileReports0
228	H0mework.Chemistry.LAlanineBandTaylor047.TileReports1
236	H0mework.Chemistry.LAlanineBandTaylor047.TileReports2
244	H0mework.Chemistry.LAlanineBandTaylor047.TileReports3
20	H0mework.Chemistry.LAlanineBandTaylor048.CenterAssembly
16.4	H0mework.Chemistry.LAlanineBandTaylor048.CenterBounds
92	H0mework.Chemistry.LAlanineBandTaylor048.CenterDensityCheck
18.6	H0mework.Chemistry.LAlanineBandTaylor048.CenterDensityData
538	H0mework.Chemistry.LAlanineBandTaylor048.CenterGroups
26	H0mework.Chemistry.LAlanineBandTaylor048.CenterMatrixData
104	H0mework.Chemistry.LAlanineBandTaylor048.CenterMatrixPart0
106	H0mework.Chemistry.LAlanineBandTaylor048.CenterMatrixPart1
108	H0mework.Chemistry.LAlanineBandTaylor048.CenterMatrixPart2
110	H0mework.Chemistry.LAlanineBandTaylor048.CenterMatrixPart3
58	H0mework.Chemistry.LAlanineBandTaylor048.CenterOrbitals
22	H0mework.Chemistry.LAlanineBandTaylor048.HullAssembly
17.8	H0mework.Chemistry.LAlanineBandTaylor048.HullBounds
230	H0mework.Chemistry.LAlanineBandTaylor048.HullDensityCheck
22	H0mework.Chemistry.LAlanineBandTaylor048.HullDensityData
570	H0mework.Chemistry.LAlanineBandTaylor048.HullGroups
28	H0mework.Chemistry.LAlanineBandTaylor048.HullMatrixData
108	H0mework.Chemistry.LAlanineBandTaylor048.HullMatrixPart0
110	H0mework.Chemistry.LAlanineBandTaylor048.HullMatrixPart1
116	H0mework.Chemistry.LAlanineBandTaylor048.HullMatrixPart2
118	H0mework.Chemistry.LAlanineBandTaylor048.HullMatrixPart3
120	H0mework.Chemistry.LAlanineBandTaylor048.HullMatrixPart4
118	H0mework.Chemistry.LAlanineBandTaylor048.HullMatrixPart5
116	H0mework.Chemistry.LAlanineBandTaylor048.HullMatrixPart6
108	H0mework.Chemistry.LAlanineBandTaylor048.HullOrbitals
122	H0mework.Chemistry.LAlanineBandTaylor048.InputBlock0
122	H0mework.Chemistry.LAlanineBandTaylor048.InputBlock1
16.8	H0mework.Chemistry.LAlanineBandTaylor048.Material
72	H0mework.Chemistry.LAlanineBandTaylor048.TileActual
17.4	H0mework.Chemistry.LAlanineBandTaylor048.TileData
20	H0mework.Chemistry.LAlanineBandTaylor048.TileReports
236	H0mework.Chemistry.LAlanineBandTaylor048.TileReports0
244	H0mework.Chemistry.LAlanineBandTaylor048.TileReports1
256	H0mework.Chemistry.LAlanineBandTaylor048.TileReports2
266	H0mework.Chemistry.LAlanineBandTaylor048.TileReports3
16	H0mework.Chemistry.LAlanineBandTaylor049.CenterAssembly
20	H0mework.Chemistry.LAlanineBandTaylor049.CenterBounds
90	H0mework.Chemistry.LAlanineBandTaylor049.CenterDensityCheck
22	H0mework.Chemistry.LAlanineBandTaylor049.CenterDensityData
538	H0mework.Chemistry.LAlanineBandTaylor049.CenterGroups
26	H0mework.Chemistry.LAlanineBandTaylor049.CenterMatrixData
104	H0mework.Chemistry.LAlanineBandTaylor049.CenterMatrixPart0
104	H0mework.Chemistry.LAlanineBandTaylor049.CenterMatrixPart1
110	H0mework.Chemistry.LAlanineBandTaylor049.CenterMatrixPart2
108	H0mework.Chemistry.LAlanineBandTaylor049.CenterMatrixPart3
58	H0mework.Chemistry.LAlanineBandTaylor049.CenterOrbitals
20	H0mework.Chemistry.LAlanineBandTaylor049.HullAssembly
22	H0mework.Chemistry.LAlanineBandTaylor049.HullBounds
246	H0mework.Chemistry.LAlanineBandTaylor049.HullDensityCheck
18.2	H0mework.Chemistry.LAlanineBandTaylor049.HullDensityData
538	H0mework.Chemistry.LAlanineBandTaylor049.HullGroups
24	H0mework.Chemistry.LAlanineBandTaylor049.HullMatrixData
100	H0mework.Chemistry.LAlanineBandTaylor049.HullMatrixPart0
98	H0mework.Chemistry.LAlanineBandTaylor049.HullMatrixPart1
98	H0mework.Chemistry.LAlanineBandTaylor049.HullMatrixPart2
100	H0mework.Chemistry.LAlanineBandTaylor049.HullMatrixPart3
104	H0mework.Chemistry.LAlanineBandTaylor049.HullMatrixPart4
106	H0mework.Chemistry.LAlanineBandTaylor049.HullMatrixPart5
106	H0mework.Chemistry.LAlanineBandTaylor049.HullMatrixPart6
96	H0mework.Chemistry.LAlanineBandTaylor049.HullOrbitals
166	H0mework.Chemistry.LAlanineBandTaylor049.InputBlock0
120	H0mework.Chemistry.LAlanineBandTaylor049.InputBlock1
16.8	H0mework.Chemistry.LAlanineBandTaylor049.Material
66	H0mework.Chemistry.LAlanineBandTaylor049.TileActual
16.6	H0mework.Chemistry.LAlanineBandTaylor049.TileData
19.6	H0mework.Chemistry.LAlanineBandTaylor049.TileReports
258	H0mework.Chemistry.LAlanineBandTaylor049.TileReports0
260	H0mework.Chemistry.LAlanineBandTaylor049.TileReports1
260	H0mework.Chemistry.LAlanineBandTaylor049.TileReports2
266	H0mework.Chemistry.LAlanineBandTaylor049.TileReports3
19.6	H0mework.Chemistry.LAlanineBandTaylor050.CenterAssembly
16.4	H0mework.Chemistry.LAlanineBandTaylor050.CenterBounds
92	H0mework.Chemistry.LAlanineBandTaylor050.CenterDensityCheck
19.4	H0mework.Chemistry.LAlanineBandTaylor050.CenterDensityData
494	H0mework.Chemistry.LAlanineBandTaylor050.CenterGroups
22	H0mework.Chemistry.LAlanineBandTaylor050.CenterMatrixData
102	H0mework.Chemistry.LAlanineBandTaylor050.CenterMatrixPart0
104	H0mework.Chemistry.LAlanineBandTaylor050.CenterMatrixPart1
106	H0mework.Chemistry.LAlanineBandTaylor050.CenterMatrixPart2
104	H0mework.Chemistry.LAlanineBandTaylor050.CenterMatrixPart3
46	H0mework.Chemistry.LAlanineBandTaylor050.CenterOrbitals
18.2	H0mework.Chemistry.LAlanineBandTaylor050.HullAssembly
15.6	H0mework.Chemistry.LAlanineBandTaylor050.HullBounds
226	H0mework.Chemistry.LAlanineBandTaylor050.HullDensityCheck
20	H0mework.Chemistry.LAlanineBandTaylor050.HullDensityData
536	H0mework.Chemistry.LAlanineBandTaylor050.HullGroups
22	H0mework.Chemistry.LAlanineBandTaylor050.HullMatrixData
110	H0mework.Chemistry.LAlanineBandTaylor050.HullMatrixPart0
110	H0mework.Chemistry.LAlanineBandTaylor050.HullMatrixPart1
112	H0mework.Chemistry.LAlanineBandTaylor050.HullMatrixPart2
114	H0mework.Chemistry.LAlanineBandTaylor050.HullMatrixPart3
116	H0mework.Chemistry.LAlanineBandTaylor050.HullMatrixPart4
116	H0mework.Chemistry.LAlanineBandTaylor050.HullMatrixPart5
116	H0mework.Chemistry.LAlanineBandTaylor050.HullMatrixPart6
100	H0mework.Chemistry.LAlanineBandTaylor050.HullOrbitals
124	H0mework.Chemistry.LAlanineBandTaylor050.InputBlock0
122	H0mework.Chemistry.LAlanineBandTaylor050.InputBlock1
19	H0mework.Chemistry.LAlanineBandTaylor050.Material
56	H0mework.Chemistry.LAlanineBandTaylor050.TileActual
22	H0mework.Chemistry.LAlanineBandTaylor050.TileData
15.8	H0mework.Chemistry.LAlanineBandTaylor050.TileReports
214	H0mework.Chemistry.LAlanineBandTaylor050.TileReports0
226	H0mework.Chemistry.LAlanineBandTaylor050.TileReports1
236	H0mework.Chemistry.LAlanineBandTaylor050.TileReports2
242	H0mework.Chemistry.LAlanineBandTaylor050.TileReports3
16.8	H0mework.Chemistry.LAlanineBandTaylor051.CenterAssembly
14.8	H0mework.Chemistry.LAlanineBandTaylor051.CenterBounds
100	H0mework.Chemistry.LAlanineBandTaylor051.CenterDensityCheck
15	H0mework.Chemistry.LAlanineBandTaylor051.CenterDensityData
466	H0mework.Chemistry.LAlanineBandTaylor051.CenterGroups
18.8	H0mework.Chemistry.LAlanineBandTaylor051.CenterMatrixData
104	H0mework.Chemistry.LAlanineBandTaylor051.CenterMatrixPart0
106	H0mework.Chemistry.LAlanineBandTaylor051.CenterMatrixPart1
108	H0mework.Chemistry.LAlanineBandTaylor051.CenterMatrixPart2
110	H0mework.Chemistry.LAlanineBandTaylor051.CenterMatrixPart3
44	H0mework.Chemistry.LAlanineBandTaylor051.CenterOrbitals
18.2	H0mework.Chemistry.LAlanineBandTaylor051.HullAssembly
19.6	H0mework.Chemistry.LAlanineBandTaylor051.HullBounds
202	H0mework.Chemistry.LAlanineBandTaylor051.HullDensityCheck
20	H0mework.Chemistry.LAlanineBandTaylor051.HullDensityData
498	H0mework.Chemistry.LAlanineBandTaylor051.HullGroups
26	H0mework.Chemistry.LAlanineBandTaylor051.HullMatrixData
112	H0mework.Chemistry.LAlanineBandTaylor051.HullMatrixPart0
110	H0mework.Chemistry.LAlanineBandTaylor051.HullMatrixPart1
114	H0mework.Chemistry.LAlanineBandTaylor051.HullMatrixPart2
116	H0mework.Chemistry.LAlanineBandTaylor051.HullMatrixPart3
114	H0mework.Chemistry.LAlanineBandTaylor051.HullMatrixPart4
116	H0mework.Chemistry.LAlanineBandTaylor051.HullMatrixPart5
112	H0mework.Chemistry.LAlanineBandTaylor051.HullMatrixPart6
120	H0mework.Chemistry.LAlanineBandTaylor051.HullOrbitals
162	H0mework.Chemistry.LAlanineBandTaylor051.InputBlock0
124	H0mework.Chemistry.LAlanineBandTaylor051.InputBlock1
14.8	H0mework.Chemistry.LAlanineBandTaylor051.Material
60	H0mework.Chemistry.LAlanineBandTaylor051.TileActual
14	H0mework.Chemistry.LAlanineBandTaylor051.TileData
15.4	H0mework.Chemistry.LAlanineBandTaylor051.TileReports
236	H0mework.Chemistry.LAlanineBandTaylor051.TileReports0
246	H0mework.Chemistry.LAlanineBandTaylor051.TileReports1
250	H0mework.Chemistry.LAlanineBandTaylor051.TileReports2
260	H0mework.Chemistry.LAlanineBandTaylor051.TileReports3
16.6	H0mework.Chemistry.LAlanineBandTaylor052.CenterAssembly
15.6	H0mework.Chemistry.LAlanineBandTaylor052.CenterBounds
84	H0mework.Chemistry.LAlanineBandTaylor052.CenterDensityCheck
15.6	H0mework.Chemistry.LAlanineBandTaylor052.CenterDensityData
450	H0mework.Chemistry.LAlanineBandTaylor052.CenterGroups
20	H0mework.Chemistry.LAlanineBandTaylor052.CenterMatrixData
94	H0mework.Chemistry.LAlanineBandTaylor052.CenterMatrixPart0
96	H0mework.Chemistry.LAlanineBandTaylor052.CenterMatrixPart1
98	H0mework.Chemistry.LAlanineBandTaylor052.CenterMatrixPart2
100	H0mework.Chemistry.LAlanineBandTaylor052.CenterMatrixPart3
50	H0mework.Chemistry.LAlanineBandTaylor052.CenterOrbitals
19	H0mework.Chemistry.LAlanineBandTaylor052.HullAssembly
16.6	H0mework.Chemistry.LAlanineBandTaylor052.HullBounds
216	H0mework.Chemistry.LAlanineBandTaylor052.HullDensityCheck
13.8	H0mework.Chemistry.LAlanineBandTaylor052.HullDensityData
490	H0mework.Chemistry.LAlanineBandTaylor052.HullGroups
26	H0mework.Chemistry.LAlanineBandTaylor052.HullMatrixData
96	H0mework.Chemistry.LAlanineBandTaylor052.HullMatrixPart0
96	H0mework.Chemistry.LAlanineBandTaylor052.HullMatrixPart1
96	H0mework.Chemistry.LAlanineBandTaylor052.HullMatrixPart2
96	H0mework.Chemistry.LAlanineBandTaylor052.HullMatrixPart3
98	H0mework.Chemistry.LAlanineBandTaylor052.HullMatrixPart4
100	H0mework.Chemistry.LAlanineBandTaylor052.HullMatrixPart5
102	H0mework.Chemistry.LAlanineBandTaylor052.HullMatrixPart6
94	H0mework.Chemistry.LAlanineBandTaylor052.HullOrbitals
124	H0mework.Chemistry.LAlanineBandTaylor052.InputBlock0
126	H0mework.Chemistry.LAlanineBandTaylor052.InputBlock1
19.2	H0mework.Chemistry.LAlanineBandTaylor052.Material
70	H0mework.Chemistry.LAlanineBandTaylor052.TileActual
17	H0mework.Chemistry.LAlanineBandTaylor052.TileData
17.6	H0mework.Chemistry.LAlanineBandTaylor052.TileReports
200	H0mework.Chemistry.LAlanineBandTaylor052.TileReports0
202	H0mework.Chemistry.LAlanineBandTaylor052.TileReports1
208	H0mework.Chemistry.LAlanineBandTaylor052.TileReports2
216	H0mework.Chemistry.LAlanineBandTaylor052.TileReports3
19.2	H0mework.Chemistry.LAlanineBandTaylor053.CenterAssembly
18.2	H0mework.Chemistry.LAlanineBandTaylor053.CenterBounds
74	H0mework.Chemistry.LAlanineBandTaylor053.CenterDensityCheck
15.8	H0mework.Chemistry.LAlanineBandTaylor053.CenterDensityData
458	H0mework.Chemistry.LAlanineBandTaylor053.CenterGroups
19.6	H0mework.Chemistry.LAlanineBandTaylor053.CenterMatrixData
96	H0mework.Chemistry.LAlanineBandTaylor053.CenterMatrixPart0
96	H0mework.Chemistry.LAlanineBandTaylor053.CenterMatrixPart1
98	H0mework.Chemistry.LAlanineBandTaylor053.CenterMatrixPart2
100	H0mework.Chemistry.LAlanineBandTaylor053.CenterMatrixPart3
48	H0mework.Chemistry.LAlanineBandTaylor053.CenterOrbitals
15.6	H0mework.Chemistry.LAlanineBandTaylor053.HullAssembly
18.6	H0mework.Chemistry.LAlanineBandTaylor053.HullBounds
218	H0mework.Chemistry.LAlanineBandTaylor053.HullDensityCheck
17.2	H0mework.Chemistry.LAlanineBandTaylor053.HullDensityData
482	H0mework.Chemistry.LAlanineBandTaylor053.HullGroups
20	H0mework.Chemistry.LAlanineBandTaylor053.HullMatrixData
102	H0mework.Chemistry.LAlanineBandTaylor053.HullMatrixPart0
108	H0mework.Chemistry.LAlanineBandTaylor053.HullMatrixPart1
106	H0mework.Chemistry.LAlanineBandTaylor053.HullMatrixPart2
110	H0mework.Chemistry.LAlanineBandTaylor053.HullMatrixPart3
112	H0mework.Chemistry.LAlanineBandTaylor053.HullMatrixPart4
112	H0mework.Chemistry.LAlanineBandTaylor053.HullMatrixPart5
110	H0mework.Chemistry.LAlanineBandTaylor053.HullMatrixPart6
90	H0mework.Chemistry.LAlanineBandTaylor053.HullOrbitals
160	H0mework.Chemistry.LAlanineBandTaylor053.InputBlock0
126	H0mework.Chemistry.LAlanineBandTaylor053.InputBlock1
19.6	H0mework.Chemistry.LAlanineBandTaylor053.Material
76	H0mework.Chemistry.LAlanineBandTaylor053.TileActual
14	H0mework.Chemistry.LAlanineBandTaylor053.TileData
14.4	H0mework.Chemistry.LAlanineBandTaylor053.TileReports
202	H0mework.Chemistry.LAlanineBandTaylor053.TileReports0
204	H0mework.Chemistry.LAlanineBandTaylor053.TileReports1
210	H0mework.Chemistry.LAlanineBandTaylor053.TileReports2
216	H0mework.Chemistry.LAlanineBandTaylor053.TileReports3
14.8	H0mework.Chemistry.LAlanineBandTaylor054.CenterAssembly
18.6	H0mework.Chemistry.LAlanineBandTaylor054.CenterBounds
92	H0mework.Chemistry.LAlanineBandTaylor054.CenterDensityCheck
19	H0mework.Chemistry.LAlanineBandTaylor054.CenterDensityData
452	H0mework.Chemistry.LAlanineBandTaylor054.CenterGroups
17	H0mework.Chemistry.LAlanineBandTaylor054.CenterMatrixData
100	H0mework.Chemistry.LAlanineBandTaylor054.CenterMatrixPart0
98	H0mework.Chemistry.LAlanineBandTaylor054.CenterMatrixPart1
102	H0mework.Chemistry.LAlanineBandTaylor054.CenterMatrixPart2
100	H0mework.Chemistry.LAlanineBandTaylor054.CenterMatrixPart3
44	H0mework.Chemistry.LAlanineBandTaylor054.CenterOrbitals
15.8	H0mework.Chemistry.LAlanineBandTaylor054.HullAssembly
18.2	H0mework.Chemistry.LAlanineBandTaylor054.HullBounds
194	H0mework.Chemistry.LAlanineBandTaylor054.HullDensityCheck
17.4	H0mework.Chemistry.LAlanineBandTaylor054.HullDensityData
460	H0mework.Chemistry.LAlanineBandTaylor054.HullGroups
28	H0mework.Chemistry.LAlanineBandTaylor054.HullMatrixData
96	H0mework.Chemistry.LAlanineBandTaylor054.HullMatrixPart0
98	H0mework.Chemistry.LAlanineBandTaylor054.HullMatrixPart1
100	H0mework.Chemistry.LAlanineBandTaylor054.HullMatrixPart2
102	H0mework.Chemistry.LAlanineBandTaylor054.HullMatrixPart3
104	H0mework.Chemistry.LAlanineBandTaylor054.HullMatrixPart4
106	H0mework.Chemistry.LAlanineBandTaylor054.HullMatrixPart5
106	H0mework.Chemistry.LAlanineBandTaylor054.HullMatrixPart6
90	H0mework.Chemistry.LAlanineBandTaylor054.HullOrbitals
126	H0mework.Chemistry.LAlanineBandTaylor054.InputBlock0
120	H0mework.Chemistry.LAlanineBandTaylor054.InputBlock1
22	H0mework.Chemistry.LAlanineBandTaylor054.Material
102	H0mework.Chemistry.LAlanineBandTaylor054.TileActual
18.8	H0mework.Chemistry.LAlanineBandTaylor054.TileData
20	H0mework.Chemistry.LAlanineBandTaylor054.TileReports
248	H0mework.Chemistry.LAlanineBandTaylor054.TileReports0
244	H0mework.Chemistry.LAlanineBandTaylor054.TileReports1
248	H0mework.Chemistry.LAlanineBandTaylor054.TileReports2
260	H0mework.Chemistry.LAlanineBandTaylor054.TileReports3
24	H0mework.Chemistry.LAlanineBandTaylor055.CenterAssembly
22	H0mework.Chemistry.LAlanineBandTaylor055.CenterBounds
74	H0mework.Chemistry.LAlanineBandTaylor055.CenterDensityCheck
16.2	H0mework.Chemistry.LAlanineBandTaylor055.CenterDensityData
444	H0mework.Chemistry.LAlanineBandTaylor055.CenterGroups
20	H0mework.Chemistry.LAlanineBandTaylor055.CenterMatrixData
90	H0mework.Chemistry.LAlanineBandTaylor055.CenterMatrixPart0
92	H0mework.Chemistry.LAlanineBandTaylor055.CenterMatrixPart1
92	H0mework.Chemistry.LAlanineBandTaylor055.CenterMatrixPart2
94	H0mework.Chemistry.LAlanineBandTaylor055.CenterMatrixPart3
46	H0mework.Chemistry.LAlanineBandTaylor055.CenterOrbitals
22	H0mework.Chemistry.LAlanineBandTaylor055.HullAssembly
20	H0mework.Chemistry.LAlanineBandTaylor055.HullBounds
216	H0mework.Chemistry.LAlanineBandTaylor055.HullDensityCheck
14.8	H0mework.Chemistry.LAlanineBandTaylor055.HullDensityData
556	H0mework.Chemistry.LAlanineBandTaylor055.HullGroups
22	H0mework.Chemistry.LAlanineBandTaylor055.HullMatrixData
96	H0mework.Chemistry.LAlanineBandTaylor055.HullMatrixPart0
98	H0mework.Chemistry.LAlanineBandTaylor055.HullMatrixPart1
98	H0mework.Chemistry.LAlanineBandTaylor055.HullMatrixPart2
102	H0mework.Chemistry.LAlanineBandTaylor055.HullMatrixPart3
102	H0mework.Chemistry.LAlanineBandTaylor055.HullMatrixPart4
106	H0mework.Chemistry.LAlanineBandTaylor055.HullMatrixPart5
106	H0mework.Chemistry.LAlanineBandTaylor055.HullMatrixPart6
84	H0mework.Chemistry.LAlanineBandTaylor055.HullOrbitals
156	H0mework.Chemistry.LAlanineBandTaylor055.InputBlock0
166	H0mework.Chemistry.LAlanineBandTaylor055.InputBlock1
26	H0mework.Chemistry.LAlanineBandTaylor055.Material
78	H0mework.Chemistry.LAlanineBandTaylor055.TileActual
24	H0mework.Chemistry.LAlanineBandTaylor055.TileData
19.6	H0mework.Chemistry.LAlanineBandTaylor055.TileReports
278	H0mework.Chemistry.LAlanineBandTaylor055.TileReports0
282	H0mework.Chemistry.LAlanineBandTaylor055.TileReports1
290	H0mework.Chemistry.LAlanineBandTaylor055.TileReports2
296	H0mework.Chemistry.LAlanineBandTaylor055.TileReports3
20	H0mework.Chemistry.LAlanineBandTaylor056.CenterAssembly
20	H0mework.Chemistry.LAlanineBandTaylor056.CenterBounds
92	H0mework.Chemistry.LAlanineBandTaylor056.CenterDensityCheck
14.2	H0mework.Chemistry.LAlanineBandTaylor056.CenterDensityData
562	H0mework.Chemistry.LAlanineBandTaylor056.CenterGroups
22	H0mework.Chemistry.LAlanineBandTaylor056.CenterMatrixData
92	H0mework.Chemistry.LAlanineBandTaylor056.CenterMatrixPart0
94	H0mework.Chemistry.LAlanineBandTaylor056.CenterMatrixPart1
96	H0mework.Chemistry.LAlanineBandTaylor056.CenterMatrixPart2
96	H0mework.Chemistry.LAlanineBandTaylor056.CenterMatrixPart3
44	H0mework.Chemistry.LAlanineBandTaylor056.CenterOrbitals
22	H0mework.Chemistry.LAlanineBandTaylor056.HullAssembly
20	H0mework.Chemistry.LAlanineBandTaylor056.HullBounds
306	H0mework.Chemistry.LAlanineBandTaylor056.HullDensityCheck
17.4	H0mework.Chemistry.LAlanineBandTaylor056.HullDensityData
624	H0mework.Chemistry.LAlanineBandTaylor056.HullGroups
24	H0mework.Chemistry.LAlanineBandTaylor056.HullMatrixData
98	H0mework.Chemistry.LAlanineBandTaylor056.HullMatrixPart0
100	H0mework.Chemistry.LAlanineBandTaylor056.HullMatrixPart1
106	H0mework.Chemistry.LAlanineBandTaylor056.HullMatrixPart2
106	H0mework.Chemistry.LAlanineBandTaylor056.HullMatrixPart3
108	H0mework.Chemistry.LAlanineBandTaylor056.HullMatrixPart4
110	H0mework.Chemistry.LAlanineBandTaylor056.HullMatrixPart5
120	H0mework.Chemistry.LAlanineBandTaylor056.HullMatrixPart6
96	H0mework.Chemistry.LAlanineBandTaylor056.HullOrbitals
166	H0mework.Chemistry.LAlanineBandTaylor056.InputBlock0
168	H0mework.Chemistry.LAlanineBandTaylor056.InputBlock1
24	H0mework.Chemistry.LAlanineBandTaylor056.Material
86	H0mework.Chemistry.LAlanineBandTaylor056.TileActual
28	H0mework.Chemistry.LAlanineBandTaylor056.TileData
22	H0mework.Chemistry.LAlanineBandTaylor056.TileReports
276	H0mework.Chemistry.LAlanineBandTaylor056.TileReports0
278	H0mework.Chemistry.LAlanineBandTaylor056.TileReports1
282	H0mework.Chemistry.LAlanineBandTaylor056.TileReports2
290	H0mework.Chemistry.LAlanineBandTaylor056.TileReports3
20	H0mework.Chemistry.LAlanineBandTaylor057.CenterAssembly
24	H0mework.Chemistry.LAlanineBandTaylor057.CenterBounds
126	H0mework.Chemistry.LAlanineBandTaylor057.CenterDensityCheck
22	H0mework.Chemistry.LAlanineBandTaylor057.CenterDensityData
600	H0mework.Chemistry.LAlanineBandTaylor057.CenterGroups
24	H0mework.Chemistry.LAlanineBandTaylor057.CenterMatrixData
120	H0mework.Chemistry.LAlanineBandTaylor057.CenterMatrixPart0
120	H0mework.Chemistry.LAlanineBandTaylor057.CenterMatrixPart1
128	H0mework.Chemistry.LAlanineBandTaylor057.CenterMatrixPart2
130	H0mework.Chemistry.LAlanineBandTaylor057.CenterMatrixPart3
56	H0mework.Chemistry.LAlanineBandTaylor057.CenterOrbitals
44	H0mework.Chemistry.LAlanineBandTaylor057.HullAssembly
22	H0mework.Chemistry.LAlanineBandTaylor057.HullBounds
282	H0mework.Chemistry.LAlanineBandTaylor057.HullDensityCheck
22	H0mework.Chemistry.LAlanineBandTaylor057.HullDensityData
634	H0mework.Chemistry.LAlanineBandTaylor057.HullGroups
30	H0mework.Chemistry.LAlanineBandTaylor057.HullMatrixData
122	H0mework.Chemistry.LAlanineBandTaylor057.HullMatrixPart0
120	H0mework.Chemistry.LAlanineBandTaylor057.HullMatrixPart1
122	H0mework.Chemistry.LAlanineBandTaylor057.HullMatrixPart2
128	H0mework.Chemistry.LAlanineBandTaylor057.HullMatrixPart3
132	H0mework.Chemistry.LAlanineBandTaylor057.HullMatrixPart4
136	H0mework.Chemistry.LAlanineBandTaylor057.HullMatrixPart5
134	H0mework.Chemistry.LAlanineBandTaylor057.HullMatrixPart6
138	H0mework.Chemistry.LAlanineBandTaylor057.HullOrbitals
144	H0mework.Chemistry.LAlanineBandTaylor057.InputBlock0
172	H0mework.Chemistry.LAlanineBandTaylor057.InputBlock1
24	H0mework.Chemistry.LAlanineBandTaylor057.Material
82	H0mework.Chemistry.LAlanineBandTaylor057.TileActual
26	H0mework.Chemistry.LAlanineBandTaylor057.TileData
24	H0mework.Chemistry.LAlanineBandTaylor057.TileReports
284	H0mework.Chemistry.LAlanineBandTaylor057.TileReports0
290	H0mework.Chemistry.LAlanineBandTaylor057.TileReports1
294	H0mework.Chemistry.LAlanineBandTaylor057.TileReports2
308	H0mework.Chemistry.LAlanineBandTaylor057.TileReports3
26	H0mework.Chemistry.LAlanineBandTaylor058.CenterAssembly
26	H0mework.Chemistry.LAlanineBandTaylor058.CenterBounds
112	H0mework.Chemistry.LAlanineBandTaylor058.CenterDensityCheck
26	H0mework.Chemistry.LAlanineBandTaylor058.CenterDensityData
586	H0mework.Chemistry.LAlanineBandTaylor058.CenterGroups
26	H0mework.Chemistry.LAlanineBandTaylor058.CenterMatrixData
122	H0mework.Chemistry.LAlanineBandTaylor058.CenterMatrixPart0
126	H0mework.Chemistry.LAlanineBandTaylor058.CenterMatrixPart1
126	H0mework.Chemistry.LAlanineBandTaylor058.CenterMatrixPart2
132	H0mework.Chemistry.LAlanineBandTaylor058.CenterMatrixPart3
78	H0mework.Chemistry.LAlanineBandTaylor058.CenterOrbitals
20	H0mework.Chemistry.LAlanineBandTaylor058.HullAssembly
26	H0mework.Chemistry.LAlanineBandTaylor058.HullBounds
258	H0mework.Chemistry.LAlanineBandTaylor058.HullDensityCheck
22	H0mework.Chemistry.LAlanineBandTaylor058.HullDensityData
630	H0mework.Chemistry.LAlanineBandTaylor058.HullGroups
32	H0mework.Chemistry.LAlanineBandTaylor058.HullMatrixData
112	H0mework.Chemistry.LAlanineBandTaylor058.HullMatrixPart0
110	H0mework.Chemistry.LAlanineBandTaylor058.HullMatrixPart1
114	H0mework.Chemistry.LAlanineBandTaylor058.HullMatrixPart2
116	H0mework.Chemistry.LAlanineBandTaylor058.HullMatrixPart3
118	H0mework.Chemistry.LAlanineBandTaylor058.HullMatrixPart4
122	H0mework.Chemistry.LAlanineBandTaylor058.HullMatrixPart5
128	H0mework.Chemistry.LAlanineBandTaylor058.HullMatrixPart6
124	H0mework.Chemistry.LAlanineBandTaylor058.HullOrbitals
164	H0mework.Chemistry.LAlanineBandTaylor058.InputBlock0
164	H0mework.Chemistry.LAlanineBandTaylor058.InputBlock1
20	H0mework.Chemistry.LAlanineBandTaylor058.Material
106	H0mework.Chemistry.LAlanineBandTaylor058.TileActual
26	H0mework.Chemistry.LAlanineBandTaylor058.TileData
26	H0mework.Chemistry.LAlanineBandTaylor058.TileReports
290	H0mework.Chemistry.LAlanineBandTaylor058.TileReports0
292	H0mework.Chemistry.LAlanineBandTaylor058.TileReports1
294	H0mework.Chemistry.LAlanineBandTaylor058.TileReports2
306	H0mework.Chemistry.LAlanineBandTaylor058.TileReports3
30	H0mework.Chemistry.LAlanineBandTaylor059.CenterAssembly
24	H0mework.Chemistry.LAlanineBandTaylor059.CenterBounds
100	H0mework.Chemistry.LAlanineBandTaylor059.CenterDensityCheck
20	H0mework.Chemistry.LAlanineBandTaylor059.CenterDensityData
584	H0mework.Chemistry.LAlanineBandTaylor059.CenterGroups
32	H0mework.Chemistry.LAlanineBandTaylor059.CenterMatrixData
102	H0mework.Chemistry.LAlanineBandTaylor059.CenterMatrixPart0
108	H0mework.Chemistry.LAlanineBandTaylor059.CenterMatrixPart1
108	H0mework.Chemistry.LAlanineBandTaylor059.CenterMatrixPart2
116	H0mework.Chemistry.LAlanineBandTaylor059.CenterMatrixPart3
64	H0mework.Chemistry.LAlanineBandTaylor059.CenterOrbitals
22	H0mework.Chemistry.LAlanineBandTaylor059.HullAssembly
20	H0mework.Chemistry.LAlanineBandTaylor059.HullBounds
292	H0mework.Chemistry.LAlanineBandTaylor059.HullDensityCheck
18.8	H0mework.Chemistry.LAlanineBandTaylor059.HullDensityData
658	H0mework.Chemistry.LAlanineBandTaylor059.HullGroups
28	H0mework.Chemistry.LAlanineBandTaylor059.HullMatrixData
122	H0mework.Chemistry.LAlanineBandTaylor059.HullMatrixPart0
132	H0mework.Chemistry.LAlanineBandTaylor059.HullMatrixPart1
148	H0mework.Chemistry.LAlanineBandTaylor059.HullMatrixPart2
160	H0mework.Chemistry.LAlanineBandTaylor059.HullMatrixPart3
160	H0mework.Chemistry.LAlanineBandTaylor059.HullMatrixPart4
160	H0mework.Chemistry.LAlanineBandTaylor059.HullMatrixPart5
154	H0mework.Chemistry.LAlanineBandTaylor059.HullMatrixPart6
114	H0mework.Chemistry.LAlanineBandTaylor059.HullOrbitals
146	H0mework.Chemistry.LAlanineBandTaylor059.InputBlock0
164	H0mework.Chemistry.LAlanineBandTaylor059.InputBlock1
34	H0mework.Chemistry.LAlanineBandTaylor059.Material
88	H0mework.Chemistry.LAlanineBandTaylor059.TileActual
34	H0mework.Chemistry.LAlanineBandTaylor059.TileData
42	H0mework.Chemistry.LAlanineBandTaylor059.TileReports
276	H0mework.Chemistry.LAlanineBandTaylor059.TileReports0
280	H0mework.Chemistry.LAlanineBandTaylor059.TileReports1
290	H0mework.Chemistry.LAlanineBandTaylor059.TileReports2
304	H0mework.Chemistry.LAlanineBandTaylor059.TileReports3
24	H0mework.Chemistry.LAlanineBandTaylor060.CenterAssembly
17.4	H0mework.Chemistry.LAlanineBandTaylor060.CenterBounds
112	H0mework.Chemistry.LAlanineBandTaylor060.CenterDensityCheck
24	H0mework.Chemistry.LAlanineBandTaylor060.CenterDensityData
646	H0mework.Chemistry.LAlanineBandTaylor060.CenterGroups
38	H0mework.Chemistry.LAlanineBandTaylor060.CenterMatrixData
124	H0mework.Chemistry.LAlanineBandTaylor060.CenterMatrixPart0
128	H0mework.Chemistry.LAlanineBandTaylor060.CenterMatrixPart1
134	H0mework.Chemistry.LAlanineBandTaylor060.CenterMatrixPart2
128	H0mework.Chemistry.LAlanineBandTaylor060.CenterMatrixPart3
92	H0mework.Chemistry.LAlanineBandTaylor060.CenterOrbitals
30	H0mework.Chemistry.LAlanineBandTaylor060.HullAssembly
42	H0mework.Chemistry.LAlanineBandTaylor060.HullBounds
318	H0mework.Chemistry.LAlanineBandTaylor060.HullDensityCheck
26	H0mework.Chemistry.LAlanineBandTaylor060.HullDensityData
636	H0mework.Chemistry.LAlanineBandTaylor060.HullGroups
28	H0mework.Chemistry.LAlanineBandTaylor060.HullMatrixData
142	H0mework.Chemistry.LAlanineBandTaylor060.HullMatrixPart0
146	H0mework.Chemistry.LAlanineBandTaylor060.HullMatrixPart1
150	H0mework.Chemistry.LAlanineBandTaylor060.HullMatrixPart2
148	H0mework.Chemistry.LAlanineBandTaylor060.HullMatrixPart3
146	H0mework.Chemistry.LAlanineBandTaylor060.HullMatrixPart4
148	H0mework.Chemistry.LAlanineBandTaylor060.HullMatrixPart5
144	H0mework.Chemistry.LAlanineBandTaylor060.HullMatrixPart6
140	H0mework.Chemistry.LAlanineBandTaylor060.HullOrbitals
172	H0mework.Chemistry.LAlanineBandTaylor060.InputBlock0
166	H0mework.Chemistry.LAlanineBandTaylor060.InputBlock1
24	H0mework.Chemistry.LAlanineBandTaylor060.Material
80	H0mework.Chemistry.LAlanineBandTaylor060.TileActual
28	H0mework.Chemistry.LAlanineBandTaylor060.TileData
30	H0mework.Chemistry.LAlanineBandTaylor060.TileReports
280	H0mework.Chemistry.LAlanineBandTaylor060.TileReports0
284	H0mework.Chemistry.LAlanineBandTaylor060.TileReports1
282	H0mework.Chemistry.LAlanineBandTaylor060.TileReports2
288	H0mework.Chemistry.LAlanineBandTaylor060.TileReports3
36	H0mework.Chemistry.LAlanineBandTaylor061.CenterAssembly
42	H0mework.Chemistry.LAlanineBandTaylor061.CenterBounds
118	H0mework.Chemistry.LAlanineBandTaylor061.CenterDensityCheck
32	H0mework.Chemistry.LAlanineBandTaylor061.CenterDensityData
624	H0mework.Chemistry.LAlanineBandTaylor061.CenterGroups
32	H0mework.Chemistry.LAlanineBandTaylor061.CenterMatrixData
156	H0mework.Chemistry.LAlanineBandTaylor061.CenterMatrixPart0
152	H0mework.Chemistry.LAlanineBandTaylor061.CenterMatrixPart1
150	H0mework.Chemistry.LAlanineBandTaylor061.CenterMatrixPart2
152	H0mework.Chemistry.LAlanineBandTaylor061.CenterMatrixPart3
78	H0mework.Chemistry.LAlanineBandTaylor061.CenterOrbitals
34	H0mework.Chemistry.LAlanineBandTaylor061.HullAssembly
34	H0mework.Chemistry.LAlanineBandTaylor061.HullBounds
268	H0mework.Chemistry.LAlanineBandTaylor061.HullDensityCheck
30	H0mework.Chemistry.LAlanineBandTaylor061.HullDensityData
658	H0mework.Chemistry.LAlanineBandTaylor061.HullGroups
28	H0mework.Chemistry.LAlanineBandTaylor061.HullMatrixData
162	H0mework.Chemistry.LAlanineBandTaylor061.HullMatrixPart0
156	H0mework.Chemistry.LAlanineBandTaylor061.HullMatrixPart1
142	H0mework.Chemistry.LAlanineBandTaylor061.HullMatrixPart2
156	H0mework.Chemistry.LAlanineBandTaylor061.HullMatrixPart3
162	H0mework.Chemistry.LAlanineBandTaylor061.HullMatrixPart4
160	H0mework.Chemistry.LAlanineBandTaylor061.HullMatrixPart5
174	H0mework.Chemistry.LAlanineBandTaylor061.HullMatrixPart6
148	H0mework.Chemistry.LAlanineBandTaylor061.HullOrbitals
140	H0mework.Chemistry.LAlanineBandTaylor061.InputBlock0
166	H0mework.Chemistry.LAlanineBandTaylor061.InputBlock1
20	H0mework.Chemistry.LAlanineBandTaylor061.Material
82	H0mework.Chemistry.LAlanineBandTaylor061.TileActual
38	H0mework.Chemistry.LAlanineBandTaylor061.TileData
22	H0mework.Chemistry.LAlanineBandTaylor061.TileReports
222	H0mework.Chemistry.LAlanineBandTaylor061.TileReports0
226	H0mework.Chemistry.LAlanineBandTaylor061.TileReports1
228	H0mework.Chemistry.LAlanineBandTaylor061.TileReports2
230	H0mework.Chemistry.LAlanineBandTaylor061.TileReports3
52	H0mework.Chemistry.LAlanineBandTaylor062.CenterAssembly
30	H0mework.Chemistry.LAlanineBandTaylor062.CenterBounds
102	H0mework.Chemistry.LAlanineBandTaylor062.CenterDensityCheck
18	H0mework.Chemistry.LAlanineBandTaylor062.CenterDensityData
620	H0mework.Chemistry.LAlanineBandTaylor062.CenterGroups
30	H0mework.Chemistry.LAlanineBandTaylor062.CenterMatrixData
126	H0mework.Chemistry.LAlanineBandTaylor062.CenterMatrixPart0
130	H0mework.Chemistry.LAlanineBandTaylor062.CenterMatrixPart1
138	H0mework.Chemistry.LAlanineBandTaylor062.CenterMatrixPart2
118	H0mework.Chemistry.LAlanineBandTaylor062.CenterMatrixPart3
74	H0mework.Chemistry.LAlanineBandTaylor062.CenterOrbitals
26	H0mework.Chemistry.LAlanineBandTaylor062.HullAssembly
28	H0mework.Chemistry.LAlanineBandTaylor062.HullBounds
322	H0mework.Chemistry.LAlanineBandTaylor062.HullDensityCheck
26	H0mework.Chemistry.LAlanineBandTaylor062.HullDensityData
628	H0mework.Chemistry.LAlanineBandTaylor062.HullGroups
26	H0mework.Chemistry.LAlanineBandTaylor062.HullMatrixData
142	H0mework.Chemistry.LAlanineBandTaylor062.HullMatrixPart0
140	H0mework.Chemistry.LAlanineBandTaylor062.HullMatrixPart1
122	H0mework.Chemistry.LAlanineBandTaylor062.HullMatrixPart2
118	H0mework.Chemistry.LAlanineBandTaylor062.HullMatrixPart3
114	H0mework.Chemistry.LAlanineBandTaylor062.HullMatrixPart4
112	H0mework.Chemistry.LAlanineBandTaylor062.HullMatrixPart5
112	H0mework.Chemistry.LAlanineBandTaylor062.HullMatrixPart6
110	H0mework.Chemistry.LAlanineBandTaylor062.HullOrbitals
168	H0mework.Chemistry.LAlanineBandTaylor062.InputBlock0
166	H0mework.Chemistry.LAlanineBandTaylor062.InputBlock1
22	H0mework.Chemistry.LAlanineBandTaylor062.Material
78	H0mework.Chemistry.LAlanineBandTaylor062.TileActual
28	H0mework.Chemistry.LAlanineBandTaylor062.TileData
24	H0mework.Chemistry.LAlanineBandTaylor062.TileReports
222	H0mework.Chemistry.LAlanineBandTaylor062.TileReports0
222	H0mework.Chemistry.LAlanineBandTaylor062.TileReports1
218	H0mework.Chemistry.LAlanineBandTaylor062.TileReports2
218	H0mework.Chemistry.LAlanineBandTaylor062.TileReports3
40	H0mework.Chemistry.LAlanineBandTaylor063.CenterAssembly
22	H0mework.Chemistry.LAlanineBandTaylor063.CenterBounds
144	H0mework.Chemistry.LAlanineBandTaylor063.CenterDensityCheck
36	H0mework.Chemistry.LAlanineBandTaylor063.CenterDensityData
600	H0mework.Chemistry.LAlanineBandTaylor063.CenterGroups
20	H0mework.Chemistry.LAlanineBandTaylor063.CenterMatrixData
164	H0mework.Chemistry.LAlanineBandTaylor063.CenterMatrixPart0
168	H0mework.Chemistry.LAlanineBandTaylor063.CenterMatrixPart1
170	H0mework.Chemistry.LAlanineBandTaylor063.CenterMatrixPart2
168	H0mework.Chemistry.LAlanineBandTaylor063.CenterMatrixPart3
50	H0mework.Chemistry.LAlanineBandTaylor063.CenterOrbitals
32	H0mework.Chemistry.LAlanineBandTaylor063.HullAssembly
44	H0mework.Chemistry.LAlanineBandTaylor063.HullBounds
278	H0mework.Chemistry.LAlanineBandTaylor063.HullDensityCheck
36	H0mework.Chemistry.LAlanineBandTaylor063.HullDensityData
570	H0mework.Chemistry.LAlanineBandTaylor063.HullGroups
48	H0mework.Chemistry.LAlanineBandTaylor063.HullMatrixData
156	H0mework.Chemistry.LAlanineBandTaylor063.HullMatrixPart0
160	H0mework.Chemistry.LAlanineBandTaylor063.HullMatrixPart1
164	H0mework.Chemistry.LAlanineBandTaylor063.HullMatrixPart2
178	H0mework.Chemistry.LAlanineBandTaylor063.HullMatrixPart3
158	H0mework.Chemistry.LAlanineBandTaylor063.HullMatrixPart4
162	H0mework.Chemistry.LAlanineBandTaylor063.HullMatrixPart5
162	H0mework.Chemistry.LAlanineBandTaylor063.HullMatrixPart6
156	H0mework.Chemistry.LAlanineBandTaylor063.HullOrbitals
122	H0mework.Chemistry.LAlanineBandTaylor063.InputBlock0
162	H0mework.Chemistry.LAlanineBandTaylor063.InputBlock1
34	H0mework.Chemistry.LAlanineBandTaylor063.Material
82	H0mework.Chemistry.LAlanineBandTaylor063.TileActual
22	H0mework.Chemistry.LAlanineBandTaylor063.TileData
24	H0mework.Chemistry.LAlanineBandTaylor063.TileReports
210	H0mework.Chemistry.LAlanineBandTaylor063.TileReports0
214	H0mework.Chemistry.LAlanineBandTaylor063.TileReports1
212	H0mework.Chemistry.LAlanineBandTaylor063.TileReports2
214	H0mework.Chemistry.LAlanineBandTaylor063.TileReports3
4.8	H0mework.Chemistry.LAlanineBoundary.CalculusAdjugate
5.6	H0mework.Chemistry.LAlanineBoundary.CalculusCoordinates
4	H0mework.Chemistry.LAlanineBoundary.CalculusPullback
3.5	H0mework.Chemistry.LAlanineBoundary.GeometryAreaAlgebra
28	H0mework.Chemistry.LAlanineBoundary.GeometryFluxGeometry
16.4	H0mework.Chemistry.LAlanineBoundary.RuntimeConsumers
32	H0mework.Chemistry.LAlanineBoundary.RuntimeFacade
18.8	H0mework.Chemistry.LAlanineBoundary.RuntimeInstallation
19.8	H0mework.Chemistry.LAlanineBoundary.RuntimeInventory
17	H0mework.Chemistry.LAlanineBoundary.RuntimeParent
28	H0mework.Chemistry.LAlanineBoundary.SourceIntegral
22	H0mework.Chemistry.LAlanineBoundary.SourceProducer
28	H0mework.Chemistry.LAlanineBoundary.SourceSpatialBoundary
26	H0mework.Chemistry.LAlanineBoundary.TopologyActualBoundary
2.1	H0mework.Chemistry.LAlanineBoundary.TopologyCompactBoundary
28	H0mework.Chemistry.LAlanineBoundary.TopologyLocalChart
86	H0mework.Chemistry.LAlanineCellField29.CacheAORows
26	H0mework.Chemistry.LAlanineCellField29.CacheComplete
92	H0mework.Chemistry.LAlanineCellField29.CacheGroupRows
32	H0mework.Chemistry.LAlanineCellField29.MatrixComplete
2.2	H0mework.Chemistry.LAlanineChargeIdentity.AlgebraIntegerStability
2.3	H0mework.Chemistry.LAlanineChargeIdentity.AlgebraMatrixScaling
2.2	H0mework.Chemistry.LAlanineChargeIdentity.AlgebraResidualScaling
2.3	H0mework.Chemistry.LAlanineChargeIdentity.AlgebraRounding
2.7	H0mework.Chemistry.LAlanineContinuousChecks.Cached
4.6	H0mework.Chemistry.LAlanineContinuousMatrix.IntegerGrid
3.5	H0mework.Chemistry.LAlanineContinuousMatrix.IntegerLists
2.9	H0mework.Chemistry.LAlanineElectronicFrame.DynamicsMatrixFrobeniusOperatorBound
12	H0mework.Chemistry.LAlanineElectronicFrame.DynamicsPolarFrameTransport
14	H0mework.Chemistry.LAlanineElectronicFrame.DynamicsPolarFrameTransportError
5	H0mework.Chemistry.LAlanineElectronicFrame.DynamicsSourceGeneratedPolarFrame
18	H0mework.Chemistry.LAlanineEnergy.BoundEnergyLedger
1028	H0mework.Chemistry.LAlanineEnergy.GeneratedEnergyLedger
0.9	H0mework.Chemistry.LAlanineEnergy.NativeEnergyLedger
3.9	H0mework.Chemistry.LAlanineEntropy.ClassicalJointEntropy
2.8	H0mework.Chemistry.LAlanineEntropy.FiniteGibbsPopulation
3.6	H0mework.Chemistry.LAlanineEntropy.FiniteThermalDataProcessing
3.6	H0mework.Chemistry.LAlanineEntropy.FiniteThermalEntropy
3.2	H0mework.Chemistry.LAlanineEntropy.JointEnergyReadout
3.4	H0mework.Chemistry.LAlanineEntropy.MeasuredMarginals
3.8	H0mework.Chemistry.LAlanineEntropy.PartialTraceCovariance
3.5	H0mework.Chemistry.LAlanineEntropy.QuantumGibbsBound
3.4	H0mework.Chemistry.LAlanineEntropy.QuantumSubadditivity
3.4	H0mework.Chemistry.LAlanineEntropy.SpectralEntropy
3.4	H0mework.Chemistry.LAlanineEntropy.SpectralEntropyInvariance
3.5	H0mework.Chemistry.LAlanineEntropy.SpectralTensorEntropy
3.2	H0mework.Chemistry.LAlanineEntropy.UnitaryBornEntropy
3.3	H0mework.Chemistry.LAlanineEntropy.UnitaryBornKernel
3	H0mework.Chemistry.LAlanineExponential.RangeReduction
2.5	H0mework.Chemistry.LAlanineExponential.Taylor
55	H0mework.Chemistry.LAlanineForce.BoundForceUpdate
412	H0mework.Chemistry.LAlanineForce.GeneratedForceUpdate
1.6	H0mework.Chemistry.LAlanineForce.NativeNuclearUpdate
2	H0mework.Chemistry.LAlanineGradient.Differential
3.5	H0mework.Chemistry.LAlanineInertia.DynamicsVelocityVerlet
3.7	H0mework.Chemistry.LAlanineInertia.DynamicsVelocityVerletResidual
3.2	H0mework.Chemistry.LAlanineInertia.InterfaceSourceNativeInertialStep
4.7	H0mework.Chemistry.LAlanineInertia.SourceInertialStepParsing
4.1	H0mework.Chemistry.LAlanineJointNext.DynamicsRealRestriction
18	H0mework.Chemistry.LAlanineJointNext.RegressionRealCounterexample
7.7	H0mework.Chemistry.LAlanineJointNext.RegressionRealEvolution
5.3	H0mework.Chemistry.LAlanineParametric.RK4
75	H0mework.Chemistry.LAlaninePropagation.BoundElectronicPropagation
2.4	H0mework.Chemistry.LAlaninePropagation.NativeElectronicPropagation
3	H0mework.Chemistry.LAlanineReentry.ProducerCalculationComplexCommutatorFormula
21	H0mework.Chemistry.LAlanineRefillField.Block0
26	H0mework.Chemistry.LAlanineRefillField.Block1
30	H0mework.Chemistry.LAlanineRefillField.Block2
38	H0mework.Chemistry.LAlanineRefillField.Block3
43	H0mework.Chemistry.LAlanineRefillField.Block4
38	H0mework.Chemistry.LAlanineRefillField.Block5
40	H0mework.Chemistry.LAlanineRefillField.Block6
61	H0mework.Chemistry.LAlanineRefillRows.Block0
109	H0mework.Chemistry.LAlanineRefillRows.Block1
658	H0mework.Chemistry.LAlanineRefillRows.Block2
655	H0mework.Chemistry.LAlanineRefillRows.Block3
969	H0mework.Chemistry.LAlanineRefillRows.Block4
2160	H0mework.Chemistry.LAlanineRefillRows.Block5
3188	H0mework.Chemistry.LAlanineRefillRows.Block6
62	H0mework.Chemistry.LAlanineRefillRows.RowsSource
5.4	H0mework.Chemistry.LAlanineRefillRows.RowsWitness
4.2	H0mework.Chemistry.LAlanineRefinementDensity.DensityBounds
3.4	H0mework.Chemistry.LAlanineRefinementDensity.DensityModel
3.8	H0mework.Chemistry.LAlanineRefinementDensity.DensitySlices
4.3	H0mework.Chemistry.LAlanineRefinementDensity.GaussianBounds
3.3	H0mework.Chemistry.LAlanineRefinementDensity.GaussianCoefficients
3.6	H0mework.Chemistry.LAlanineRefinementDensity.GaussianModel
4.7	H0mework.Chemistry.LAlanineRefinementDensity.GaussianPrimitive
4.3	H0mework.Chemistry.LAlanineRefinementDensity.Quadrature
2	H0mework.Chemistry.LAlanineSignedEvaluator.Arithmetic
3.3	H0mework.Chemistry.LAlanineSignedEvaluator.Contraction
3.3	H0mework.Chemistry.LAlanineSignedEvaluator.Gaussian
1.5	H0mework.Chemistry.LAlanineSource.BoundDiffraction
2.5	H0mework.Chemistry.LAlanineSource.GeneratedPhysicalChemicalBondIncidence
3.1	H0mework.Chemistry.LAlanineSource.NativeBondDensity
1.9	H0mework.Chemistry.LAlanineSource.TargetErasedBondDensity
3.6	H0mework.Chemistry.LAlanineSourceMatrix.MatrixSharedPointDot
3	H0mework.Chemistry.LAlanineThermalDynamics.PartialSwapEnergyPopulation
3.8	H0mework.Chemistry.LAlanineThermalDynamics.PartialSwapReducedState
3.8	H0mework.Chemistry.LAlanineThermalDynamics.PartialSwapUnitary
4.3	H0mework.Chemistry.LAlanineThermalDynamics.SwapExponential
3.9	H0mework.Chemistry.LAlanineThermalDynamics.UnequalPartialTrace
34	H0mework.Chemistry.LAlanineThermalLoad.Block0
50	H0mework.Chemistry.LAlanineThermalLoad.Block1
70	H0mework.Chemistry.LAlanineThermalLoad.Block2
80	H0mework.Chemistry.LAlanineThermalLoad.Block3
84	H0mework.Chemistry.LAlanineThermalLoad.Block4
280	H0mework.Chemistry.LAlanineThermalLoad.Block5
244	H0mework.Chemistry.LAlanineThermalLoad.Block6
3.5	H0mework.Chemistry.LAlanineThermalLoad.IntegerData
3.1	H0mework.Chemistry.LAlanineThermalLoad.SquaredMagnitudeBound
24	H0mework.Chemistry.LAlanineTrueFlowBoundary.RuntimeConsumers
46	H0mework.Chemistry.LAlanineTrueFlowBoundary.RuntimeFacade
24	H0mework.Chemistry.LAlanineTrueFlowBoundary.RuntimeInstallation
20	H0mework.Chemistry.LAlanineTrueFlowBoundary.RuntimeInventory
22	H0mework.Chemistry.LAlanineTrueFlowBoundary.RuntimeParent
19.6	H0mework.Chemistry.LAlanineTrueFlowBoundary.RuntimeParentConsumers
20	H0mework.Chemistry.LAlanineTrueFlowBoundary.SourceCapFlux
28	H0mework.Chemistry.LAlanineTrueFlowBoundary.SourceClosure
22	H0mework.Chemistry.LAlanineTrueFlowBoundary.SourceFaces
22	H0mework.Chemistry.LAlanineTrueFlowBoundary.SourceLocalCharts
18.8	H0mework.Chemistry.LAlanineTrueFlowBoundary.SourceRegularFaces
1.9	H0mework.Chemistry.LAlanineTrueFlowBoundary.TopologyLocalExtensions
3.4	H0mework.Chemistry.LAlanineTrueFlowConservation.CalculusBoxFubini
3.7	H0mework.Chemistry.LAlanineTrueFlowConservation.CalculusDeterminantEvolution
24	H0mework.Chemistry.LAlanineTrueFlowConservation.RuntimeConsumers
34	H0mework.Chemistry.LAlanineTrueFlowConservation.RuntimeFacade
24	H0mework.Chemistry.LAlanineTrueFlowConservation.RuntimeInstallation
24	H0mework.Chemistry.LAlanineTrueFlowConservation.RuntimeInventory
24	H0mework.Chemistry.LAlanineTrueFlowConservation.RuntimeParent
24	H0mework.Chemistry.LAlanineTrueFlowConservation.RuntimeParentConsumers
26	H0mework.Chemistry.LAlanineTrueFlowConservation.SourceCapTransport
20	H0mework.Chemistry.LAlanineTrueFlowConservation.SourceClosure
28	H0mework.Chemistry.LAlanineTrueFlowConservation.SourceOrientation
20	H0mework.Chemistry.LAlanineTrueFlowConservation.SourceOrientedIntegral
24	H0mework.Chemistry.LAlanineTrueFlowConservation.SourceRetime
24	H0mework.Chemistry.LAlanineTrueFlowConservation.SourceSpatialBalance
22	H0mework.Chemistry.LAlanineTrueFlowConservation.SourceTimeIntegral
26	H0mework.Chemistry.LAlanineTrueFlowConservation.SourceVolumeEvolution
5.9	H0mework.Chemistry.LAlanineTrueFlowDifferential.CalculusCompositionStrict
3.3	H0mework.Chemistry.LAlanineTrueFlowDifferential.CalculusPath
4.1	H0mework.Chemistry.LAlanineTrueFlowDifferential.CalculusVolterraOperator
26	H0mework.Chemistry.LAlanineTrueFlowDifferential.RuntimeConsumers
30	H0mework.Chemistry.LAlanineTrueFlowDifferential.RuntimeFacade
22	H0mework.Chemistry.LAlanineTrueFlowDifferential.RuntimeInstallation
20	H0mework.Chemistry.LAlanineTrueFlowDifferential.RuntimeInventory
17.4	H0mework.Chemistry.LAlanineTrueFlowDifferential.RuntimeParent
20	H0mework.Chemistry.LAlanineTrueFlowDifferential.RuntimeParentConsumers
24	H0mework.Chemistry.LAlanineTrueFlowDifferential.SourceActualPath
15.6	H0mework.Chemistry.LAlanineTrueFlowDifferential.SourceClosure
13.6	H0mework.Chemistry.LAlanineTrueFlowDifferential.SourceDerivative
28	H0mework.Chemistry.LAlanineTrueFlowDifferential.SourceEquation
16.8	H0mework.Chemistry.LAlanineTrueFlowDifferential.SourceEvolution
20	H0mework.Chemistry.LAlanineTrueFlowDifferential.SourceImplicit
20	H0mework.Chemistry.LAlanineTrueFlowDifferential.SourceLinearization
84	H0mework.Chemistry.LAlanineTrueFlowDifferential.SourceMargin
16.4	H0mework.Chemistry.LAlanineTrueFlowDifferential.SourceNearby
20	H0mework.Chemistry.LAlanineTrueFlowDifferential.SourceNontrivial
17.8	H0mework.Chemistry.LAlanineTrueFlowDifferential.SourceParameterMap
19.8	H0mework.Chemistry.LAlanineTrueFlowDifferential.SourceRawPath
22	H0mework.Chemistry.LAlanineTrueFlowDifferential.SourceRecognition
19.2	H0mework.Chemistry.LAlanineTrueFlowDifferential.SourceScaledEquation
18.6	H0mework.Chemistry.LAlanineTrueFlowDifferential.SourceScaledImplicit
17.8	H0mework.Chemistry.LAlanineTrueFlowDifferential.SourceScaledLinearization
15.8	H0mework.Chemistry.LAlanineTrueFlowDifferential.SourceScaledNearby
24	H0mework.Chemistry.LAlanineTrueFlowDifferential.SourceScaledPath
19.2	H0mework.Chemistry.LAlanineTrueFlowDifferential.SourceScaledRecognition
20	H0mework.Chemistry.LAlanineTrueFlowDifferential.SourceSeedColumns
18.8	H0mework.Chemistry.LAlanineTrueFlowDifferential.SourceSideFlux
20	H0mework.Chemistry.LAlanineTrueFlowDifferential.SourceTimeColumn
14.8	H0mework.Chemistry.LAlanineTrueFlowDifferential.SourceVariational
20	H0mework.Chemistry.LAlanineTrueFlowGeometry.FlowNoFold
16.6	H0mework.Chemistry.LAlanineTrueFlowGeometry.FlowPlane
20	H0mework.Chemistry.LAlanineTrueFlowGeometry.FlowShiftUniqueness
22	H0mework.Chemistry.LAlanineTrueFlowGeometry.FlowSourceMeeting
24	H0mework.Chemistry.LAlanineTrueFlowGeometry.FlowSourceNoFold
17.6	H0mework.Chemistry.LAlanineTrueFlowGeometry.ResponseGradientTransport
20	H0mework.Chemistry.LAlanineTrueFlowGeometry.ResponseInjective
22	H0mework.Chemistry.LAlanineTrueFlowGeometry.ResponseNondegenerate
24	H0mework.Chemistry.LAlanineTrueFlowGeometry.RuntimeConsumers
36	H0mework.Chemistry.LAlanineTrueFlowGeometry.RuntimeFacade
26	H0mework.Chemistry.LAlanineTrueFlowGeometry.RuntimeInstallation
22	H0mework.Chemistry.LAlanineTrueFlowGeometry.RuntimeInventory
28	H0mework.Chemistry.LAlanineTrueFlowGeometry.RuntimeParent
22	H0mework.Chemistry.LAlanineTrueFlowGeometry.RuntimeParentConsumers
18.2	H0mework.Chemistry.LAlanineTrueFlowGeometry.SeedAlgebra
17.6	H0mework.Chemistry.LAlanineTrueFlowGeometry.SeedInjective
19.8	H0mework.Chemistry.LAlanineTrueFlowGeometry.SeedTransverse
20	H0mework.Chemistry.LAlanineTrueFlowGeometry.SeedWholeTransverse
28	H0mework.Chemistry.LAlanineTrueFlowGeometry.SourceClosure
24	H0mework.Chemistry.LAlanineTrueFlowGeometry.SpatialImage
22	H0mework.Chemistry.LAlanineTrueFlowGeometry.SpatialIntegral
24	H0mework.Chemistry.LAlanineTrueFlowQuantitative.ActualAbsoluteIntegral
24	H0mework.Chemistry.LAlanineTrueFlowQuantitative.ActualBounds
22	H0mework.Chemistry.LAlanineTrueFlowQuantitative.ActualIntegral
26	H0mework.Chemistry.LAlanineTrueFlowQuantitative.ActualVolumeBounds
24	H0mework.Chemistry.LAlanineTrueFlowQuantitative.ActualVolumeRatio
26	H0mework.Chemistry.LAlanineTrueFlowQuantitative.RuntimeConsumers
32	H0mework.Chemistry.LAlanineTrueFlowQuantitative.RuntimeFacade
26	H0mework.Chemistry.LAlanineTrueFlowQuantitative.RuntimeInstallation
20	H0mework.Chemistry.LAlanineTrueFlowQuantitative.RuntimeInventory
22	H0mework.Chemistry.LAlanineTrueFlowQuantitative.RuntimeParent
24	H0mework.Chemistry.LAlanineTrueFlowQuantitative.RuntimeParentConsumers
24	H0mework.Chemistry.LAlanineTrueFlowQuantitative.SourceClosure
22	H0mework.Chemistry.LAlanineTrueFlowQuantitative.SourceSeedBounds
86	H0mework.Chemistry.LAlanineTrueFlowQuantitative.SourceTrace
26	H0mework.Chemistry.LAlanineTrueTube.ActualRealization
4.3	H0mework.Chemistry.LAlanineTrueTube.DynamicsClip
5.9	H0mework.Chemistry.LAlanineTrueTube.DynamicsEndpoint
4.2	H0mework.Chemistry.LAlanineTrueTube.DynamicsStep
26	H0mework.Chemistry.LAlanineTrueTube.ErrorDefect
26	H0mework.Chemistry.LAlanineTrueTube.ErrorStarts
28	H0mework.Chemistry.LAlanineTrueTube.ErrorTrajectory
13.2	H0mework.Chemistry.LAlanineTrueTube.RuntimeConsumers
26	H0mework.Chemistry.LAlanineTrueTube.RuntimeFacade
30	H0mework.Chemistry.LAlanineTrueTube.RuntimeInstallation
15	H0mework.Chemistry.LAlanineTrueTube.RuntimeInventory
14	H0mework.Chemistry.LAlanineTrueTube.RuntimeParent
28	H0mework.Chemistry.LAlanineTrueTubeWhole.ActualAllSteps
16.6	H0mework.Chemistry.LAlanineTrueTubeWhole.ActualClosure
22	H0mework.Chemistry.LAlanineTrueTubeWhole.ActualFullConsumer
24	H0mework.Chemistry.LAlanineTrueTubeWhole.ActualFullFlow
18.4	H0mework.Chemistry.LAlanineTrueTubeWhole.ActualFullModel
20	H0mework.Chemistry.LAlanineTrueTubeWhole.ActualModel
30	H0mework.Chemistry.LAlanineTrueTubeWhole.ActualSecondStep
22	H0mework.Chemistry.LAlanineTrueTubeWhole.ActualWholeFlow
30	H0mework.Chemistry.LAlanineTrueTubeWhole.ContinuationPreservesFirst
24	H0mework.Chemistry.LAlanineTrueTubeWhole.ErrorActual
22	H0mework.Chemistry.LAlanineTrueTubeWhole.ErrorComparison
24	H0mework.Chemistry.LAlanineTrueTubeWhole.ErrorParameters
20	H0mework.Chemistry.LAlanineTrueTubeWhole.ErrorSupport
17.2	H0mework.Chemistry.LAlanineTrueTubeWhole.RuntimeConsumers
26	H0mework.Chemistry.LAlanineTrueTubeWhole.RuntimeFacade
17	H0mework.Chemistry.LAlanineTrueTubeWhole.RuntimeInstallation
18.4	H0mework.Chemistry.LAlanineTrueTubeWhole.RuntimeInventory
14.4	H0mework.Chemistry.LAlanineTrueTubeWhole.RuntimeParent
20	H0mework.Chemistry.LAlanineTrueTubeWhole.RuntimeParentConsumers
3.1	H0mework.Chemistry.LAlanineTrueTubeWhole.SignedGlue
2.9	H0mework.Chemistry.LAlanineTrueTubeWhole.SignedReparametrize
22	H0mework.Chemistry.LAlanineWholeBandAdjacent.Additivity
22	H0mework.Chemistry.LAlanineWholeBandAdjacent.ConservationBoundary
32	H0mework.Chemistry.LAlanineWholeBandAdjacent.ConservationConsumer
24	H0mework.Chemistry.LAlanineWholeBandAdjacent.ConservationDynamics
26	H0mework.Chemistry.LAlanineWholeBandAdjacent.ConservationParameterFaces
24	H0mework.Chemistry.LAlanineWholeBandAdjacent.ConservationRegularFaces
58	H0mework.Chemistry.LAlanineWholeBandAdjacent.ConservationRuntimeConsumers
116	H0mework.Chemistry.LAlanineWholeBandAdjacent.ConservationRuntimeFacade
40	H0mework.Chemistry.LAlanineWholeBandAdjacent.ConservationRuntimeInstallation
54	H0mework.Chemistry.LAlanineWholeBandAdjacent.ConservationRuntimeInventory
72	H0mework.Chemistry.LAlanineWholeBandAdjacent.ConservationRuntimeParent
74	H0mework.Chemistry.LAlanineWholeBandAdjacent.ConservationRuntimeParentConsumers
28	H0mework.Chemistry.LAlanineWholeBandAdjacent.ConservationSeamCancellation
20	H0mework.Chemistry.LAlanineWholeBandAdjacent.ConservationSourceClosure
28	H0mework.Chemistry.LAlanineWholeBandAdjacent.ConservationSpatialBalance
26	H0mework.Chemistry.LAlanineWholeBandAdjacent.ConservationTangents
20	H0mework.Chemistry.LAlanineWholeBandAdjacent.Consumers
24	H0mework.Chemistry.LAlanineWholeBandAdjacent.Derivative
24	H0mework.Chemistry.LAlanineWholeBandAdjacent.Domain
66	H0mework.Chemistry.LAlanineWholeBandAdjacent.RuntimeConsumers
106	H0mework.Chemistry.LAlanineWholeBandAdjacent.RuntimeFacade
62	H0mework.Chemistry.LAlanineWholeBandAdjacent.RuntimeInstallation
44	H0mework.Chemistry.LAlanineWholeBandAdjacent.RuntimeInventory
50	H0mework.Chemistry.LAlanineWholeBandAdjacent.RuntimeParent
38	H0mework.Chemistry.LAlanineWholeBandAdjacent.RuntimeParentConsumers
22	H0mework.Chemistry.LAlanineWholeBandAdjacent.Seam
20	H0mework.Chemistry.LAlanineWholeBandAdjacent.Source
22	H0mework.Chemistry.LAlanineWholeBandAdjacent.SourceClosure
22	H0mework.Chemistry.LAlanineWholeBandAdjacent.Spatial
24	H0mework.Chemistry.LAlanineWholeBandCell0.BoundaryCapFlux
24	H0mework.Chemistry.LAlanineWholeBandCell0.BoundaryFaces
22	H0mework.Chemistry.LAlanineWholeBandCell0.BoundaryLocalCharts
22	H0mework.Chemistry.LAlanineWholeBandCell0.BoundaryParameterFaces
24	H0mework.Chemistry.LAlanineWholeBandCell0.BoundaryRegularFaces
26	H0mework.Chemistry.LAlanineWholeBandCell0.BoundaryTangents
24	H0mework.Chemistry.LAlanineWholeBandCell0.ConservationCapTransport
26	H0mework.Chemistry.LAlanineWholeBandCell0.ConservationOrientation
20	H0mework.Chemistry.LAlanineWholeBandCell0.ConservationOrientedIntegral
22	H0mework.Chemistry.LAlanineWholeBandCell0.ConservationRetime
20	H0mework.Chemistry.LAlanineWholeBandCell0.ConservationSpatialBalance
22	H0mework.Chemistry.LAlanineWholeBandCell0.ConservationTimeIntegral
20	H0mework.Chemistry.LAlanineWholeBandCell0.ConservationVolumeEvolution
26	H0mework.Chemistry.LAlanineWholeBandCell0.ContinuationChain
26	H0mework.Chemistry.LAlanineWholeBandCell0.ContinuationFull
22	H0mework.Chemistry.LAlanineWholeBandCell0.ContinuationNegative
28	H0mework.Chemistry.LAlanineWholeBandCell0.ContinuationPositive
24	H0mework.Chemistry.LAlanineWholeBandCell0.ContinuationReadout
24	H0mework.Chemistry.LAlanineWholeBandCell0.CrossMeeting
20	H0mework.Chemistry.LAlanineWholeBandCell0.CrossNoFold
26	H0mework.Chemistry.LAlanineWholeBandCell0.FieldsAll
30	H0mework.Chemistry.LAlanineWholeBandCell0.FieldsDirection0
32	H0mework.Chemistry.LAlanineWholeBandCell0.FieldsDirection1
26	H0mework.Chemistry.LAlanineWholeBandCell0.GeometryCell0
20	H0mework.Chemistry.LAlanineWholeBandCell0.GeometrySeedPlane
19.6	H0mework.Chemistry.LAlanineWholeBandCell0.GeometryTransverse
26	H0mework.Chemistry.LAlanineWholeBandCell0.RuntimeConsumers
78	H0mework.Chemistry.LAlanineWholeBandCell0.RuntimeFacade
54	H0mework.Chemistry.LAlanineWholeBandCell0.RuntimeInstallation
22	H0mework.Chemistry.LAlanineWholeBandCell0.RuntimeInventory
22	H0mework.Chemistry.LAlanineWholeBandCell0.RuntimeParent
24	H0mework.Chemistry.LAlanineWholeBandCell0.RuntimeParentConsumers
22	H0mework.Chemistry.LAlanineWholeBandCell0.SourceClosure
22	H0mework.Chemistry.LAlanineWholeBandCell0.SpatialImage
22	H0mework.Chemistry.LAlanineWholeBandCell0.SpatialIntegral
38	H0mework.Chemistry.LAlanineWholeBandCell0.SpatialRuntimeRuntimeConsumers
58	H0mework.Chemistry.LAlanineWholeBandCell0.SpatialRuntimeRuntimeFacade
24	H0mework.Chemistry.LAlanineWholeBandCell0.SpatialRuntimeRuntimeInstallation
48	H0mework.Chemistry.LAlanineWholeBandCell0.SpatialRuntimeRuntimeInventory
36	H0mework.Chemistry.LAlanineWholeBandCell0.SpatialRuntimeRuntimeParent
42	H0mework.Chemistry.LAlanineWholeBandCell0.SpatialRuntimeRuntimeParentConsumers
26	H0mework.Chemistry.LAlanineWholeBandCell0.SpatialRuntimeSourceClosure
24	H0mework.Chemistry.LAlanineWholeBandCell1.ActualFull
20	H0mework.Chemistry.LAlanineWholeBandCell1.ActualGeometry
22	H0mework.Chemistry.LAlanineWholeBandCell1.ActualNondegenerate
24	H0mework.Chemistry.LAlanineWholeBandCell1.ActualResponse
22	H0mework.Chemistry.LAlanineWholeBandCell1.FieldsAll
24	H0mework.Chemistry.LAlanineWholeBandCell1.FieldsCall96Field
22	H0mework.Chemistry.LAlanineWholeBandCell1.FieldsDirection0
28	H0mework.Chemistry.LAlanineWholeBandCell1.FieldsDirection1
20	H0mework.Chemistry.LAlanineWholeBandCell1.GeometrySeam
18.4	H0mework.Chemistry.LAlanineWholeBandCell1.GeometryTransverse
66	H0mework.Chemistry.LAlanineWholeBandCell1.RuntimeConsumers
78	H0mework.Chemistry.LAlanineWholeBandCell1.RuntimeFacade
28	H0mework.Chemistry.LAlanineWholeBandCell1.RuntimeInstallation
48	H0mework.Chemistry.LAlanineWholeBandCell1.RuntimeInventory
28	H0mework.Chemistry.LAlanineWholeBandCell1.RuntimeParent
46	H0mework.Chemistry.LAlanineWholeBandCell1.RuntimeParentConsumers
22	H0mework.Chemistry.LAlanineWholeBandCell1.SourceClosure
52	H0mework.Chemistry.LAlanineWholeBandCell2.CacheCheck
40	H0mework.Chemistry.LAlanineWholeBandCell2.FieldsCall160Field
56	H0mework.Chemistry.LAlanineWholeBandCell2.RuntimeConsumers
130	H0mework.Chemistry.LAlanineWholeBandCell2.RuntimeFacade
46	H0mework.Chemistry.LAlanineWholeBandCell2.RuntimeInstallation
40	H0mework.Chemistry.LAlanineWholeBandCell2.RuntimeInventory
24	H0mework.Chemistry.LAlanineWholeBandCell2.RuntimeParent
72	H0mework.Chemistry.LAlanineWholeBandCell2.RuntimeParentConsumers
86	H0mework.Chemistry.LAlanineWholeBandCell2.SourceClosure
74	H0mework.Chemistry.LAlanineWholeBandCell2.SourceMaterial
36	H0mework.Chemistry.LAlanineWholeCell.CacheComplete
36	H0mework.Chemistry.LAlanineWholeCell.MatrixAllFields
26	H0mework.Chemistry.LAlanineWholeCell.RuntimeConsumers
32	H0mework.Chemistry.LAlanineWholeCell.RuntimeFacade
28	H0mework.Chemistry.LAlanineWholeCell.RuntimeInstallation
28	H0mework.Chemistry.LAlanineWholeCell.RuntimeInventory
26	H0mework.Chemistry.LAlanineWholeCell.SpatialProducer
3.6	H0mework.Chemistry.LAlanineWork.BistochasticMinimum
37	H0mework.Chemistry.LAlanineWork.GeneratedPassiveState
29	H0mework.Chemistry.LAlanineWork.UnitaryWorkCapacity
1.5	H0mework.Cognition.Empirical.Classification
1.8	H0mework.Cognition.Empirical.Consumer
3.2	H0mework.Cognition.Empirical.EmbodiedEntry
5.1	H0mework.Cognition.Empirical.Manifest
2.5	H0mework.Cognition.Empirical.Selfhood
0.7	H0mework.Cognition.Empirical.Sha256
2.8	H0mework.Cognition.Precision.Disposition
1.5	H0mework.Cognition.Selfhood.LivingClosure
1.8	H0mework.Cognition.Selfhood.Narrative
1.5	H0mework.Cognition.Selfhood.PointedClosure
2.4	H0mework.Cognition.Selfhood.Representation
1.4	H0mework.Computation.ADCGates.Gate128Correctness
0.9	H0mework.Computation.ADCGates.Gate128Operations
1.2	H0mework.Computation.ADCMicro.MicroCountdown
7.4	H0mework.Computation.ADCWire.FiniteBinaryDrive
1.8	H0mework.Computation.AIGExecution.AIGExecutionCorrectnessSource
1.3	H0mework.Computation.AIGExecution.AIGExecutionSource
1	H0mework.Computation.AIGExecution.AIGExecutionViewSource
4.2	H0mework.Computation.AIGExecution.AIGOwnedBatch
1.3	H0mework.Computation.AIGExecution.AIGOwnedFiniteState
1.7	H0mework.Computation.AIGExecution.AIGOwnedProgress
0.7	H0mework.Computation.AIGExecution.AIGVectorExecutionSource
1.2	H0mework.Computation.AIGHold.AIGOutputBank
8.3	H0mework.Computation.SelfReduction.P157
1.4	H0mework.Computation.WholeReceiver.GraphCompiler
4.3	H0mework.Fock.ClockCoarsening.Runtime
4.6	H0mework.Fock.ClockCoarsening.Source
4.4	H0mework.Fock.Cofinal.DynamicsPrefix
5.3	H0mework.Fock.Cofinal.DynamicsWitness
4.6	H0mework.Fock.Cofinal.LogicConsumers
4.7	H0mework.Fock.Cofinal.LogicEvidence
4.8	H0mework.Fock.Cofinal.OperationCochain
4.2	H0mework.Fock.Cofinal.OperationDerivation
6.4	H0mework.Fock.Cofinal.OperationEnvelope
4.3	H0mework.Fock.Cofinal.OperationEnvelopeReadout
4.2	H0mework.Fock.Cofinal.OperationNative
5	H0mework.Fock.Cofinal.OperationPrefix
3.7	H0mework.Fock.Cofinal.SourceProjection
6.8	H0mework.Fock.CopyGraph.Action
5.5	H0mework.Fock.CopyGraph.Adjoint
7.6	H0mework.Fock.CopyGraph.ColumnForcingSource
7.5	H0mework.Fock.CopyGraph.ConditionalClock
11	H0mework.Fock.CopyGraph.ConditionalField
9	H0mework.Fock.CopyGraph.ConditionalGeometry
4.7	H0mework.Fock.CopyGraph.ConditionalMoments
6.6	H0mework.Fock.CopyGraph.CorrectionDirection
8.5	H0mework.Fock.CopyGraph.CorrectionEquation
5	H0mework.Fock.CopyGraph.CorrectionMoments
7.9	H0mework.Fock.CopyGraph.CorrectionSource
10	H0mework.Fock.CopyGraph.CorrectionUpdate
12	H0mework.Fock.CopyGraph.DecoderComparison
16	H0mework.Fock.CopyGraph.DecoderField
6.7	H0mework.Fock.CopyGraph.DecoderInteraction
15	H0mework.Fock.CopyGraph.DecoderInverse
25	H0mework.Fock.CopyGraph.DecoderMinimum
6.9	H0mework.Fock.CopyGraph.DecoderSource
4	H0mework.Fock.CopyGraph.Effect
8.9	H0mework.Fock.CopyGraph.Field
6.3	H0mework.Fock.CopyGraph.Geometry
5.7	H0mework.Fock.CopyGraph.Graph.Source
5.6	H0mework.Fock.CopyGraph.Hilbert
6	H0mework.Fock.CopyGraph.Moments
8.2	H0mework.Fock.CopyGraph.Projection
7.4	H0mework.Fock.CopyGraph.Recovery
8.7	H0mework.Fock.CopyGraph.RefinementImage
13	H0mework.Fock.CopyGraph.RefinementProjection
7.3	H0mework.Fock.CopyGraph.RefinementSource
37	H0mework.Fock.CopyGraph.RefinementTransfer
4.5	H0mework.Fock.FiniteObservers.Pulse
4.4	H0mework.Fock.FiniteObservers.PulseConsumer
4.7	H0mework.Fock.FiniteObservers.SourceLaws
4.2	H0mework.Fock.HistoryClock.RecoveryInstalled
1.5	H0mework.Fock.HistoryConditional.CopyHistoryDecode
1.7	H0mework.Fock.HistoryConditional.CopyHistoryNative
6.6	H0mework.Fock.HistoryConditional.CopyHistorySource
1.6	H0mework.Fock.HistoryConditional.CopyKeysNative
4.2	H0mework.Fock.HistoryConditional.CopyKeysSupport
1.5	H0mework.Fock.HistoryConditional.CopyWordNative
1.5	H0mework.Fock.HistoryConditional.CopyWordRecovered
4.7	H0mework.Fock.HistoryConditional.Installed
1.6	H0mework.Fock.HistoryConditional.NativeInverseActor
1.5	H0mework.Fock.HistoryConditional.NativeInverseNative
3.6	H0mework.Fock.HistoryConditional.NativeMergeCount
3.1	H0mework.Fock.HistoryConditional.NativeMergeInventory
3.8	H0mework.Fock.HistoryConditional.NativeMergeRows
3.5	H0mework.Fock.HistoryConditional.NativeMergeSource
1.7	H0mework.Fock.HistoryConditional.NativeObserversUpdate
3.2	H0mework.Fock.HistoryConditional.NativePosteriorCount
3.3	H0mework.Fock.HistoryConditional.NativePosteriorWeight
11	H0mework.Fock.HistoryConditional.Source
6.4	H0mework.Fock.HistoryConditional.VectorAction
1.6	H0mework.Fock.HistoryConditional.WordAffineApply
1.8	H0mework.Fock.HistoryConditional.WordAffineEquation
1.4	H0mework.Fock.HistoryConditional.WordAffineNative
1.7	H0mework.Fock.HistoryConditional.WordOperatorIndex
3.8	H0mework.Fock.HistoryCopy.Action
3.8	H0mework.Fock.HistoryCopy.Field
3.8	H0mework.Fock.HistoryCopy.InformationSource
4.9	H0mework.Fock.HistoryCopy.InformationTrace
4.5	H0mework.Fock.HistoryCopy.Installed
4	H0mework.Fock.HistoryModel.CompletionConditional
4.4	H0mework.Fock.HistoryModel.CompletionConsumer
4.1	H0mework.Fock.HistoryModel.CompletionMixture
4.7	H0mework.Fock.HistoryModel.CompletionSource
4	H0mework.Fock.HistoryModel.ConditionalWords
4.7	H0mework.Fock.HistoryModel.DynamicAction
5.3	H0mework.Fock.HistoryModel.DynamicBase
3	H0mework.Fock.HistoryModel.DynamicConsumer
4	H0mework.Fock.HistoryModel.DynamicFibre
4.9	H0mework.Fock.HistoryModel.DynamicHilbertCompression
4.3	H0mework.Fock.HistoryModel.DynamicHilbertConditional
122	H0mework.Fock.HistoryModel.DynamicHilbertMeasure
6.2	H0mework.Fock.HistoryModel.DynamicHilbertRecovery
4.6	H0mework.Fock.HistoryModel.DynamicHilbertSeparation
4.5	H0mework.Fock.HistoryModel.DynamicHilbertSnapshot
5.1	H0mework.Fock.HistoryModel.DynamicHilbertTopology
7.3	H0mework.Fock.HistoryModel.DynamicHilbertTransfer
4.4	H0mework.Fock.HistoryModel.DynamicMaterial
5.3	H0mework.Fock.HistoryModel.DynamicPrevious
3.9	H0mework.Fock.HistoryModel.DynamicProbability
4.8	H0mework.Fock.HistoryModel.DynamicRead
4.6	H0mework.Fock.HistoryModel.DynamicSource
4.1	H0mework.Fock.HistoryModel.Installed
4.2	H0mework.Fock.HistoryModel.Next
5.5	H0mework.Fock.HistoryModel.OriginalHilbertActor
4.6	H0mework.Fock.HistoryModel.OriginalHilbertCompression
6.9	H0mework.Fock.HistoryModel.OriginalHilbertConditional
5.7	H0mework.Fock.HistoryModel.OriginalHilbertConsumer
5.5	H0mework.Fock.HistoryModel.OriginalHilbertDictionary
6.2	H0mework.Fock.HistoryModel.OriginalHilbertField
5.1	H0mework.Fock.HistoryModel.OriginalHilbertInverse
4.6	H0mework.Fock.HistoryModel.OriginalHilbertMeasure
4	H0mework.Fock.HistoryModel.OriginalHilbertRecovery
6.4	H0mework.Fock.HistoryModel.OriginalHilbertResidual
4	H0mework.Fock.HistoryModel.OriginalHilbertSource
7.5	H0mework.Fock.HistoryModel.OriginalHilbertSquare
6.3	H0mework.Fock.HistoryModel.OriginalHilbertTime
4.8	H0mework.Fock.HistoryModel.RecordedAcquisition
10	H0mework.Fock.HistoryModel.RecordedAtomicConsumer
8.7	H0mework.Fock.HistoryModel.RecordedAtomicQuery
6.1	H0mework.Fock.HistoryModel.RecordedAtomicWitness
4.7	H0mework.Fock.HistoryModel.RecordedConditional
7.2	H0mework.Fock.HistoryModel.RecordedConsumer
5	H0mework.Fock.HistoryModel.RecordedControls
6.4	H0mework.Fock.HistoryModel.RecordedFrameConsumer
6.7	H0mework.Fock.HistoryModel.RecordedFrameSource
4.4	H0mework.Fock.HistoryModel.RecordedQuery
4.4	H0mework.Fock.HistoryModel.RecordedSource
4.6	H0mework.Fock.HistoryModel.RecordedTransfer
4.7	H0mework.Fock.HistoryModel.RecordedWhole
5.1	H0mework.Fock.HistoryModel.SourceWords
4.5	H0mework.Fock.HistoryModel.Window
4.8	H0mework.Fock.HistoryModel.WordRuntime
5.1	H0mework.Fock.HistoryModel.WordsDynamicHilbertConsumer
4.7	H0mework.Fock.HistoryPolynomial.Clock
4.7	H0mework.Fock.HistoryPolynomial.CopyEffect
5.2	H0mework.Fock.HistoryPolynomial.CopyField
5.1	H0mework.Fock.HistoryPolynomial.CopyModel
4.4	H0mework.Fock.HistoryPolynomial.CopyPolynomial
4.3	H0mework.Fock.HistoryPolynomial.CopyRecovery
3	H0mework.Fock.HistoryPolynomial.CopySource
4.6	H0mework.Fock.HistoryPolynomial.Dynamic
4	H0mework.Fock.HistoryPolynomial.Model
4.9	H0mework.Fock.HistoryPolynomial.Native
4.7	H0mework.Fock.HistoryPolynomial.Presentation
4.5	H0mework.Fock.HistoryPolynomial.Program
5.3	H0mework.Fock.HistoryPolynomial.Relations
1.3	H0mework.Fock.InverseDistribution.ActionNative
1.5	H0mework.Fock.InverseDistribution.BirthNative
1.7	H0mework.Fock.InverseDistribution.BirthSource
1.5	H0mework.Fock.InverseDistribution.Native
1.6	H0mework.Fock.InverseDistribution.StreamNative
1.5	H0mework.Fock.InverseDistribution.StreamSource
4.7	H0mework.Fock.PrimeField.Action
4.2	H0mework.Fock.PrimeField.Birth
4.9	H0mework.Fock.PrimeField.ClockResidualClock
4.7	H0mework.Fock.PrimeField.ClockResidualCofinal
5	H0mework.Fock.PrimeField.ClockResidualConsumer
5.1	H0mework.Fock.PrimeField.ClockResidualInformation
4.2	H0mework.Fock.PrimeField.ClockResidualJoint
4	H0mework.Fock.PrimeField.ClockResidualKernel
5.6	H0mework.Fock.PrimeField.ClockResidualProjection
5.1	H0mework.Fock.PrimeField.ClockResidualQuery
4.4	H0mework.Fock.PrimeField.ClockResidualSource
4.6	H0mework.Fock.PrimeField.ClockSplittingAction
4.8	H0mework.Fock.PrimeField.ClockSplittingChart
5.7	H0mework.Fock.PrimeField.ClockSplittingConsumer
5.9	H0mework.Fock.PrimeField.ClockSplittingCorrection
5.3	H0mework.Fock.PrimeField.ClockSplittingQuotient
4.7	H0mework.Fock.PrimeField.ClockSplittingReading
5.4	H0mework.Fock.PrimeField.ClockSplittingSection
7	H0mework.Fock.PrimeField.ClockSplittingSource
4.6	H0mework.Fock.PrimeField.CompletionAction
4.2	H0mework.Fock.PrimeField.CompletionBoundary
4.3	H0mework.Fock.PrimeField.CompletionConditional
4.7	H0mework.Fock.PrimeField.CompletionConservation
6.1	H0mework.Fock.PrimeField.CompletionConsumer
4.2	H0mework.Fock.PrimeField.CompletionLift
4.3	H0mework.Fock.PrimeField.CompletionPrimitive
4.8	H0mework.Fock.PrimeField.CompletionRange
4.9	H0mework.Fock.PrimeField.CompletionRecovery
4.3	H0mework.Fock.PrimeField.CompletionRow
4.6	H0mework.Fock.PrimeField.CompletionUnit
4.3	H0mework.Fock.PrimeField.Consumer
4.1	H0mework.Fock.PrimeField.DelayActual
4	H0mework.Fock.PrimeField.DelayBlock
5.2	H0mework.Fock.PrimeField.DelayConsumer
4	H0mework.Fock.PrimeField.DelayHistory
4.6	H0mework.Fock.PrimeField.DelayInformation
6.4	H0mework.Fock.PrimeField.DelayRecovery
4	H0mework.Fock.PrimeField.InformationInventory
3.8	H0mework.Fock.PrimeField.Projection
28	H0mework.Fock.PrimeField.Receipt
4.1	H0mework.Fock.PrimeField.RecoveryCoefficient
5.3	H0mework.Fock.PrimeField.RecoveryConsumer
5.5	H0mework.Fock.PrimeField.RecoveryFresh
4.6	H0mework.Fock.PrimeField.RecoveryInformation
3.9	H0mework.Fock.PrimeField.RecoveryMaterial
13	H0mework.Fock.PrimeField.RecoveryModel
3.8	H0mework.Fock.PrimeField.RecoveryPoint
6.1	H0mework.Fock.PrimeField.RecoveryResidual
4.4	H0mework.Fock.PrimeField.RecoveryWindow
3.9	H0mework.Fock.PrimeField.RecoveryWord
89	H0mework.Fock.PrimeField.Relation
4.5	H0mework.Fock.PrimeFieldCalculation.CalculationBirth
4.5	H0mework.Fock.PrimeFieldCalculation.CalculationConditional
4	H0mework.Fock.PrimeFieldCalculation.CalculationConsumer
4.3	H0mework.Fock.PrimeFieldCalculation.CalculationFrontier
4.4	H0mework.Fock.PrimeFieldCalculation.CalculationQuery
7.1	H0mework.Fock.PrimeFieldCalculation.ContinuationConsumer
4.5	H0mework.Fock.PrimeFieldCalculation.ContinuationMaterial
4.9	H0mework.Fock.PrimeFieldCalculation.ContinuationSource
5.2	H0mework.Fock.PrimeFieldCalculation.FixedConsumer
6.5	H0mework.Fock.PrimeFieldCalculation.FixedEffect
5.4	H0mework.Fock.PrimeFieldCalculation.FixedField
4.3	H0mework.Fock.PrimeFieldCalculation.FixedMaterial
4.7	H0mework.Fock.PrimeFieldCalculation.FixedProbability
4.5	H0mework.Fock.PrimeFieldCalculation.FixedSource
6.9	H0mework.Fock.PrimeFieldCalculation.InventoryConsumer
5.9	H0mework.Fock.PrimeFieldCalculation.InventoryField
6.4	H0mework.Fock.PrimeFieldCalculation.InventoryRecovery
5.6	H0mework.Fock.PrimeFieldCalculation.InventoryTrace
9.8	H0mework.Fock.PrimeFieldJoint.BornConsumer
4.6	H0mework.Fock.PrimeFieldJoint.BornDynamics
5.4	H0mework.Fock.PrimeFieldJoint.BornLoss
22	H0mework.Fock.PrimeFieldJoint.BornNormalized
16	H0mework.Fock.PrimeFieldJoint.BornRecovery
8.7	H0mework.Fock.PrimeFieldJoint.BornSource
6.8	H0mework.Fock.PrimeFieldJoint.ClockConsumer
6.4	H0mework.Fock.PrimeFieldJoint.ClockContinuity
6	H0mework.Fock.PrimeFieldJoint.ClockField
7.8	H0mework.Fock.PrimeFieldJoint.ClockGraphConsumer
31	H0mework.Fock.PrimeFieldJoint.ClockGraphDecoderConsumer
15	H0mework.Fock.PrimeFieldJoint.ClockGraphDecoderField
11	H0mework.Fock.PrimeFieldJoint.ClockGraphField
27	H0mework.Fock.PrimeFieldJoint.CofinalConsumer
11	H0mework.Fock.PrimeFieldJoint.CofinalExact
7.1	H0mework.Fock.PrimeFieldJoint.CofinalLimit
5.1	H0mework.Fock.PrimeFieldJoint.CofinalOriginal
6.3	H0mework.Fock.PrimeFieldJoint.CofinalProjection
7.3	H0mework.Fock.PrimeFieldJoint.CofinalSource
11	H0mework.Fock.PrimeFieldJoint.JointCofinal
7.4	H0mework.Fock.PrimeFieldJoint.JointConsumer
7.9	H0mework.Fock.PrimeFieldJoint.JointField
6.5	H0mework.Fock.PrimeFieldJoint.JointQueries
8.2	H0mework.Fock.PrimeFieldJoint.JointSource
7.7	H0mework.Fock.PrimeFieldJoint.TimeConsumer
6.2	H0mework.Fock.PrimeFieldJoint.TimeInverse
6.4	H0mework.Fock.PrimeFieldJoint.TimeSource
5.5	H0mework.Fock.PrimeFieldNoGo.ActionNoGo
4.6	H0mework.Fock.PrimeFieldNoGo.FourierNoGo
7.5	H0mework.Fock.PrimeHistoryMeasure.Consumer
8.8	H0mework.Fock.PrimeHistoryMeasure.Field
8.1	H0mework.Fock.PrimeHistoryMeasure.Recovery
6.5	H0mework.Fock.PrimeHistoryMeasure.Source
6	H0mework.Fock.PrimeHistoryMeasure.Witness
4.2	H0mework.Fock.SourceHistory.ActorRecoveryHistoryRegression
5.2	H0mework.Fock.SourceHistory.ActorRecoveryMeanRegression
3.8	H0mework.Fock.SourceHistory.ActorRecoverySourceRegression
5.3	H0mework.Fock.SourceHistory.ActorRecoveryTerminalRegression
5.8	H0mework.Fock.SourceHistory.Bridge
4.3	H0mework.Fock.SourceHistory.ClockBinomialRegression
4.1	H0mework.Fock.SourceHistory.ClockFrameRegression
4.1	H0mework.Fock.SourceHistory.ClockModelRegression
5.1	H0mework.Fock.SourceHistory.ClockPosteriorRegression
5.1	H0mework.Fock.SourceHistory.ClockPrefixRegression
5.4	H0mework.Fock.SourceHistory.ConditionalActorHistory
4.6	H0mework.Fock.SourceHistory.ConditionalActorInstalled
4.5	H0mework.Fock.SourceHistory.ConditionalHistoryInstalled
9.4	H0mework.Fock.SourceHistory.ConditionalObserved
5.4	H0mework.Fock.SourceHistory.ConditionalRecovery
4.2	H0mework.Fock.SourceHistory.ConditionalRecoveryRegression
4.7	H0mework.Fock.SourceHistory.ConditionalTransfer
6.9	H0mework.Fock.SourceHistory.ConditionalTransferReadoutRegression
3.9	H0mework.Fock.SourceHistory.ConditionalTransferSourceRegression
4.9	H0mework.Fock.SourceHistory.Installed
1.5	H0mework.Fock.SourceHistory.InverseObservationBirth.Native
1.4	H0mework.Fock.SourceHistory.InverseObservationNative.Native
6.3	H0mework.Fock.SourceHistory.MassCompletion
7.2	H0mework.Fock.SourceHistory.Observed
4.4	H0mework.Fock.SourceHistory.PrimeClockResidualRegression
4.6	H0mework.Fock.SourceHistory.PrimeClockSplittingRegression
4.8	H0mework.Fock.SourceHistory.PrimeCompletionRegression
9.5	H0mework.Fock.SourceHistory.PrimeFieldActionRegression
4.4	H0mework.Fock.SourceHistory.PrimeFieldRecoveryRegression
4.8	H0mework.Fock.SourceHistory.PrimeObservationDelayRegression
4.4	H0mework.Fock.SourceHistory.Projection
4.3	H0mework.Fock.SourceHistory.TerminalRecoveryRegression
1	H0mework.Fock.SourceHistory.Window
5.1	H0mework.Fock.SourceHistoryClock.BinomialAction
5.1	H0mework.Fock.SourceHistoryClock.BinomialConsumer
4.5	H0mework.Fock.SourceHistoryClock.BinomialCore
4.8	H0mework.Fock.SourceHistoryClock.BinomialEffects
5	H0mework.Fock.SourceHistoryClock.BinomialFibre
3.9	H0mework.Fock.SourceHistoryClock.BinomialFock
4	H0mework.Fock.SourceHistoryClock.BinomialFrame
4.6	H0mework.Fock.SourceHistoryClock.BinomialInstalled
4.9	H0mework.Fock.SourceHistoryClock.BinomialModel
4.8	H0mework.Fock.SourceHistoryClock.BinomialPrefixAction
5.1	H0mework.Fock.SourceHistoryClock.BinomialPrefixConsumer
4.5	H0mework.Fock.SourceHistoryClock.BinomialPrefixCore
4.8	H0mework.Fock.SourceHistoryClock.BinomialPrefixDecoder
5.5	H0mework.Fock.SourceHistoryClock.BinomialPrefixSource
4.1	H0mework.Fock.SourceHistoryClock.BinomialRecovery
5.1	H0mework.Fock.SourceHistoryClock.BinomialRestriction
6.5	H0mework.Fock.SourceHistoryClock.ComplexMoment
5.4	H0mework.Fock.SourceHistoryClock.ComplexSource
3.9	H0mework.Fock.SourceHistoryClock.Core
5.8	H0mework.Fock.SourceHistoryClock.DecoderError
11	H0mework.Fock.SourceHistoryClock.DecoderFiniteComparison
27	H0mework.Fock.SourceHistoryClock.DecoderFiniteRecovery
8.9	H0mework.Fock.SourceHistoryClock.DecoderFiniteSource
5.6	H0mework.Fock.SourceHistoryClock.DecoderNative
3.9	H0mework.Fock.SourceHistoryClock.Fock
9.4	H0mework.Fock.SourceHistoryClock.FrameAction
4.4	H0mework.Fock.SourceHistoryClock.FrameCore
4.1	H0mework.Fock.SourceHistoryClock.FrameInstalled
8.5	H0mework.Fock.SourceHistoryClock.GraphAction
18	H0mework.Fock.SourceHistoryClock.GraphCarrier
9.7	H0mework.Fock.SourceHistoryClock.GraphGeometry
4.2	H0mework.Fock.SourceHistoryClock.Installed
4.2	H0mework.Fock.SourceHistoryClock.Model
3	H0mework.Fock.SourceHistoryClock.PosteriorCore
4.1	H0mework.Fock.SourceHistoryClock.PosteriorInstalled
4.1	H0mework.Fock.SourceHistoryClock.PosteriorSquare
4	H0mework.Fock.SourceHistoryClock.PosteriorTasks
3	H0mework.Fock.SourceHistoryClock.RecoveryDecoder
4.3	H0mework.Fock.SourceHistoryClock.RecoveryInstalled
2.1	H0mework.Foundation.Agency.Boundary
1.3	H0mework.Foundation.Agency.FibreExhaustion
0.8	H0mework.Foundation.Agency.Game
2.1	H0mework.Foundation.Agency.Installation
2.8	H0mework.Foundation.Agency.LifecycleAuthority
2.5	H0mework.Foundation.Agency.LifecycleLaw
1.5	H0mework.Foundation.Agency.LifecycleSeeds
0.8	H0mework.Foundation.Agency.Lineage
0.9	H0mework.Foundation.Agency.MaximalActor
2.6	H0mework.Foundation.Agency.OriginExit
2.7	H0mework.Foundation.Agency.ResponsibilityIncidence
2.3	H0mework.Foundation.Agency.Succession
0.6	H0mework.Foundation.Arithmetic.Generation
0.6	H0mework.Foundation.Arithmetic.IncidenceFace
1	H0mework.Foundation.Arithmetic.ProductiveContinuation
1.1	H0mework.Foundation.Arithmetic.RootIncidence
1.5	H0mework.Foundation.Arithmetic.TerminalAuthority
2.6	H0mework.Foundation.Arithmetic.UnfoldingFace
1.3	H0mework.Foundation.Authority.CausalEntry
0.8	H0mework.Foundation.Authority.CausalVisit
1	H0mework.Foundation.Authority.EntryDisposition
2	H0mework.Foundation.Authority.Factorization
2	H0mework.Foundation.Authority.OperationalInstallation
2.9	H0mework.Foundation.Authority.Receipt
1.5	H0mework.Foundation.Authority.Representation
1.6	H0mework.Foundation.Authority.SourceProjectionInventory
1.5	H0mework.Foundation.Authority.ZeroLawAdmission
0.6	H0mework.Foundation.Cofinal.CompressionFace
5	H0mework.Foundation.Cofinal.CoverageResidual
3.5	H0mework.Foundation.Cofinal.KernelCompletion
1.3	H0mework.Foundation.Cofinal.ProductiveHistory
2.1	H0mework.Foundation.Cofinal.TemporalAnswer
1.5	H0mework.Foundation.Finite.BranchingReachability
1.8	H0mework.Foundation.Finite.ClosedSCC
1.8	H0mework.Foundation.Finite.EffectiveCoefficient
1.8	H0mework.Foundation.Finite.EffectiveOrbit
1.8	H0mework.Foundation.Finite.EventProcess
1.6	H0mework.Foundation.Finite.FibreDisposition
2.2	H0mework.Foundation.Finite.ProvenanceFlux
1	H0mework.Foundation.Inquiry.EmptyObstruction
5.5	H0mework.Foundation.Inquiry.Engine
6.5	H0mework.Foundation.Inquiry.MinimalCoface
0.9	H0mework.Foundation.Inquiry.ObstructionLineage
6.4	H0mework.Foundation.Inquiry.Protocol
1.3	H0mework.Foundation.Inquiry.ResidualCoface
1.9	H0mework.Foundation.Inquiry.RevisionLifecycle
2	H0mework.Foundation.Inquiry.RevisionRecovery
3.7	H0mework.Foundation.Inquiry.RootRicherCofaceRestructuringKernelSource
5.3	H0mework.Foundation.Inquiry.SemanticRevision
1.6	H0mework.Foundation.Ledger.BranchAuthority
0.9	H0mework.Foundation.Ledger.CompilerFacade
1.6	H0mework.Foundation.Ledger.Evolution
1.6	H0mework.Foundation.Ledger.FiniteInventory
0.6	H0mework.Foundation.Ledger.OriginOrBirth
1.8	H0mework.Foundation.Ledger.PatchReadback
1.6	H0mework.Foundation.Ledger.PatchSelection
1.8	H0mework.Foundation.Ledger.ProofRelevantRestructuring
2.2	H0mework.Foundation.Ledger.Restructuring
1.3	H0mework.Foundation.Ledger.RowSource
1.4	H0mework.Foundation.Ledger.SourceCompiler
1.6	H0mework.Foundation.Ledger.TerminalPatch
1.5	H0mework.Foundation.Ledger.TransportedRemainder
5.1	H0mework.Foundation.Relations.AdditivePresentation
4	H0mework.Foundation.Relations.CochainPresentation
1.4	H0mework.Foundation.Relations.ConsumerFace
1.6	H0mework.Foundation.Relations.ConsumerQuotient
2.6	H0mework.Foundation.Relations.DualEvaluation
3.6	H0mework.Foundation.Relations.FiniteDefectDeterminant
2.9	H0mework.Foundation.Relations.ScalarCochain
2.7	H0mework.Foundation.Relations.ScalarCochainMap
3.4	H0mework.Foundation.Relations.ScalarDifferentialResidual
6.2	H0mework.Foundation.Relations.ScalarPresentation
1.9	H0mework.Foundation.Responsibility.DebtCompiler
2.3	H0mework.Foundation.Responsibility.DebtInstallation
0.9	H0mework.Foundation.Responsibility.DebtLedger
1	H0mework.Foundation.Responsibility.DebtLedgerReadback
1.9	H0mework.Foundation.Responsibility.DebtObstructionBoundary
1.9	H0mework.Foundation.Responsibility.DebtObstructionSemantics
4.2	H0mework.Foundation.Responsibility.DebtPositiveLedger
1.9	H0mework.Foundation.Responsibility.DebtPositiveRoot
2.1	H0mework.Foundation.Responsibility.DebtU7
0.8	H0mework.Foundation.Responsibility.DebtWorld
1	H0mework.Foundation.Responsibility.DebtWorldReadback
6.1	H0mework.Foundation.Responsibility.Lifecycle
3.5	H0mework.Foundation.Responsibility.LifecycleRegression
2.1	H0mework.Foundation.Responsibility.Lineage
2.7	H0mework.Foundation.Responsibility.NoetherianClosure
2	H0mework.Foundation.Responsibility.NoetherianClosureRegression
1.8	H0mework.Foundation.Responsibility.Observer
1.6	H0mework.Foundation.Responsibility.ObserverClassicalFactorization
2.9	H0mework.Foundation.Responsibility.PendingClaimBirth
2	H0mework.Foundation.Responsibility.ResponsibilityCapacityKernel
1.8	H0mework.Foundation.Runtime.Activation
1.2	H0mework.Foundation.Runtime.AnswerHistory
2.5	H0mework.Foundation.Runtime.AnswerNext
4.6	H0mework.Foundation.Runtime.EffectDynamics
3.5	H0mework.Foundation.Runtime.EffectReactivation
5.3	H0mework.Foundation.Runtime.GatedClaimPaidRoot
2.8	H0mework.Foundation.Runtime.GatedClaimProcess
1.8	H0mework.Foundation.Runtime.GatedClaimTerminal
1	H0mework.Foundation.Runtime.GeneratedContinuity
2.2	H0mework.Foundation.Runtime.Inquiry
2.8	H0mework.Foundation.Runtime.OperationalSeparation
1.8	H0mework.Foundation.Runtime.SourceNativeGatedClaimPaidRootRegression
1.9	H0mework.Foundation.Runtime.TemporalAction
0.8	H0mework.Foundation.Semantics.CausalRealization
0.7	H0mework.Foundation.Semantics.KernelPair
1.9	H0mework.Foundation.Semantics.RootReality
2.2	H0mework.Foundation.Semantics.SourceUniqueness
4.1	H0mework.Foundation.Semantics.TheoryEvolution
0.9	H0mework.Foundation.Semantics.TheoryState
1.8	H0mework.Foundation.Semantics.TotalReality
2.1	H0mework.Foundation.Source.AccountedUnfolding
1.1	H0mework.Foundation.Source.AdditiveTraceFold
1	H0mework.Foundation.Source.Anchor
0.9	H0mework.Foundation.Source.Complement
0.5	H0mework.Foundation.Source.ConstructivePresentation
0.7	H0mework.Foundation.Source.RelationNetwork
0.9	H0mework.Foundation.Source.Root
2	H0mework.Foundation.Source.SequentialAction
0.6	H0mework.Foundation.Source.SupportInventory
1	H0mework.Foundation.Source.TraceAdvance
1.4	H0mework.Foundation.Source.UnfoldingZip
90	H0mework.NavierStokes.CartanAction.Clifford
34	H0mework.NavierStokes.CartanAction.Compensation
54	H0mework.NavierStokes.CartanAction.Constitutive
36	H0mework.NavierStokes.CartanAction.ContorsionSupport
110	H0mework.NavierStokes.CartanAction.Coordinates
34	H0mework.NavierStokes.CartanAction.Jet
28	H0mework.NavierStokes.CartanAction.Response
26	H0mework.NavierStokes.CartanAction.Source
26	H0mework.NavierStokes.CartanAction.SpinSupport
32	H0mework.NavierStokes.CartanAction.Stress
68	H0mework.NavierStokes.CartanAction.StressLaw
88	H0mework.NavierStokes.CartanAction.TorsionSupport
14	H0mework.NavierStokes.ClockMoment.Kernel
34	H0mework.NavierStokes.CofinalAction.CofinalCurrentResponse
30	H0mework.NavierStokes.CofinalAction.CofinalCurrentResponseAction
34	H0mework.NavierStokes.CofinalAction.CofinalMomentum
24	H0mework.NavierStokes.CofinalAction.CofinalPairedCurrent
20	H0mework.NavierStokes.CofinalAction.CofinalRecovery
30	H0mework.NavierStokes.CofinalAction.CofinalUnifiedAction
36	H0mework.NavierStokes.CofinalAction.CofinalUnifiedControl
26	H0mework.NavierStokes.CofinalAction.CofinalUnifiedField
7.3	H0mework.NavierStokes.Completion.AdjacentRoundTimeSectionGluing
7.3	H0mework.NavierStokes.Completion.OmittedNativeSuccessor
10	H0mework.NavierStokes.Completion.OmittedPreTimeConsumeBeforeQuotient
18	H0mework.NavierStokes.Completion.OmittedPreTimeRuntime
19	H0mework.NavierStokes.Completion.OmittedScaleTimeResponse
7	H0mework.NavierStokes.Completion.OmittedSupport
8.3	H0mework.NavierStokes.Completion.OmittedUnforcedReceipt
9.9	H0mework.NavierStokes.Completion.OmittedWholeCarrierCompiler
79	H0mework.NavierStokes.Completion.ScaleTimeRoundRuntime
10	H0mework.NavierStokes.Completion.ScaleTimeShellRound
52	H0mework.NavierStokes.ConstitutiveAction.Color
26	H0mework.NavierStokes.ConstitutiveAction.Flux
26	H0mework.NavierStokes.ConstitutiveAction.Fourier
26	H0mework.NavierStokes.ConstitutiveAction.Jet
84	H0mework.NavierStokes.ConstitutiveAction.Material
22	H0mework.NavierStokes.ConstitutiveAction.MaterialEnergy
22	H0mework.NavierStokes.ConstitutiveAction.Occurrence
13	H0mework.NavierStokes.Energy.ClosedEnstrophyPhysicalBridge
10	H0mework.NavierStokes.Energy.ClosedEnstrophyTriad
16	H0mework.NavierStokes.Energy.FiniteKineticDifferenceCancellation
10	H0mework.NavierStokes.Energy.StrongContinuationDifferenceEnergy
9.6	H0mework.NavierStokes.Energy.StrongContinuationDifferenceKineticEnergy
8	H0mework.NavierStokes.Energy.StrongContinuationDifferenceKineticWork
42	H0mework.NavierStokes.Energy.StrongContinuationKineticDifferenceGronwall
24	H0mework.NavierStokes.Energy.WholeKineticDifferenceCancellation
10	H0mework.NavierStokes.Energy.WholeKineticMassSeparation
15	H0mework.NavierStokes.Energy.WholeTangentEnergyTransport
24	H0mework.NavierStokes.EscapeAction.EscapeCarrier
58	H0mework.NavierStokes.EscapeAction.EscapeCorrection
44	H0mework.NavierStokes.EscapeAction.EscapeCurrentAction
42	H0mework.NavierStokes.EscapeAction.EscapeMomentum
34	H0mework.NavierStokes.EscapeAction.EscapePairedCurrent
30	H0mework.NavierStokes.EscapeAction.EscapeStress
7.8	H0mework.NavierStokes.EvenLattice.Bound
8.2	H0mework.NavierStokes.EvenLattice.Finite
11	H0mework.NavierStokes.EvenLattice.Lattice
9.3	H0mework.NavierStokes.EvenLattice.MatrixRows
19	H0mework.NavierStokes.EvenLattice.Rounded
11	H0mework.NavierStokes.EvenLattice.Shells
12	H0mework.NavierStokes.EvenLattice.Tail
11	H0mework.NavierStokes.FiniteVorticity.DoubleTriadActual
6.7	H0mework.NavierStokes.FiniteVorticity.TriadActual
9.5	H0mework.NavierStokes.FourWave.WholeKernelBudget
12	H0mework.NavierStokes.Fourier.CanonicalExhaustiveGalerkinTarget
4.5	H0mework.NavierStokes.Fourier.CoarseCorrelationResidual
6.8	H0mework.NavierStokes.Fourier.CoarseFilterCore
9.8	H0mework.NavierStokes.Fourier.CoarseFilterProcess
8.7	H0mework.NavierStokes.Fourier.CoarseFilterSpatialCommutation
5.5	H0mework.NavierStokes.Fourier.CoarseKernelMoments
8.4	H0mework.NavierStokes.Fourier.CoarseNonlinearDivergence
12	H0mework.NavierStokes.Fourier.CoarseVectorCalculus
8.8	H0mework.NavierStokes.Fourier.ConcreteActiveClosedTriad
6.4	H0mework.NavierStokes.Fourier.ConcreteActivePair
5.4	H0mework.NavierStokes.Fourier.ConcreteNonlinearOutput
9.3	H0mework.NavierStokes.Fourier.ConcreteSpectralScaleEdge
11	H0mework.NavierStokes.Fourier.DecayingShearFlow
4.6	H0mework.NavierStokes.Fourier.FilteredNavierStokesGenerator
11	H0mework.NavierStokes.Fourier.FixedOutputNonlinearContinuity
19	H0mework.NavierStokes.Fourier.FixedOutputNonlinearTimeContinuity
16	H0mework.NavierStokes.Fourier.FullVorticityDifferentialTransport
12	H0mework.NavierStokes.Fourier.FullVorticityStretching
22	H0mework.NavierStokes.Fourier.GeneratedUnforcedScaleTimeReceipt
6	H0mework.NavierStokes.Fourier.IntegerCharacterCoarseFilter
5.4	H0mework.NavierStokes.Fourier.IntegerCharacterOrthogonality
11	H0mework.NavierStokes.Fourier.IntegerCharacterUnitCellMean
4.3	H0mework.NavierStokes.Fourier.IntegerLatticeCriticalKernel
14	H0mework.NavierStokes.Fourier.IntegerLatticeCriticalKernelExplicitTail
12	H0mework.NavierStokes.Fourier.LocalEnergyAlgebra
5.7	H0mework.NavierStokes.Fourier.LocalEnergyFluxTransport
6.2	H0mework.NavierStokes.Fourier.LocalEnergyLedger
8.4	H0mework.NavierStokes.Fourier.NonlinearOutputCompiler
3.9	H0mework.NavierStokes.Fourier.NonlinearPairGenerator
10	H0mework.NavierStokes.Fourier.PuncturedCanonicalGalerkinTarget
12	H0mework.NavierStokes.Fourier.PuncturedCanonicalWeakLimit
14	H0mework.NavierStokes.Fourier.ShellSerrinGeometry
12	H0mework.NavierStokes.Fourier.ShellViscousParseval
7.1	H0mework.NavierStokes.Fourier.SpectralNonlinearTraceLedger
3.9	H0mework.NavierStokes.Fourier.StretchingOutputCarrier
4	H0mework.NavierStokes.Fourier.StretchingPairTable
42	H0mework.NavierStokes.Fourier.TransverseSpaceTimeNonlinearRow
5.6	H0mework.NavierStokes.Fourier.UnitCellDivergence
11	H0mework.NavierStokes.Fourier.WholeNonlinearDifferenceNegativeOne
11	H0mework.NavierStokes.Fourier.WholeVelocityFixedOutputNonlinearRow
11	H0mework.NavierStokes.Fourier.WholeVelocityNonlinearTimePassage
44	H0mework.NavierStokes.Fourier.WholeVelocityPairDiagonalBudget
28	H0mework.NavierStokes.Friedrichs.Action
22	H0mework.NavierStokes.Friedrichs.Energy
26	H0mework.NavierStokes.Friedrichs.Principal
28	H0mework.NavierStokes.FullOrder.RecoveryPairedAction
28	H0mework.NavierStokes.FullOrder.RecoveryTimeBackgroundProjection
38	H0mework.NavierStokes.FullOrder.RecoveryTimeCanonical
26	H0mework.NavierStokes.FullOrder.RecoveryTimeGramWrite
9.4	H0mework.NavierStokes.Galerkin.AmbientNorm
14	H0mework.NavierStokes.Galerkin.CanonicalGeneratorSplit
26	H0mework.NavierStokes.Galerkin.CommonTimeExistence
8	H0mework.NavierStokes.Galerkin.CommonTimeGluing
8.6	H0mework.NavierStokes.Galerkin.CriticalContinuation
10	H0mework.NavierStokes.Galerkin.CriticalEndpointExclusion
18	H0mework.NavierStokes.Galerkin.CriticalEnstrophyBarrier
7.9	H0mework.NavierStokes.Galerkin.CriticalEnstrophyRate
8.9	H0mework.NavierStokes.Galerkin.CriticalGronwall
12	H0mework.NavierStokes.Galerkin.CriticalHighFrequencyTail
9.3	H0mework.NavierStokes.Galerkin.CriticalSerrinBudget
14	H0mework.NavierStokes.Galerkin.EnstrophyBalance
10	H0mework.NavierStokes.Galerkin.KineticAmbientBound
16	H0mework.NavierStokes.Galerkin.KineticCommonTimeExistence
20	H0mework.NavierStokes.Galerkin.KineticEnergyLedger
13	H0mework.NavierStokes.Galerkin.MildDuhamel
14	H0mework.NavierStokes.Galerkin.NegativeSobolevTimeBudget
10	H0mework.NavierStokes.Galerkin.NonlinearNegativeSobolev
23	H0mework.NavierStokes.Galerkin.StretchingCriticalBound
12	H0mework.NavierStokes.Galerkin.TimeEquicontinuity
9.8	H0mework.NavierStokes.Galerkin.ViscousRestartDerivativeLoss
11	H0mework.NavierStokes.GeneratedPaths.CommonTimeCompactnessBudget
10	H0mework.NavierStokes.GeneratedPaths.CriticalAbsorption
9.3	H0mework.NavierStokes.GeneratedPaths.CriticalEnvelope
16	H0mework.NavierStokes.GeneratedPaths.CriticalTimeConsumer
13	H0mework.NavierStokes.GeneratedPaths.FiniteObservedCompactness
9.9	H0mework.NavierStokes.GeneratedPaths.InfiniteNonlinearNegativeOneTimeBudget
18	H0mework.NavierStokes.GeneratedPaths.InfiniteNonlinearRowLimit
11	H0mework.NavierStokes.GeneratedPaths.ReceiptSquareCascadeBound
8.7	H0mework.NavierStokes.GeneratedPaths.ReceiptSquareUniformBound
14	H0mework.NavierStokes.GeneratedPaths.StretchingBudget
26	H0mework.NavierStokes.GeneratedPaths.StrongSpaceTimeCompactness
10	H0mework.NavierStokes.GeneratedPaths.StrongSpaceTimeSubsequence
14	H0mework.NavierStokes.GeneratedPaths.ViscousEnstrophyCost
9.1	H0mework.NavierStokes.GeneratedPaths.WholeReceiptPersistence
13	H0mework.NavierStokes.GeneratedPaths.WholeReceiptPersistenceCost
9.7	H0mework.NavierStokes.GeneratedPaths.WholeReceiptPersistenceWindow
24	H0mework.NavierStokes.GlobalAction.GeneratedGlobal
30	H0mework.NavierStokes.GlobalAction.GeneratedGlobalSpacetime
22	H0mework.NavierStokes.GlobalAction.Global
30	H0mework.NavierStokes.GlobalAction.GlobalHilbertAction
36	H0mework.NavierStokes.GlobalAction.GlobalJets
18.6	H0mework.NavierStokes.GlobalAction.GlobalPhysicalAction
28	H0mework.NavierStokes.GlobalAction.GlobalPhysicalCarrier
24	H0mework.NavierStokes.GlobalAction.GlobalSpacetime
24	H0mework.NavierStokes.GlobalAction.GlobalTime
53	H0mework.NavierStokes.Heat.Convergence
11	H0mework.NavierStokes.Heat.Maps
7.2	H0mework.NavierStokes.Heat.Primitive
7	H0mework.NavierStokes.Heat.PulseContinuity
10	H0mework.NavierStokes.Heat.PulseDilation
38	H0mework.NavierStokes.Heat.SourceDilation
7.9	H0mework.NavierStokes.Heat.Work
16	H0mework.NavierStokes.HigherTreeSextic.LatticePower
5.8	H0mework.NavierStokes.HigherTreeSextic.Schur
5.3	H0mework.NavierStokes.HigherTreeSextic.SchurThree
19	H0mework.NavierStokes.InitialData.FiniteModalPicardBounds
10	H0mework.NavierStokes.InitialData.FiniteModeWeakLimitAllTests
13	H0mework.NavierStokes.InitialData.FiniteNonlinearDifferenceNegativeOne
7.8	H0mework.NavierStokes.InitialData.FinitePhysicalStateGeneratedCriticalPath
11	H0mework.NavierStokes.InitialData.FinitePhysicalStateRestart
9.9	H0mework.NavierStokes.InitialData.FinitePhysicalStateSupportLift
10	H0mework.NavierStokes.InitialData.FinitePhysicalTrajectoryEndpointSplice
16	H0mework.NavierStokes.InitialData.FiniteSupportComplexTrajectory
11	H0mework.NavierStokes.InitialData.FiniteSupportCriticalSobolev
15	H0mework.NavierStokes.InitialData.FiniteSupportPhysicalInvariantTrajectory
17	H0mework.NavierStokes.InitialData.FiniteSupportRealityTrajectory
5.5	H0mework.NavierStokes.InitialData.NonlinearPhysicalBridge
9.3	H0mework.NavierStokes.InitialData.PhysicalCompiler
5.4	H0mework.NavierStokes.InitialData.PhysicalFourierCoordinateObserver
7.5	H0mework.NavierStokes.InitialData.RawSourceCore
9.3	H0mework.NavierStokes.InitialData.RawSourceInitialCriticalLoad
10	H0mework.NavierStokes.InitialData.SourceOwnedLocalCommonTimeExistence
14	H0mework.NavierStokes.InitialData.SourceOwnedLocalCompactnessBudget
22	H0mework.NavierStokes.InitialData.SourceOwnedLocalKernelAbsorption
5.9	H0mework.NavierStokes.InitialData.StretchingPhysicalBridge
17	H0mework.NavierStokes.LocalEvolution.StrongContinuationDifferenceEquation
22	H0mework.NavierStokes.MacroAction.FiniteMacro
24	H0mework.NavierStokes.MacroAction.FiniteMacroEvolution
24	H0mework.NavierStokes.MacroAction.FiniteMacroMomentum
18.6	H0mework.NavierStokes.MacroAction.MacroDecay
28	H0mework.NavierStokes.MacroAction.MacroMomentumIntegral
20	H0mework.NavierStokes.MaterialAction.AdjointAction
28	H0mework.NavierStokes.MaterialAction.AdjointPrincipal
30	H0mework.NavierStokes.MaterialAction.CoframeAction
34	H0mework.NavierStokes.MaterialAction.ColorAction
11	H0mework.NavierStokes.MaterialAction.DiagonalCoframe
32	H0mework.NavierStokes.MaterialAction.JetAction
22	H0mework.NavierStokes.MaterialAction.MomentumJet
84	H0mework.NavierStokes.MaterialAction.MotherAction
52	H0mework.NavierStokes.MaterialAction.PauliControl
28	H0mework.NavierStokes.MaterialAction.PauliJet
40	H0mework.NavierStokes.MaterialAction.PauliPairing
28	H0mework.NavierStokes.MaterialAction.SourceAdjoint
22	H0mework.NavierStokes.MaterialAction.SourceJet
38	H0mework.NavierStokes.MaterialAction.SpinConnection
24	H0mework.NavierStokes.MaterialGauge.Fourier
36	H0mework.NavierStokes.MaterialGauge.Momentum
22	H0mework.NavierStokes.MaterialGauge.Occurrence
40	H0mework.NavierStokes.MaterialGauge.Variation
38	H0mework.NavierStokes.MaterialJets.Coefficients
34	H0mework.NavierStokes.MaterialJets.Color
22	H0mework.NavierStokes.MaterialJets.CovariantEnergy
28	H0mework.NavierStokes.MaterialJets.CovariantField
20	H0mework.NavierStokes.MaterialJets.CovariantReceipt
28	H0mework.NavierStokes.MaterialJets.Densitized
70	H0mework.NavierStokes.MaterialJets.DensitizedReceipt
30	H0mework.NavierStokes.MaterialJets.Energy
44	H0mework.NavierStokes.MaterialJets.Field
40	H0mework.NavierStokes.MaterialJets.Geometry
28	H0mework.NavierStokes.MaterialJets.Jet
28	H0mework.NavierStokes.MaterialJets.Receipt
24	H0mework.NavierStokes.MaterialReadback.Differential
54	H0mework.NavierStokes.MaterialReadback.Material
24	H0mework.NavierStokes.MaterialStress.Source
19.2	H0mework.NavierStokes.MomentumAction.MomentumIntegralSplice
22	H0mework.NavierStokes.MomentumAction.NegativeFourMomentum
30	H0mework.NavierStokes.MomentumAction.OriginalMomentumIntegral
22	H0mework.NavierStokes.MomentumAction.ReceiptMomentumIntegral
34	H0mework.NavierStokes.NativeAction.Carrier
80	H0mework.NavierStokes.NativeAction.Correction
26	H0mework.NavierStokes.NativeAction.Equation
28	H0mework.NavierStokes.NativeAction.Evolution
30	H0mework.NavierStokes.NativeAction.Operator
30	H0mework.NavierStokes.NativeAction.Pairing
30	H0mework.NavierStokes.NativeAction.VelocityCurl
46	H0mework.NavierStokes.NativeAction.Write
52	H0mework.NavierStokes.PairedAction.PairedCarrierJets
28	H0mework.NavierStokes.PairedAction.PairedCarrierRegeneration
28	H0mework.NavierStokes.PairedAction.PairedCurrentFourier
40	H0mework.NavierStokes.PhysicalJets.ChartVorticity
20	H0mework.NavierStokes.PhysicalJets.Correction
22	H0mework.NavierStokes.PhysicalJets.CorrectionJets
24	H0mework.NavierStokes.PhysicalJets.CorrectionPhysical
88	H0mework.NavierStokes.PhysicalJets.CorrectionTime
20	H0mework.NavierStokes.PhysicalJets.Curl
34	H0mework.NavierStokes.PhysicalJets.CurlCross
32	H0mework.NavierStokes.PhysicalJets.VorticityAction
32	H0mework.NavierStokes.PhysicalJets.VorticityControl
32	H0mework.NavierStokes.PhysicalReadout.CanonicalCoframe
4.4	H0mework.NavierStokes.PhysicalReadout.FourierProduct
4.8	H0mework.NavierStokes.PhysicalReadout.FourierReality
30	H0mework.NavierStokes.PhysicalReadout.Material
24	H0mework.NavierStokes.PhysicalView.ConsumerBalance
26	H0mework.NavierStokes.PhysicalView.ConsumerEnergy
26	H0mework.NavierStokes.PhysicalView.ConsumerNext
24	H0mework.NavierStokes.PhysicalView.ConsumerObservation
24	H0mework.NavierStokes.PhysicalView.ConsumerPhysical
26	H0mework.NavierStokes.PhysicalView.RootPairing
28	H0mework.NavierStokes.PhysicalView.RootPreparation
8.8	H0mework.NavierStokes.PlanarTriad.DoubleTriadDuhamelCanonicalConsumer
9.5	H0mework.NavierStokes.PlanarTriad.DoubleTriadDuhamelReadout
15	H0mework.NavierStokes.PlanarTriad.DoubleTriadEnergyConsumer
9	H0mework.NavierStokes.PlanarTriad.DoubleTriadFilteredPropagationCarrier
9.4	H0mework.NavierStokes.PlanarTriad.DoubleTriadIntegratedTraceWriteBack
8	H0mework.NavierStokes.PlanarTriad.DoubleTriadLocalTrajectory
12	H0mework.NavierStokes.PlanarTriad.DoubleTriadNestedResidualTransport
20	H0mework.NavierStokes.PlanarTriad.DoubleTriadRealScalarExtension
22	H0mework.NavierStokes.RecoveryAction.Recovery
14.4	H0mework.NavierStokes.RecoveryAction.RecoveryAE
19.2	H0mework.NavierStokes.RecoveryAction.RecoveryAdvance
20	H0mework.NavierStokes.RecoveryAction.RecoveryCoverage
38	H0mework.NavierStokes.RecoveryAction.RecoveryCurrentAction
36	H0mework.NavierStokes.RecoveryAction.RecoveryCurrentJets
20	H0mework.NavierStokes.RecoveryAction.RecoveryDecay
22	H0mework.NavierStokes.RecoveryAction.RecoveryDomain
22	H0mework.NavierStokes.RecoveryAction.RecoveryJets
26	H0mework.NavierStokes.RecoveryAction.RecoveryJointAction
30	H0mework.NavierStokes.RecoveryAction.RecoveryJointCurrent
20	H0mework.NavierStokes.RecoveryAction.RecoveryJointTimeKernel
20	H0mework.NavierStokes.RecoveryAction.RecoveryMixed
17.6	H0mework.NavierStokes.RecoveryAction.RecoveryMomentumIntegral
48	H0mework.NavierStokes.RecoveryAction.RecoveryPairedCarrier
26	H0mework.NavierStokes.RecoveryAction.RecoveryPhysical
32	H0mework.NavierStokes.RecoveryAction.RecoveryRowAction
18.6	H0mework.NavierStokes.RecoveryAction.RecoverySmallK
26	H0mework.NavierStokes.RecoveryAction.RecoveryTimeMomentumWrite
26	H0mework.NavierStokes.RecoveryAction.RecoveryTimeStrongRefinement
34	H0mework.NavierStokes.RecoveryAction.RecoveryUnifiedCurrent
24	H0mework.NavierStokes.RecoveryAction.RecoveryWindow
3.5	H0mework.NavierStokes.ReferenceErrorReferenceBarrier.Bootstrap
4	H0mework.NavierStokes.ReferenceErrorReferenceBarrier.Cubic
4.1	H0mework.NavierStokes.ReferenceErrorReferenceBarrier.Moving
3.3	H0mework.NavierStokes.ReferenceErrorReferenceBarrier.Slope
38	H0mework.NavierStokes.ResolvedAction.ResolvedAction
34	H0mework.NavierStokes.ResolvedAction.ResolvedNonlinearReadout
30	H0mework.NavierStokes.ResolvedAction.ResolvedPairingTransfer
18.6	H0mework.NavierStokes.ResolvedAction.ResolvedSpacetime
22	H0mework.NavierStokes.ResolvedAction.ResolvedUnifiedAction
20	H0mework.NavierStokes.ResolvedAction.ResolvedUnifiedOperators
26	H0mework.NavierStokes.ResolvedAction.ResolvedViscousReadout
7.7	H0mework.NavierStokes.ScaleControl.TimeDeferredMaterialization
30	H0mework.NavierStokes.ScaleControl.TimeReflexiveLedger
17	H0mework.NavierStokes.ScaleControl.TimeReflexiveResponse
8	H0mework.NavierStokes.ScaleControl.TimeRoundRuntime
11	H0mework.NavierStokes.ScaleControl.TimeShellJumpLedger
18	H0mework.NavierStokes.ScaleControl.TimeShellRound
10	H0mework.NavierStokes.ShellGluing.NativeMacroAdaptiveDuhamelResidualTelescope
11	H0mework.NavierStokes.ShellGluing.NativeMacroBoundaryTangentGluing
8.7	H0mework.NavierStokes.ShellGluing.NativeMacroFirstShellPDEBridge
9	H0mework.NavierStokes.ShellGluing.NativeMacroRedirect
8.5	H0mework.NavierStokes.ShellGluing.NativeMacroRedirectPDEObstruction
9.3	H0mework.NavierStokes.ShellGluing.NativeMacroRedirectRuntime
11	H0mework.NavierStokes.ShellGluing.NativeMacroWholeResidualActualIntegralPayment
10	H0mework.NavierStokes.ShellGluing.NativeMacroWholeResidualCommonTimeReplay
10	H0mework.NavierStokes.ShellGluing.NativeMacroWholeResidualCommonTimeReplayWeakClosure
8.5	H0mework.NavierStokes.ShellGluing.NativeMacroWholeResidualCriticalLineage
10	H0mework.NavierStokes.ShellGluing.NativeMacroWholeResidualCriticalPayment
8.2	H0mework.NavierStokes.ShellGluing.NativeMacroWholeResidualFeedback
7.1	H0mework.NavierStokes.ShellGluing.NativeMacroWholeResidualLineage
9.6	H0mework.NavierStokes.ShellGluing.NativeMacroWholeSpaceTimeReplay
17	H0mework.NavierStokes.ShellSources.ClosedNonlinearWeakLimit
7.6	H0mework.NavierStokes.ShellSources.ConsumeBeforeQuotient
13	H0mework.NavierStokes.ShellSources.CriticalSerrinWeakLimit
10	H0mework.NavierStokes.ShellSources.FixedWaveNonlinearL2
9.2	H0mework.NavierStokes.ShellSources.InfiniteLineageCarrierCompletion
10	H0mework.NavierStokes.ShellSources.InfiniteLineageCriticalPathCompactness
14	H0mework.NavierStokes.ShellSources.InfiniteLineageHilbertCompletion
7.9	H0mework.NavierStokes.ShellSources.InfiniteLineageReceiptSquare
9.8	H0mework.NavierStokes.ShellSources.InfiniteLineageWeakSolution
38	H0mework.NavierStokes.ShellSources.InfiniteMildDuhamel
14	H0mework.NavierStokes.ShellSources.InfiniteMildPhysicalLimit
12	H0mework.NavierStokes.ShellSources.NonlinearNegativeOneForcing
12	H0mework.NavierStokes.ShellSources.Path
12	H0mework.NavierStokes.ShellSources.PathTrajectory
14	H0mework.NavierStokes.ShellSources.PointwiseMassLimit
35	H0mework.NavierStokes.ShellSources.ReflexiveResidualTransport
15	H0mework.NavierStokes.ShellSources.ReflexiveWrite
8.1	H0mework.NavierStokes.ShellSources.RuntimeDisposition
26	H0mework.NavierStokes.ShellSources.Source
17	H0mework.NavierStokes.ShellSources.StrongContinuation
8.6	H0mework.NavierStokes.ShellSources.StrongContinuationEnergyLedger
11	H0mework.NavierStokes.ShellSources.TraceCumulative
25	H0mework.NavierStokes.ShellSources.WholeContinuousMild
19	H0mework.NavierStokes.ShellSources.WholeEnstrophyIdentity
11	H0mework.NavierStokes.ShellSources.WholeReceiptEnergyWriteBack
21	H0mework.NavierStokes.ShellSources.WholeReceiptSquareContinuation
24	H0mework.NavierStokes.SourceAction.AbsoluteEventual
22	H0mework.NavierStokes.SourceAction.ActionMoments
30	H0mework.NavierStokes.SourceAction.ChartPhaseWard
42	H0mework.NavierStokes.SourceAction.ChartPhysicalAction
32	H0mework.NavierStokes.SourceAction.Consumer
20	H0mework.NavierStokes.SourceAction.CurrentAction
20	H0mework.NavierStokes.SourceAction.CurrentReadout
19.4	H0mework.NavierStokes.SourceAction.Dissipation
24	H0mework.NavierStokes.SourceAction.EndpointEnergy
22	H0mework.NavierStokes.SourceAction.EndpointGain
34	H0mework.NavierStokes.SourceAction.EventualTail
20	H0mework.NavierStokes.SourceAction.Evolution
30	H0mework.NavierStokes.SourceAction.FinitePrefixChart
22	H0mework.NavierStokes.SourceAction.FinitePrefixWindow
26	H0mework.NavierStokes.SourceAction.FixedFilterGlobal
24	H0mework.NavierStokes.SourceAction.Flux
30	H0mework.NavierStokes.SourceAction.GeneratedSpacetime
68	H0mework.NavierStokes.SourceAction.HilbertDiracCurrent
26	H0mework.NavierStokes.SourceAction.Initial
26	H0mework.NavierStokes.SourceAction.JetObservation
24	H0mework.NavierStokes.SourceAction.JointFilter
36	H0mework.NavierStokes.SourceAction.Mixed
20	H0mework.NavierStokes.SourceAction.Next
24	H0mework.NavierStokes.SourceAction.PhysicalCurrent
19.4	H0mework.NavierStokes.SourceAction.PhysicalHistory
26	H0mework.NavierStokes.SourceAction.PhysicalHistoryControl
26	H0mework.NavierStokes.SourceAction.PhysicalHistoryCurrent
17.4	H0mework.NavierStokes.SourceAction.PolynomialJets
19.8	H0mework.NavierStokes.SourceAction.PolynomialObservations
6.2	H0mework.NavierStokes.SourceAction.PositiveKernelCarrier
26	H0mework.NavierStokes.SourceAction.PositiveTime
28	H0mework.NavierStokes.SourceAction.Pressure
11	H0mework.NavierStokes.SourceAction.PressureWholeConvolution
24	H0mework.NavierStokes.SourceAction.ReceiptProfile
32	H0mework.NavierStokes.SourceAction.ReceiptSpacetime
32	H0mework.NavierStokes.SourceAction.ReceiptStrongVelocityWrite
19.2	H0mework.NavierStokes.SourceAction.RootCurrentControl
30	H0mework.NavierStokes.SourceAction.RootSourceAction
24	H0mework.NavierStokes.SourceAction.ScalarGain
20	H0mework.NavierStokes.SourceAction.SmallSeed
22	H0mework.NavierStokes.SourceAction.SourceView.Formation.Occurrence.Material
32	H0mework.NavierStokes.SourceAction.Spacetime
8.1	H0mework.NavierStokes.SourceAction.TemporalActionCompression
19.2	H0mework.NavierStokes.SourceAction.WholeVelocityFilter
28	H0mework.NavierStokes.SourceEnergy.Content
30	H0mework.NavierStokes.SourceEnergy.Evolution
28	H0mework.NavierStokes.SourceEnergy.Work
10	H0mework.NavierStokes.SourceEstimates.CoefficientWork
40	H0mework.NavierStokes.SourceEstimates.ReferenceKineticMixedPair
12	H0mework.NavierStokes.SourceEstimates.ReferenceKineticStrain
8.6	H0mework.NavierStokes.SourceEstimates.ReferencePair
33	H0mework.NavierStokes.SourceEstimates.ReferenceTransport
37	H0mework.NavierStokes.SourceEstimates.ReferenceWork
8.6	H0mework.NavierStokes.SourceGeometry.SymmetryFields
8	H0mework.NavierStokes.SourceGeometry.SymmetryForcing
17	H0mework.NavierStokes.SourceGeometry.SymmetryPhase
6.7	H0mework.NavierStokes.SourceGeometry.SymmetryPreservation
9.3	H0mework.NavierStokes.SourceGeometry.SymmetryReceipt
7.8	H0mework.NavierStokes.SourceGeometry.SymmetryRows
11	H0mework.NavierStokes.SourceGeometry.SymmetryTime
7.6	H0mework.NavierStokes.SourceGeometry.VectorWorkEvaluation
6.8	H0mework.NavierStokes.SourceGeometry.VectorWorkFinite
7	H0mework.NavierStokes.SourceGeometry.VectorWorkHolder
8.3	H0mework.NavierStokes.SourceGeometry.VectorWorkIntegration
3.8	H0mework.NavierStokes.SourceGeometry.VectorWorkPointwise
11	H0mework.NavierStokes.SourceGeometry.VectorWorkProjection
7.4	H0mework.NavierStokes.SourceGeometry.VectorWorkReadout
9.6	H0mework.NavierStokes.SourceGeometry.VectorWorkRow
30	H0mework.NavierStokes.SourceHeat.GaussianPhase
30	H0mework.NavierStokes.SourceHeat.PairingAverage
26	H0mework.NavierStokes.SourceHeat.TranslationData
34	H0mework.NavierStokes.SourceHeat.WindowZero
44	H0mework.NavierStokes.SourceHeat.Zero
28	H0mework.NavierStokes.SourcePairing.MotherTransportGreenAdjoint
24	H0mework.NavierStokes.SourcePairing.MotherTransportGreenNormalization
26	H0mework.NavierStokes.SourcePairing.NativeActionLineSpatialOperators
7.4	H0mework.NavierStokes.SourcePairing.PairingKernelRealization
30	H0mework.NavierStokes.SourcePairing.PhysicalHistoryInitialAction
38	H0mework.NavierStokes.SourcePairing.RecoveryTimeCanonicalWrite
30	H0mework.NavierStokes.SourcePairing.SpacetimeEquation
32	H0mework.NavierStokes.SourcePairing.UnifiedDilationWrite
52	H0mework.NavierStokes.SourceReadout.Material
30	H0mework.NavierStokes.SourceSpacetime.Curl
32	H0mework.NavierStokes.SourceSpacetime.Time
20	H0mework.NavierStokes.SourceUnheated.Energy
15.8	H0mework.NavierStokes.SourceUnheated.GlobalGradient
28	H0mework.NavierStokes.SourceUnheated.MacroGradient
18.2	H0mework.NavierStokes.SourceUnheated.StressProduct
18.4	H0mework.NavierStokes.SourceUnheated.WindowGradient
30	H0mework.NavierStokes.SourceUnheated.WindowJensen
22	H0mework.NavierStokes.SourceUnheated.WindowResidual
24	H0mework.NavierStokes.SourceUnheated.WindowStress
24	H0mework.NavierStokes.SourceWindow.Pairing
42	H0mework.NavierStokes.SourceWindow.PairingAverage
48	H0mework.NavierStokes.SourceWindow.PairingMoments
34	H0mework.NavierStokes.SourceWindow.PairingReadout
24	H0mework.NavierStokes.StressAction.CompleteStressAction
26	H0mework.NavierStokes.StressAction.CompleteStressCarrier
30	H0mework.NavierStokes.StressAction.StressDynamicsBilinear
28	H0mework.NavierStokes.StressAction.StressPairingCarrier
34	H0mework.NavierStokes.StressDynamics.Cofinal
24	H0mework.NavierStokes.StressDynamics.CommonAdvector
22	H0mework.NavierStokes.StressDynamics.ConvectionFlux
28	H0mework.NavierStokes.StressDynamics.MixedActionLimit
44	H0mework.NavierStokes.StressDynamics.PolynomialAction
26	H0mework.NavierStokes.StressDynamics.RawAction
5.1	H0mework.NavierStokes.StressDynamics.StrongOperatorLimit
94	H0mework.NavierStokes.StressDynamics.TemporalDifferential
48	H0mework.NavierStokes.StressDynamics.TemporalGenerator
32	H0mework.NavierStokes.StressDynamics.ZeroStepAction
28	H0mework.NavierStokes.StressEvolution.ZeroStepLimit
26	H0mework.NavierStokes.StressEvolution.ZeroStepStress
22	H0mework.NavierStokes.StressEvolutionNegativeOne.Derivative
60	H0mework.NavierStokes.StressEvolutionRegeneration.Affine
17.8	H0mework.NavierStokes.StressEvolutionUnfiltered.Control
26	H0mework.NavierStokes.StressEvolutionUnfiltered.Interpolation
20	H0mework.NavierStokes.StressEvolutionUnfiltered.Measure
17.8	H0mework.NavierStokes.StressEvolutionUnfiltered.Physical
4.3	H0mework.NavierStokes.StressEvolutionUnfiltered.Sliding
20	H0mework.NavierStokes.StressEvolutionUnfiltered.Stress
34	H0mework.NavierStokes.StressEvolutionUnfiltered.StressAlgebra
19.6	H0mework.NavierStokes.StressEvolutionUnfiltered.TimeMomentum
20	H0mework.NavierStokes.StressEvolutionUnfiltered.Variation
30	H0mework.NavierStokes.StressEvolutionWhole.WholeH1ShiftedSource
26	H0mework.NavierStokes.StressEvolutionWhole.WholeH1SourceUniqueness
28	H0mework.NavierStokes.StressMovingSource.Interpolation
32	H0mework.NavierStokes.StressMovingSource.ProductPhysical
4.7	H0mework.NavierStokes.StressMovingSource.ProductScalar
7.1	H0mework.NavierStokes.StressMovingSource.ProductWeights
28	H0mework.NavierStokes.StressNegativeOne.GradientTime
28	H0mework.NavierStokes.StressNegativeOne.Inclusion
24	H0mework.NavierStokes.StressNegativeOne.Momentum
28	H0mework.NavierStokes.StressNegativeOne.Rate
26	H0mework.NavierStokes.StressNegativeOne.Write
32	H0mework.NavierStokes.StressRegeneration.Physical
28	H0mework.NavierStokes.StressRegeneration.Stress
30	H0mework.NavierStokes.StressRegeneration.StressEnergy
36	H0mework.NavierStokes.StressResolvent.FiniteResolvent
26	H0mework.NavierStokes.StressResolvent.ResolventActionGraph
34	H0mework.NavierStokes.StressResolvent.ResolventEquation
26	H0mework.NavierStokes.StressResolvent.ResolventResidual
26	H0mework.NavierStokes.StressResolvent.SourceResolvent
44	H0mework.NavierStokes.StressResolvent.TemporalResolvent
42	H0mework.NavierStokes.StressResolvent.TemporalResolventGraph
26	H0mework.NavierStokes.StressResolvent.TemporalResolventNext
56	H0mework.NavierStokes.StressResolvent.WholeResolvent
48	H0mework.NavierStokes.StressResolvent.WholeResolventEquation
28	H0mework.NavierStokes.StressResolvent.WholeResolventIdentity
30	H0mework.NavierStokes.StressResolvent.WholeResolventLimit
44	H0mework.NavierStokes.StressTimeControl.DualCurl
28	H0mework.NavierStokes.StressTimeControl.Interpolation
20	H0mework.NavierStokes.StressTimeControl.UnfilteredBudget
26	H0mework.NavierStokes.StressWeakInput.FiniteAdjoint
4.2	H0mework.NavierStokes.StressWeakInput.MovingPairing
26	H0mework.NavierStokes.StressWeakInput.OriginalInput
36	H0mework.NavierStokes.StressWeakInput.PhysicalPairing
38	H0mework.NavierStokes.StressWeakInput.StressAction
46	H0mework.NavierStokes.StressWeakInput.WholeAdjoint
32	H0mework.NavierStokes.StressWholeH1.Approximation
28	H0mework.NavierStokes.StressWholeH1.Cancellation
28	H0mework.NavierStokes.StressWholeH1.Equation
30	H0mework.NavierStokes.StressWholeH1.Mixed
30	H0mework.NavierStokes.StressWholeH1.OriginalSource
28	H0mework.NavierStokes.StressWholeH1.Pairing
32	H0mework.NavierStokes.TimeGramAction.RecoveryTimeGramAction
24	H0mework.NavierStokes.TimeGramAction.RecoveryTimeGramForce
28	H0mework.NavierStokes.TimeGramAction.RecoveryTimeGramMeasured
24	H0mework.NavierStokes.TimeGramAction.RecoveryTimeGramRaw
20	H0mework.NavierStokes.TimeGramAction.RecoveryTimeGramReadout
28	H0mework.NavierStokes.TimeJets.Time
34	H0mework.NavierStokes.TimeJets.TimeBilinear
38	H0mework.NavierStokes.TimeJets.TimeCarrier
42	H0mework.NavierStokes.TimeJets.TimeRecursion
22	H0mework.NavierStokes.TimeJets.TimeSource
18.2	H0mework.NavierStokes.UnheatedWriterGradient.Account
19.4	H0mework.NavierStokes.UnheatedWriterGradient.Physical
24	H0mework.NavierStokes.UnheatedWriterHalf.Carrier
22	H0mework.NavierStokes.UnheatedWriterHalf.InverseQuarter
34	H0mework.NavierStokes.UnheatedWriterHalf.Source
20	H0mework.NavierStokes.UnheatedWriterOne.Rate
18	H0mework.NavierStokes.UnheatedWriterOne.Write
54	H0mework.NavierStokes.UnheatedWriterPair.Evolution
32	H0mework.NavierStokes.UnheatedWriterPair.Flux
22	H0mework.NavierStokes.UnheatedWriterPair.GlobalEvolution
24	H0mework.NavierStokes.UnheatedWriterPair.GlobalIntegral
22	H0mework.NavierStokes.UnheatedWriterPair.GlobalWindow
4.9	H0mework.NavierStokes.UnheatedWriterPair.IntegralBilinear
26	H0mework.NavierStokes.UnheatedWriterPair.Kernel
46	H0mework.NavierStokes.UnheatedWriterPair.KernelBilinear
24	H0mework.NavierStokes.UnheatedWriterPair.NegativeKernel
26	H0mework.NavierStokes.UnheatedWriterPair.ViscousCancellation
44	H0mework.NavierStokes.UnheatedWriterPair.WindowControl
40	H0mework.NavierStokes.UnheatedWriterPair.WindowTail
20	H0mework.NavierStokes.UnheatedWriterQuartic.AllSlots
28	H0mework.NavierStokes.UnheatedWriterQuartic.Envelope
24	H0mework.NavierStokes.UnheatedWriterQuartic.EnvelopeSource
24	H0mework.NavierStokes.UnheatedWriterQuartic.HalfEnvelope
26	H0mework.NavierStokes.UnheatedWriterQuartic.Kernel
22	H0mework.NavierStokes.UnheatedWriterQuartic.Middle
28	H0mework.NavierStokes.UnheatedWriterQuartic.NormalForm
30	H0mework.NavierStokes.UnheatedWriterQuartic.OuterRows
22	H0mework.NavierStokes.UnheatedWriterQuartic.OuterSource
22	H0mework.NavierStokes.UnheatedWriterQuartic.RieszKernel
30	H0mework.NavierStokes.UnheatedWriterQuartic.Rows
30	H0mework.NavierStokes.UnheatedWriterQuartic.Source
22	H0mework.NavierStokes.UnheatedWriterQuartic.Time
26	H0mework.NavierStokes.UnheatedWriterQuartic.Window
20	H0mework.NavierStokes.UnheatedWriterQuintic.Weights
28	H0mework.NavierStokes.UnheatedWriterSobolev.Product
32	H0mework.NavierStokes.UnheatedWriterSobolev.Residual
36	H0mework.NavierStokes.UnheatedWriterSobolev.Stress
40	H0mework.NavierStokes.UnheatedWriterSobolev.Velocity
22	H0mework.NavierStokes.UnheatedWriterTail.Cubic
24	H0mework.NavierStokes.UnheatedWriterTail.Nonlinear
26	H0mework.NavierStokes.UnheatedWriterTail.Quadratic
20	H0mework.NavierStokes.UnheatedWriterTail.QuadraticCubic
28	H0mework.NavierStokes.UnheatedWriterTail.Weighted
46	H0mework.NavierStokes.UnheatedWriterTree.HeatConvolution
30	H0mework.NavierStokes.UnheatedWriterTree.HeatKernel
24	H0mework.NavierStokes.UnheatedWriterTree.HeatSpace
26	H0mework.NavierStokes.UnheatedWriterTree.RieszControl
14.6	H0mework.NavierStokes.UnheatedWriterTree.RieszKernel
34	H0mework.NavierStokes.UnheatedWriterTree.RieszPermutations
34	H0mework.NavierStokes.UnheatedWriterTree.Time
28	H0mework.NavierStokes.UnheatedWriterTree.Window
26	H0mework.NavierStokes.UnheatedWriterTriad.Absolute
28	H0mework.NavierStokes.UnheatedWriterTriad.ChannelWrite
28	H0mework.NavierStokes.UnheatedWriterTriad.Channels
26	H0mework.NavierStokes.UnheatedWriterTriad.CubicCarrier
28	H0mework.NavierStokes.UnheatedWriterTriad.CubicIdentity
22	H0mework.NavierStokes.UnheatedWriterTriad.CubicKernel
26	H0mework.NavierStokes.UnheatedWriterTriad.CubicRaw
36	H0mework.NavierStokes.UnheatedWriterTriad.CubicRows
26	H0mework.NavierStokes.UnheatedWriterTriad.DepthKernel
24	H0mework.NavierStokes.UnheatedWriterTriad.Kernel
46	H0mework.NavierStokes.UnheatedWriterTriad.Multilinear
30	H0mework.NavierStokes.UnheatedWriterTriad.Output
30	H0mework.NavierStokes.UnheatedWriterTriad.PrimitiveKernel
36	H0mework.NavierStokes.UnheatedWriterTriad.PrimitiveSource
22	H0mework.NavierStokes.UnheatedWriterTriad.Rows
26	H0mework.NavierStokes.UnheatedWriterTriad.Source
28	H0mework.NavierStokes.UnheatedWriterTriad.SourceAbsolute
24	H0mework.NavierStokes.UnheatedWriterTriad.SourceReadout
32	H0mework.NavierStokes.UnheatedWriterTriad.Sum
32	H0mework.NavierStokes.UnheatedWriterTriad.Time
22	H0mework.NavierStokes.UnheatedWriterTriad.WeightedRows
3.9	H0mework.NavierStokes.UnheatedWriterTriad.WeightedSum
24	H0mework.NavierStokes.UnheatedWriterTriad.Window
20	H0mework.NavierStokes.UnifiedAction.UnifiedActionHistory
46	H0mework.NavierStokes.UnifiedAction.UnifiedCofinalActionFeed
26	H0mework.NavierStokes.UnifiedAction.UnifiedCompleteSource
24	H0mework.NavierStokes.UnifiedAction.UnifiedCorrectionControl
20	H0mework.NavierStokes.UnifiedAction.UnifiedGlobalActionFeed
38	H0mework.NavierStokes.UnifiedAction.UnifiedGlobalDuhamel
24	H0mework.NavierStokes.UnifiedAction.UnifiedGlobalStressSource
38	H0mework.NavierStokes.UnifiedAction.UnifiedHeatAction
40	H0mework.NavierStokes.UnifiedAction.UnifiedHeatWrite
24	H0mework.NavierStokes.UnifiedAction.UnifiedMacroActionFeed
26	H0mework.NavierStokes.UnifiedAction.UnifiedRootActionFeed
52	H0mework.NavierStokes.UnifiedAction.UnifiedSourceActionFeed
26	H0mework.NavierStokes.UnifiedAction.UnifiedSourceDerivative
20	H0mework.NavierStokes.UnifiedAction.UnifiedStressSource
42	H0mework.NavierStokes.WholeHistory.WholeHistoryAction
32	H0mework.NavierStokes.WholeHistory.WholeHistoryClock
32	H0mework.NavierStokes.WholeHistory.WholeHistoryCurl
24	H0mework.NavierStokes.WholeHistory.WholeHistoryCurrent
30	H0mework.NavierStokes.WholeHistory.WholeHistoryField
32	H0mework.NavierStokes.WholeHistory.WholeHistoryPhysical
18.6	H0mework.NavierStokes.WholeHistory.WholeHistoryPhysicalAction
37	H0mework.NavierStokes.WholeSpace.InfiniteFixedOutputNonlinearRow
9.6	H0mework.NavierStokes.WholeSpace.InfiniteFixedWaveResidualSilenceMildDuhamel
10	H0mework.NavierStokes.WholeSpace.InfiniteFixedWaveResidualSilenceWeakCarrier
28	H0mework.NavierStokes.WholeSpace.InfiniteFixedWaveWeakCarrier
8	H0mework.NavierStokes.WholeSpace.InfiniteNonlinearNegativeSobolev
17	H0mework.NavierStokes.WholeSpace.WholeContinuousMildAssembly
14	H0mework.NavierStokes.WholeSpace.WholeContinuousMildSerrinOverlap
38	H0mework.NavierStokes.WholeSpace.WholeContinuousMildSerrinUniqueness
139	H0mework.NavierStokes.WholeSpace.WholeContinuousMildSerrinWeakAction
9.1	H0mework.NavierStokes.WholeSpace.WholeSpaceTimeCoordinateParseval
12	H0mework.NavierStokes.WholeSpace.WholeSpaceTimeCriticalSerrin
14	H0mework.NavierStokes.WholeSpace.WholeSpaceTimeGradientLowerSemicontinuity
14	H0mework.NavierStokes.WholeSpace.WholeSpaceTimeNonlinearNegativeOne
43	H0mework.NavierStokes.WholeSpace.WholeSpaceTimeViscousNegativeOne
13	H0mework.NavierStokes.WholeSpace.WholeStateSourceOwnedLocalBarrier
36	H0mework.NavierStokes.WindowEnergyApproximation.Source
26	H0mework.NavierStokes.WindowEnergyApproximation.Tail
60	H0mework.NavierStokes.WindowEnergyApproximation.Window
20	H0mework.NavierStokes.WindowEnergyAugmented.Coercivity
36	H0mework.NavierStokes.WindowEnergyAugmented.FixedOperator
24	H0mework.NavierStokes.WindowEnergyAugmented.GlobalGreen
26	H0mework.NavierStokes.WindowEnergyAugmented.Gradient
32	H0mework.NavierStokes.WindowEnergyAugmented.GradientSource
42	H0mework.NavierStokes.WindowEnergyAugmented.Green
22	H0mework.NavierStokes.WindowEnergyAugmented.HierarchyInitialMoments
48	H0mework.NavierStokes.WindowEnergyAugmented.HierarchySource
30	H0mework.NavierStokes.WindowEnergyAugmented.HierarchyWords
30	H0mework.NavierStokes.WindowEnergyAugmented.HistoryPairWindow
34	H0mework.NavierStokes.WindowEnergyAugmented.Payment
32	H0mework.NavierStokes.WindowEnergyAugmented.SourceForm
24	H0mework.NavierStokes.WindowEnergyAugmented.TestProduct
26	H0mework.NavierStokes.WindowEnergyAugmented.TimeForm
28	H0mework.NavierStokes.WindowEnergyConvection.CutoffAction
32	H0mework.NavierStokes.WindowEnergyConvection.CutoffCurrent
34	H0mework.NavierStokes.WindowEnergyConvection.CutoffNormalForm
26	H0mework.NavierStokes.WindowEnergyConvection.CutoffOperatorInverse
20	H0mework.NavierStokes.WindowEnergyConvection.CutoffOperatorKernel
20	H0mework.NavierStokes.WindowEnergyConvection.CutoffOperatorRelative
19.8	H0mework.NavierStokes.WindowEnergyConvection.CutoffOperatorTime
20	H0mework.NavierStokes.WindowEnergyConvection.CutoffPayment
40	H0mework.NavierStokes.WindowEnergyConvection.CutoffPhysical
36	H0mework.NavierStokes.WindowEnergyConvection.CutoffStress
26	H0mework.NavierStokes.WindowEnergyConvection.CutoffTrace
38	H0mework.NavierStokes.WindowEnergyConvection.CutoffWindow
26	H0mework.NavierStokes.WindowEnergyCrossHistory.Action
38	H0mework.NavierStokes.WindowEnergyCrossHistory.Green
36	H0mework.NavierStokes.WindowEnergyCutoffHalf.Action
28	H0mework.NavierStokes.WindowEnergyCutoffHalf.Source
30	H0mework.NavierStokes.WindowEnergyHighPressure.Current
24	H0mework.NavierStokes.WindowEnergyHighPressure.Physical
34	H0mework.NavierStokes.WindowEnergyHighPressure.Resolvent
30	H0mework.NavierStokes.WindowEnergyHighPressure.StrainHistory
24	H0mework.NavierStokes.WindowEnergyHighPressure.StrainPhysical
26	H0mework.NavierStokes.WindowEnergyHighTransport.Forcing
32	H0mework.NavierStokes.WindowEnergyHighTransport.Green
28	H0mework.NavierStokes.WindowEnergyHighTransport.Heat
32	H0mework.NavierStokes.WindowEnergyHighTransport.NormalForm
38	H0mework.NavierStokes.WindowEnergyHighTransport.Product
28	H0mework.NavierStokes.WindowEnergyHighTransport.Relative
34	H0mework.NavierStokes.WindowEnergyHighTransport.Resolvent
34	H0mework.NavierStokes.WindowEnergyHighTransport.Source
26	H0mework.NavierStokes.WindowEnergyHighTransport.Spatial
32	H0mework.NavierStokes.WindowEnergyHighTransport.Work
26	H0mework.NavierStokes.WindowEnergyJoint.EnergyGate
24	H0mework.NavierStokes.WindowEnergyJoint.HalfTest
30	H0mework.NavierStokes.WindowEnergyJoint.Heat
26	H0mework.NavierStokes.WindowEnergyJoint.LowPressure
19.2	H0mework.NavierStokes.WindowEnergyJoint.NormalForm
32	H0mework.NavierStokes.WindowEnergyLowAdvector.Energy
26	H0mework.NavierStokes.WindowEnergyLowAdvector.History
30	H0mework.NavierStokes.WindowEnergyPreparation.Action
20	H0mework.NavierStokes.WindowEnergyPreparation.Energy
22	H0mework.NavierStokes.WindowEnergyPreparation.Field
34	H0mework.NavierStokes.WindowEnergyPreparation.Force
30	H0mework.NavierStokes.WindowEnergyPreparation.Initial
24	H0mework.NavierStokes.WindowEnergyPreparation.Write
24	H0mework.NavierStokes.WindowEnergyPressure.Kernel
34	H0mework.NavierStokes.WindowEnergyPressure.Source
28	H0mework.NavierStokes.WindowEnergyPressureSectors.Kernel
28	H0mework.NavierStokes.WindowEnergyPressureSectors.Source
36	H0mework.NavierStokes.WindowEnergyRetained.Action
32	H0mework.NavierStokes.WindowEnergyRetained.Pressure
82	H0mework.NavierStokes.WindowEnergyTimeIncrement.Source
50	H0mework.NavierStokes.WindowEnergyTimeIncrement.Weight
26	H0mework.NavierStokes.WindowEnergyTrace.Correction
26	H0mework.NavierStokes.WindowEnergyTrace.Energy
24	H0mework.NavierStokes.WindowEnergyTrace.Evolution
26	H0mework.NavierStokes.WindowEnergyTrace.Gradient
24	H0mework.NavierStokes.WindowEnergyTrace.HalfKernel
22	H0mework.NavierStokes.WindowEnergyTraceAdjoint.Gap
30	H0mework.NavierStokes.WindowEnergyTraceAdjoint.Joint
26	H0mework.NavierStokes.WindowEnergyTraceAdjoint.Source
28	H0mework.NavierStokes.WindowEnergyTraceAdjoint.Time
32	H0mework.NavierStokes.WindowEnergyTraceAdjoint.Write
18.4	H0mework.NavierStokes.WindowEnergyTraceClock.ClockForm
22	H0mework.NavierStokes.WindowEnergyTraceClock.ClockInverse
22	H0mework.NavierStokes.WindowEnergyTraceCoupled.CoupledAction
20	H0mework.NavierStokes.WindowEnergyTraceCoupled.CoupledBound
19.6	H0mework.NavierStokes.WindowEnergyTraceCoupled.CoupledEnergy
26	H0mework.NavierStokes.WindowEnergyTraceCoupled.CoupledNext
20	H0mework.NavierStokes.WindowEnergyTraceCoupled.Write
19	H0mework.NavierStokes.WindowEnergyTraceCut.CutActionPhysical
30	H0mework.NavierStokes.WindowEnergyTraceCut.CutActionSource
48	H0mework.NavierStokes.WindowEnergyTraceCut.CutResponseSource
22	H0mework.NavierStokes.WindowEnergyTraceDual.Energy
22	H0mework.NavierStokes.WindowEnergyTraceDual.Window
32	H0mework.NavierStokes.WindowEnergyTraceEndpoint.Action
36	H0mework.NavierStokes.WindowEnergyTraceEndpoint.Family
28	H0mework.NavierStokes.WindowEnergyTraceEndpoint.Window
16.6	H0mework.NavierStokes.WindowEnergyTraceInverse.Control
19.6	H0mework.NavierStokes.WindowEnergyTraceInverse.Integral
26	H0mework.NavierStokes.WindowEnergyTraceInverse.Mass
22	H0mework.NavierStokes.WindowEnergyTraceInverse.Write
20	H0mework.NavierStokes.WindowEnergyTraceOperator.Action
26	H0mework.NavierStokes.WindowEnergyTraceOperator.Kernel
24	H0mework.NavierStokes.WindowEnergyTraceOperator.Time
20	H0mework.NavierStokes.WindowEnergyTraceTerminal.Average
40	H0mework.NavierStokes.WindowEnergyTraceTerminal.Cubic
44	H0mework.NavierStokes.WindowEnergyTraceTerminal.Graph
26	H0mework.NavierStokes.WindowEnergyTraceTerminal.GraphHeat
48	H0mework.NavierStokes.WindowEnergyTraceTerminal.MixedCubic
32	H0mework.NavierStokes.WindowEnergyTraceTerminal.MixedWindow
26	H0mework.NavierStokes.WindowEnergyTraceTerminal.Operator
20	H0mework.NavierStokes.WindowEnergyTraceTerminal.Payment
26	H0mework.NavierStokes.WindowEnergyTraceTerminal.Synthesis
44	H0mework.NavierStokes.WindowEnergyTraceTerminal.Window
28	H0mework.NavierStokes.WindowEnergyTraceWhole.Control
26	H0mework.NavierStokes.WindowEnergyTraceWhole.HistoryPreparation
20	H0mework.NavierStokes.WindowEnergyTraceWhole.Joint
52	H0mework.NavierStokes.WindowEnergyTraceWhole.Source
24	H0mework.NavierStokes.WindowHistory.Current
38	H0mework.NavierStokes.WindowHistory.ForcingWork
28	H0mework.NavierStokes.WindowHistory.Gradient
22	H0mework.NavierStokes.WindowHistory.Mass
32	H0mework.NavierStokes.WindowHistory.Realization
38	H0mework.NavierStokes.WindowHistory.SpatialWords
40	H0mework.NavierStokes.WindowHistory.Translation
30	H0mework.NavierStokes.WindowHistory.Vectors
34	H0mework.NavierStokes.WindowHistoryAction.Green
34	H0mework.NavierStokes.WindowHistoryAction.Matter
32	H0mework.NavierStokes.WindowHistoryAnnihilation.Control
36	H0mework.NavierStokes.WindowHistoryAnnihilation.Rows
24	H0mework.NavierStokes.WindowHistoryCreation.Covariance
26	H0mework.NavierStokes.WindowHistoryCreation.Form
22	H0mework.NavierStokes.WindowHistoryCreation.Geometry
26	H0mework.NavierStokes.WindowHistoryCreation.Source
38	H0mework.NavierStokes.WindowHistoryMetricGraph.Coupling
40	H0mework.NavierStokes.WindowHistoryMetricGraph.Green
42	H0mework.NavierStokes.WindowHistoryMetricGraph.History
52	H0mework.NavierStokes.WindowHistoryMetricGraph.Mean
26	H0mework.NavierStokes.WindowHistoryMetricGraph.Potential
22	H0mework.NavierStokes.WindowHistoryMetricGraph.Source
24	H0mework.NavierStokes.WindowHistoryMetricGraph.Synthesis
48	H0mework.NavierStokes.WindowHistoryOseen.Action
26	H0mework.NavierStokes.WindowHistoryOseen.Equation
44	H0mework.NavierStokes.WindowHistoryOseen.Fiber
54	H0mework.NavierStokes.WindowHistoryOseen.Gap
26	H0mework.NavierStokes.WindowHistoryOseen.Rate
32	H0mework.NavierStokes.WindowHistoryOseen.Source
28	H0mework.NavierStokes.WindowHistoryRecovery.Covariance
22	H0mework.NavierStokes.WindowHistoryRecovery.Whole
32	H0mework.NavierStokes.WindowPhysics.HeatCarrier
28	H0mework.NavierStokes.WindowPhysics.HeatEvolution
32	H0mework.NavierStokes.WindowPhysics.HeatMultiplier
32	H0mework.NavierStokes.WindowPhysics.HeatSpatialSynthesis
38	H0mework.NavierStokes.WindowPhysics.PredictionRows
34	H0mework.NavierStokes.WindowPhysics.PredictionWhole
38	H0mework.NavierStokes.WindowPhysics.RootCarrier
28	H0mework.NavierStokes.WindowPhysics.RootCompleteControl
32	H0mework.NavierStokes.WindowPhysics.RootControl
32	H0mework.NavierStokes.WindowPhysics.RootPrediction
26	H0mework.NavierStokes.WindowPhysics.RootRuntime
42	H0mework.NavierStokes.WindowPhysics.SpacetimeFourier
24	H0mework.NavierStokes.WindowPhysics.SpacetimeFourierProduct
34	H0mework.NavierStokes.WindowPhysics.SpacetimeResidual
40	H0mework.NavierStokes.WindowPhysics.SpacetimeStress
36	H0mework.NavierStokes.WindowPhysics.SpacetimeVelocity
30	H0mework.NavierStokes.WindowPhysics.WindowEvolution
46	H0mework.NavierStokes.WindowPhysics.WindowJets
44	H0mework.NavierStokes.WindowPhysics.WindowSource
44	H0mework.NavierStokes.WindowPhysics.WindowWrite
50	H0mework.NavierStokes.WindowSchurAbsolute.Bridge
24	H0mework.NavierStokes.WindowSchurAbsolute.Carrier
54	H0mework.NavierStokes.WindowSchurAbsolute.Fourier
48	H0mework.NavierStokes.WindowSchurAbsolute.GNS
20	H0mework.NavierStokes.WindowSchurAbsolute.Gradient
46	H0mework.NavierStokes.WindowSchurAbsolute.Isometry
30	H0mework.NavierStokes.WindowSchurAbsolute.Kernel
32	H0mework.NavierStokes.WindowSchurAbsolute.PhysicalCompletion
34	H0mework.NavierStokes.WindowSchurAbsolute.PhysicalCurrent
20	H0mework.NavierStokes.WindowSchurAbsolute.PhysicalLimit
66	H0mework.NavierStokes.WindowSchurAbsolute.PhysicalMatter
30	H0mework.NavierStokes.WindowSchurAbsolute.PhysicalRead
19.8	H0mework.NavierStokes.WindowSchurAbsolute.PhysicalStress
24	H0mework.NavierStokes.WindowSchurAbsolute.Source
24	H0mework.NavierStokes.WindowSchurDynamic.CrossBudget
30	H0mework.NavierStokes.WindowSchurDynamic.CrossWindow
52	H0mework.NavierStokes.WindowSchurDynamic.Derivative
22	H0mework.NavierStokes.WindowSchurDynamic.Energy
46	H0mework.NavierStokes.WindowSchurDynamic.History
32	H0mework.NavierStokes.WindowSchurDynamic.JacobianControl
24	H0mework.NavierStokes.WindowSchurDynamic.JacobianForm
62	H0mework.NavierStokes.WindowSchurDynamic.JacobianSpatial
42	H0mework.NavierStokes.WindowSchurDynamic.Kernel
30	H0mework.NavierStokes.WindowSchurDynamic.Test
26	H0mework.NavierStokes.WindowSchurFirst.Jet
36	H0mework.NavierStokes.WindowSchurFirst.WholeMatter
26	H0mework.NavierStokes.WindowSchurFrozen.Effective
24	H0mework.NavierStokes.WindowSchurFrozen.EffectiveBounds
36	H0mework.NavierStokes.WindowSchurFrozen.EffectiveTime
20	H0mework.NavierStokes.WindowSchurFrozen.EnergySize
28	H0mework.NavierStokes.WindowSchurFrozen.HeatDual
36	H0mework.NavierStokes.WindowSchurFrozen.HeatWindow
34	H0mework.NavierStokes.WindowSchurFrozen.Kernel
42	H0mework.NavierStokes.WindowSchurFrozen.Window
30	H0mework.NavierStokes.WindowSchurMean.Action
52	H0mework.NavierStokes.WindowSchurMean.Blocks
22	H0mework.NavierStokes.WindowSchurMean.Drift
44	H0mework.NavierStokes.WindowSchurMean.ForceResolution
26	H0mework.NavierStokes.WindowSchurMean.Forcing
24	H0mework.NavierStokes.WindowSchurMean.ForcingTest
26	H0mework.NavierStokes.WindowSchurMean.Gradient
22	H0mework.NavierStokes.WindowSchurMean.JetEnergy
24	H0mework.NavierStokes.WindowSchurMean.PhysicalJet
50	H0mework.NavierStokes.WindowSchurMean.Projection
20	H0mework.NavierStokes.WindowSchurMean.Recovery
26	H0mework.NavierStokes.WindowSchurMean.Time
34	H0mework.NavierStokes.WindowSchurPropagator.Flow
46	H0mework.NavierStokes.WindowSchurPropagator.Kernel
48	H0mework.NavierStokes.WindowSchurPropagator.Write
26	H0mework.NavierStokes.WindowSchurSchur.Action
32	H0mework.NavierStokes.WindowSchurSchur.AdvectorAction
32	H0mework.NavierStokes.WindowSchurSchur.AdvectorEnergy
50	H0mework.NavierStokes.WindowSchurSchur.AdvectorFiber
22	H0mework.NavierStokes.WindowSchurSchur.CommonForceBounds
24	H0mework.NavierStokes.WindowSchurSchur.CommonForceTime
26	H0mework.NavierStokes.WindowSchurSchur.CommonResponse
28	H0mework.NavierStokes.WindowSchurSchur.CommonResponseWork
34	H0mework.NavierStokes.WindowSchurSchur.Completion
32	H0mework.NavierStokes.WindowSchurSchur.Form
28	H0mework.NavierStokes.WindowSchurSchur.Momentum
36	H0mework.NavierStokes.WindowSchurSchur.Resolvent
56	H0mework.NavierStokes.WindowSchurSchur.SampleControl
36	H0mework.NavierStokes.WindowSchurSchur.TemporalControl
28	H0mework.NavierStokes.WindowSchurSchur.Transpose
34	H0mework.NavierStokes.WindowSchurSchur.WeakPairing
22	H0mework.NavierStokes.WindowSchurSchur.WeightedInverse
28	H0mework.NavierStokes.WindowSource.OperatorGreenAlgebra
28	H0mework.NavierStokes.WindowSource.OperatorGreenSource
30	H0mework.NavierStokes.WindowSource.PairActionRows
28	H0mework.NavierStokes.WindowSourceGreen.Complete
30	H0mework.NavierStokes.WindowSourceGreen.CompleteDensityCoefficient
24	H0mework.NavierStokes.WindowSourceGreen.CompleteDensityForm
20	H0mework.NavierStokes.WindowSourceGreen.FiniteDensityCoefficient
18.4	H0mework.NavierStokes.WindowSourceGreen.FormCritical
28	H0mework.NavierStokes.WindowSourceGreen.FormProduct
28	H0mework.NavierStokes.WindowSourceGreen.FormTest
20	H0mework.NavierStokes.WindowSourceGreen.SpatialCoefficient
24	H0mework.NavierStokes.WindowSourceGreen.SpatialForm
24	H0mework.NavierStokes.WindowSourceGreen.TemporalCoefficient
24	H0mework.NavierStokes.WindowSourceGreen.TemporalForm
28	H0mework.NavierStokes.WindowSourcePreparation.Action
30	H0mework.NavierStokes.WindowSourcePreparation.ForcingPhysical
26	H0mework.NavierStokes.WindowSourcePreparation.ForcingSource
34	H0mework.NavierStokes.WindowSourcePreparation.InitialSource
38	H0mework.NavierStokes.WindowSourcePreparation.InitialStress
28	H0mework.NavierStokes.WindowSourcePreparation.Source
32	H0mework.NavierStokes.WindowSourcePreparation.Write
26	H0mework.NavierStokes.WindowSourceSobolev.Continuity
24	H0mework.NavierStokes.WindowSourceSobolev.PreparationSource
28	H0mework.NavierStokes.WindowSourceSobolev.UniformTail
22	H0mework.NavierStokes.WindowStressHeat.Balance
24	H0mework.NavierStokes.WindowStressHeat.Energy
48	H0mework.NavierStokes.WindowStressHeat.FiniteSource
28	H0mework.NavierStokes.WindowStressHeat.Fourier
4.8	H0mework.NavierStokes.WindowStressHeat.Gram
26	H0mework.NavierStokes.WindowStressHeat.OseenApprox
24	H0mework.NavierStokes.WindowStressHeat.OseenDiffusion
26	H0mework.NavierStokes.WindowStressHeat.OseenLow
26	H0mework.NavierStokes.WindowStressHeat.OseenSource
36	H0mework.NavierStokes.WindowStressHeat.OseenTest
32	H0mework.NavierStokes.WindowStressHeat.Source
22	H0mework.NavierStokes.WindowStressHeat.Time
60	H0mework.Papers.BellNist.RealFamilyCertification
20	H0mework.Papers.ConstrainedLocalQuantumT
19.4	H0mework.Papers.ConstrainedLocalQuantumV
3.6	H0mework.Papers.ConstrainedLocalQuantumX
18.8	H0mework.Papers.LowEnergyLoopResponse
26	H0mework.Papers.LowEnergyPhenomenology
17.2	H0mework.Papers.NativeFlow
20	H0mework.Papers.NativeFlowX
48	H0mework.Papers.ObservationDynamics
19	H0mework.Papers.PhysicsCommonSource
18.8	H0mework.Papers.PhysicsCommonSourceF
26	H0mework.Papers.PhysicsCommonSourceX
18.6	H0mework.Papers.SourceProcessCore
4.8	H0mework.Papers.SourceProcessCoreSupplement
15.2	H0mework.Physics.ActionForcing.FixedConnectionRelativeScalarSettlement
36	H0mework.Physics.ActionForcing.FixedMotherActionChargeScalarPairing
17	H0mework.Physics.ActionForcing.FixedOccurrenceP286ActionForcingBridge
16.6	H0mework.Physics.ActionForcing.FixedOccurrenceP286AllPointActionNormalForm
26	H0mework.Physics.ActionForcing.FixedOccurrenceP286ZeroSliceActionProfile
26	H0mework.Physics.Actual.DynamicsOnShell
88	H0mework.Physics.Actual.FieldsHistoryBounds
22	H0mework.Physics.Actual.HistoryConfiguration
26	H0mework.Physics.Actual.HistoryOnShell
22	H0mework.Physics.Actual.HistoryRuntime
26	H0mework.Physics.Actual.RuntimeConsumer
26	H0mework.Physics.Actual.RuntimeEnergyFace
26	H0mework.Physics.Actual.RuntimeInquiry
24	H0mework.Physics.Actual.WeakCandidate
2.5	H0mework.Physics.Actual.WeakCluster
44	H0mework.Physics.Actual.WeakCompactBounds
20	H0mework.Physics.Actual.WeakHistory
2.4	H0mework.Physics.Actual.WeakOccurrence
30	H0mework.Physics.Actual.WeakUniqueness
96	H0mework.Physics.ActualGerms.FixedCartanRestartTemporalElectricKernel
30	H0mework.Physics.ActualGerms.FixedFirstGerm
74	H0mework.Physics.ActualGerms.FixedFullOccurrenceAdjointTemporalRegularity
38	H0mework.Physics.ActualGerms.FixedFullOccurrenceMatterTemporalRegularity
22	H0mework.Physics.ActualGerms.FixedJointMatterAdjointTemporalFirstJet
28	H0mework.Physics.ActualGerms.FixedJointTemporalMatterTimeAxisRegularity
19.6	H0mework.Physics.ActualGerms.FixedP286AuxiliaryFirstJet
24	H0mework.Physics.ActualGerms.FixedPointwiseActionJet
20	H0mework.Physics.ActualGerms.FixedZeroSliceCoframe
14	H0mework.Physics.Admission.EmpiricalReferenceScaleCouplingBoundary
7.5	H0mework.Physics.Admission.RawAuthorityStanding
7.9	H0mework.Physics.Admission.RawTemporalStanding
8.3	H0mework.Physics.Admission.SU7A6RootGraphStandingAdapter
6.5	H0mework.Physics.Admission.StandingAuditBasis
6.6	H0mework.Physics.Admission.StandingPullback
38	H0mework.Physics.Bell.Effects
30	H0mework.Physics.Bell.Herald
124	H0mework.Physics.Bell.Operators
42	H0mework.Physics.Bell.Preparation
20	H0mework.Physics.Bell.Probabilities
32	H0mework.Physics.Bell.RealFamily
22	H0mework.Physics.Bell.Runtime
30	H0mework.Physics.Bell.Source
24	H0mework.Physics.CartanReduction.ActionIncrement
46	H0mework.Physics.CartanReduction.AlgebraicCartan
20	H0mework.Physics.CartanReduction.P286Descent
24	H0mework.Physics.CartanReduction.P286Dynamics
28	H0mework.Physics.Cauchy.P286RelativeScalarConstraintOperator
5.6	H0mework.Physics.Coframe.CoframeJointCalculus
30	H0mework.Physics.CompositeSpectrum.Acceptance
34	H0mework.Physics.CompositeSpectrum.Action
26	H0mework.Physics.CompositeSpectrum.Complement
26	H0mework.Physics.CompositeSpectrum.Naturality
106	H0mework.Physics.CompositeSpectrum.Parity
46	H0mework.Physics.CompositeSpectrum.Rotation
32	H0mework.Physics.CompositeSpectrum.Trace
5.3	H0mework.Physics.ConductanceCell.Bands
3.4	H0mework.Physics.ConductanceCell.CellSource
4.9	H0mework.Physics.ConductanceCell.InteriorEquilibrium
1	H0mework.Physics.Constitutive.ConstitutiveOperator
42	H0mework.Physics.ConstitutiveInterfacesQuantization.CheckConsumer
90	H0mework.Physics.ConstitutiveInterfacesQuantization.CheckControls
86	H0mework.Physics.ConstitutiveInterfacesQuantization.CheckCurrent
5.1	H0mework.Physics.ConstitutiveInterfacesQuantization.CheckFermion
880	H0mework.Physics.ConstrainedCauchy.FixedCartanECCauchyTemporalGlobalOperator
52	H0mework.Physics.ConstrainedCauchy.FixedDirectPrefixQuadraticCoframeBoundary
18.6	H0mework.Physics.ConstrainedCauchy.FixedECFullCauchyCurvatureTargetSpatialRegularity
192	H0mework.Physics.ConstrainedCauchy.FixedECFullCauchyInputSpatialRegularity
160	H0mework.Physics.ConstrainedCauchy.FixedECFullCauchyLiveStressSpatialRegularity
22	H0mework.Physics.ConstrainedCauchy.FixedExponentialGlobalOperator
19.4	H0mework.Physics.ConstrainedCauchy.FixedExponentialJointDirectPrimitivePath
22	H0mework.Physics.ConstrainedCauchy.FixedExponentialPreparedActual
18.8	H0mework.Physics.ConstrainedCauchy.FixedFirstAssemblyGeneratedJointNormalForm
16	H0mework.Physics.ConstrainedCauchy.FixedFirstAssemblyP286ConnectionEvaluatorNormalForm
66	H0mework.Physics.ConstrainedCauchy.FixedGlobalOperator
28	H0mework.Physics.ConstrainedCauchy.FixedJointDirectPrimitivePath
15.8	H0mework.Physics.ConstrainedCauchy.FixedJointDirectPrimitivePathGLCoframe
30	H0mework.Physics.ConstrainedCauchy.FixedJointDirectPrimitivePathRadialFirstJet
30	H0mework.Physics.ConstrainedCauchy.FixedJointP286LiveElectricCauchyOperator
30	H0mework.Physics.ConstrainedCauchy.FixedOriginJointResidual
34	H0mework.Physics.ConstrainedCauchy.FixedWholeSpacetimeAssembly
7.8	H0mework.Physics.CouplingSources.P274
65	H0mework.Physics.Dirac.DiracCliffordRepresentation
11	H0mework.Physics.Dirac.DiracGammaCentralizer
24	H0mework.Physics.Dirac.FullDiracAdjointCoupledTemporalResidual
76	H0mework.Physics.Dirac.FullDiracAdjointLocalOperator
26	H0mework.Physics.Dirac.FullDiracAdjointProfileOperatorResidual
36	H0mework.Physics.Dirac.FullDiracAdjointProfileResidual
14	H0mework.Physics.Dirac.PointwiseDiracSpinConnectionLift
4.7	H0mework.Physics.DiracEvolution.CountableWeakPairingCompactness
11	H0mework.Physics.DiracEvolution.GalerkinEvolution
8.3	H0mework.Physics.DiracEvolution.GeneratedWeakLimitActualization
46	H0mework.Physics.DiracEvolution.SafeAllL2MassRead
46	H0mework.Physics.DiracEvolution.SafeCanonicalAffineBoundaryForcing
46	H0mework.Physics.DiracEvolution.SafeCanonicalAffineBoundaryStep
32	H0mework.Physics.DiracEvolution.SafeCanonicalAffineEssentialBound
42	H0mework.Physics.DiracEvolution.SafeCanonicalAffineGreenAssembly
44	H0mework.Physics.DiracEvolution.SafeCanonicalAffineGreenGeneratedLimitRecognition
98	H0mework.Physics.DiracEvolution.SafeCanonicalAffineInteriorFirstJetActionLaw
46	H0mework.Physics.DiracEvolution.SafeCanonicalAffinePhysicalActionTransport
36	H0mework.Physics.DiracEvolution.SafeCanonicalAffinePhysicalGreenEquation
52	H0mework.Physics.DiracEvolution.SafeCanonicalAffineRieszActualization
26	H0mework.Physics.DiracEvolution.SafeCanonicalAffineSpatialDifferenceQuotientActionRead
38	H0mework.Physics.DiracEvolution.SafeCanonicalAffineSpatialDifferenceQuotientCommutator
52	H0mework.Physics.DiracEvolution.SafeCanonicalAffineSpatialDifferenceQuotientRegularizer
30	H0mework.Physics.DiracEvolution.SafeCanonicalAffineSpatialDifferenceQuotientTest
64	H0mework.Physics.DiracEvolution.SafeCanonicalAffineTailEnergyActionLaw
60	H0mework.Physics.DiracEvolution.SafeCanonicalAffineTailEnergyCenter
68	H0mework.Physics.DiracEvolution.SafeCanonicalAffineUniformEnergy
22	H0mework.Physics.DiracEvolution.SafeCanonicalAffineVolterraActualization
28	H0mework.Physics.DiracEvolution.SafeCanonicalAffineVolterraRecognition
38	H0mework.Physics.DiracEvolution.SafeCanonicalAffineVolterraRieszActualization
48	H0mework.Physics.DiracEvolution.SafeCanonicalAffineWeakLimitOccurrence
36	H0mework.Physics.DiracEvolution.SafeCanonicalCrossLevelStability
20	H0mework.Physics.DiracEvolution.SafeCanonicalDenseRieszActualization
26	H0mework.Physics.DiracEvolution.SafeCanonicalDynamicCrossLevelStability
40	H0mework.Physics.DiracEvolution.SafeCanonicalDynamicMassProjection
38	H0mework.Physics.DiracEvolution.SafeCanonicalFinitePropagator
30	H0mework.Physics.DiracEvolution.SafeCanonicalFiniteStep
92	H0mework.Physics.DiracEvolution.SafeCanonicalForcedCrossLevelEnergy
52	H0mework.Physics.DiracEvolution.SafeCanonicalGalerkinBasis
42	H0mework.Physics.DiracEvolution.SafeCanonicalMassProjectionConvergence
30	H0mework.Physics.DiracEvolution.SafeCanonicalResponseL2TimeContinuity
32	H0mework.Physics.DiracEvolution.SafeCanonicalSameSourceGalerkinFamily
36	H0mework.Physics.DiracEvolution.SafeCanonicalUniformTimeMassGeometry
52	H0mework.Physics.DiracEvolution.SafeCanonicalUniformTimeProjection
56	H0mework.Physics.DiracEvolution.SafeCommutedAction
26	H0mework.Physics.DiracEvolution.SafeCommutedCoefficientBound
24	H0mework.Physics.DiracEvolution.SafeCommutedEnergyRate
36	H0mework.Physics.DiracEvolution.SafeCommutedPrincipal
26	H0mework.Physics.DiracEvolution.SafeCommutedVolterraEvolution
24	H0mework.Physics.DiracEvolution.SafeCountableDenseActualization
50	H0mework.Physics.DiracEvolution.SafeFiniteL2MassRead
26	H0mework.Physics.DiracEvolution.SafeGalerkinEvolution
24	H0mework.Physics.DiracEvolution.SafeGeneratedInitialTraceRecognition
30	H0mework.Physics.DiracEvolution.SafeGeneratedLimitOccurrence
28	H0mework.Physics.DiracEvolution.SafeGreenRateGeneratedLimitRecognition
38	H0mework.Physics.DiracEvolution.SafeGreenRateL2Read
42	H0mework.Physics.DiracEvolution.SafeL2MassActualization
17	H0mework.Physics.DiracEvolution.SafeMassActualizedGeneratedLimitOccurrence
26	H0mework.Physics.DiracEvolution.SafeSameSourceGalerkinFamily
32	H0mework.Physics.DiracEvolution.SafeSymmetricHyperbolicAllOrderCoefficients
30	H0mework.Physics.DiracEvolution.SafeSymmetricHyperbolicAllOrderCommutator
30	H0mework.Physics.DiracEvolution.SafeSymmetricHyperbolicAllOrderEnergyHierarchy
28	H0mework.Physics.DiracEvolution.SafeSymmetricHyperbolicAllOrderEnergyRate
36	H0mework.Physics.DiracEvolution.SafeSymmetricHyperbolicAllOrderMollifier
24	H0mework.Physics.DiracEvolution.SafeSymmetricHyperbolicAllOrderVolterraEvolution
48	H0mework.Physics.DiracEvolution.SafeTemporalJetReduction
122	H0mework.Physics.DiracEvolution.SafeWeakEnergyEstimate
54	H0mework.Physics.DiracEvolution.SafeWeakEnergyRate
50	H0mework.Physics.DiracEvolution.SafeWeakPairingCompactness
26	H0mework.Physics.DiracEvolution.SafeWeakSpatialGalerkinMass
24	H0mework.Physics.DiracEvolution.SafeWeakSpatialGalerkinStiffness
28	H0mework.Physics.DiracEvolution.SafeWeightedPhysicalWeakEquation
5.3	H0mework.Physics.DiracEvolution.WeakGalerkinEvolution
36	H0mework.Physics.DualVariation.P286CanonicalJointActionFirstGerm
26	H0mework.Physics.DualVariation.P286CanonicalJointActionProducerSoundness
62	H0mework.Physics.DualVariation.PointwiseP286RequiredExteriorProfileRegularity
20	H0mework.Physics.DualVariation.ScalarEulerLocalLinearity
20	H0mework.Physics.ElectricEC.FixedAllPointMatterScalarReadTransport
24	H0mework.Physics.ElectricEC.FixedFullOccurrenceOriginSettlement
16.2	H0mework.Physics.ElectricEC.FixedGlobalDevelopmentAdjointZeroSliceActionRead
22	H0mework.Physics.ElectricEC.FixedGlobalDevelopmentMatterZeroSliceActionRead
32	H0mework.Physics.ElectricEC.FixedGravityCurvatureTargetCoordinate
42	H0mework.Physics.ElectricEC.FixedLorentzCriticalPair
20	H0mework.Physics.ElectricEC.FixedMatterScalarDeltas
14.6	H0mework.Physics.ElectricEC.FixedOriginPhysicalRetention
22	H0mework.Physics.ElectricEC.FixedOriginTransport
15.4	H0mework.Physics.ElectricEC.FixedOriginZeroFiber
15	H0mework.Physics.ElectricEC.FixedP286AllPointSettlement
19	H0mework.Physics.ElectricEC.FixedSecondSweepMatterTemporalRegularity
22	H0mework.Physics.ElectricEC.FixedTemporalAdjointAmbientFirstJetRegularity
30	H0mework.Physics.ElectricEC.FixedTemporalMatterAmbientFirstJetRegularity
20	H0mework.Physics.ElectricEC.FixedTemporalScalarAmbientFirstJetRegularity
20	H0mework.Physics.ElectricJoint.ElectricCartanECSynchronizedGlobalOperator
40	H0mework.Physics.ElectricJoint.ElectricCartanPrimalOriginClosure
20	H0mework.Physics.ElectricJoint.ElectricECFullOccurrenceContactOperator
20	H0mework.Physics.ElectricJoint.ElectricECOccurrenceNaturality
20	H0mework.Physics.ElectricJoint.ElectricECOccurrenceOperator
19.4	H0mework.Physics.ElectricJoint.ElectricECResidualTelescoping
20	H0mework.Physics.ElectricJoint.ElectricECSpacetimeOccurrence
34	H0mework.Physics.ElectricJoint.FixedFieldTransport
17	H0mework.Physics.ElectricJoint.FixedOriginCoframeClosure
20	H0mework.Physics.ElectricJoint.FixedOriginMatterAdjointClosure
26	H0mework.Physics.ElectricJoint.FixedOriginP286ConnectionClosure
24	H0mework.Physics.ElectricJoint.FixedOriginResidualTransport
86	H0mework.Physics.ElectricJoint.FixedOriginScalarClosure
20	H0mework.Physics.ElectricJoint.FixedOriginUnconditionalClosure
30	H0mework.Physics.EmpiricalContact.Action
24	H0mework.Physics.EmpiricalContact.Authority
38	H0mework.Physics.EmpiricalContact.Consumer
30	H0mework.Physics.EmpiricalContact.Data
30	H0mework.Physics.EmpiricalContact.History
48	H0mework.Physics.EmpiricalContact.Inventory
30	H0mework.Physics.EmpiricalContact.Model
32	H0mework.Physics.EmpiricalContact.Runtime
22	H0mework.Physics.EmpiricalContact.Source
28	H0mework.Physics.EmpiricalContact.Statistic
24	H0mework.Physics.EmpiricalContact.World
12	H0mework.Physics.Exterior.PlebanskiVariations
20	H0mework.Physics.FinalJoint.FixedGlobalRegularity
44	H0mework.Physics.FinalJoint.FixedMatterAcceptance
34	H0mework.Physics.FinalJoint.FixedP286AffineIdentification
32	H0mework.Physics.FinalJoint.FixedPhysicalClosure
38	H0mework.Physics.FinalJoint.FixedPointwiseJointResidualNormalForm
30	H0mework.Physics.FinalJoint.FixedRepairedConstitutiveCartanLiveDomainRegularity
22	H0mework.Physics.FinalJoint.FixedRepairedConstitutiveCartanWholeFieldWrite
30	H0mework.Physics.FinalJoint.FixedTimeAxisCoframe
28	H0mework.Physics.FinalJoint.FixedTimeAxisP286ConstitutiveKernel
30	H0mework.Physics.FinalJoint.FixedTimeAxisP286LiveHodgeNormalForm
48	H0mework.Physics.FinalJoint.FixedTimeAxisP286ResidualNormalForm
20	H0mework.Physics.FinalJoint.FixedZeroFiber
20	H0mework.Physics.FinalJoint.FixedZeroFiberRegression
56	H0mework.Physics.FixedJoint.FixedCartanECSynchronizedGlobalActual
36	H0mework.Physics.FixedJoint.FixedCartanRestartCurvatureSpatialRegularity
18.8	H0mework.Physics.FixedJoint.FixedJointP286AlgebraicConnectionChangedRead
26	H0mework.Physics.FixedJoint.FixedJointP286RequiredExteriorProfileRegularity
476	H0mework.Physics.FixedJoint.FixedP286CanonicalJointActionWrite
64	H0mework.Physics.FixedJoint.FixedP286RadialRequiredExteriorAnchor
19.6	H0mework.Physics.FixedJoint.FixedP286RecenteredProducer
28	H0mework.Physics.FixedJoint.FixedP286RequiredExteriorDerivativeSpatialRegularity
38	H0mework.Physics.FixedJoint.FixedP286RequiredProfileMeasurableGerm
30	H0mework.Physics.Fluid.InitialMaterial
18	H0mework.Physics.FullOccurrence.FixedAdjointZeroSliceClosure
14	H0mework.Physics.FullOccurrence.FixedAssemblySeamClosure
36	H0mework.Physics.FullOccurrence.FixedCoframeZeroSliceRead
14.8	H0mework.Physics.FullOccurrence.FixedGravityCoframeVerdict
16.6	H0mework.Physics.FullOccurrence.FixedGravityCurvatureSeam
14.2	H0mework.Physics.FullOccurrence.FixedLorentzClosure
24	H0mework.Physics.FullOccurrence.FixedMatterAdjointTemporalSupport
20	H0mework.Physics.FullOccurrence.FixedMatterScalarVerdict
16.4	H0mework.Physics.FullOccurrence.FixedP286Verdict
40	H0mework.Physics.FullOccurrence.FixedP286ZeroSliceObstruction
18.2	H0mework.Physics.FullOccurrence.FixedPrimalZeroSliceClosure
16	H0mework.Physics.FullOccurrence.FixedResidualNormalForm
18.8	H0mework.Physics.FullOccurrence.FixedWholeResidualReduction
22	H0mework.Physics.FullOccurrence.FixedWriterPreECCongruence
1.4	H0mework.Physics.Gauge.OneLoopGaugeTraceCore
19	H0mework.Physics.Gauge.RawGaugeSymmetry
2	H0mework.Physics.Gauge.SU7FiniteVariationAlgebra
22	H0mework.Physics.GaugeAction.P286JointYangMillsGradientFlowIteration
22	H0mework.Physics.GaugeAction.P286JointYangMillsGradientFlowRegularity
30	H0mework.Physics.GaugeSource.CenteredCompactEntropyDescent
26	H0mework.Physics.GaugeSource.CenteredReducedEntropyIteration
30	H0mework.Physics.GaugeSource.CenteredReducedEntropySafeStep
26	H0mework.Physics.GaugeSource.CompactEntropyDescent
36	H0mework.Physics.GaugeSource.ReducedCompactVariation
22	H0mework.Physics.GaugeSource.ReducedEntropyDescent
52	H0mework.Physics.GaugeSource.ReducedEntropySafeStep
26	H0mework.Physics.GaugeSpectrum.Acceptance
40	H0mework.Physics.GaugeSpectrum.Connected
34	H0mework.Physics.GaugeSpectrum.Correlation
36	H0mework.Physics.GaugeSpectrum.Cubic
36	H0mework.Physics.GaugeSpectrum.Curvature
26	H0mework.Physics.GaugeSpectrum.Ground
20	H0mework.Physics.GaugeSpectrum.GroundAcceptance
26	H0mework.Physics.GaugeSpectrum.Hilbert
34	H0mework.Physics.GaugeSpectrum.Naturality
26	H0mework.Physics.GaugeSpectrum.Singlet
26	H0mework.Physics.GaugeSpectrum.Spectral
42	H0mework.Physics.GaugeSpectrum.Temporal
28	H0mework.Physics.GaugeSpectrum.Vacuum
22	H0mework.Physics.Geometry.GravityTailPrimitiveFactorDisposition
11	H0mework.Physics.Geometry.PlebanskiInterfaces
8.7	H0mework.Physics.Geometry.PlebanskiReductionCoherence
10	H0mework.Physics.Geometry.PointwiseLeviCivitaRecovery
7.6	H0mework.Physics.Geometry.RawAffineScaleValidity
7.7	H0mework.Physics.Geometry.RawSectionGluing
28	H0mework.Physics.GlobalDevelopment.FixedOriginAdjointDerivativeTransport
44	H0mework.Physics.GlobalDevelopment.FixedOriginMatterDivergenceClosure
46	H0mework.Physics.GlobalDevelopment.FixedOriginPrimalAdjointClosure
28	H0mework.Physics.GlobalDevelopment.FixedOriginUnconditionalClosure
66	H0mework.Physics.GlobalDevelopment.FixedTemporalElectricKernel
19.2	H0mework.Physics.GlobalOrbit.Acceptance
22	H0mework.Physics.GlobalOrbit.Energy
20	H0mework.Physics.GlobalOrbit.Field
20	H0mework.Physics.GlobalOrbit.Mechanical
20	H0mework.Physics.GlobalOrbit.Observable
24	H0mework.Physics.GlobalOrbit.Phase
3.8	H0mework.Physics.GlobalOrbit.Uniform
19.8	H0mework.Physics.GravityTail.FixedActionJetNaturality
32	H0mework.Physics.GravityTail.FixedAllPointResidualNormalForm
22	H0mework.Physics.GravityTail.FixedCoframeLoadTemporalSpatial01
386	H0mework.Physics.GravityTail.FixedCompatibleRestart
34	H0mework.Physics.GravityTail.FixedCurvatureIntegrabilityFactor
22	H0mework.Physics.GravityTail.FixedInputRegularity
272	H0mework.Physics.GravityTail.FixedJointPath
16	H0mework.Physics.GravityTail.FixedLivingRoot
16.6	H0mework.Physics.GravityTail.FixedLorentzProfileRegularity
19.8	H0mework.Physics.GravityTail.FixedOriginClosure
32	H0mework.Physics.GravityTail.FixedOriginResidualClosure
54	H0mework.Physics.GravityTail.FixedPrimitiveSeamClosure
24	H0mework.Physics.GravityTail.FixedRootNativeWrite
20	H0mework.Physics.GravityTail.FixedRootU7AnswerNext
13.6	H0mework.Physics.GravityTail.FixedZeroSliceSupport
26	H0mework.Physics.Helicity.Acceptance
40	H0mework.Physics.Helicity.Action
28	H0mework.Physics.Helicity.Color
26	H0mework.Physics.Helicity.Current
58	H0mework.Physics.Helicity.CurrentOperator
32	H0mework.Physics.Helicity.GaugeAction
38	H0mework.Physics.Helicity.PhysicalSpectrum
26	H0mework.Physics.Helicity.Rotation
42	H0mework.Physics.Helicity.Source
32	H0mework.Physics.Helicity.Spectrum
30	H0mework.Physics.Helicity.Transform
28	H0mework.Physics.Homogeneous.Cartan
26	H0mework.Physics.Homogeneous.CartanActual
86	H0mework.Physics.Homogeneous.CartanSource
28	H0mework.Physics.Homogeneous.CoframeDifferential
30	H0mework.Physics.Homogeneous.GaugeBalance
48	H0mework.Physics.Homogeneous.GaugeDifferential
116	H0mework.Physics.Homogeneous.Gravity
46	H0mework.Physics.JointVariation.CauchySafeScalarTemporalDevelopment
20	H0mework.Physics.JointVariation.DirectPrimitivePathGLSmooth
19.2	H0mework.Physics.JointVariation.GeneratedProfilesFixed
44	H0mework.Physics.JointVariation.GeneratedProfilesFixedRegularity
20	H0mework.Physics.JointVariation.GlobalDevelopmentFixed
26	H0mework.Physics.JointVariation.GlobalDevelopmentFixedP286Compatibility
32	H0mework.Physics.JointVariation.GlobalDevelopmentFixedP286OriginMagneticCompatibility
30	H0mework.Physics.JointVariation.GlobalDevelopmentFixedP286ZeroSliceCompatibility
26	H0mework.Physics.JointVariation.GlobalDevelopmentFixedP286ZeroSliceContinuity
17.6	H0mework.Physics.JointVariation.LiveElectricGlobalDevelopmentOperator
20	H0mework.Physics.JointVariation.P286OccurrenceSecondJetGlobalInstallationBoundary
20	H0mework.Physics.JointVariation.ResponseOperatorFixedSpecialization
19	H0mework.Physics.JointVariation.SectionFixed
20	H0mework.Physics.JointVariation.SectionFixedGlobalRegularity
32	H0mework.Physics.JointVariation.SectionFixedMatterAssemblyNormalForm
19.4	H0mework.Physics.JointVariation.SectionFixedP286AuxiliaryResidual
17.2	H0mework.Physics.JointVariation.SectionFixedRecenteredResidualNormalForm
22	H0mework.Physics.JointVariation.SectionFixedScalarAssemblyNormalForm
4.6	H0mework.Physics.Lie.P286
8.8	H0mework.Physics.Lorentz.PointwiseLorentzGeometryOutput
9	H0mework.Physics.Lorentz.PointwiseLorentzOmegaGluing
9.9	H0mework.Physics.Lorentz.PointwiseLorentzSpinConnectionRecovery
41	H0mework.Physics.Lorentz.RawLorentzianMetricHodgeRecovery
4.2	H0mework.Physics.LowEnergy.BosonCausal.Laplace
4.3	H0mework.Physics.LowEnergy.BosonCausal.Pair
3.6	H0mework.Physics.LowEnergy.BosonEffective.Analytic
16	H0mework.Physics.LowEnergy.BosonEffective.Metric
3.7	H0mework.Physics.LowEnergy.BosonEffective.Order
2.6	H0mework.Physics.LowEnergy.BosonEffective.Readback
2.9	H0mework.Physics.LowEnergy.BosonEffective.Schur
3.8	H0mework.Physics.LowEnergy.BosonEffective.Taylor
20	H0mework.Physics.LowEnergy.DrivenInteraction.Response
26	H0mework.Physics.LowEnergy.DrivenInteraction.Time
24	H0mework.Physics.LowEnergy.FullQuantum.CAR
48	H0mework.Physics.LowEnergy.FullQuantum.ClosedLoops.Grading
32	H0mework.Physics.LowEnergy.FullQuantum.ClosedLoops.Source
20	H0mework.Physics.LowEnergy.FullQuantum.ClosedLoops.Words
34	H0mework.Physics.LowEnergy.FullQuantum.CoframeResponse.Boundary
60	H0mework.Physics.LowEnergy.FullQuantum.Evolution
36	H0mework.Physics.LowEnergy.FullQuantum.FockEvolution
28	H0mework.Physics.LowEnergy.FullQuantum.FullSpace.Continuity
30	H0mework.Physics.LowEnergy.FullQuantum.FullSpace.Dual
26	H0mework.Physics.LowEnergy.FullQuantum.FullSpace.Flow
32	H0mework.Physics.LowEnergy.FullQuantum.FullSpace.Free
44	H0mework.Physics.LowEnergy.FullQuantum.FullSpace.Growth
28	H0mework.Physics.LowEnergy.FullQuantum.FullSpace.Lift
42	H0mework.Physics.LowEnergy.FullQuantum.FullSpace.Principal
50	H0mework.Physics.LowEnergy.FullQuantum.FullSpace.Source
34	H0mework.Physics.LowEnergy.FullQuantum.GaugeGreen.Coercivity
22	H0mework.Physics.LowEnergy.FullQuantum.GaugeGreen.Continuation
22	H0mework.Physics.LowEnergy.FullQuantum.GaugeGreen.Coupled
50	H0mework.Physics.LowEnergy.FullQuantum.GaugeGreen.Dirac
30	H0mework.Physics.LowEnergy.FullQuantum.GaugeGreen.Domain
26	H0mework.Physics.LowEnergy.FullQuantum.GaugeGreen.Free
28	H0mework.Physics.LowEnergy.FullQuantum.GaugeGreen.Grading
52	H0mework.Physics.LowEnergy.FullQuantum.GaugeGreen.Hamiltonian
70	H0mework.Physics.LowEnergy.FullQuantum.GaugeGreen.Native
50	H0mework.Physics.LowEnergy.FullQuantum.GaugeGreen.Source
30	H0mework.Physics.LowEnergy.FullQuantum.GaugeGreen.Space
26	H0mework.Physics.LowEnergy.FullQuantum.GaugeGreen.State
30	H0mework.Physics.LowEnergy.FullQuantum.GaugeGreen.Step
32	H0mework.Physics.LowEnergy.FullQuantum.GaugeHistory.Complete
19.8	H0mework.Physics.LowEnergy.FullQuantum.GaugeHistory.Flow
26	H0mework.Physics.LowEnergy.FullQuantum.GaugeHistory.Free
68	H0mework.Physics.LowEnergy.FullQuantum.GaugeHistory.Full
19.8	H0mework.Physics.LowEnergy.FullQuantum.GaugeHistory.Generator
19.2	H0mework.Physics.LowEnergy.FullQuantum.GaugeHistory.Glue
34	H0mework.Physics.LowEnergy.FullQuantum.GaugeHistory.Grading
50	H0mework.Physics.LowEnergy.FullQuantum.GaugeHistory.Interaction
26	H0mework.Physics.LowEnergy.FullQuantum.GaugeHistory.Native
20	H0mework.Physics.LowEnergy.FullQuantum.GaugeHistory.Nilpotent
38	H0mework.Physics.LowEnergy.FullQuantum.GaugeHistory.Primitive
22	H0mework.Physics.LowEnergy.FullQuantum.GaugeHistory.Radial
74	H0mework.Physics.LowEnergy.FullQuantum.GaugeHistory.Scalar
20	H0mework.Physics.LowEnergy.FullQuantum.GaugeHistory.StrongProduct
22	H0mework.Physics.LowEnergy.FullQuantum.GaugeHistory.Uniqueness
48	H0mework.Physics.LowEnergy.FullQuantum.GaugeHistory.Weak
19.4	H0mework.Physics.LowEnergy.FullQuantum.GaugeHistory.Window
32	H0mework.Physics.LowEnergy.FullQuantum.HistoryGenerator.Domain
38	H0mework.Physics.LowEnergy.FullQuantum.HistoryGenerator.Resolvent
32	H0mework.Physics.LowEnergy.FullQuantum.HistoryGreen.Domain
32	H0mework.Physics.LowEnergy.FullQuantum.HistoryGreen.FreeIntegral
36	H0mework.Physics.LowEnergy.FullQuantum.HistoryGreen.FreeSpace
42	H0mework.Physics.LowEnergy.FullQuantum.HistoryGreen.FreeWeak
28	H0mework.Physics.LowEnergy.FullQuantum.HistoryGreen.IntegralEquation
38	H0mework.Physics.LowEnergy.FullQuantum.HistoryGreen.Mild
40	H0mework.Physics.LowEnergy.FullQuantum.HistoryGreen.Native
42	H0mework.Physics.LowEnergy.FullQuantum.HistoryGreen.WeakUnique
42	H0mework.Physics.LowEnergy.FullQuantum.HistoryLaplace.Boundary
46	H0mework.Physics.LowEnergy.FullQuantum.HistoryLaplace.Equation
34	H0mework.Physics.LowEnergy.FullQuantum.HistoryLaplace.Force
46	H0mework.Physics.LowEnergy.FullQuantum.HistoryLaplace.Integral
58	H0mework.Physics.LowEnergy.FullQuantum.HistoryLaplace.Native
36	H0mework.Physics.LowEnergy.FullQuantum.HistoryLaplace.Stationary
20	H0mework.Physics.LowEnergy.FullQuantum.HistoryPrepared.Packet
22	H0mework.Physics.LowEnergy.FullQuantum.HistoryPrepared.Source
38	H0mework.Physics.LowEnergy.FullQuantum.PerturbedGreen.Inverse
44	H0mework.Physics.LowEnergy.FullQuantum.PerturbedGreen.Local
38	H0mework.Physics.LowEnergy.FullQuantum.PerturbedGreen.Native
24	H0mework.Physics.LowEnergy.FullQuantum.PreparedLoops.Native
24	H0mework.Physics.LowEnergy.FullQuantum.PreparedLoops.Scalar
26	H0mework.Physics.LowEnergy.FullQuantum.PreparedLoops.Source
32	H0mework.Physics.LowEnergy.FullQuantum.PreparedLoops.Transfer
20	H0mework.Physics.LowEnergy.FullQuantum.PreparedLoops.Words
20	H0mework.Physics.LowEnergy.FullQuantum.PreparedWeight.Algebra
26	H0mework.Physics.LowEnergy.FullQuantum.PreparedWeight.Compression
22	H0mework.Physics.LowEnergy.FullQuantum.PreparedWeight.Source
30	H0mework.Physics.LowEnergy.FullQuantum.PreparedWeight.Time
32	H0mework.Physics.LowEnergy.FullQuantum.Retarded.Boundary
26	H0mework.Physics.LowEnergy.FullQuantum.Retarded.Green
24	H0mework.Physics.LowEnergy.FullQuantum.Retarded.Integrability
30	H0mework.Physics.LowEnergy.FullQuantum.Retarded.Original
38	H0mework.Physics.LowEnergy.FullQuantum.ScalarGreen.Grading
32	H0mework.Physics.LowEnergy.FullQuantum.ScalarGreen.Inverse
34	H0mework.Physics.LowEnergy.FullQuantum.ScalarGreen.Local
26	H0mework.Physics.LowEnergy.FullQuantum.ScalarGreen.Source
50	H0mework.Physics.LowEnergy.FullQuantum.Source
30	H0mework.Physics.LowEnergy.FullQuantum.SpatialGreen.Equation
48	H0mework.Physics.LowEnergy.FullQuantum.SpatialGreen.Integral
28	H0mework.Physics.LowEnergy.FullQuantum.SpatialGreen.Multiplier
38	H0mework.Physics.LowEnergy.FullQuantum.SpatialResponse.Fields
32	H0mework.Physics.LowEnergy.FullQuantum.SpatialWeak.Green
52	H0mework.Physics.LowEnergy.FullQuantum.SpatialWeak.Schwartz
32	H0mework.Physics.LowEnergy.FullQuantum.SpatialWeak.Symbol
20	H0mework.Physics.LowEnergy.FullQuantum.StateGreen.Algebra
28	H0mework.Physics.LowEnergy.FullQuantum.StateGreen.Flow
22	H0mework.Physics.LowEnergy.FullQuantum.StateGreen.Preparation
20	H0mework.Physics.LowEnergy.FullQuantum.StateResponse.Connected
36	H0mework.Physics.LowEnergy.FullQuantum.StateResponse.Impulse
22	H0mework.Physics.LowEnergy.FullQuantum.StateResponse.Native
28	H0mework.Physics.LowEnergy.FullQuantum.StateResponse.Transfer
20	H0mework.Physics.LowEnergy.FullQuantum.StateResponse.TransferNative
26	H0mework.Physics.LowEnergy.FullQuantum.StateResponse.Transport
62	H0mework.Physics.LowEnergy.FullQuantum.TriangularDirac
66	H0mework.Physics.LowEnergy.FullQuantum.TriangularResolvent
64	H0mework.Physics.LowEnergy.FullQuantum.TriangularSource
56	H0mework.Physics.LowEnergy.FullQuantum.TriangularTime
56	H0mework.Physics.LowEnergy.FullQuantum.TriangularTrace
26	H0mework.Physics.LowEnergy.LightCausal.Convolution
24	H0mework.Physics.LowEnergy.LightCausal.Derivative
26	H0mework.Physics.LowEnergy.LightCausal.Development
4.2	H0mework.Physics.LowEnergy.LightCausal.Forcing
22	H0mework.Physics.LowEnergy.LightCausal.Metric
20	H0mework.Physics.LowEnergy.LightCausal.Rate
24	H0mework.Physics.LowEnergy.LightCausal.Reality
38	H0mework.Physics.LowEnergy.LightInteraction.Native
34	H0mework.Physics.LowEnergy.LightInteraction.Selected
8.3	H0mework.Physics.LowEnergy.LightKernel.Characteristic
3.2	H0mework.Physics.LowEnergy.LightKernel.Graph
3.7	H0mework.Physics.LowEnergy.LightKernel.Jet
7.3	H0mework.Physics.LowEnergy.LightKernel.Scaling
8.8	H0mework.Physics.LowEnergy.LightKernel.Source
12	H0mework.Physics.LowEnergy.LightModes.Derivative
8.6	H0mework.Physics.LowEnergy.LightModes.MetricCoefficients
5.1	H0mework.Physics.LowEnergy.LightModes.MetricPole
3.9	H0mework.Physics.LowEnergy.LightModes.Pole
4.9	H0mework.Physics.LowEnergy.LightModes.Polynomial
6.7	H0mework.Physics.LowEnergy.LightModes.Root
14	H0mework.Physics.LowEnergy.LightModes.Source
6.7	H0mework.Physics.LowEnergy.LightModes.Wave
19.4	H0mework.Physics.LowEnergy.LightSpace.Frame
20	H0mework.Physics.LowEnergy.LightSpace.Radial
38	H0mework.Physics.LowEnergy.PacketDynamics.AdjointFlow
38	H0mework.Physics.LowEnergy.PacketDynamics.AdjointGraph
34	H0mework.Physics.LowEnergy.PacketDynamics.AdjointSymbol
32	H0mework.Physics.LowEnergy.PacketDynamics.Bounded
26	H0mework.Physics.LowEnergy.PacketDynamics.Causal
26	H0mework.Physics.LowEnergy.PacketDynamics.Continuity
52	H0mework.Physics.LowEnergy.PacketDynamics.Current
34	H0mework.Physics.LowEnergy.PacketDynamics.CurrentContinuity
48	H0mework.Physics.LowEnergy.PacketDynamics.Domains
40	H0mework.Physics.LowEnergy.PacketDynamics.Flow
34	H0mework.Physics.LowEnergy.PacketDynamics.Fourier
34	H0mework.Physics.LowEnergy.PacketDynamics.GraphContinuity
30	H0mework.Physics.LowEnergy.PacketDynamics.Integral
28	H0mework.Physics.LowEnergy.PacketDynamics.Native
32	H0mework.Physics.LowEnergy.PacketDynamics.Original
34	H0mework.Physics.LowEnergy.PacketDynamics.Readback
46	H0mework.Physics.LowEnergy.PacketDynamics.Symbol
3.4	H0mework.Physics.LowEnergy.PacketFeedback.Leading
24	H0mework.Physics.LowEnergy.PacketField.Alignment
20	H0mework.Physics.LowEnergy.PacketField.BandPole
22	H0mework.Physics.LowEnergy.PacketField.Circle
24	H0mework.Physics.LowEnergy.PacketField.CircleBound
22	H0mework.Physics.LowEnergy.PacketField.Frame
24	H0mework.Physics.LowEnergy.PacketField.Lift
26	H0mework.Physics.LowEnergy.PacketField.Pole
20	H0mework.Physics.LowEnergy.PacketField.PoleContinuity
26	H0mework.Physics.LowEnergy.PacketField.PositiveRay
22	H0mework.Physics.LowEnergy.PacketField.Reflection
30	H0mework.Physics.LowEnergy.PacketFourier.Bounded
34	H0mework.Physics.LowEnergy.PacketFourier.Centered
32	H0mework.Physics.LowEnergy.PacketFourier.Continuity
28	H0mework.Physics.LowEnergy.PacketFourier.Counting
48	H0mework.Physics.LowEnergy.PacketFourier.Current
26	H0mework.Physics.LowEnergy.PacketFourier.Domains
20	H0mework.Physics.LowEnergy.PacketFourier.Native
32	H0mework.Physics.LowEnergy.PacketFourier.Original
34	H0mework.Physics.LowEnergy.PacketFourier.Pairs
32	H0mework.Physics.LowEnergy.PacketFourier.Quadrature
32	H0mework.Physics.LowEnergy.PacketFourier.Readback
26	H0mework.Physics.LowEnergy.PacketFourier.Sine
44	H0mework.Physics.LowEnergy.PacketGaugeNoise.Current
32	H0mework.Physics.LowEnergy.PacketGaugeNoise.Noise
26	H0mework.Physics.LowEnergy.PacketGaugeNoise.Profiles
28	H0mework.Physics.LowEnergy.PacketGaugeNoise.Readback
52	H0mework.Physics.LowEnergy.PacketGaugeNoise.Source
26	H0mework.Physics.LowEnergy.PacketGaugeNoise.Transfer
26	H0mework.Physics.LowEnergy.PacketMomentum.Graph
32	H0mework.Physics.LowEnergy.PacketMomentum.Operators
34	H0mework.Physics.LowEnergy.PacketNoise.Boundary
22	H0mework.Physics.LowEnergy.PacketNoise.Bounded
30	H0mework.Physics.LowEnergy.PacketNoise.Chiral
28	H0mework.Physics.LowEnergy.PacketNoise.Continuity
58	H0mework.Physics.LowEnergy.PacketNoise.Cosine
36	H0mework.Physics.LowEnergy.PacketNoise.Current
40	H0mework.Physics.LowEnergy.PacketNoise.Domain
26	H0mework.Physics.LowEnergy.PacketNoise.Filtered
28	H0mework.Physics.LowEnergy.PacketNoise.Graph
24	H0mework.Physics.LowEnergy.PacketNoise.GraphContinuity
24	H0mework.Physics.LowEnergy.PacketNoise.Group
38	H0mework.Physics.LowEnergy.PacketNoise.Hamiltonian
30	H0mework.Physics.LowEnergy.PacketNoise.Integration
24	H0mework.Physics.LowEnergy.PacketNoise.Kernel
48	H0mework.Physics.LowEnergy.PacketNoise.Linear
34	H0mework.Physics.LowEnergy.PacketNoise.Modulation
30	H0mework.Physics.LowEnergy.PacketNoise.Readback
20	H0mework.Physics.LowEnergy.PacketNoise.Response
26	H0mework.Physics.LowEnergy.PacketNoise.Shift
38	H0mework.Physics.LowEnergy.PacketNoise.Transforms
26	H0mework.Physics.LowEnergy.PacketPairResponse.Band
24	H0mework.Physics.LowEnergy.PacketPairResponse.Branch
22	H0mework.Physics.LowEnergy.PacketPairResponse.Measure
4.9	H0mework.Physics.LowEnergy.Quantum.AntiunitaryDefectPair
24	H0mework.Physics.LowEnergy.Quantum.Audit
3.3	H0mework.Physics.LowEnergy.Quantum.CayleyHamiltonRetarded
6.5	H0mework.Physics.LowEnergy.Quantum.FockFilteredWords
4.6	H0mework.Physics.LowEnergy.Quantum.FockFilteredWordsAudit
4.7	H0mework.Physics.LowEnergy.Quantum.FockRaising
6	H0mework.Physics.LowEnergy.Quantum.FockRaisingAudit
4.3	H0mework.Physics.LowEnergy.Quantum.FockRaisingTensor
3.8	H0mework.Physics.LowEnergy.Quantum.ImplicitSourceCoefficients
4.9	H0mework.Physics.LowEnergy.Quantum.JointCCRCarPorts
5.4	H0mework.Physics.LowEnergy.Quantum.JointCurrentHeisenberg
6.7	H0mework.Physics.LowEnergy.Quantum.MagnusDerivative
7.8	H0mework.Physics.LowEnergy.Quantum.MagnusDerivativeAudit
4.1	H0mework.Physics.LowEnergy.Quantum.MagnusExponential
3.9	H0mework.Physics.LowEnergy.Quantum.MagnusTriangle
6.6	H0mework.Physics.LowEnergy.Quantum.MomentumFock
4.9	H0mework.Physics.LowEnergy.Quantum.MomentumFockAudit
4.7	H0mework.Physics.LowEnergy.Quantum.OpenChartTestDomain
42	H0mework.Physics.LowEnergy.Quantum.RealScalarFock
22	H0mework.Physics.LowEnergy.Quantum.RealScalarFockAudit
3.9	H0mework.Physics.LowEnergy.Quantum.ScalarCCR
3.2	H0mework.Physics.LowEnergy.Quantum.ScalarCCRAudit
46	H0mework.Physics.LowEnergy.Quantum.ScalarFock
26	H0mework.Physics.LowEnergy.Quantum.ScalarFockAudit
80	H0mework.Physics.LowEnergy.Quantum.ScalarHamiltonian
26	H0mework.Physics.LowEnergy.Quantum.ScalarHamiltonianAudit
6.3	H0mework.Physics.LowEnergy.Quantum.ScalarHamiltonianBoson
34	H0mework.Physics.LowEnergy.Quantum.ScalarLiveLegendreAudit
5.9	H0mework.Physics.LowEnergy.Quantum.ScalarMagnusAlgebra
8.5	H0mework.Physics.LowEnergy.Quantum.ScalarMagnusAlgebraAudit
3.6	H0mework.Physics.LowEnergy.Quantum.SecondClassReduction
36	H0mework.Physics.LowEnergy.Quantum.SourceQuantumConfigurationHilbert
56	H0mework.Physics.LowEnergy.Quantum.SourceQuantumFockGauge
40	H0mework.Physics.LowEnergy.Quantum.SourceQuantumFockGaugeHilbert
46	H0mework.Physics.LowEnergy.Quantum.SourceQuantumFockGrade56
36	H0mework.Physics.LowEnergy.Quantum.SourceQuantumGaugeCenterMagnetic
34	H0mework.Physics.LowEnergy.Quantum.SourceQuantumGaugeSliceCoordinates
80	H0mework.Physics.LowEnergy.Quantum.SourceQuantumGaugeTranslations
40	H0mework.Physics.LowEnergy.Quantum.SourceQuantumHalfDensityHilbert
114	H0mework.Physics.LowEnergy.Quantum.SourceQuantumNativeDimensions
158	H0mework.Physics.LowEnergy.Quantum.SourceQuantumResidualChartFlow
172	H0mework.Physics.LowEnergy.Quantum.SourceQuantumResidualFlow
78	H0mework.Physics.LowEnergy.Quantum.SourceQuantumResidualFlowMeasure
40	H0mework.Physics.LowEnergy.Quantum.SourceQuantumResidualGaugeSlice
80	H0mework.Physics.LowEnergy.Quantum.SourceQuantumScalarOrbitDimensions
4.6	H0mework.Physics.LowEnergy.Quantum.SymmetricGraphClosure
4.4	H0mework.Physics.LowEnergy.Quantum.TemporalStationarityReduction
5.6	H0mework.Physics.LowEnergy.Quantum.WavepacketAudit
6.6	H0mework.Physics.LowEnergy.Quantum.WavepacketCurrent
7.6	H0mework.Physics.LowEnergy.Quantum.WavepacketCurrentAudit
4.9	H0mework.Physics.LowEnergy.Quantum.WavepacketFiltration
4.8	H0mework.Physics.LowEnergy.Quantum.WavepacketGrade
5	H0mework.Physics.LowEnergy.Quantum.WavepacketInteraction
22	H0mework.Physics.LowEnergy.Rotation.Alignment
6.2	H0mework.Physics.LowEnergy.Rotation.Circle
28	H0mework.Physics.LowEnergy.Rotation.Hodge
24	H0mework.Physics.LowEnergy.VertexTensor.Continuity
24	H0mework.Physics.LowEnergy.VertexTensor.Tensor
32	H0mework.Physics.LowEnergyActive.Triplet
50	H0mework.Physics.LowEnergyActiveGauge.Hodge
36	H0mework.Physics.LowEnergyActiveGauge.Phase
36	H0mework.Physics.LowEnergyCanonicalActive.Phase
30	H0mework.Physics.LowEnergyContact.Constraints
32	H0mework.Physics.LowEnergyContact.Profile
24	H0mework.Physics.LowEnergyContact.Prolongation
24	H0mework.Physics.LowEnergyContact.Quantum
24	H0mework.Physics.LowEnergyContact.ReturnChannel
46	H0mework.Physics.LowEnergyContact.Slice
36	H0mework.Physics.LowEnergyContact.Stress
52	H0mework.Physics.LowEnergyEvolution.Adjoint
28	H0mework.Physics.LowEnergyEvolution.Balance
86	H0mework.Physics.LowEnergyEvolution.Cartan
92	H0mework.Physics.LowEnergyEvolution.Coframe
32	H0mework.Physics.LowEnergyEvolution.Constraints
96	H0mework.Physics.LowEnergyEvolution.Curvature
156	H0mework.Physics.LowEnergyEvolution.Dirac
28	H0mework.Physics.LowEnergyEvolution.Fields
28	H0mework.Physics.LowEnergyEvolution.Flow
40	H0mework.Physics.LowEnergyEvolution.Full
38	H0mework.Physics.LowEnergyEvolution.Gauge
28	H0mework.Physics.LowEnergyEvolution.GaugeCurrent
74	H0mework.Physics.LowEnergyEvolution.GaugeEquation
104	H0mework.Physics.LowEnergyEvolution.GaugeStress
30	H0mework.Physics.LowEnergyEvolution.Generator
268	H0mework.Physics.LowEnergyEvolution.Geometry
26	H0mework.Physics.LowEnergyEvolution.MatterCoframe
86	H0mework.Physics.LowEnergyEvolution.MatterStress
30	H0mework.Physics.LowEnergyEvolution.Scalar
94	H0mework.Physics.LowEnergyEvolution.ScalarStress
34	H0mework.Physics.LowEnergyEvolution.Spinor
38	H0mework.Physics.LowEnergyEvolution.Uniform
50	H0mework.Physics.LowEnergyEvolution.UniformUniqueness
46	H0mework.Physics.LowEnergyEvolution.Variation
38	H0mework.Physics.LowEnergyEvolution.VariationDerivative
32	H0mework.Physics.LowEnergyEvolution.VariationEstimate
24	H0mework.Physics.LowEnergyExchange.Current
44	H0mework.Physics.LowEnergyExchange.Static
4.1	H0mework.Physics.LowEnergyFermion.CAR
5.7	H0mework.Physics.LowEnergyFermion.Charge
22	H0mework.Physics.LowEnergyFermion.Consumer
3.4	H0mework.Physics.LowEnergyFermion.Hermitian
4.8	H0mework.Physics.LowEnergyFermion.MatrixElement
6	H0mework.Physics.LowEnergyFermion.NormalOrder
20	H0mework.Physics.LowEnergyFermion.Source
5.1	H0mework.Physics.LowEnergyFermion.TwoParticle
5	H0mework.Physics.LowEnergyFockDynamics.Algebra
13	H0mework.Physics.LowEnergyFockDynamics.Hamiltonian
4	H0mework.Physics.LowEnergyFockDynamics.Response
3.3	H0mework.Physics.LowEnergyFockDynamics.Retarded
90	H0mework.Physics.LowEnergyFullPhase.Derivative
90	H0mework.Physics.LowEnergyFullPhase.Operator
88	H0mework.Physics.LowEnergyFullPhase.Preparation
40	H0mework.Physics.LowEnergyKinetic.Density
48	H0mework.Physics.LowEnergyKinetic.Jet
36	H0mework.Physics.LowEnergyKinetic.Scale
88	H0mework.Physics.LowEnergyMatterSpace.Connection
5.3	H0mework.Physics.LowEnergyMatterSpace.Continuity
218	H0mework.Physics.LowEnergyMatterSpace.CurrentOperator
36	H0mework.Physics.LowEnergyMatterSpace.DualPairing
52	H0mework.Physics.LowEnergyMatterSpace.DualWeak
32	H0mework.Physics.LowEnergyMatterSpace.Duhamel
34	H0mework.Physics.LowEnergyMatterSpace.GaugeCurrent
32	H0mework.Physics.LowEnergyMatterSpace.GaugeForce
46	H0mework.Physics.LowEnergyMatterSpace.GaugeLift
32	H0mework.Physics.LowEnergyMatterSpace.GaugeTriplet
34	H0mework.Physics.LowEnergyMatterSpace.GeneratorCore
38	H0mework.Physics.LowEnergyMatterSpace.GeneratorDomain
82	H0mework.Physics.LowEnergyMatterSpace.GeneratorSchwartz
28	H0mework.Physics.LowEnergyMatterSpace.GlobalFlow
22	H0mework.Physics.LowEnergyMatterSpace.GlobalGlue
36	H0mework.Physics.LowEnergyMatterSpace.GlobalLaplace
34	H0mework.Physics.LowEnergyMatterSpace.GlobalOriginal
44	H0mework.Physics.LowEnergyMatterSpace.GlobalRadial
38	H0mework.Physics.LowEnergyMatterSpace.GlobalResponse
28	H0mework.Physics.LowEnergyMatterSpace.GlobalWindow
24	H0mework.Physics.LowEnergyMatterSpace.LaplaceMoments
302	H0mework.Physics.LowEnergyMatterSpace.LocalOperator
32	H0mework.Physics.LowEnergyMatterSpace.LocalSource
8.5	H0mework.Physics.LowEnergyMatterSpace.Multiplier
46	H0mework.Physics.LowEnergyMatterSpace.PerturbedExistence
28	H0mework.Physics.LowEnergyMatterSpace.PerturbedFlow
34	H0mework.Physics.LowEnergyMatterSpace.PerturbedNative
46	H0mework.Physics.LowEnergyMatterSpace.PerturbedNorm
32	H0mework.Physics.LowEnergyMatterSpace.PerturbedOperator
26	H0mework.Physics.LowEnergyMatterSpace.PerturbedPhase
28	H0mework.Physics.LowEnergyMatterSpace.PerturbedPhysical
22	H0mework.Physics.LowEnergyMatterSpace.PerturbedResponse
34	H0mework.Physics.LowEnergyMatterSpace.PerturbedVariation
30	H0mework.Physics.LowEnergyMatterSpace.PerturbedVariationCurrent
64	H0mework.Physics.LowEnergyMatterSpace.Phase
112	H0mework.Physics.LowEnergyMatterSpace.PreparationGauge
48	H0mework.Physics.LowEnergyMatterSpace.PreparationHistory
48	H0mework.Physics.LowEnergyMatterSpace.PreparationNative
60	H0mework.Physics.LowEnergyMatterSpace.PreparationState
102	H0mework.Physics.LowEnergyMatterSpace.PrimalLift
40	H0mework.Physics.LowEnergyMatterSpace.PrimalSymbol
122	H0mework.Physics.LowEnergyMatterSpace.RawWeak
30	H0mework.Physics.LowEnergyMatterSpace.Source
32	H0mework.Physics.LowEnergyMatterSpace.Spatial
4.3	H0mework.Physics.LowEnergyMatterSpace.SpatialCARAdjoint
5.2	H0mework.Physics.LowEnergyMatterSpace.SpatialCARAlgebra
38	H0mework.Physics.LowEnergyMatterSpace.SpatialCARNative
30	H0mework.Physics.LowEnergyMatterSpace.SpatialCARSpan
36	H0mework.Physics.LowEnergyMatterSpace.SpatialCARState
4.2	H0mework.Physics.LowEnergyMatterSpace.SpatialCARWords
36	H0mework.Physics.LowEnergyMatterSpace.SpatialResponseCAR
48	H0mework.Physics.LowEnergyMatterSpace.SpatialResponseEvolution
40	H0mework.Physics.LowEnergyMatterSpace.SpatialResponseKubo
50	H0mework.Physics.LowEnergyMatterSpace.SpatialResponseNative
40	H0mework.Physics.LowEnergyMatterSpace.SpatialResponsePhase
26	H0mework.Physics.LowEnergyMatterSpace.SpatialResponsePhaseDuhamel
28	H0mework.Physics.LowEnergyMatterSpace.SpatialResponsePhaseKubo
26	H0mework.Physics.LowEnergyMatterSpace.SpatialResponseSource
90	H0mework.Physics.LowEnergyMatterSpace.Uniqueness
36	H0mework.Physics.LowEnergyMatterSpace.Weak
34	H0mework.Physics.LowEnergyMixed.Degree
26	H0mework.Physics.LowEnergyMixed.Propagator
76	H0mework.Physics.LowEnergyPreparationDynamics.Spin
22	H0mework.Physics.LowEnergyQuantum.Carrier
90	H0mework.Physics.LowEnergyQuantum.Compression
62	H0mework.Physics.LowEnergyQuantum.Density
42	H0mework.Physics.LowEnergyQuantum.Preparation
36	H0mework.Physics.LowEnergyQuantum.Readout
30	H0mework.Physics.LowEnergyResponse.MixedWitness
24	H0mework.Physics.LowEnergyResponse.Radial
126	H0mework.Physics.LowEnergyResponse.ScalarGauge
26	H0mework.Physics.LowEnergyResponse.ScalarSignature
26	H0mework.Physics.LowEnergyResponse.Yukawa
8.3	H0mework.Physics.LowEnergyScalar.QuaternionSymbol
40	H0mework.Physics.LowEnergySpacetime.Cauchy
42	H0mework.Physics.LowEnergySpacetime.Channels
30	H0mework.Physics.LowEnergySpacetime.Dispersion
30	H0mework.Physics.LowEnergySpacetime.Jacobi
36	H0mework.Physics.LowEnergySpacetime.Modes
38	H0mework.Physics.LowEnergySpacetime.Oscillation
50	H0mework.Physics.LowEnergySpacetime.Propagation
32	H0mework.Physics.LowEnergySpacetime.ScalarEuler
34	H0mework.Physics.LowEnergySpacetime.ScalarField
40	H0mework.Physics.LowEnergySpacetime.Stress
100	H0mework.Physics.LowEnergySpectrum.Jacobian
48	H0mework.Physics.LowEnergySpectrum.Matrix
46	H0mework.Physics.LowEnergySpectrum.Spectrum
20	H0mework.Physics.Material.CartanAssembly
16.6	H0mework.Physics.Material.CartanAssemblyQualification
110	H0mework.Physics.Material.NullCartanDirac
64	H0mework.Physics.Material.NullSource
24	H0mework.Physics.Material.SiklosActual
60	H0mework.Physics.Material.SiklosNullMatter
20	H0mework.Physics.MatrixResponse.Acceptance
68	H0mework.Physics.MatrixResponse.Basis
24	H0mework.Physics.MatrixResponse.Differential
26	H0mework.Physics.MatrixResponse.Source
28	H0mework.Physics.MatrixResponse.Value
3.9	H0mework.Physics.Measurement.Units
19	H0mework.Physics.MotherDeclarationsAll.SourceOriginAuthority
22	H0mework.Physics.MotherDeclarationsAll.SourceOriginConsumer
20	H0mework.Physics.MotherDeclarationsAll.SourceOriginLedger
20	H0mework.Physics.MotherDeclarationsAll.SourceOriginOperations
26	H0mework.Physics.MotherDeclarationsAll.SourceOriginSource
26	H0mework.Physics.MotherDeclarationsEvaluator.TreesPosition
34	H0mework.Physics.MotherDeclarationsEvaluator.TreesShape
24	H0mework.Physics.MotherDeclarationsJoint.CarrierFormationConsumer
134	H0mework.Physics.MotherDeclarationsJoint.CarrierFormationCoverage
26	H0mework.Physics.MotherDeclarationsJoint.CarrierFormationFactory
3.1	H0mework.Physics.MotherDeclarationsJoint.CarrierFormationOrbit
118	H0mework.Physics.MotherDeclarationsJoint.CarrierFormationSemantics
20	H0mework.Physics.MotherDeclarationsJoint.CarrierFormationWords
72	H0mework.Physics.MotherDeclarationsNative.PhysicalQueryConsumption
72	H0mework.Physics.MotherDeclarationsNative.PhysicalQueryInquiry
22	H0mework.Physics.MotherDeclarationsNative.PhysicalQueryProgramme
15.6	H0mework.Physics.MotherDeclarationsNative.PhysicalQueryRoot
14.4	H0mework.Physics.MotherDeclarationsNative.PhysicalQuerySource
20	H0mework.Physics.MotherDeclarationsPhysical.CurrentFormation
22	H0mework.Physics.MotherDeclarationsPhysical.CurrentInput
24	H0mework.Physics.MotherDeclarationsPhysical.EventsDuration
18	H0mework.Physics.MotherDeclarationsPhysical.LawsApproximation
22	H0mework.Physics.MotherDeclarationsPhysical.LawsCompletion
19.8	H0mework.Physics.MotherDeclarationsPhysical.LawsDensity
20	H0mework.Physics.MotherDeclarationsPhysical.LawsObservation
24	H0mework.Physics.MotherDeclarationsPhysical.LawsSource
24	H0mework.Physics.MotherDeclarationsSource.TypeOriginAction
28	H0mework.Physics.MotherDeclarationsSource.TypeOriginCoverage
24	H0mework.Physics.MotherDeclarationsSource.TypeOriginNative
22	H0mework.Physics.MotherDeclarationsType.FormationFibre
22	H0mework.Physics.MotherDeclarationsType.FormationSource
24	H0mework.Physics.MotherDeclarationsType.FormationWords
86	H0mework.Physics.MotherDescription.Carrier
30	H0mework.Physics.MotherDescription.Consumer
28	H0mework.Physics.MotherDescription.History
46	H0mework.Physics.MotherDescription.Structure
3.4	H0mework.Physics.MotherLaws.CompletionCompactDensity
2.8	H0mework.Physics.MotherLaws.CompletionDensity
28	H0mework.Physics.MotherLaws.CompletionNative
2.7	H0mework.Physics.MotherLaws.CompletionPolynomial
3.1	H0mework.Physics.MotherLaws.CompletionRange
28	H0mework.Physics.MotherLaws.CurrentConsumer
20	H0mework.Physics.MotherLaws.CurrentContinuity
28	H0mework.Physics.MotherLaws.CurrentLinear
20	H0mework.Physics.MotherLaws.CurrentRecovery
17.6	H0mework.Physics.MotherLaws.CurrentSamples
19.2	H0mework.Physics.MotherLaws.CurrentSmooth
20	H0mework.Physics.MotherLaws.FiniteEvaluation
18.2	H0mework.Physics.MotherLaws.FinitePolynomial
19.8	H0mework.Physics.MotherLaws.FiniteSource
20	H0mework.Physics.MotherLaws.JointSourceConsumer
20	H0mework.Physics.MotherLaws.JointSourceInput
22	H0mework.Physics.MotherLaws.JointSourceSource
17.6	H0mework.Physics.MotherLaws.PointwiseApproximation
24	H0mework.Physics.MotherLaws.PointwiseCompletion
18.2	H0mework.Physics.MotherLaws.PointwiseDensity
30	H0mework.Physics.MotherLaws.PointwiseNative
24	H0mework.Physics.MotherLaws.PointwiseRestriction
24	H0mework.Physics.MotherLaws.RestrictionConsumer
2.7	H0mework.Physics.MotherLaws.RestrictionEmbeddingCarrier
2.9	H0mework.Physics.MotherLaws.RestrictionEmbeddingClosedGraph
3.7	H0mework.Physics.MotherLaws.RestrictionEmbeddingDistances
24	H0mework.Physics.MotherLaws.RestrictionExtension
22	H0mework.Physics.MotherLaws.RestrictionInterpreter
26	H0mework.Physics.MotherLaws.RestrictionProcess
18.2	H0mework.Physics.MotherLaws.StreamCompletion
17.8	H0mework.Physics.MotherLaws.StreamDensity
2.9	H0mework.Physics.MotherLaws.StreamScalar
22	H0mework.Physics.MotherLaws.StreamSource
2.7	H0mework.Physics.MotherLaws.StreamTopology
22	H0mework.Physics.MotherProgrammesFormation.Consumer
19.4	H0mework.Physics.MotherProgrammesFormation.Declarations.ActualOrigin.Consumer
24	H0mework.Physics.MotherProgrammesFormation.Declarations.ActualOrigin.Coverage
20	H0mework.Physics.MotherProgrammesFormation.Declarations.ActualOrigin.Factory
19.8	H0mework.Physics.MotherProgrammesFormation.Declarations.CommonDeclaration.Query
19.6	H0mework.Physics.MotherProgrammesFormation.Declarations.Cumulative.ActionQueries.Clause
20	H0mework.Physics.MotherProgrammesFormation.Declarations.Cumulative.ActionQueries.Consumer
26	H0mework.Physics.MotherProgrammesFormation.Declarations.Cumulative.ActionQueries.Context
20	H0mework.Physics.MotherProgrammesFormation.Declarations.Cumulative.ActionQueries.Coverage
22	H0mework.Physics.MotherProgrammesFormation.Declarations.Cumulative.ActionQueries.Family
24	H0mework.Physics.MotherProgrammesFormation.Declarations.Cumulative.ActionQueries.Inputs
2.1	H0mework.Physics.MotherProgrammesFormation.Declarations.Cumulative.ActionQueries.Label
20	H0mework.Physics.MotherProgrammesFormation.Declarations.Cumulative.ActionQueries.Layout
20	H0mework.Physics.MotherProgrammesFormation.Declarations.Cumulative.ActionQueries.Origin
24	H0mework.Physics.MotherProgrammesFormation.Declarations.Cumulative.ActionQueries.Target
28	H0mework.Physics.MotherProgrammesFormation.Declarations.Cumulative.AdmissionAlignment.Admission
22	H0mework.Physics.MotherProgrammesFormation.Declarations.Cumulative.AdmissionAlignment.AdmissionFields
28	H0mework.Physics.MotherProgrammesFormation.Declarations.Cumulative.AdmissionAlignment.AdmissionRestriction
34	H0mework.Physics.MotherProgrammesFormation.Declarations.Cumulative.AdmissionAlignment.CompilerRestriction
24	H0mework.Physics.MotherProgrammesFormation.Declarations.Cumulative.AdmissionAlignment.FullPatch
28	H0mework.Physics.MotherProgrammesFormation.Declarations.Cumulative.AdmissionAlignment.JointOutput
26	H0mework.Physics.MotherProgrammesFormation.Declarations.Cumulative.AdmissionAlignment.NativeCompiler
20	H0mework.Physics.MotherProgrammesFormation.Declarations.Cumulative.AdmissionAlignment.SourceRestriction
28	H0mework.Physics.MotherProgrammesFormation.Declarations.Cumulative.AdmissionAlignment.Terminal
20	H0mework.Physics.MotherProgrammesFormation.Declarations.Cumulative.AdmissionAlignment.VocabularyRestriction
28	H0mework.Physics.MotherProgrammesFormation.Declarations.Cumulative.AdmissionAlignment.Write
22	H0mework.Physics.MotherProgrammesFormation.Declarations.Cumulative.AdmittedWorld.Consumer
1.8	H0mework.Physics.MotherProgrammesFormation.Declarations.Cumulative.AdmittedWorld.Generation
24	H0mework.Physics.MotherProgrammesFormation.Declarations.Cumulative.AdmittedWorld.Material
16	H0mework.Physics.MotherProgrammesFormation.Declarations.Cumulative.AdmittedWorld.Source
19.6	H0mework.Physics.MotherProgrammesFormation.Declarations.Cumulative.AnswerQueries.Consumer
20	H0mework.Physics.MotherProgrammesFormation.Declarations.Cumulative.AnswerQueries.Coverage
22	H0mework.Physics.MotherProgrammesFormation.Declarations.Cumulative.AnswerQueries.Factory
24	H0mework.Physics.MotherProgrammesFormation.Declarations.Cumulative.AnswerQueries.Layout
22	H0mework.Physics.MotherProgrammesFormation.Declarations.Cumulative.AnswerQueries.Origin
20	H0mework.Physics.MotherProgrammesFormation.Declarations.Cumulative.AnswerQueries.Readback
34	H0mework.Physics.MotherProgrammesFormation.Declarations.Cumulative.ArenaAdmission.Consumer
24	H0mework.Physics.MotherProgrammesFormation.Declarations.Cumulative.ArenaAdmission.Coordinates
18.6	H0mework.Physics.MotherProgrammesFormation.Declarations.Cumulative.ArenaAdmission.Factory
19.4	H0mework.Physics.MotherProgrammesFormation.Declarations.Cumulative.ArenaAdmission.NetworkOrigin
24	H0mework.Physics.MotherProgrammesFormation.Declarations.Cumulative.ArenaAdmission.PairCoordinates
20	H0mework.Physics.MotherProgrammesFormation.Declarations.Cumulative.ArenaAdmission.PresentationData
19.8	H0mework.Physics.MotherProgrammesFormation.Declarations.Cumulative.ArenaAdmission.Presentations
20	H0mework.Physics.MotherProgrammesFormation.Declarations.Cumulative.ArenaAdmission.RecoveryConsumer
18.6	H0mework.Physics.MotherProgrammesFormation.Declarations.Cumulative.ArenaAdmission.SharedNetwork
22	H0mework.Physics.MotherProgrammesFormation.Declarations.Cumulative.ArenaAdmission.Sources
18	H0mework.Physics.MotherProgrammesFormation.Declarations.Cumulative.ArenaCompiler.Coordinates
26	H0mework.Physics.MotherProgrammesFormation.Declarations.Cumulative.ArenaCompiler.LedgerCoordinates
26	H0mework.Physics.MotherProgrammesFormation.Declarations.Cumulative.ArenaCompiler.TargetCoverage
20	H0mework.Physics.MotherProgrammesFormation.Declarations.Cumulative.ArenaCompiler.TargetFactory
28	H0mework.Physics.MotherProgrammesFormation.Declarations.Cumulative.ArenaCompiler.WholeConsumer
26	H0mework.Physics.MotherProgrammesFormation.Declarations.Cumulative.ArenaCompiler.WholeCoverage
30	H0mework.Physics.MotherProgrammesFormation.Declarations.Cumulative.ArenaCompiler.WholeEncoding
28	H0mework.Physics.MotherProgrammesFormation.Declarations.Cumulative.ArenaCompiler.WholeFactory
22	H0mework.Physics.MotherProgrammesFormation.Declarations.Cumulative.ArenaCompiler.WholePages
26	H0mework.Physics.MotherProgrammesFormation.Declarations.Cumulative.ArenaCompiler.WholeRows
22	H0mework.Physics.MotherProgrammesFormation.Declarations.Cumulative.ArenaCompiler.WholeSection
24	H0mework.Physics.MotherProgrammesFormation.Declarations.Cumulative.ArenaDeclarations.Actual
22	H0mework.Physics.MotherProgrammesFormation.Declarations.Cumulative.ArenaDeclarations.ActualConsumer
24	H0mework.Physics.MotherProgrammesFormation.Declarations.Cumulative.ArenaDeclarations.ActualCoverage
19.4	H0mework.Physics.MotherProgrammesFormation.Declarations.Cumulative.ArenaDeclarations.JointHeader
22	H0mework.Physics.MotherProgrammesFormation.Declarations.Cumulative.ArenaDeclarations.Vocabulary
30	H0mework.Physics.MotherProgrammesFormation.Declarations.Cumulative.ArenaDeclarations.VocabularyCoverage
22	H0mework.Physics.MotherProgrammesFormation.Declarations.Cumulative.ArenaDeclarations.VocabularyPresentation
36	H0mework.Physics.MotherProgrammesFormation.Declarations.Cumulative.ArenaExact.Consumer
34	H0mework.Physics.MotherProgrammesFormation.Declarations.Cumulative.ArenaExact.Context
26	H0mework.Physics.MotherProgrammesFormation.Declarations.Cumulative.ArenaExact.Coverage
28	H0mework.Physics.MotherProgrammesFormation.Declarations.Cumulative.ArenaExact.JointFormation
26	H0mework.Physics.MotherProgrammesFormation.Declarations.Cumulative.ArenaExact.RemainderEncoding
24	H0mework.Physics.MotherProgrammesFormation.Declarations.Cumulative.ArenaExact.Transitions
24	H0mework.Physics.MotherProgrammesFormation.Declarations.Cumulative.ArenaExact.WriteCoordinates
22	H0mework.Physics.MotherProgrammesFormation.Declarations.Cumulative.ArenaExact.WriteEncoding
28	H0mework.Physics.MotherProgrammesFormation.Declarations.Cumulative.ArenaExact.WriteFactory
24	H0mework.Physics.MotherProgrammesFormation.Declarations.Cumulative.ArenaExact.WriteFormation
30	H0mework.Physics.MotherProgrammesFormation.Declarations.Cumulative.ArenaExact.WriteGenerated
26	H0mework.Physics.MotherProgrammesFormation.Declarations.Cumulative.ArenaExact.WriteReadback
22	H0mework.Physics.MotherProgrammesFormation.Declarations.Cumulative.ArenaFormation.Coverage
22	H0mework.Physics.MotherProgrammesFormation.Declarations.Cumulative.ArenaFormation.Higher
26	H0mework.Physics.MotherProgrammesFormation.Declarations.Cumulative.ArenaFormation.Network
20	H0mework.Physics.MotherProgrammesFormation.Declarations.Cumulative.ArenaFormation.NetworkConsumer
30	H0mework.Physics.MotherProgrammesFormation.Declarations.Cumulative.ArenaFormation.NetworkCoverage
22	H0mework.Physics.MotherProgrammesFormation.Declarations.Cumulative.ArenaFormation.NetworkPresentation
20	H0mework.Physics.MotherProgrammesFormation.Declarations.Cumulative.ArenaFormation.Source
272	H0mework.Physics.MotherProgrammesFormation.Declarations.Cumulative.ArenaObligation.Assembly
24	H0mework.Physics.MotherProgrammesFormation.Declarations.Cumulative.ArenaObligation.Codes
82	H0mework.Physics.MotherProgrammesFormation.Declarations.Cumulative.ArenaObligation.Consumer
26	H0mework.Physics.MotherProgrammesFormation.Declarations.Cumulative.ArenaObligation.Coordinates
20	H0mework.Physics.MotherProgrammesFormation.Declarations.Cumulative.ArenaObligation.Encoding
28	H0mework.Physics.MotherProgrammesFormation.Declarations.Cumulative.ArenaObligation.Factory
22	H0mework.Physics.MotherProgrammesFormation.Declarations.Cumulative.ArenaObligation.Fields
74	H0mework.Physics.MotherProgrammesFormation.Declarations.Cumulative.ArenaObligation.FullConsumer
22	H0mework.Physics.MotherProgrammesFormation.Declarations.Cumulative.ArenaPatches.Compiler
24	H0mework.Physics.MotherProgrammesFormation.Declarations.Cumulative.ArenaPatches.CompilerRecovery
20	H0mework.Physics.MotherProgrammesFormation.Declarations.Cumulative.ArenaPatches.Consumer
32	H0mework.Physics.MotherProgrammesFormation.Declarations.Cumulative.ArenaPatches.Coordinates
32	H0mework.Physics.MotherProgrammesFormation.Declarations.Cumulative.ArenaPatches.Coverage
32	H0mework.Physics.MotherProgrammesFormation.Declarations.Cumulative.ArenaPatches.Factory
18.8	H0mework.Physics.MotherProgrammesFormation.Declarations.Cumulative.ArenaPatches.FullConsumer
19	H0mework.Physics.MotherProgrammesFormation.Declarations.Cumulative.ArenaPatches.FullSource
32	H0mework.Physics.MotherProgrammesFormation.Declarations.Cumulative.ArenaPatches.PatchFormation
30	H0mework.Physics.MotherProgrammesFormation.Declarations.Cumulative.ArenaPatches.Patches
36	H0mework.Physics.MotherProgrammesFormation.Declarations.Cumulative.ArenaPatches.SelectionCoverage
32	H0mework.Physics.MotherProgrammesFormation.Declarations.Cumulative.ArenaPatches.SelectionFactory
32	H0mework.Physics.MotherProgrammesFormation.Declarations.Cumulative.ArenaPatches.Selectors
30	H0mework.Physics.MotherProgrammesFormation.Declarations.Cumulative.ArenaPatches.TerminalBody
24	H0mework.Physics.MotherProgrammesFormation.Declarations.Cumulative.ArenaPatches.TerminalCoordinates
32	H0mework.Physics.MotherProgrammesFormation.Declarations.Cumulative.ArenaPatches.TerminalCoverage
30	H0mework.Physics.MotherProgrammesFormation.Declarations.Cumulative.ArenaPatches.TerminalFactory
22	H0mework.Physics.MotherProgrammesFormation.Declarations.Cumulative.ArenaPatches.TerminalFormation
26	H0mework.Physics.MotherProgrammesFormation.Declarations.Cumulative.ArenaPatches.TerminalRecovery
24	H0mework.Physics.MotherProgrammesFormation.Declarations.Cumulative.ArenaPrograms.Context
20	H0mework.Physics.MotherProgrammesFormation.Declarations.Cumulative.ArenaPrograms.Terminal
26	H0mework.Physics.MotherProgrammesFormation.Declarations.Cumulative.ArenaPrograms.TerminalConsumer
20	H0mework.Physics.MotherProgrammesFormation.Declarations.Cumulative.ArenaPrograms.TerminalCoverage
24	H0mework.Physics.MotherProgrammesFormation.Declarations.Cumulative.ArenaPrograms.TerminalFormation
54	H0mework.Physics.MotherProgrammesFormation.Declarations.Cumulative.ArenaProjection.Consumer
24	H0mework.Physics.MotherProgrammesFormation.Declarations.Cumulative.ArenaProjection.Coordinates
30	H0mework.Physics.MotherProgrammesFormation.Declarations.Cumulative.ArenaProjection.Encoding
34	H0mework.Physics.MotherProgrammesFormation.Declarations.Cumulative.ArenaProjection.Factory
34	H0mework.Physics.MotherProgrammesFormation.Declarations.Cumulative.ArenaProjection.Formation
56	H0mework.Physics.MotherProgrammesFormation.Declarations.Cumulative.ArenaProjection.FullConsumer
26	H0mework.Physics.MotherProgrammesFormation.Declarations.Cumulative.ArenaProjection.Operations
36	H0mework.Physics.MotherProgrammesFormation.Declarations.Cumulative.ArenaProjection.Signature
36	H0mework.Physics.MotherProgrammesFormation.Declarations.Cumulative.ArenaReceipts.Anchors
24	H0mework.Physics.MotherProgrammesFormation.Declarations.Cumulative.ArenaReceipts.Consumer
24	H0mework.Physics.MotherProgrammesFormation.Declarations.Cumulative.ArenaReceipts.Coordinates
22	H0mework.Physics.MotherProgrammesFormation.Declarations.Cumulative.ArenaReceipts.Events
20	H0mework.Physics.MotherProgrammesFormation.Declarations.Cumulative.ArenaReceipts.Exact
24	H0mework.Physics.MotherProgrammesFormation.Declarations.Cumulative.ArenaReceipts.Factory
18	H0mework.Physics.MotherProgrammesFormation.Declarations.Cumulative.ArenaReceipts.FullConsumer
20	H0mework.Physics.MotherProgrammesFormation.Declarations.Cumulative.ArenaReceipts.Merge
20	H0mework.Physics.MotherProgrammesFormation.Declarations.Cumulative.ArenaReceipts.MergeClassification
94	H0mework.Physics.MotherProgrammesFormation.Declarations.Cumulative.ArenaReceipts.OriginalRoot
30	H0mework.Physics.MotherProgrammesFormation.Declarations.Cumulative.ArenaReceipts.Sections
20	H0mework.Physics.MotherProgrammesFormation.Declarations.Cumulative.ArenaReceipts.Selection
24	H0mework.Physics.MotherProgrammesFormation.Declarations.Cumulative.ArenaReceipts.Split
20	H0mework.Physics.MotherProgrammesFormation.Declarations.Cumulative.ArenaReceipts.SplitClassification
30	H0mework.Physics.MotherProgrammesFormation.Declarations.Cumulative.ArenaRestructuringVocabulary.Families
26	H0mework.Physics.MotherProgrammesFormation.Declarations.Cumulative.ArenaRestructuringVocabulary.Formation
20	H0mework.Physics.MotherProgrammesFormation.Declarations.Cumulative.ArenaRestructuringVocabulary.Lists
32	H0mework.Physics.MotherProgrammesFormation.Declarations.Cumulative.ArenaRestructuringVocabulary.OperationEncoding
28	H0mework.Physics.MotherProgrammesFormation.Declarations.Cumulative.ArenaRestructuringVocabulary.OperationRecovery
30	H0mework.Physics.MotherProgrammesFormation.Declarations.Cumulative.ArenaRestructuringVocabulary.Operations
26	H0mework.Physics.MotherProgrammesFormation.Declarations.Cumulative.ArenaRestructuringVocabulary.Schema
24	H0mework.Physics.MotherProgrammesFormation.Declarations.Cumulative.ArenaRestructuringVocabulary.Sorts
28	H0mework.Physics.MotherProgrammesFormation.Declarations.Cumulative.ArenaRoot.Consumer
20	H0mework.Physics.MotherProgrammesFormation.Declarations.Cumulative.ArenaRoot.Coordinates
18.2	H0mework.Physics.MotherProgrammesFormation.Declarations.Cumulative.ArenaRoot.Coverage
16.2	H0mework.Physics.MotherProgrammesFormation.Declarations.Cumulative.ArenaRoot.Factory
26	H0mework.Physics.MotherProgrammesFormation.Declarations.Cumulative.ArenaRoot.Formation
20	H0mework.Physics.MotherProgrammesFormation.Declarations.Cumulative.ArenaSource.Account
19.6	H0mework.Physics.MotherProgrammesFormation.Declarations.Cumulative.ArenaSource.Consumer
20	H0mework.Physics.MotherProgrammesFormation.Declarations.Cumulative.ArenaSource.Coverage
20	H0mework.Physics.MotherProgrammesFormation.Declarations.Cumulative.ArenaSource.Factory
20	H0mework.Physics.MotherProgrammesFormation.Declarations.Cumulative.ArenaSource.Presentation
38	H0mework.Physics.MotherProgrammesFormation.Declarations.Cumulative.ArenaTheory.Admission
22	H0mework.Physics.MotherProgrammesFormation.Declarations.Cumulative.ArenaTheory.Consumer
18.8	H0mework.Physics.MotherProgrammesFormation.Declarations.Cumulative.ArenaTheory.Coordinates
18.8	H0mework.Physics.MotherProgrammesFormation.Declarations.Cumulative.ArenaTheory.Coverage
20	H0mework.Physics.MotherProgrammesFormation.Declarations.Cumulative.ArenaTheory.Encoding
17.6	H0mework.Physics.MotherProgrammesFormation.Declarations.Cumulative.ArenaTheory.Factory
17.2	H0mework.Physics.MotherProgrammesFormation.Declarations.Cumulative.ArenaTheory.Members
16.6	H0mework.Physics.MotherProgrammesFormation.Declarations.Cumulative.ArenaTheory.Operations
15.4	H0mework.Physics.MotherProgrammesFormation.Declarations.Cumulative.ArenaTheory.Presentation
19.8	H0mework.Physics.MotherProgrammesFormation.Declarations.Cumulative.ArenaTheory.Programmes
18.4	H0mework.Physics.MotherProgrammesFormation.Declarations.Cumulative.AuthorityCoordinates.Output
16.6	H0mework.Physics.MotherProgrammesFormation.Declarations.Cumulative.AuthorityCoordinates.Restriction
22	H0mework.Physics.MotherProgrammesFormation.Declarations.Cumulative.AuthorityFamilies.Consumer
17.4	H0mework.Physics.MotherProgrammesFormation.Declarations.Cumulative.AuthorityFamilies.Coverage
18	H0mework.Physics.MotherProgrammesFormation.Declarations.Cumulative.AuthorityFamilies.Factory
20	H0mework.Physics.MotherProgrammesFormation.Declarations.Cumulative.AuthorityRestriction.Assembly
15	H0mework.Physics.MotherProgrammesFormation.Declarations.Cumulative.AuthorityRestriction.Consumer
40	H0mework.Physics.MotherProgrammesFormation.Declarations.Cumulative.AuthorityRestriction.Formation
19.8	H0mework.Physics.MotherProgrammesFormation.Declarations.Cumulative.AuthorityRestriction.Native
20	H0mework.Physics.MotherProgrammesFormation.Declarations.Cumulative.AuthorityRestriction.Presentation
15.2	H0mework.Physics.MotherProgrammesFormation.Declarations.Cumulative.AuthorityRoot.Consumer
30	H0mework.Physics.MotherProgrammesFormation.Declarations.Cumulative.AuthorityRoot.Formation
17.6	H0mework.Physics.MotherProgrammesFormation.Declarations.Cumulative.AuthorityRoot.Header
13.2	H0mework.Physics.MotherProgrammesFormation.Declarations.Cumulative.AuthorityRoot.Native
16.4	H0mework.Physics.MotherProgrammesFormation.Declarations.Cumulative.CompleteInquiry.Branches
22	H0mework.Physics.MotherProgrammesFormation.Declarations.Cumulative.CompleteInquiry.Bundle
22	H0mework.Physics.MotherProgrammesFormation.Declarations.Cumulative.CompleteInquiry.Consumer
22	H0mework.Physics.MotherProgrammesFormation.Declarations.Cumulative.CompleteInquiry.Coverage
24	H0mework.Physics.MotherProgrammesFormation.Declarations.Cumulative.CompleteInquiry.Read
17	H0mework.Physics.MotherProgrammesFormation.Declarations.Cumulative.CompleteInquiry.Sections
24	H0mework.Physics.MotherProgrammesFormation.Declarations.Cumulative.CurrentFamilies.Coverage
20	H0mework.Physics.MotherProgrammesFormation.Declarations.Cumulative.CurrentFamilies.Material
20	H0mework.Physics.MotherProgrammesFormation.Declarations.Cumulative.Declarations.ArenaAddressCoverage
24	H0mework.Physics.MotherProgrammesFormation.Declarations.Cumulative.Declarations.CumulativeArenaTower
26	H0mework.Physics.MotherProgrammesFormation.Declarations.Cumulative.Declarations.GraphArenaTrial
22	H0mework.Physics.MotherProgrammesFormation.Declarations.Cumulative.Declarations.GraphBuildBridge
2.6	H0mework.Physics.MotherProgrammesFormation.Declarations.Cumulative.Declarations.ParentCompletion.Packets
2.3	H0mework.Physics.MotherProgrammesFormation.Declarations.Cumulative.Declarations.ParentCompletion.Trees
20	H0mework.Physics.MotherProgrammesFormation.Declarations.Cumulative.FixedMother.CompleteRealization
17.4	H0mework.Physics.MotherProgrammesFormation.Declarations.Cumulative.FixedMother.Formation
22	H0mework.Physics.MotherProgrammesFormation.Declarations.Cumulative.HandoffEvents.Coverage
22	H0mework.Physics.MotherProgrammesFormation.Declarations.Cumulative.HandoffEvents.Factory
20	H0mework.Physics.MotherProgrammesFormation.Declarations.Cumulative.HandoffPayload.Assembly
22	H0mework.Physics.MotherProgrammesFormation.Declarations.Cumulative.HandoffPayload.Codes
18.2	H0mework.Physics.MotherProgrammesFormation.Declarations.Cumulative.HandoffPayload.Consumer
20	H0mework.Physics.MotherProgrammesFormation.Declarations.Cumulative.HandoffPayload.Coordinates
24	H0mework.Physics.MotherProgrammesFormation.Declarations.Cumulative.HandoffPayload.Factory
20	H0mework.Physics.MotherProgrammesFormation.Declarations.Cumulative.HandoffPayload.Formation
30	H0mework.Physics.MotherProgrammesFormation.Declarations.Cumulative.HandoffRestriction.Declaration
26	H0mework.Physics.MotherProgrammesFormation.Declarations.Cumulative.HandoffRestriction.Restriction
20	H0mework.Physics.MotherProgrammesFormation.Declarations.Cumulative.HandoffRoots.Consumer
22	H0mework.Physics.MotherProgrammesFormation.Declarations.Cumulative.HandoffRoots.Coordinates
24	H0mework.Physics.MotherProgrammesFormation.Declarations.Cumulative.HandoffRoots.Coverage
20	H0mework.Physics.MotherProgrammesFormation.Declarations.Cumulative.HandoffRoots.Factory
19.4	H0mework.Physics.MotherProgrammesFormation.Declarations.Cumulative.HandoffSource.AtRank
18.2	H0mework.Physics.MotherProgrammesFormation.Declarations.Cumulative.HandoffSource.Consumer
19.8	H0mework.Physics.MotherProgrammesFormation.Declarations.Cumulative.HandoffSource.Header
18.8	H0mework.Physics.MotherProgrammesFormation.Declarations.Cumulative.HandoffSource.Joint
18.8	H0mework.Physics.MotherProgrammesFormation.Declarations.Cumulative.HandoffSource.Living
22	H0mework.Physics.MotherProgrammesFormation.Declarations.Cumulative.InquiryQuery.Answers
20	H0mework.Physics.MotherProgrammesFormation.Declarations.Cumulative.InquiryQuery.Coverage
24	H0mework.Physics.MotherProgrammesFormation.Declarations.Cumulative.InquirySource.Assembly
20	H0mework.Physics.MotherProgrammesFormation.Declarations.Cumulative.InquirySource.HeaderOrigin
22	H0mework.Physics.MotherProgrammesFormation.Declarations.Cumulative.InventoryAdmission.Body
36	H0mework.Physics.MotherProgrammesFormation.Declarations.Cumulative.InventoryAdmission.CompilationSquare
22	H0mework.Physics.MotherProgrammesFormation.Declarations.Cumulative.InventoryAdmission.CompilerFormation
22	H0mework.Physics.MotherProgrammesFormation.Declarations.Cumulative.InventoryAdmission.Coordinates
20	H0mework.Physics.MotherProgrammesFormation.Declarations.Cumulative.InventoryAdmission.Factory
18	H0mework.Physics.MotherProgrammesFormation.Declarations.Cumulative.InventoryAdmission.NetworkOrigin
19.2	H0mework.Physics.MotherProgrammesFormation.Declarations.Cumulative.InventoryAdmission.PairCoordinates
20	H0mework.Physics.MotherProgrammesFormation.Declarations.Cumulative.InventoryAdmission.PresentationData
22	H0mework.Physics.MotherProgrammesFormation.Declarations.Cumulative.InventoryAdmission.Presentations
22	H0mework.Physics.MotherProgrammesFormation.Declarations.Cumulative.InventoryAdmission.Recovery
20	H0mework.Physics.MotherProgrammesFormation.Declarations.Cumulative.InventoryAdmission.SharedNetwork
28	H0mework.Physics.MotherProgrammesFormation.Declarations.Cumulative.InventoryAdmission.Sources
20	H0mework.Physics.MotherProgrammesFormation.Declarations.Cumulative.InventoryAdmission.TerminalTransport
24	H0mework.Physics.MotherProgrammesFormation.Declarations.Cumulative.InventoryAdmission.TransportData
18	H0mework.Physics.MotherProgrammesFormation.Declarations.Cumulative.InventoryAdmission.TransportLaws
22	H0mework.Physics.MotherProgrammesFormation.Declarations.Cumulative.LivingInquiryAlignment.ActionFields.Assembly
26	H0mework.Physics.MotherProgrammesFormation.Declarations.Cumulative.LivingInquiryAlignment.ActionFields.Body
20	H0mework.Physics.MotherProgrammesFormation.Declarations.Cumulative.LivingInquiryAlignment.ActionFields.Consumer
22	H0mework.Physics.MotherProgrammesFormation.Declarations.Cumulative.LivingInquiryAlignment.ActionFields.Coordinates
20	H0mework.Physics.MotherProgrammesFormation.Declarations.Cumulative.LivingInquiryAlignment.ActionFields.ProgramConsumer
2	H0mework.Physics.MotherProgrammesFormation.Declarations.Cumulative.LivingInquiryAlignment.ActionFields.Recovery
22	H0mework.Physics.MotherProgrammesFormation.Declarations.Cumulative.LivingInquiryAlignment.ActionFields.Retract
20	H0mework.Physics.MotherProgrammesFormation.Declarations.Cumulative.LivingInquiryAlignment.ActionFields.Translation
24	H0mework.Physics.MotherProgrammesFormation.Declarations.Cumulative.LivingInquiryAlignment.ActionFields.TranslationBasis
24	H0mework.Physics.MotherProgrammesFormation.Declarations.Cumulative.LivingInquiryAlignment.AnswerClause
20	H0mework.Physics.MotherProgrammesFormation.Declarations.Cumulative.LivingInquiryAlignment.AnswerFormation
22	H0mework.Physics.MotherProgrammesFormation.Declarations.Cumulative.LivingInquiryAlignment.AnswerOperands
20	H0mework.Physics.MotherProgrammesFormation.Declarations.Cumulative.LivingInquiryAlignment.HeaderConsumer
2.1	H0mework.Physics.MotherProgrammesFormation.Declarations.Cumulative.LivingInquiryAlignment.Query
22	H0mework.Physics.MotherProgrammesFormation.Declarations.Cumulative.LivingInquiryAlignment.ReceiptMaterial.Action
22	H0mework.Physics.MotherProgrammesFormation.Declarations.Cumulative.LivingInquiryAlignment.ReceiptMaterial.Address
20	H0mework.Physics.MotherProgrammesFormation.Declarations.Cumulative.LivingInquiryAlignment.ReceiptMaterial.AtRank
20	H0mework.Physics.MotherProgrammesFormation.Declarations.Cumulative.LivingInquiryAlignment.ReceiptMaterial.Coverage
22	H0mework.Physics.MotherProgrammesFormation.Declarations.Cumulative.LivingInquiryAlignment.ReceiptMaterial.Factory
20	H0mework.Physics.MotherProgrammesFormation.Declarations.Cumulative.LivingInquiryAlignment.ReceiptMaterial.Fibers
20	H0mework.Physics.MotherProgrammesFormation.Declarations.Cumulative.LivingInquiryAlignment.ReceiptMaterial.Higher
20	H0mework.Physics.MotherProgrammesFormation.Declarations.Cumulative.LivingInquiryAlignment.ReceiptMaterial.Joint
22	H0mework.Physics.MotherProgrammesFormation.Declarations.Cumulative.LivingInquiryAlignment.ReceiptMaterial.Observed
22	H0mework.Physics.MotherProgrammesFormation.Declarations.Cumulative.LivingInquiryAlignment.ReceiptMaterial.SetLift
24	H0mework.Physics.MotherProgrammesFormation.Declarations.Cumulative.LivingInquiryAlignment.ReceiptMaterial.Source
22	H0mework.Physics.MotherProgrammesFormation.Declarations.Cumulative.LivingInquiryAlignment.ReceiptMaterial.Tower
2.5	H0mework.Physics.MotherProgrammesFormation.Declarations.Cumulative.LivingInquiryAlignment.Root
22	H0mework.Physics.MotherProgrammesFormation.Declarations.Cumulative.LivingInquiryAlignment.U7Compilation
16.6	H0mework.Physics.MotherProgrammesFormation.Declarations.Cumulative.LivingInquiryAlignment.U7Coverage
20	H0mework.Physics.MotherProgrammesFormation.Declarations.Cumulative.LivingInquiryAlignment.U7Demand
20	H0mework.Physics.MotherProgrammesFormation.Declarations.Cumulative.LivingInquiryAlignment.U7Events
22	H0mework.Physics.MotherProgrammesFormation.Declarations.Cumulative.LivingInquiryAlignment.U7Factory
18.4	H0mework.Physics.MotherProgrammesFormation.Declarations.Cumulative.LivingInquiryAlignment.U7Header
20	H0mework.Physics.MotherProgrammesFormation.Declarations.Cumulative.MacroProcess.Consumer
18.4	H0mework.Physics.MotherProgrammesFormation.Declarations.Cumulative.MacroProcess.Family
19.4	H0mework.Physics.MotherProgrammesFormation.Declarations.Cumulative.MacroProcess.Nodes.Factory
20	H0mework.Physics.MotherProgrammesFormation.Declarations.Cumulative.MacroProcess.Nodes.Presentation
18.6	H0mework.Physics.MotherProgrammesFormation.Declarations.Cumulative.MacroProcess.Nodes.Source
20	H0mework.Physics.MotherProgrammesFormation.Declarations.Cumulative.MacroProcess.Operations.Assembly
20	H0mework.Physics.MotherProgrammesFormation.Declarations.Cumulative.MacroProcess.Operations.Consumer
24	H0mework.Physics.MotherProgrammesFormation.Declarations.Cumulative.MacroProcess.Operations.Coverage
22	H0mework.Physics.MotherProgrammesFormation.Declarations.Cumulative.MacroProcess.Operations.Factory
24	H0mework.Physics.MotherProgrammesFormation.Declarations.Cumulative.MacroProcess.Operations.Recovery
1.8	H0mework.Physics.MotherProgrammesFormation.Declarations.Cumulative.MacroProcess.Runtime.Canonical
1.7	H0mework.Physics.MotherProgrammesFormation.Declarations.Cumulative.MacroProcess.Runtime.Engine
19.6	H0mework.Physics.MotherProgrammesFormation.Declarations.Cumulative.MacroProcess.Source
22	H0mework.Physics.MotherProgrammesFormation.Declarations.Cumulative.MaterialJoin.Consumers
19.4	H0mework.Physics.MotherProgrammesFormation.Declarations.Cumulative.MaterialJoin.Higher
20	H0mework.Physics.MotherProgrammesFormation.Declarations.Cumulative.MaterialJoin.Mixed
20	H0mework.Physics.MotherProgrammesFormation.Declarations.Cumulative.NativeCurrent.AtRank
15.8	H0mework.Physics.MotherProgrammesFormation.Declarations.Cumulative.NativeCurrent.Consumer
20	H0mework.Physics.MotherProgrammesFormation.Declarations.Cumulative.NativeCurrent.Restriction
15.6	H0mework.Physics.MotherProgrammesFormation.Declarations.Cumulative.NativeCurrent.Visit
20	H0mework.Physics.MotherProgrammesFormation.Declarations.Cumulative.NativeCurrent.World
19.8	H0mework.Physics.MotherProgrammesFormation.Declarations.Cumulative.NativeVisit.Generation
17	H0mework.Physics.MotherProgrammesFormation.Declarations.Cumulative.NativeVisit.Material
22	H0mework.Physics.MotherProgrammesFormation.Declarations.Cumulative.NetworkRestriction.Native
22	H0mework.Physics.MotherProgrammesFormation.Declarations.Cumulative.ProjectionRestriction.Native
26	H0mework.Physics.MotherProgrammesFormation.Declarations.Cumulative.RestructuringRestriction.Compiler
34	H0mework.Physics.MotherProgrammesFormation.Declarations.Cumulative.RestructuringRestriction.Consumer
264	H0mework.Physics.MotherProgrammesFormation.Declarations.Cumulative.RestructuringRestriction.Law
26	H0mework.Physics.MotherProgrammesFormation.Declarations.Cumulative.RestructuringRestriction.Source
22	H0mework.Physics.MotherProgrammesFormation.Declarations.Cumulative.RestructuringRestriction.Vocabulary
19.8	H0mework.Physics.MotherProgrammesFormation.Declarations.Cumulative.TheoryTransport.Consumer
18.6	H0mework.Physics.MotherProgrammesFormation.Declarations.Cumulative.TheoryTransport.Fibers
18.4	H0mework.Physics.MotherProgrammesFormation.Declarations.Cumulative.TheoryTransport.Presentation
20	H0mework.Physics.MotherProgrammesFormation.Declarations.Cumulative.TheoryTransport.Restriction
16	H0mework.Physics.MotherProgrammesFormation.Declarations.Cumulative.TheoryTransport.Source
20	H0mework.Physics.MotherProgrammesFormation.Declarations.Cumulative.TheoryTransport.Total
18.4	H0mework.Physics.MotherProgrammesFormation.Declarations.Cumulative.U8Compiler.Calculus
20	H0mework.Physics.MotherProgrammesFormation.Declarations.Cumulative.U8Compiler.Clause
17.8	H0mework.Physics.MotherProgrammesFormation.Declarations.Cumulative.U8Compiler.Consumer
22	H0mework.Physics.MotherProgrammesFormation.Declarations.Cumulative.U8Compiler.Context
20	H0mework.Physics.MotherProgrammesFormation.Declarations.Cumulative.U8Compiler.Coverage
20	H0mework.Physics.MotherProgrammesFormation.Declarations.Cumulative.U8Compiler.Data
22	H0mework.Physics.MotherProgrammesFormation.Declarations.Cumulative.U8Compiler.Inputs
24	H0mework.Physics.MotherProgrammesFormation.Declarations.Cumulative.U8Compiler.Layout
20	H0mework.Physics.MotherProgrammesFormation.Declarations.Cumulative.U8Compiler.Origin
20	H0mework.Physics.MotherProgrammesFormation.Declarations.Cumulative.U8Compiler.Raw
20	H0mework.Physics.MotherProgrammesFormation.Declarations.Cumulative.U8Compiler.Transport
26	H0mework.Physics.MotherProgrammesFormation.Declarations.Cumulative.U8Revision.Body
19.4	H0mework.Physics.MotherProgrammesFormation.Declarations.Cumulative.U8Revision.Consumer
22	H0mework.Physics.MotherProgrammesFormation.Declarations.Cumulative.U8Revision.Coordinates
20	H0mework.Physics.MotherProgrammesFormation.Declarations.Cumulative.U8Revision.Face
22	H0mework.Physics.MotherProgrammesFormation.Declarations.Cumulative.U8Revision.Failure
19.2	H0mework.Physics.MotherProgrammesFormation.Declarations.Cumulative.U8Revision.Frontier
19.6	H0mework.Physics.MotherProgrammesFormation.Declarations.Cumulative.U8Revision.Grounding
24	H0mework.Physics.MotherProgrammesFormation.Declarations.Cumulative.U8Revision.Header
20	H0mework.Physics.MotherProgrammesFormation.Declarations.Cumulative.U8Revision.Occurrence
22	H0mework.Physics.MotherProgrammesFormation.Declarations.Cumulative.U8Revision.Source
24	H0mework.Physics.MotherProgrammesFormation.Declarations.HigherLaw.Family
24	H0mework.Physics.MotherProgrammesFormation.Declarations.HigherLaw.Formation
24	H0mework.Physics.MotherProgrammesFormation.Declarations.HigherLaw.Value
2.9	H0mework.Physics.MotherProgrammesFormation.Declarations.NativeAction.Elimination
1.7	H0mework.Physics.MotherProgrammesFormation.Declarations.NativeAuthority.Admissions
1.9	H0mework.Physics.MotherProgrammesFormation.Declarations.NativeAuthority.Cofinal
2.3	H0mework.Physics.MotherProgrammesFormation.Declarations.NativeAuthority.Construction
2.2	H0mework.Physics.MotherProgrammesFormation.Declarations.NativeAuthority.Generation
1.8	H0mework.Physics.MotherProgrammesFormation.Declarations.NativeAuthority.Inventory
2	H0mework.Physics.MotherProgrammesFormation.Declarations.NativeAuthority.RowRecovery
2.1	H0mework.Physics.MotherProgrammesFormation.Declarations.NativeAuthority.Section
1	H0mework.Physics.MotherProgrammesFormation.Declarations.NativeProgram.Clause
2.5	H0mework.Physics.MotherProgrammesFormation.Declarations.NativeProgram.Elimination
3.9	H0mework.Physics.MotherProgrammesFormation.Declarations.NativeProgram.Faces
24	H0mework.Physics.MotherProgrammesFormation.Declarations.NativeRegistry.Factory
20	H0mework.Physics.MotherProgrammesFormation.Declarations.NativeRegistry.Nodes
22	H0mework.Physics.MotherProgrammesFormation.Declarations.NativeRegistry.Operations
1.9	H0mework.Physics.MotherProgrammesFormation.Declarations.NativeRegistryRecovery.Process
20	H0mework.Physics.MotherProgrammesFormation.Declarations.NativeSourceOrigin.Account
17	H0mework.Physics.MotherProgrammesFormation.Declarations.NativeSourceOrigin.Compiler.Branch
16.8	H0mework.Physics.MotherProgrammesFormation.Declarations.NativeSourceOrigin.Compiler.Coordinates
18.8	H0mework.Physics.MotherProgrammesFormation.Declarations.NativeSourceOrigin.Compiler.Patches.Body
20	H0mework.Physics.MotherProgrammesFormation.Declarations.NativeSourceOrigin.Compiler.Patches.Compiler
20	H0mework.Physics.MotherProgrammesFormation.Declarations.NativeSourceOrigin.Compiler.Patches.CompilerRecovery
20	H0mework.Physics.MotherProgrammesFormation.Declarations.NativeSourceOrigin.Compiler.Patches.Consumer
22	H0mework.Physics.MotherProgrammesFormation.Declarations.NativeSourceOrigin.Compiler.Patches.Coordinates
19.4	H0mework.Physics.MotherProgrammesFormation.Declarations.NativeSourceOrigin.Compiler.Patches.Coverage
19.6	H0mework.Physics.MotherProgrammesFormation.Declarations.NativeSourceOrigin.Compiler.Patches.Factory
18.8	H0mework.Physics.MotherProgrammesFormation.Declarations.NativeSourceOrigin.Compiler.Patches.FullSource.Branch
18.4	H0mework.Physics.MotherProgrammesFormation.Declarations.NativeSourceOrigin.Compiler.Patches.FullSource.Compiler
32	H0mework.Physics.MotherProgrammesFormation.Declarations.NativeSourceOrigin.Compiler.Patches.FullSource.Consumer
24	H0mework.Physics.MotherProgrammesFormation.Declarations.NativeSourceOrigin.Compiler.Patches.FullSource.Fold
20	H0mework.Physics.MotherProgrammesFormation.Declarations.NativeSourceOrigin.Compiler.Patches.FullSource.Frame
22	H0mework.Physics.MotherProgrammesFormation.Declarations.NativeSourceOrigin.Compiler.Patches.FullSource.Terminal
26	H0mework.Physics.MotherProgrammesFormation.Declarations.NativeSourceOrigin.Compiler.Patches.FullSource.Transport
22	H0mework.Physics.MotherProgrammesFormation.Declarations.NativeSourceOrigin.Compiler.Patches.FullSource.Whole
22	H0mework.Physics.MotherProgrammesFormation.Declarations.NativeSourceOrigin.Compiler.Patches.FullSource.Write
20	H0mework.Physics.MotherProgrammesFormation.Declarations.NativeSourceOrigin.Compiler.Patches.PatchFormation
20	H0mework.Physics.MotherProgrammesFormation.Declarations.NativeSourceOrigin.Compiler.Patches.PatchRecovery
22	H0mework.Physics.MotherProgrammesFormation.Declarations.NativeSourceOrigin.Compiler.Patches.Patches
20	H0mework.Physics.MotherProgrammesFormation.Declarations.NativeSourceOrigin.Compiler.Patches.SelectionCoverage
20	H0mework.Physics.MotherProgrammesFormation.Declarations.NativeSourceOrigin.Compiler.Patches.SelectionFactory
22	H0mework.Physics.MotherProgrammesFormation.Declarations.NativeSourceOrigin.Compiler.Patches.Selectors
20	H0mework.Physics.MotherProgrammesFormation.Declarations.NativeSourceOrigin.Compiler.Patches.TerminalBody
22	H0mework.Physics.MotherProgrammesFormation.Declarations.NativeSourceOrigin.Compiler.Patches.TerminalCoordinates
18.4	H0mework.Physics.MotherProgrammesFormation.Declarations.NativeSourceOrigin.Compiler.Patches.TerminalCoverage
19.8	H0mework.Physics.MotherProgrammesFormation.Declarations.NativeSourceOrigin.Compiler.Patches.TerminalFactory
20	H0mework.Physics.MotherProgrammesFormation.Declarations.NativeSourceOrigin.Compiler.Patches.TerminalFormation
18	H0mework.Physics.MotherProgrammesFormation.Declarations.NativeSourceOrigin.Compiler.Patches.TerminalRecovery
15.8	H0mework.Physics.MotherProgrammesFormation.Declarations.NativeSourceOrigin.Compiler.Programs.Context
22	H0mework.Physics.MotherProgrammesFormation.Declarations.NativeSourceOrigin.Compiler.Programs.Exact.Context
24	H0mework.Physics.MotherProgrammesFormation.Declarations.NativeSourceOrigin.Compiler.Programs.Exact.Coverage
19.6	H0mework.Physics.MotherProgrammesFormation.Declarations.NativeSourceOrigin.Compiler.Programs.Exact.Formation
14.4	H0mework.Physics.MotherProgrammesFormation.Declarations.NativeSourceOrigin.Compiler.Programs.Exact.RemainderEncoding
22	H0mework.Physics.MotherProgrammesFormation.Declarations.NativeSourceOrigin.Compiler.Programs.Exact.Transitions
20	H0mework.Physics.MotherProgrammesFormation.Declarations.NativeSourceOrigin.Compiler.Programs.Exact.Transport
20	H0mework.Physics.MotherProgrammesFormation.Declarations.NativeSourceOrigin.Compiler.Programs.Exact.WriteConsumer
14	H0mework.Physics.MotherProgrammesFormation.Declarations.NativeSourceOrigin.Compiler.Programs.Exact.WriteCoordinates
15	H0mework.Physics.MotherProgrammesFormation.Declarations.NativeSourceOrigin.Compiler.Programs.Exact.WriteEncoding
13.6	H0mework.Physics.MotherProgrammesFormation.Declarations.NativeSourceOrigin.Compiler.Programs.Exact.WriteFactory
17.6	H0mework.Physics.MotherProgrammesFormation.Declarations.NativeSourceOrigin.Compiler.Programs.Exact.WriteFormation
20	H0mework.Physics.MotherProgrammesFormation.Declarations.NativeSourceOrigin.Compiler.Programs.Exact.WriteGenerated
15.8	H0mework.Physics.MotherProgrammesFormation.Declarations.NativeSourceOrigin.Compiler.Programs.Exact.WriteReadback
17.2	H0mework.Physics.MotherProgrammesFormation.Declarations.NativeSourceOrigin.Compiler.Programs.Joint.Body
26	H0mework.Physics.MotherProgrammesFormation.Declarations.NativeSourceOrigin.Compiler.Programs.Joint.Consumer
19.6	H0mework.Physics.MotherProgrammesFormation.Declarations.NativeSourceOrigin.Compiler.Programs.Joint.Equivalences
24	H0mework.Physics.MotherProgrammesFormation.Declarations.NativeSourceOrigin.Compiler.Programs.Joint.Formation
72	H0mework.Physics.MotherProgrammesFormation.Declarations.NativeSourceOrigin.Compiler.Programs.Joint.Source
20	H0mework.Physics.MotherProgrammesFormation.Declarations.NativeSourceOrigin.Compiler.Programs.Terminal
22	H0mework.Physics.MotherProgrammesFormation.Declarations.NativeSourceOrigin.Compiler.Programs.TerminalConsumer
24	H0mework.Physics.MotherProgrammesFormation.Declarations.NativeSourceOrigin.Compiler.Programs.TerminalCoverage
22	H0mework.Physics.MotherProgrammesFormation.Declarations.NativeSourceOrigin.Compiler.Programs.TerminalFormation
24	H0mework.Physics.MotherProgrammesFormation.Declarations.NativeSourceOrigin.Compiler.Programs.TerminalTransport
16.4	H0mework.Physics.MotherProgrammesFormation.Declarations.NativeSourceOrigin.Compiler.TargetCoverage
15.4	H0mework.Physics.MotherProgrammesFormation.Declarations.NativeSourceOrigin.Compiler.TargetFactory
16.4	H0mework.Physics.MotherProgrammesFormation.Declarations.NativeSourceOrigin.Compiler.Targets
15.6	H0mework.Physics.MotherProgrammesFormation.Declarations.NativeSourceOrigin.Compiler.Whole.Body
13.4	H0mework.Physics.MotherProgrammesFormation.Declarations.NativeSourceOrigin.Compiler.Whole.Consumer
16.8	H0mework.Physics.MotherProgrammesFormation.Declarations.NativeSourceOrigin.Compiler.Whole.Coordinates
14.6	H0mework.Physics.MotherProgrammesFormation.Declarations.NativeSourceOrigin.Compiler.Whole.Coverage
16.4	H0mework.Physics.MotherProgrammesFormation.Declarations.NativeSourceOrigin.Compiler.Whole.Encoding
15.6	H0mework.Physics.MotherProgrammesFormation.Declarations.NativeSourceOrigin.Compiler.Whole.Factory
17	H0mework.Physics.MotherProgrammesFormation.Declarations.NativeSourceOrigin.Compiler.Whole.Pages
14.2	H0mework.Physics.MotherProgrammesFormation.Declarations.NativeSourceOrigin.Compiler.Whole.Rows
17.2	H0mework.Physics.MotherProgrammesFormation.Declarations.NativeSourceOrigin.Compiler.Whole.Section
16	H0mework.Physics.MotherProgrammesFormation.Declarations.NativeSourceOrigin.Compiler.Whole.Transport
16.2	H0mework.Physics.MotherProgrammesFormation.Declarations.NativeSourceOrigin.Consumer
18.4	H0mework.Physics.MotherProgrammesFormation.Declarations.NativeSourceOrigin.Coverage
20	H0mework.Physics.MotherProgrammesFormation.Declarations.NativeSourceOrigin.Factory
20	H0mework.Physics.MotherProgrammesFormation.Declarations.NativeSourceOrigin.Inventory
18.8	H0mework.Physics.MotherProgrammesFormation.Declarations.NativeSourceOrigin.Presentation
26	H0mework.Physics.MotherProgrammesFormation.Declarations.NativeSourceOrigin.Projection.Across
38	H0mework.Physics.MotherProgrammesFormation.Declarations.NativeSourceOrigin.Projection.Consumer
22	H0mework.Physics.MotherProgrammesFormation.Declarations.NativeSourceOrigin.Projection.Coordinates
36	H0mework.Physics.MotherProgrammesFormation.Declarations.NativeSourceOrigin.Projection.Encoding
30	H0mework.Physics.MotherProgrammesFormation.Declarations.NativeSourceOrigin.Projection.Factory
22	H0mework.Physics.MotherProgrammesFormation.Declarations.NativeSourceOrigin.Projection.Formation
30	H0mework.Physics.MotherProgrammesFormation.Declarations.NativeSourceOrigin.Projection.Operations
32	H0mework.Physics.MotherProgrammesFormation.Declarations.NativeSourceOrigin.Projection.Signature
22	H0mework.Physics.MotherProgrammesFormation.Declarations.NativeSourceOrigin.Restructuring.Obligation.Admission
30	H0mework.Physics.MotherProgrammesFormation.Declarations.NativeSourceOrigin.Restructuring.Obligation.AdmissionTransport
290	H0mework.Physics.MotherProgrammesFormation.Declarations.NativeSourceOrigin.Restructuring.Obligation.Assembly
28	H0mework.Physics.MotherProgrammesFormation.Declarations.NativeSourceOrigin.Restructuring.Obligation.Codes
136	H0mework.Physics.MotherProgrammesFormation.Declarations.NativeSourceOrigin.Restructuring.Obligation.Consumer
28	H0mework.Physics.MotherProgrammesFormation.Declarations.NativeSourceOrigin.Restructuring.Obligation.Coordinates
34	H0mework.Physics.MotherProgrammesFormation.Declarations.NativeSourceOrigin.Restructuring.Obligation.Encoding
28	H0mework.Physics.MotherProgrammesFormation.Declarations.NativeSourceOrigin.Restructuring.Obligation.Factory
26	H0mework.Physics.MotherProgrammesFormation.Declarations.NativeSourceOrigin.Restructuring.Obligation.Fields
28	H0mework.Physics.MotherProgrammesFormation.Declarations.NativeSourceOrigin.Restructuring.Obligation.Obligation
19.2	H0mework.Physics.MotherProgrammesFormation.Declarations.NativeSourceOrigin.Restructuring.Obligation.Origin
52	H0mework.Physics.MotherProgrammesFormation.Declarations.NativeSourceOrigin.Restructuring.Obligation.Source
22	H0mework.Physics.MotherProgrammesFormation.Declarations.NativeSourceOrigin.Restructuring.Obligation.Transport
28	H0mework.Physics.MotherProgrammesFormation.Declarations.NativeSourceOrigin.Restructuring.Obligation.World
26	H0mework.Physics.MotherProgrammesFormation.Declarations.NativeSourceOrigin.Restructuring.Receipts.Anchors
22	H0mework.Physics.MotherProgrammesFormation.Declarations.NativeSourceOrigin.Restructuring.Receipts.AnchorsAcross
22	H0mework.Physics.MotherProgrammesFormation.Declarations.NativeSourceOrigin.Restructuring.Receipts.Bodies
36	H0mework.Physics.MotherProgrammesFormation.Declarations.NativeSourceOrigin.Restructuring.Receipts.CertificateBody
22	H0mework.Physics.MotherProgrammesFormation.Declarations.NativeSourceOrigin.Restructuring.Receipts.ClassificationAcross
30	H0mework.Physics.MotherProgrammesFormation.Declarations.NativeSourceOrigin.Restructuring.Receipts.Consumer
20	H0mework.Physics.MotherProgrammesFormation.Declarations.NativeSourceOrigin.Restructuring.Receipts.Coordinates
26	H0mework.Physics.MotherProgrammesFormation.Declarations.NativeSourceOrigin.Restructuring.Receipts.Coverage
26	H0mework.Physics.MotherProgrammesFormation.Declarations.NativeSourceOrigin.Restructuring.Receipts.Events
30	H0mework.Physics.MotherProgrammesFormation.Declarations.NativeSourceOrigin.Restructuring.Receipts.Exact
20	H0mework.Physics.MotherProgrammesFormation.Declarations.NativeSourceOrigin.Restructuring.Receipts.Factory
36	H0mework.Physics.MotherProgrammesFormation.Declarations.NativeSourceOrigin.Restructuring.Receipts.FullTransport
28	H0mework.Physics.MotherProgrammesFormation.Declarations.NativeSourceOrigin.Restructuring.Receipts.Merge
38	H0mework.Physics.MotherProgrammesFormation.Declarations.NativeSourceOrigin.Restructuring.Receipts.MergeAcross
34	H0mework.Physics.MotherProgrammesFormation.Declarations.NativeSourceOrigin.Restructuring.Receipts.MergeClassification
140	H0mework.Physics.MotherProgrammesFormation.Declarations.NativeSourceOrigin.Restructuring.Receipts.OriginalRoot
24	H0mework.Physics.MotherProgrammesFormation.Declarations.NativeSourceOrigin.Restructuring.Receipts.ReceiptFields
22	H0mework.Physics.MotherProgrammesFormation.Declarations.NativeSourceOrigin.Restructuring.Receipts.ReceiptValidity
24	H0mework.Physics.MotherProgrammesFormation.Declarations.NativeSourceOrigin.Restructuring.Receipts.ReceiptsAcross
30	H0mework.Physics.MotherProgrammesFormation.Declarations.NativeSourceOrigin.Restructuring.Receipts.Sections
34	H0mework.Physics.MotherProgrammesFormation.Declarations.NativeSourceOrigin.Restructuring.Receipts.SectionsAcross
32	H0mework.Physics.MotherProgrammesFormation.Declarations.NativeSourceOrigin.Restructuring.Receipts.Selection
32	H0mework.Physics.MotherProgrammesFormation.Declarations.NativeSourceOrigin.Restructuring.Receipts.Split
38	H0mework.Physics.MotherProgrammesFormation.Declarations.NativeSourceOrigin.Restructuring.Receipts.SplitAcross
32	H0mework.Physics.MotherProgrammesFormation.Declarations.NativeSourceOrigin.Restructuring.Receipts.SplitClassification
24	H0mework.Physics.MotherProgrammesFormation.Declarations.NativeSourceOrigin.Restructuring.Receipts.VocabularyCompiler
40	H0mework.Physics.MotherProgrammesFormation.Declarations.NativeSourceOrigin.Restructuring.Receipts.WorldClassification
26	H0mework.Physics.MotherProgrammesFormation.Declarations.NativeSourceOrigin.Restructuring.Receipts.WorldFrames
40	H0mework.Physics.MotherProgrammesFormation.Declarations.NativeSourceOrigin.Restructuring.Receipts.WorldMerge
44	H0mework.Physics.MotherProgrammesFormation.Declarations.NativeSourceOrigin.Restructuring.Receipts.WorldSplit
19.2	H0mework.Physics.MotherProgrammesFormation.Declarations.NativeSourceOrigin.Restructuring.Vocabulary.Anchors
19.2	H0mework.Physics.MotherProgrammesFormation.Declarations.NativeSourceOrigin.Restructuring.Vocabulary.Consumer
20	H0mework.Physics.MotherProgrammesFormation.Declarations.NativeSourceOrigin.Restructuring.Vocabulary.Families
16	H0mework.Physics.MotherProgrammesFormation.Declarations.NativeSourceOrigin.Restructuring.Vocabulary.Formation
22	H0mework.Physics.MotherProgrammesFormation.Declarations.NativeSourceOrigin.Restructuring.Vocabulary.Lists
20	H0mework.Physics.MotherProgrammesFormation.Declarations.NativeSourceOrigin.Restructuring.Vocabulary.OperationEncoding
20	H0mework.Physics.MotherProgrammesFormation.Declarations.NativeSourceOrigin.Restructuring.Vocabulary.OperationRecovery
20	H0mework.Physics.MotherProgrammesFormation.Declarations.NativeSourceOrigin.Restructuring.Vocabulary.Operations
20	H0mework.Physics.MotherProgrammesFormation.Declarations.NativeSourceOrigin.Restructuring.Vocabulary.Schema
20	H0mework.Physics.MotherProgrammesFormation.Declarations.NativeSourceOrigin.Restructuring.Vocabulary.Sorts
20	H0mework.Physics.MotherProgrammesFormation.Declarations.NativeSourceOrigin.Restructuring.Vocabulary.Transport
22	H0mework.Physics.MotherProgrammesFormation.Declarations.NativeSourceOrigin.Restructuring.Vocabulary.Vocabulary
32	H0mework.Physics.MotherProgrammesFormation.Declarations.NativeSourceOrigin.Root.Consumer
22	H0mework.Physics.MotherProgrammesFormation.Declarations.NativeSourceOrigin.Root.Coordinates
26	H0mework.Physics.MotherProgrammesFormation.Declarations.NativeSourceOrigin.Root.Coverage
20	H0mework.Physics.MotherProgrammesFormation.Declarations.NativeSourceOrigin.Root.Factory
28	H0mework.Physics.MotherProgrammesFormation.Declarations.NativeSourceOrigin.Root.Root
28	H0mework.Physics.MotherProgrammesFormation.Declarations.NativeSourceOrigin.Root.Transport
20	H0mework.Physics.MotherProgrammesFormation.Declarations.NetworkOrigin.Consumer
28	H0mework.Physics.MotherProgrammesFormation.Declarations.NetworkOrigin.Coverage
26	H0mework.Physics.MotherProgrammesFormation.Declarations.NetworkOrigin.Factory
20	H0mework.Physics.MotherProgrammesFormation.Declarations.NetworkOrigin.Ledger.Contexts
20	H0mework.Physics.MotherProgrammesFormation.Declarations.NetworkOrigin.Ledger.FiniteRows
30	H0mework.Physics.MotherProgrammesFormation.Declarations.NetworkOrigin.Ledger.GeneratedRows
28	H0mework.Physics.MotherProgrammesFormation.Declarations.NetworkOrigin.Ledger.PatchSources
22	H0mework.Physics.MotherProgrammesFormation.Declarations.NetworkOrigin.Ledger.Rows
17	H0mework.Physics.MotherProgrammesFormation.Declarations.NetworkOrigin.Ledger.SelectionEquations
26	H0mework.Physics.MotherProgrammesFormation.Declarations.NetworkOrigin.Ledger.Source
20	H0mework.Physics.MotherProgrammesFormation.Declarations.NetworkOrigin.Ledger.TerminalRows
22	H0mework.Physics.MotherProgrammesFormation.Declarations.NetworkOrigin.Ledger.TerminalSources
22	H0mework.Physics.MotherProgrammesFormation.Declarations.NetworkOrigin.Ledger.Whole
24	H0mework.Physics.MotherProgrammesFormation.Declarations.NetworkOrigin.Presentation
2.2	H0mework.Physics.MotherProgrammesFormation.Declarations.SmallSupport.Collection
2.2	H0mework.Physics.MotherProgrammesFormation.Declarations.SmallSupport.Localization
2.8	H0mework.Physics.MotherProgrammesFormation.Declarations.SmallSupport.Profiles
22	H0mework.Physics.MotherProgrammesFormation.Declarations.Subquotient.Address
22	H0mework.Physics.MotherProgrammesFormation.Declarations.Subquotient.Formation
22	H0mework.Physics.MotherProgrammesFormation.Declarations.Subquotient.Section
22	H0mework.Physics.MotherProgrammesFormation.Declarations.SubquotientInquiry.Inquiry
20	H0mework.Physics.MotherProgrammesFormation.Declarations.SubquotientInquiry.Root
22	H0mework.Physics.MotherProgrammesFormation.Declarations.SubquotientInquiry.Source
22	H0mework.Physics.MotherProgrammesFormation.Declarations.VocabularyOrigin.Consumer
26	H0mework.Physics.MotherProgrammesFormation.Declarations.VocabularyOrigin.Coverage
22	H0mework.Physics.MotherProgrammesFormation.Declarations.VocabularyOrigin.Evolution
22	H0mework.Physics.MotherProgrammesFormation.Declarations.VocabularyOrigin.Factory
24	H0mework.Physics.MotherProgrammesFormation.Declarations.VocabularyOrigin.Presentation
3.3	H0mework.Physics.MotherProgrammesFormation.Dyadic
36	H0mework.Physics.MotherProgrammesFormation.EffectsCoframe
28	H0mework.Physics.MotherProgrammesFormation.EffectsFaithfulness
28	H0mework.Physics.MotherProgrammesFormation.FamilyOccurrenceConsumer
38	H0mework.Physics.MotherProgrammesFormation.FullAuxiliaryConsumer
76	H0mework.Physics.MotherProgrammesFormation.NativeHistory
34	H0mework.Physics.MotherProgrammesFormation.NativeInitial
28	H0mework.Physics.MotherProgrammesFormation.NativeSource
156	H0mework.Physics.MotherProgrammesFormationActual.Consumer
28	H0mework.Physics.MotherProgrammesFormationActual.History
32	H0mework.Physics.MotherProgrammesFormationActual.Joint
224	H0mework.Physics.MotherProgrammesFormationActual.Transition
310	H0mework.Physics.MotherProgrammesFormationCauchy.Initial
86	H0mework.Physics.MotherProgrammesFormationCauchy.Source
40	H0mework.Physics.MotherProgrammesFormationClockBF.Action
24	H0mework.Physics.MotherProgrammesFormationClockBF.Calculus
40	H0mework.Physics.MotherProgrammesFormationClockBF.Consumer
48	H0mework.Physics.MotherProgrammesFormationClockBF.Coordinates
26	H0mework.Physics.MotherProgrammesFormationClockBF.Feedback
96	H0mework.Physics.MotherProgrammesFormationClockBF.Material
88	H0mework.Physics.MotherProgrammesFormationClockBF.Preparation
24	H0mework.Physics.MotherProgrammesFormationClockBF.Split
26	H0mework.Physics.MotherProgrammesFormationCollision.Consumer
4.4	H0mework.Physics.MotherProgrammesFormationCollision.History
7.7	H0mework.Physics.MotherProgrammesFormationCollision.Operator
32	H0mework.Physics.MotherProgrammesFormationContinuous.Finite
20	H0mework.Physics.MotherProgrammesFormationCoordinates.ActionConsumer
20	H0mework.Physics.MotherProgrammesFormationCoordinates.ActionEmitter
22	H0mework.Physics.MotherProgrammesFormationCoordinates.ActionOperations
20	H0mework.Physics.MotherProgrammesFormationCoordinates.ActionPresentation
20	H0mework.Physics.MotherProgrammesFormationCoordinates.Completion
24	H0mework.Physics.MotherProgrammesFormationCoordinates.Consumer
18.8	H0mework.Physics.MotherProgrammesFormationCoordinates.HistoriesConsumer
20	H0mework.Physics.MotherProgrammesFormationCoordinates.HistoriesRecovery
20	H0mework.Physics.MotherProgrammesFormationCoordinates.HistoriesReplay
32	H0mework.Physics.MotherProgrammesFormationCoordinates.Rational
22	H0mework.Physics.MotherProgrammesFormationCoordinates.Stream
19.4	H0mework.Physics.MotherProgrammesFormationCoordinates.WholeAction
20	H0mework.Physics.MotherProgrammesFormationCoordinates.WholeCarrier
16	H0mework.Physics.MotherProgrammesFormationCoordinates.WholeConsumer
17.8	H0mework.Physics.MotherProgrammesFormationCoordinates.WholeConsumption
19.6	H0mework.Physics.MotherProgrammesFormationCurrent.Consumer
24	H0mework.Physics.MotherProgrammesFormationCurrent.Coordinates
20	H0mework.Physics.MotherProgrammesFormationCurrent.Current
24	H0mework.Physics.MotherProgrammesFormationCurrent.Source
22	H0mework.Physics.MotherProgrammesFormationCurrent.SpacetimeRecovery
19	H0mework.Physics.MotherProgrammesFormationCurrent.SpacetimeSamples
24	H0mework.Physics.MotherProgrammesFormationCurrent.Spatial
32	H0mework.Physics.MotherProgrammesFormationDiscrete.Code
30	H0mework.Physics.MotherProgrammesFormationDiscrete.History
30	H0mework.Physics.MotherProgrammesFormationDiscrete.Program
34	H0mework.Physics.MotherProgrammesFormationDiscrete.Reachability
36	H0mework.Physics.MotherProgrammesFormationDiscrete.Recurrence
22	H0mework.Physics.MotherProgrammesFormationMatter.ActionBasis
20	H0mework.Physics.MotherProgrammesFormationMatter.ActionConsumer
24	H0mework.Physics.MotherProgrammesFormationMatter.ActionMatrix
22	H0mework.Physics.MotherProgrammesFormationPaths.Consumer
20	H0mework.Physics.MotherProgrammesFormationPaths.Late
17	H0mework.Physics.MotherProgrammesFormationPaths.Steps
28	H0mework.Physics.MotherProgrammesFormationPotential.Assembly
34	H0mework.Physics.MotherProgrammesFormationPotential.Consumer
20	H0mework.Physics.MotherProgrammesFormationPotential.Effects
17.8	H0mework.Physics.MotherProgrammesFormationPotential.GeneratedConsumer
22	H0mework.Physics.MotherProgrammesFormationPotential.GeneratedHistory
22	H0mework.Physics.MotherProgrammesFormationPotential.GeneratedState
22	H0mework.Physics.MotherProgrammesFormationPotential.History
84	H0mework.Physics.MotherProgrammesFormationPotential.Potential
24	H0mework.Physics.MotherProgrammesFormationProgrammes.AutonomousConsumer
22	H0mework.Physics.MotherProgrammesFormationProgrammes.AutonomousCoverage
17.8	H0mework.Physics.MotherProgrammesFormationProgrammes.AutonomousHistory
22	H0mework.Physics.MotherProgrammesFormationProgrammes.AutonomousState
20	H0mework.Physics.MotherProgrammesFormationProgrammes.Entry
17.2	H0mework.Physics.MotherProgrammesFormationProgrammes.ExecutionConsumer
20	H0mework.Physics.MotherProgrammesFormationProgrammes.ExecutionRun
24	H0mework.Physics.MotherProgrammesFormationProgrammes.ExecutionSegment
22	H0mework.Physics.MotherProgrammesFormationProgrammes.ExecutionTrace
20	H0mework.Physics.MotherProgrammesFormationProgrammes.Programme
26	H0mework.Physics.MotherProgrammesFormationRational.Assembly
30	H0mework.Physics.MotherProgrammesFormationRational.Consumer
28	H0mework.Physics.MotherProgrammesFormationRational.Prefix
34	H0mework.Physics.MotherProgrammesFormationRational.Trace
20	H0mework.Physics.MotherSource.Consumer
46	H0mework.Physics.MotherSource.GroundedRealization
28	H0mework.Physics.MotherSource.RawSourceRealization
22	H0mework.Physics.NonlinearOrbit.Acceptance
56	H0mework.Physics.NonlinearOrbit.Adjoint
36	H0mework.Physics.NonlinearOrbit.Baseline
40	H0mework.Physics.NonlinearOrbit.Configuration
30	H0mework.Physics.NonlinearOrbit.Confinement
30	H0mework.Physics.NonlinearOrbit.Continuation
36	H0mework.Physics.NonlinearOrbit.Current
48	H0mework.Physics.NonlinearOrbit.Dirac
68	H0mework.Physics.NonlinearOrbit.Field
26	H0mework.Physics.NonlinearOrbit.Flow
34	H0mework.Physics.NonlinearOrbit.GaugeEquation
22	H0mework.Physics.NonlinearOrbit.Generator
36	H0mework.Physics.NonlinearOrbit.Observable
38	H0mework.Physics.NonlinearOrbit.Scalar
88	H0mework.Physics.PlaneWave.NullSpin
11	H0mework.Physics.PortCoupling.Dynamics
8.5	H0mework.Physics.PortCoupling.Harmonic
7.2	H0mework.Physics.PortCoupling.Reversible
7.5	H0mework.Physics.PortCoupling.State
32	H0mework.Physics.QuantumCompatibility.Acceptance
22	H0mework.Physics.QuantumCompatibility.ConnectionJet
28	H0mework.Physics.QuantumCompatibility.Current
36	H0mework.Physics.QuantumCompatibility.DualResponse
36	H0mework.Physics.QuantumCompatibility.ExteriorJet
34	H0mework.Physics.QuantumCompatibility.ExteriorRemainder
26	H0mework.Physics.QuantumCompatibility.Hermitian
24	H0mework.Physics.QuantumCompatibility.Mass
32	H0mework.Physics.QuantumCompatibility.Stress
28	H0mework.Physics.QuantumDynamics.Automorphism
22	H0mework.Physics.QuantumDynamics.Coherence
26	H0mework.Physics.QuantumDynamics.Phase
26	H0mework.Physics.QuantumDynamics.TimeJet
22	H0mework.Physics.QuantumFoundation.Classical
22	H0mework.Physics.QuantumFoundation.Credential
28	H0mework.Physics.QuantumFoundation.FoundationAcceptance
24	H0mework.Physics.QuantumFoundation.FoundationDescent
24	H0mework.Physics.QuantumFoundation.FoundationInvariance
26	H0mework.Physics.QuantumFoundation.FoundationNativeAction
20	H0mework.Physics.QuantumFoundation.RuntimeActivation
20	H0mework.Physics.QuantumFoundation.RuntimeConsumer
20	H0mework.Physics.QuantumFoundation.RuntimeOccurrence
30	H0mework.Physics.QuantumObservation.Interference
22	H0mework.Physics.QuantumObservation.Prediction
20	H0mework.Physics.QuantumRuntime.Consumer
28	H0mework.Physics.QuantumRuntime.Inquiry
26	H0mework.Physics.QuantumRuntime.NativeField
24	H0mework.Physics.QuantumRuntime.Transport
24	H0mework.Physics.QuantumState.AlgebraSourceAction
24	H0mework.Physics.QuantumState.SourceCoefficients
36	H0mework.Physics.QuantumState.SourceFrame
26	H0mework.Physics.QuantumState.SourceReparametrization
24	H0mework.Physics.QuantumState.SourceRestriction
28	H0mework.Physics.QuantumState.StateCovariance
26	H0mework.Physics.QuantumState.StateSource
3.6	H0mework.Physics.QuantumState.StateVector
13.8	H0mework.Physics.QuarticDynamics.FixedActionSelection
30	H0mework.Physics.QuarticDynamics.FixedConstitutiveAnchor
20	H0mework.Physics.QuarticDynamics.FixedConstitutiveRegularity
24	H0mework.Physics.QuarticDynamics.FixedCoupledTemporalDevelopment
16.6	H0mework.Physics.QuarticDynamics.FixedCoupledTemporalOccurrence
26	H0mework.Physics.QuarticDynamics.FixedCoupledTemporalOriginProfileZero
60	H0mework.Physics.QuarticDynamics.FixedHessianLiveDiagonalLoad
222	H0mework.Physics.QuarticDynamics.FixedHessianOffDiagonalRows
19.4	H0mework.Physics.QuarticDynamics.FixedHessianPrefixedJointGlobalActual
16.4	H0mework.Physics.QuarticDynamics.FixedP286EulerThreeForm
17.8	H0mework.Physics.QuarticDynamics.FixedScalarMomentumCarry
20	H0mework.Physics.QuarticDynamics.FixedScalarMomentumIdentityECLoadTransport
3.4	H0mework.Physics.RLCResponse.Drive
7.2	H0mework.Physics.RLCResponse.State
7.6	H0mework.Physics.RLCResponse.Tolerance
28	H0mework.Physics.RadialDynamics.Acceptance
28	H0mework.Physics.RadialDynamics.Action
40	H0mework.Physics.RadialDynamics.Constitutive
34	H0mework.Physics.RadialDynamics.Dual
30	H0mework.Physics.RadialDynamics.Equation
38	H0mework.Physics.RadialDynamics.EulerJet
38	H0mework.Physics.RadialDynamics.FieldResponse
26	H0mework.Physics.RadialDynamics.Jacobi
26	H0mework.Physics.RadialDynamics.Matter
28	H0mework.Physics.RadialDynamics.MatterAction
28	H0mework.Physics.RadialDynamics.MatterProfile
36	H0mework.Physics.RadialDynamics.Observable
54	H0mework.Physics.RadialDynamics.Profile
90	H0mework.Physics.RadialDynamics.Radial
18.6	H0mework.Physics.RecenteredJoint.FixedCauchyEvolutionAction
20	H0mework.Physics.RecenteredJoint.FixedCauchyEvolutionRegularity
17.2	H0mework.Physics.RecenteredJoint.FixedFullJointAction
16.4	H0mework.Physics.RecenteredJoint.FixedFullJointConnectionOriginRegularity
19.8	H0mework.Physics.RecenteredJoint.FixedFullJointGlobalConnectionNormalForm
28	H0mework.Physics.RecenteredJoint.FixedRestart
42	H0mework.Physics.RepairedAction.ActionSpatialSectionFullResidualNormalForm
18.2	H0mework.Physics.RepairedAction.ActionSpatialSectionRecenterContactResidualNormalForm
3.4	H0mework.Physics.RepresentationSources.P270
22	H0mework.Physics.Revision.CartanAction
24	H0mework.Physics.Revision.InquiryHistory
22	H0mework.Physics.Revision.InquiryPrograms
30	H0mework.Physics.Revision.InquiryRuntime
19.6	H0mework.Physics.Revision.InquirySource
26	H0mework.Physics.Revision.MaterialSource
24	H0mework.Physics.Revision.MaterialWorld
22	H0mework.Physics.Revision.RuntimeConsumer
24	H0mework.Physics.RootHistory.PhysicalRootClosure
24	H0mework.Physics.RootHistory.PhysicalRootRuntime
26	H0mework.Physics.RootRuntime.Authority
20	H0mework.Physics.RootRuntime.PredictionDimensionlessJoint
26	H0mework.Physics.RootRuntime.RecognitionNativeOccurrence
26	H0mework.Physics.RootRuntime.RecognitionWholeCarrier
20	H0mework.Physics.RootRuntime.RecoveryConsumer
20	H0mework.Physics.RootRuntime.RecoveryMatter
26	H0mework.Physics.RootRuntime.RecoverySource
26	H0mework.Physics.RootRuntime.RuntimeActivation
22	H0mework.Physics.RootRuntime.RuntimeConsumer
22	H0mework.Physics.RootRuntime.RuntimeOccurrence
22	H0mework.Physics.RootRuntime.Seal
26	H0mework.Physics.SafeCauchy.FixedArbitraryCoframeJointZeroFiber
20	H0mework.Physics.SafeCauchy.FixedClassicalCandidateFamily
19.2	H0mework.Physics.SafeCauchy.FixedDynamicScalarSourceContact
286	H0mework.Physics.SafeCauchy.FixedECPathGravityTailInputRegularity
24	H0mework.Physics.SafeCauchy.FixedGlobalOperator
28	H0mework.Physics.SafeCauchy.FixedGlobalRegularity
38	H0mework.Physics.SafeCauchy.FixedJointGlobalDevelopment
84	H0mework.Physics.SafeCauchy.FixedJointGlobalECJetRegularity
22	H0mework.Physics.SafeCauchy.FixedJointGlobalFiveSectorClosure
48	H0mework.Physics.SafeCauchy.FixedJointGlobalOriginResidualClosure
19.8	H0mework.Physics.SafeCauchy.FixedJointGlobalSmooth
16.4	H0mework.Physics.SafeCauchy.FixedP286BOnlyTotalLockNoGo
28	H0mework.Physics.SafeCauchy.FixedP286JointYangMillsOperation
24	H0mework.Physics.SafeCauchy.FixedP286NormalScalarInitialConstraint
24	H0mework.Physics.SafeCauchy.FixedP286TemporalExactification
19.2	H0mework.Physics.SafeCauchy.FixedRootRealization
32	H0mework.Physics.ScalarJets.FixedFullOccurrenceScalarAccelerationRegularity
24	H0mework.Physics.ScalarJets.FixedJointP286AlgebraicMatterScalarDelta
26	H0mework.Physics.ScalarJets.FixedJointScalarSegmentRegularity
22	H0mework.Physics.ScalarJets.FixedScalarAccelerationSpatialRegularity
39	H0mework.Physics.Source.RawSourceDynamics
22	H0mework.Physics.SourceCoframe.Field
30	H0mework.Physics.SourceCoframe.Gauge
52	H0mework.Physics.SourceCoframe.Material
30	H0mework.Physics.SourceCoframe.Matter
9.1	H0mework.Physics.SourceContracts.P273
38	H0mework.Physics.SourceDirac.Adjoint
38	H0mework.Physics.SourceDirac.Forward
32	H0mework.Physics.SourceDirac.Material
24	H0mework.Physics.SourceFamily.Acceptance
30	H0mework.Physics.SourceFamily.Consumer
26	H0mework.Physics.SourceFamily.EvolutionState
42	H0mework.Physics.SourceFamily.Field
34	H0mework.Physics.SourceFamily.OccurrenceReadout
28	H0mework.Physics.SourceFamily.OccurrenceTrace
44	H0mework.Physics.SourceFamily.Parameters
34	H0mework.Physics.SourceFamily.Qualification
28	H0mework.Physics.SourceFamily.QuantumEvolution
30	H0mework.Physics.SourceFamily.Scalar
30	H0mework.Physics.SourceFormation.Acceptance
36	H0mework.Physics.SourceFormation.Consumer
46	H0mework.Physics.SourceFormation.Equations
36	H0mework.Physics.SourceFormation.EvolutionConsumer
32	H0mework.Physics.SourceFormation.EvolutionState
68	H0mework.Physics.SourceFormation.Material
50	H0mework.Physics.SourceFormation.Matter
28	H0mework.Physics.SourceFormation.Qualification
42	H0mework.Physics.SourceFormation.Scalar
130	H0mework.Physics.SourceFormation.Transport
36	H0mework.Physics.SourceGauge.Current
54	H0mework.Physics.SourceGauge.Equation
60	H0mework.Physics.SourceGauge.Material
28	H0mework.Physics.SpinPair.Acceptance
22	H0mework.Physics.SpinPair.Actual
46	H0mework.Physics.SpinPair.Adjoint
38	H0mework.Physics.SpinPair.AdjointActual
28	H0mework.Physics.SpinPair.Coframe
30	H0mework.Physics.SpinPair.CoframeCalculus
28	H0mework.Physics.SpinPair.CoframeMatter
32	H0mework.Physics.SpinPair.Derivatives
74	H0mework.Physics.SpinPair.Dirac
32	H0mework.Physics.SpinPair.DiracActual
46	H0mework.Physics.SpinPair.GaugeCurrent
44	H0mework.Physics.SpinPair.GaugeEquation
76	H0mework.Physics.SpinPair.GaugeField
62	H0mework.Physics.SpinPair.KineticLoad
36	H0mework.Physics.SpinPair.Qualification
28	H0mework.Physics.SpinPair.Regularity
32	H0mework.Physics.SpinPair.Scalar
30	H0mework.Physics.SpinRuntime.Action
26	H0mework.Physics.SpinRuntime.InquiryHistory
26	H0mework.Physics.SpinRuntime.InquiryPrograms
22	H0mework.Physics.SpinRuntime.Native
26	H0mework.Physics.SpinRuntime.RuntimeConsumer
32	H0mework.Physics.SpinRuntime.Source
24	H0mework.Physics.SynchronizedJoint.FixedActionJetNaturality
20	H0mework.Physics.SynchronizedJoint.FixedActionSelectedJointSuccessor
24	H0mework.Physics.SynchronizedJoint.FixedActionSelectedJointSuccessorCoframeReadback
40	H0mework.Physics.SynchronizedJoint.FixedActionSelectedJointSuccessorMatterAdjointClosure
28	H0mework.Physics.SynchronizedJoint.FixedActionSelectedJointSuccessorMatterAdjointZeroSlice
38	H0mework.Physics.SynchronizedJoint.FixedActionSelectedJointSuccessorP286Readback
22	H0mework.Physics.SynchronizedJoint.FixedActionSelectedJointSuccessorScalarReadback
17	H0mework.Physics.SynchronizedJoint.FixedActionSelectedJointSuccessorStructuralReduction
14.2	H0mework.Physics.SynchronizedJoint.FixedActionSelectedJointSuccessorZeroSliceReduction
16.6	H0mework.Physics.SynchronizedJoint.FixedCartanECSynchronizedGravityTailLorentzPath
16.8	H0mework.Physics.SynchronizedJoint.FixedCartanECSynchronizedGravityTailLorentzPathRadialFirstJet
18.6	H0mework.Physics.SynchronizedJoint.FixedCoupledTemporalOriginProfileZero
326	H0mework.Physics.SynchronizedJoint.FixedDiracVectorCurrentTemporalRateZeroSlice
52	H0mework.Physics.SynchronizedJoint.FixedFiveLegSuccessor
16.4	H0mework.Physics.SynchronizedJoint.FixedFiveLegSuccessorP286Readback
60	H0mework.Physics.SynchronizedJoint.FixedGlobalActual
19.4	H0mework.Physics.SynchronizedJoint.FixedJointSuccessorLorentzTemporalTrace
30	H0mework.Physics.SynchronizedJoint.FixedLorentzGlobalActual
58	H0mework.Physics.SynchronizedJoint.FixedLorentzProfileRegularity
30	H0mework.Physics.SynchronizedJoint.FixedP286AuxiliaryReadback
24	H0mework.Physics.SynchronizedJoint.FixedP286ConnectionScalarReadback
44	H0mework.Physics.SynchronizedJoint.FixedRadialFirstJet
30	H0mework.Physics.SynchronizedJoint.GravityTailJointPathGLCoframe
48	H0mework.Physics.SynchronizedJoint.GravityTailOriginSettlement
26	H0mework.Physics.YangMillsAction.FlatConsumer
26	H0mework.Physics.YangMillsAction.FlatRestriction
24	H0mework.Physics.YangMillsFlatQuantum.Field
26	H0mework.Physics.YangMillsFlatQuantum.HistoryAlgebra
44	H0mework.Physics.YangMillsFlatQuantum.PairingCoordinates
32	H0mework.Physics.YangMillsFlatQuantum.PairingDual
38	H0mework.Physics.YangMillsFlatQuantum.PairingFields
30	H0mework.Physics.YangMillsFlatQuantum.PairingOrigin
30	H0mework.Physics.YangMillsFlatQuantum.PairingResponse
52	H0mework.Physics.YangMillsFlatQuantum.PairingTime
26	H0mework.Physics.YangMillsFlatQuantum.Response
40	H0mework.Physics.YangMillsSourceQuantum.InsertionForcing
70	H0mework.Physics.YangMillsSourceQuantum.InsertionSkew
18.4	H0mework.Physics.YangMillsSourceQuantum.JetEnergy
22	H0mework.Physics.YangMillsSourceQuantum.Response
48	H0mework.Physics.YangMillsSourceQuantum.Time
22	H0mework.Physics.YangMillsSourceQuantum.TimeJet
4.5	H0mework.Probability.Empirical.ConditionalAtom
4.3	H0mework.Probability.Empirical.ConditionalFormula
4.1	H0mework.Probability.Empirical.ConditionalSamples
4.1	H0mework.Probability.Empirical.Decoder
4.9	H0mework.Probability.Empirical.Error
3.9	H0mework.Probability.Empirical.History
7.5	H0mework.Probability.Empirical.ObservedAtomic
30	H0mework.Probability.Empirical.ObservedRecovery
13	H0mework.Probability.Empirical.ObservedSource
4.9	H0mework.Probability.Empirical.Retained
3.7	H0mework.Probability.Empirical.Step
5	H0mework.Probability.Empirical.Transfer
4.3	H0mework.Probability.Empirical.WeightedRecovery
5.5	H0mework.Probability.EmpiricalRecovery.ActorConditional
8.4	H0mework.Probability.EmpiricalRecovery.ActorCore
5.7	H0mework.Probability.EmpiricalRecovery.ActorError
3.9	H0mework.Probability.EmpiricalRecovery.ActorHistoryCore
4.6	H0mework.Probability.EmpiricalRecovery.ActorHistoryError
4.3	H0mework.Probability.EmpiricalRecovery.Fibre
3.7	H0mework.Probability.EmpiricalRecovery.FiniteConditional
4.3	H0mework.Probability.EmpiricalRecovery.FiniteError
3.3	H0mework.Probability.EmpiricalRecovery.FiniteMean
3.8	H0mework.Probability.EmpiricalRecovery.FiniteNative
4.1	H0mework.Probability.EmpiricalRecovery.FiniteTransfer
4.2	H0mework.Probability.EmpiricalRecovery.HistoryConditional
5.1	H0mework.Probability.EmpiricalRecovery.HistoryError
4.3	H0mework.Probability.EmpiricalRecovery.HistorySamples
4	H0mework.Probability.EmpiricalRecovery.MaterialConditional
3	H0mework.Probability.EmpiricalRecovery.MaterialNative
4	H0mework.Probability.EmpiricalRecovery.Model
3.8	H0mework.Probability.FullSource.Defect
5.4	H0mework.Probability.FullSource.Map
3.2	H0mework.Probability.FullSource.Read
5.2	H0mework.Probability.FullSource.Word
3.5	H0mework.Probability.HistoryGrowth.Conditional
7.9	H0mework.Probability.HistoryGrowth.Geometry
4.1	H0mework.Probability.HistoryGrowth.Retention
5.6	H0mework.Probability.HistoryWord.Coherence
4.7	H0mework.Probability.HistoryWord.Core
4.6	H0mework.Probability.HistoryWord.Density
4	H0mework.Probability.HistoryWord.Hilbert
3.4	H0mework.Probability.HistoryWord.Lift
4.5	H0mework.Probability.HistoryWord.Moments
3	H0mework.Probability.Information.Conditional
3.7	H0mework.Probability.Information.Entropy
3.4	H0mework.Probability.Information.InventoryGrowth
4.5	H0mework.Probability.Information.InventoryInformation
4.4	H0mework.Probability.Information.InventorySource
3.9	H0mework.Probability.Information.Lattice
5.1	H0mework.Probability.Information.MatrixBound
4.8	H0mework.Probability.Information.MatrixIdentity
3.5	H0mework.Probability.Information.Model
4.1	H0mework.Probability.Information.Pairwise
4.5	H0mework.Probability.Information.SeparationIndices
4.6	H0mework.Probability.Information.SeparationSpread
3.4	H0mework.Probability.Information.Variance
5.8	H0mework.Probability.MassCompletion.Action
8.4	H0mework.Probability.MassCompletion.Boundary
4.4	H0mework.Probability.MassCompletion.Carrier
7.6	H0mework.Probability.MassCompletion.Density
4.5	H0mework.Probability.MassCompletion.Mean
5.9	H0mework.Probability.MassCompletion.Native
5.7	H0mework.Probability.MassCompletion.Transfer
6.4	H0mework.Probability.MassCompletion.TransferGeometry
3.3	H0mework.Probability.Recovery.AtomicCotest
5.2	H0mework.Probability.Recovery.AtomicReader
4.3	H0mework.Probability.Recovery.AtomicTransfer
3.9	H0mework.Probability.Recovery.Collision
3.7	H0mework.Probability.Recovery.Conditional
4.1	H0mework.Probability.Recovery.Core
3.4	H0mework.Probability.Recovery.Decoder
3	H0mework.Probability.Recovery.Error
3.2	H0mework.Probability.Recovery.Fibre
3.2	H0mework.Probability.Recovery.IntervalSquare
3.2	H0mework.Probability.Recovery.RecoveryMap
2	H0mework.Probability.Recovery.Refinement
3.4	H0mework.Probability.Recovery.ZeroWeightCheck
3.5	H0mework.Probability.Runtime.AffineClock
3.3	H0mework.Probability.Runtime.Boundary
2	H0mework.Probability.Runtime.Conditional
3.2	H0mework.Probability.Runtime.Expectation
3.5	H0mework.Probability.Runtime.History
3.7	H0mework.Probability.Runtime.InvariantCluster
3.6	H0mework.Probability.Runtime.InvariantMoments
4.3	H0mework.Probability.Runtime.RefinementCluster
5.3	H0mework.Probability.Runtime.RefinementField
4.9	H0mework.Probability.Runtime.RefinementJoint
3.3	H0mework.Probability.Runtime.Transition
3.2	H0mework.Probability.Source.Conditional
2.8	H0mework.Probability.Source.ConditionalAction
3.1	H0mework.Probability.Source.ConditionalCoarsening
2.8	H0mework.Probability.Source.ConditionalCoarseningAction
3	H0mework.Probability.Source.ConditionalKernel
4.5	H0mework.Probability.Source.ConditionalNext
4	H0mework.Probability.Source.ConditionalNextEntropy
4.4	H0mework.Probability.Source.ConditionalNextError
3.5	H0mework.Probability.Source.ConditionalNextImage
3.1	H0mework.Probability.Source.ConditionalNextImageEntropy
4.4	H0mework.Probability.Source.FamilyField
3.5	H0mework.Probability.Source.Field
4.3	H0mework.Probability.Source.Hilbert
6	H0mework.Probability.Source.HistoryGrowth
4.4	H0mework.Probability.Source.ModelFamily
4.1	H0mework.Probability.Source.ModelJoint
4	H0mework.Probability.Source.ModelRestriction
3.4	H0mework.Probability.Source.MomentAverage
4	H0mework.Probability.Source.MomentCollision
3.4	H0mework.Probability.Source.MomentFilter
3.7	H0mework.Probability.Source.MomentMoment
3.3	H0mework.Probability.Source.Runtime
4.8	H0mework.Probability.SourceProjection.Field
5.1	H0mework.Probability.SourceProjection.Readout
7	H0mework.Probability.SourceShift.Carrier
4.5	H0mework.Probability.SourceShift.Closure
14	H0mework.Probability.SourceShift.Laplacian
6.1	H0mework.Probability.SourceShift.Mean
6.4	H0mework.Probability.SourceShift.Word
16	H0mework.Quantum.Algebra.Action
13	H0mework.Quantum.Algebra.Bounded
2	H0mework.Quantum.GNS.NormalizedGram
4.3	H0mework.Quantum.Generator.Approximate
3.8	H0mework.Quantum.Generator.Averages
4.2	H0mework.Quantum.Generator.Core
3.7	H0mework.Quantum.Generator.Invariance
3.7	H0mework.Quantum.Generator.SelfAdjoint
3.8	H0mework.Quantum.Generator.Weak
3.7	H0mework.Quantum.Kernel.Exponential
3.6	H0mework.Quantum.Kernel.Gram
5.6	H0mework.Quantum.Time.Center
0.6	H0mework.Realization.Arithmetic.AdicCofiberFace
6.6	H0mework.Realization.Arithmetic.ApproximateParallelogram
3.9	H0mework.Realization.Arithmetic.CofinalQuadratic
2.6	H0mework.Realization.Arithmetic.DerivedAdicCofiber
1.8	H0mework.Realization.Arithmetic.Incidence
5.9	H0mework.Realization.Arithmetic.NorthcottPositivity
2.4	H0mework.Realization.Arithmetic.PolarizedPairing
2.3	H0mework.Realization.Audit.CausalAuthority
2.3	H0mework.Realization.Audit.CausalLedgerRoot
0.7	H0mework.Realization.Audit.DebtFirstWrite
1.9	H0mework.Realization.Audit.LedgerRoot
2.4	H0mework.Realization.Audit.LivingAuthority
1.5	H0mework.Realization.Audit.LivingLawRootGeneratedResidualAuditLedgerRootRegression
1.3	H0mework.Realization.Audit.LivingLawRootGeneratedResidualWorldCofaceRegression
1.9	H0mework.Realization.Audit.U7Coface
19	H0mework.Realization.Claims.P8
5.2	H0mework.Realization.Coherent.Completion
8.5	H0mework.Realization.Coherent.Covariance
10	H0mework.Realization.Coherent.CovarianceNaturality
4.8	H0mework.Realization.Coherent.EquivariantPerfectAction
4.3	H0mework.Realization.Coherent.ExpandingOrbitClosure
5.1	H0mework.Realization.Coherent.LivingLawRootGeneratedIntegralCoherentCovarianceCoimageKernel
5.7	H0mework.Realization.Coherent.LivingLawRootGeneratedIntegralCoherentCovarianceEquivKernel
3	H0mework.Realization.Coherent.OrbitClosedDefectPort
6.9	H0mework.Realization.Coherent.PerfectRealization
4.5	H0mework.Realization.Completion.CommonCochainOccurrence
4.5	H0mework.Realization.Completion.ComplexInstallation
2.2	H0mework.Realization.Completion.DerivedSettlement
5.4	H0mework.Realization.Completion.FaithfulRealization
5.4	H0mework.Realization.Completion.FaithfulResidual
3.9	H0mework.Realization.Completion.HistoryDeterminant
4.1	H0mework.Realization.Completion.HistoryInstallation
4.4	H0mework.Realization.Completion.HistoryResidual
5.2	H0mework.Realization.Completion.HistorySettlement
5.6	H0mework.Realization.Completion.HistoryTransition
2.2	H0mework.Realization.Completion.PolynomialSection
6	H0mework.Realization.Completion.PresentedComplex
2.7	H0mework.Realization.Completion.PrimePowerQuotient
1.9	H0mework.Realization.Completion.ProcessDiagram
2.7	H0mework.Realization.Completion.SectionZeroFibre
6.4	H0mework.Realization.Completion.UnitPrimeClosure
7	H0mework.Realization.CyclicMemory.P108
8.2	H0mework.Realization.CyclicMemory.P114
8.1	H0mework.Realization.CyclicMemory.P117
8.3	H0mework.Realization.CyclicMemory.P119
7.3	H0mework.Realization.CyclicMemory.P120
8	H0mework.Realization.CyclicMemory.P125
8.4	H0mework.Realization.CyclicMemory.P126
7.9	H0mework.Realization.Descent.P103
6	H0mework.Realization.Descent.P238
7.5	H0mework.Realization.Descent.P239
6.1	H0mework.Realization.Descent.P24
8.3	H0mework.Realization.Descent.P69
7.9	H0mework.Realization.Descent.P70
17	H0mework.Realization.Determinant.DualLattice
3.9	H0mework.Realization.Determinant.ExactGluing
2.6	H0mework.Realization.Determinant.ExteriorLine
17	H0mework.Realization.Determinant.FourTermProjection
8.2	H0mework.Realization.Determinant.GradedIntegralLine
11	H0mework.Realization.Determinant.LatticeTrivialization
4.5	H0mework.Realization.Determinant.RestrictionAction
5	H0mework.Realization.Faces.DualityTransport
9.6	H0mework.Realization.Faces.Perfectification
1.5	H0mework.Realization.Faces.ProjectionCoface
5.1	H0mework.Realization.Feature.GramPerfectification
5.4	H0mework.Realization.Feature.HilbertCompletion
4.4	H0mework.Realization.Feature.HilbertRealization
7.7	H0mework.Realization.Fields.BoundaryEvents
8.8	H0mework.Realization.Fields.BoundaryPredicates
18	H0mework.Realization.Fields.Descent
8.5	H0mework.Realization.Fields.Family
3	H0mework.Realization.Fields.FirstOrderRemainder
6.7	H0mework.Realization.Fields.IndexedCover
7.3	H0mework.Realization.Fields.Maximality
7.9	H0mework.Realization.Fields.PropositionalFamily
1.9	H0mework.Realization.Fields.RealTemporalAction
9.2	H0mework.Realization.Fields.Restriction
7.7	H0mework.Realization.Fields.SectionCover
7.5	H0mework.Realization.Fields.SevenFieldFibre
8.1	H0mework.Realization.Fields.Support
7.4	H0mework.Realization.Fields.TimeHolonomy
7.8	H0mework.Realization.Fields.TimeIndexedMemory
3	H0mework.Realization.FiniteCell.ActionDeterminant
2.7	H0mework.Realization.FiniteCell.CofiberContraction
3.6	H0mework.Realization.FiniteCell.DerivedAction
3.3	H0mework.Realization.FiniteCell.DerivedAdequacy
4.9	H0mework.Realization.FiniteCell.FrontierCompression
4.3	H0mework.Realization.FiniteCell.FrontierDeterminant
2.3	H0mework.Realization.FiniteCell.IncidenceAdequacy
2.5	H0mework.Realization.GlobalSections.AdditiveFamily
7.8	H0mework.Realization.GlobalSections.CofinalPrimeRigidity
3.1	H0mework.Realization.GlobalSections.DerivedState
2.3	H0mework.Realization.GlobalSections.KernelIncidenceRigidity
3	H0mework.Realization.GlobalSections.PrimePowerRigidity
12	H0mework.Realization.Graph.Action
11	H0mework.Realization.Graph.Cokernel
7.8	H0mework.Realization.Graph.CokernelDuality
18	H0mework.Realization.Graph.CokernelNaturality
15	H0mework.Realization.Graph.CokernelSemilinearIsometry
13	H0mework.Realization.Graph.CokernelSemilinearNaturality
8.6	H0mework.Realization.Graph.Completion
4.4	H0mework.Realization.Graph.Feature
11	H0mework.Realization.Graph.FeatureCompression
9.7	H0mework.Realization.Graph.FunctionalSemilinearNaturality
15	H0mework.Realization.Graph.Naturality
4.8	H0mework.Realization.Graph.Realization
5.4	H0mework.Realization.Graph.RealizationNaturality
6.5	H0mework.Realization.Graph.Regression
14	H0mework.Realization.Graph.RieszRealization
5	H0mework.Realization.HilbertTransfer.Chain
4.2	H0mework.Realization.HilbertTransfer.ChainRecovery
4.2	H0mework.Realization.HilbertTransfer.Composition
11	H0mework.Realization.HilbertTransfer.Laplacian
2.9	H0mework.Realization.HilbertTransfer.Recovery
4	H0mework.Realization.HilbertTransfer.Retained
4.7	H0mework.Realization.HilbertTransfer.Transfer
3.2	H0mework.Realization.HistoryTopology.Carrier
4	H0mework.Realization.HistoryTopology.Compactness
2.8	H0mework.Realization.HistoryTopology.Continuity
2.4	H0mework.Realization.HistoryTopology.Density
2.8	H0mework.Realization.HistoryTopology.ObservedAction
3.3	H0mework.Realization.HistoryTopology.Probability
3.5	H0mework.Realization.HomotopyLimits.Endomorphism
3.5	H0mework.Realization.HomotopyLimits.Sequential
3.7	H0mework.Realization.Integral.CharacterDoubleDual
3.6	H0mework.Realization.Integral.CharacterExact
4.3	H0mework.Realization.Integral.CharacterGroupRing
2.3	H0mework.Realization.Integral.FaithfulAction
4.9	H0mework.Realization.Integral.GroupRingPairing
2.5	H0mework.Realization.Integral.IndistinguishablePair
3.7	H0mework.Realization.Integral.PrimeResidual
5.8	H0mework.Realization.JointEffect.Alignment
4.4	H0mework.Realization.JointEffect.AuditTransition
3.5	H0mework.Realization.JointEffect.AuditTransitionRegression
16	H0mework.Realization.JointEffect.Fold
5.4	H0mework.Realization.JointEffect.FoldResidual
13	H0mework.Realization.JointEffect.PassiveController
5.2	H0mework.Realization.JointEffect.Residual
3.9	H0mework.Realization.JointEffect.ResidualCoface
2.8	H0mework.Realization.JointState.ActionOccurrence
6.3	H0mework.Realization.JointState.ActionOrbit
2.6	H0mework.Realization.JointState.SourceBoundary
3.8	H0mework.Realization.JointState.StateController
6.5	H0mework.Realization.JointState.StateExposure
20	H0mework.Realization.JointState.Transition
9.9	H0mework.Realization.JointState.TransitionController
4.2	H0mework.Realization.Logic.QuantifiedUpdate
2.9	H0mework.Realization.Logic.SourceScope
3.4	H0mework.Realization.MappingCone.AdjugateInclusion
4.3	H0mework.Realization.MappingCone.AdjugateShearNaturality
3	H0mework.Realization.MappingCone.AdjugateTotalFiber
4.4	H0mework.Realization.MappingCone.BoundaryAtom
3.8	H0mework.Realization.MappingCone.Degreewise
3.1	H0mework.Realization.MappingCone.Functoriality
7.2	H0mework.Realization.MappingCone.HomotopyDescent
4.3	H0mework.Realization.MappingCone.HomotopyFunctoriality
4.1	H0mework.Realization.MappingCone.MappedBoundaryAtom
3.1	H0mework.Realization.MappingCone.ProjectionHomotopy
4.7	H0mework.Realization.MappingCone.TotalFibreNaturality
7.7	H0mework.Realization.MappingCone.TotalFibreSymmetry
6.1	H0mework.Realization.Memory.ArbitraryQueryNoGo
6.4	H0mework.Realization.Memory.EpistemicTypes
7.1	H0mework.Realization.Memory.GraphGenerator
5	H0mework.Realization.Memory.IndependentAdapter
6.5	H0mework.Realization.Memory.IndependentProduction
10	H0mework.Realization.Memory.ObstructionEquivalence
9.8	H0mework.Realization.Memory.P139
7.3	H0mework.Realization.Memory.P140
12	H0mework.Realization.Memory.P143
7.3	H0mework.Realization.Memory.P156
7.3	H0mework.Realization.Memory.P170
6	H0mework.Realization.Memory.ProductionContract
6.7	H0mework.Realization.Memory.RecollectionLoops
6.4	H0mework.Realization.Memory.ReflexiveAdapter
6.5	H0mework.Realization.Memory.ReflexiveSupport
6.5	H0mework.Realization.Memory.ResidualReadout
6.9	H0mework.Realization.Memory.SilentMaximality
6	H0mework.Realization.Memory.SingleAtomIndependence
7.9	H0mework.Realization.Memory.StorageDistinction
6.3	H0mework.Realization.Observation.AtomEquivalence
7	H0mework.Realization.Observation.CanonicalSupport
18	H0mework.Realization.Observation.Cells
8.9	H0mework.Realization.Observation.DomainOrder
6.1	H0mework.Realization.Observation.FailureSupport
6.3	H0mework.Realization.Observation.Interference
7.2	H0mework.Realization.Observation.LabelJoin
6.5	H0mework.Realization.Observation.LocalMaximality
6.5	H0mework.Realization.Observation.ObligationProduct
5.9	H0mework.Realization.Observation.PhaseVisibility
6.7	H0mework.Realization.Observation.ProductSafety
7.9	H0mework.Realization.Observation.QueryAlgebra
6.9	H0mework.Realization.Observation.RewriteSystem
8.5	H0mework.Realization.Observation.RuntimeIndependence
10	H0mework.Realization.Observation.Safety
55	H0mework.Realization.Observation.Saturation
3.7	H0mework.Realization.ObservationActions.DependentCoimage
3.6	H0mework.Realization.ObservationActions.DependentFibre
4	H0mework.Realization.ObservationActions.DependentHilbert
4.4	H0mework.Realization.ObservationActions.DependentHistory
3.7	H0mework.Realization.ObservationActions.DependentReadout
5	H0mework.Realization.ObservationActions.HilbertAction
6.9	H0mework.Realization.ObservationActions.HilbertCore
5.6	H0mework.Realization.ObservationActions.HilbertSymmetric
4.3	H0mework.Realization.ObservationActions.MaterialCharpoly
3.9	H0mework.Realization.ObservationActions.MaterialHistory
4	H0mework.Realization.ObservationActions.WordsCompletionAction
3.7	H0mework.Realization.ObservationActions.WordsCompletionEquivalence
3.7	H0mework.Realization.ObservationActions.WordsCompletionLift
2.8	H0mework.Realization.ObservationActions.WordsCompletionRestriction
3.4	H0mework.Realization.ObservationActions.WordsKernel
4.6	H0mework.Realization.ObservationActions.WordsModel
3.5	H0mework.Realization.OccurrenceCharge.Action
2.4	H0mework.Realization.OccurrenceCharge.Faces
2	H0mework.Realization.OccurrenceCharge.Fold
4.4	H0mework.Realization.OccurrenceCharge.Model
3.3	H0mework.Realization.OccurrenceCharge.Source
3	H0mework.Realization.Operations.BinaryInputs
2.2	H0mework.Realization.Operations.CochainBoundary
3.4	H0mework.Realization.Operations.CochainComplex
2.5	H0mework.Realization.Operations.DerivationExact
1.8	H0mework.Realization.Operations.DerivationInventory
2.7	H0mework.Realization.Operations.DerivationPresentation
2.4	H0mework.Realization.Operations.DerivationReduction
3.6	H0mework.Realization.Operations.Effects
3.2	H0mework.Realization.Operations.FieldInputs
3.2	H0mework.Realization.Operations.FiniteKernel
3.1	H0mework.Realization.Operations.FiniteRecurrence
2.8	H0mework.Realization.Operations.IntegralRelations
7.6	H0mework.Realization.Operations.InventoryLift
2.2	H0mework.Realization.Operations.MixedTrace
2.2	H0mework.Realization.Operations.NativeState
3.8	H0mework.Realization.Operations.ObservationHistory
2.6	H0mework.Realization.Operations.ObservationKernel
3.5	H0mework.Realization.Operations.ObservationModel
3.2	H0mework.Realization.Operations.ObservationNative
3.2	H0mework.Realization.Operations.OperatorRecurrence
4.1	H0mework.Realization.Operations.Regression.Source
4.6	H0mework.Realization.Operations.RuntimeCharacter
3.6	H0mework.Realization.Operations.RuntimeEvolution
4.1	H0mework.Realization.Operations.RuntimePrefix
2.8	H0mework.Realization.Operations.RuntimeRelations
3.8	H0mework.Realization.Operations.RuntimeSuccessor
3.3	H0mework.Realization.Operations.ScalarBoundary
3.6	H0mework.Realization.Operations.ScalarComplex
2	H0mework.Realization.Operations.ScalarExact
3	H0mework.Realization.Operations.ScalarPresentation
3.3	H0mework.Realization.Operations.ScalarRelations
2.7	H0mework.Realization.Operations.SuccessorBoundary
1.8	H0mework.Realization.Operations.SupportAction
3.3	H0mework.Realization.Operators.LogPositionTranslation
4.7	H0mework.Realization.Operators.MaximalLpMultiplication
3.1	H0mework.Realization.Operators.ObservedKernel
6.8	H0mework.Realization.Perfectification.AmbientDisposition
4.6	H0mework.Realization.Perfectification.AmbientExtension
4.1	H0mework.Realization.Perfectification.DualDisposition
4.4	H0mework.Realization.Perfectification.ExactObservation
2.5	H0mework.Realization.Perfectification.FiniteCompressionNoGo
8.9	H0mework.Realization.Perfectification.IntegralPair
4.3	H0mework.Realization.Perfectification.ScalarCoimage
8.4	H0mework.Realization.Perfectification.ScalarEnvelope
11	H0mework.Realization.Perfectification.SourceCoimage
2.5	H0mework.Realization.Process.NativeBoundedRun
1.9	H0mework.Realization.Process.NativeOccurrenceFold
1.4	H0mework.Realization.Process.NativeResponseDisposition
7.1	H0mework.Realization.Query.P111
8.5	H0mework.Realization.Query.P129
9.1	H0mework.Realization.Query.P154
8.6	H0mework.Realization.QueryPlans.P106
6.5	H0mework.Realization.QueryPlans.P122
7.2	H0mework.Realization.QueryPlans.P123
7.8	H0mework.Realization.QueryPlans.P132
10	H0mework.Realization.QueryPlans.P134
12	H0mework.Realization.QueryPlans.P135
12	H0mework.Realization.QueryPlans.P136
9.1	H0mework.Realization.QueryPlans.P137
8	H0mework.Realization.QueryPlans.P138
9.2	H0mework.Realization.QueryPlans.P144
7.7	H0mework.Realization.QueryPlans.P145
7.6	H0mework.Realization.QueryPlans.P151
6.7	H0mework.Realization.QueryPlans.P152
9.2	H0mework.Realization.QueryPlans.P159
8.2	H0mework.Realization.QueryPlans.P175
7.8	H0mework.Realization.QueryPlans.P30
7	H0mework.Realization.QueryPlans.P31
7	H0mework.Realization.QueryPlans.P38
6.1	H0mework.Realization.QueryPlans.P39
8.9	H0mework.Realization.QueryPlans.P47
8.5	H0mework.Realization.QueryPlans.P49
7.3	H0mework.Realization.QueryPlans.P50
7.2	H0mework.Realization.QueryPlans.P62
11	H0mework.Realization.QueryPlans.P74
7.6	H0mework.Realization.QueryPlans.P78
7.2	H0mework.Realization.QueryPlans.P79
7.5	H0mework.Realization.QueryPlans.P96
9.2	H0mework.Realization.QueryPlans.P97
7.5	H0mework.Realization.QuerySupport.P100
8	H0mework.Realization.QuerySupport.P104
7.4	H0mework.Realization.QuerySupport.P105
8.3	H0mework.Realization.QuerySupport.P107
6.8	H0mework.Realization.QuerySupport.P110
6	H0mework.Realization.QuerySupport.P180
7.6	H0mework.Realization.QuerySupport.P185
9.7	H0mework.Realization.QuerySupport.P224
7.4	H0mework.Realization.QuerySupport.P25
6.9	H0mework.Realization.QuerySupport.P61
7.5	H0mework.Realization.QuerySupport.P82
7.8	H0mework.Realization.QuerySupport.P83
7.3	H0mework.Realization.QuerySupport.P84
6.9	H0mework.Realization.QuerySupport.P85
7.8	H0mework.Realization.QuerySupport.P87
6.7	H0mework.Realization.QuerySupport.P88
7.9	H0mework.Realization.QuerySupport.P89
6.8	H0mework.Realization.QuerySupport.P90
7.6	H0mework.Realization.QuerySupport.P91
8.4	H0mework.Realization.QuerySupport.P92
6.7	H0mework.Realization.Reflexive.CanonicalLoop
7	H0mework.Realization.Reflexive.FieldProgression
8.8	H0mework.Realization.Reflexive.GeneratedEdge
43	H0mework.Realization.Reflexive.GenerativeAlgebra
10	H0mework.Realization.Reflexive.Iteration
62	H0mework.Realization.Reflexive.LoopRestriction
8.4	H0mework.Realization.Reflexive.NaturalTime
7.2	H0mework.Realization.Reflexive.NonIdempotentWitness
8.2	H0mework.Realization.Reflexive.P102
7.1	H0mework.Realization.Reflexive.P148
6	H0mework.Realization.Reflexive.P149
6.5	H0mework.Realization.Reflexive.P150
10	H0mework.Realization.Reflexive.PartialLambda
8.1	H0mework.Realization.Reflexive.StatefulRead
6.8	H0mework.Realization.Reflexive.TruthTable
7.1	H0mework.Realization.Reflexive.TwoPointTime
1.6	H0mework.Realization.Relations.FintypeDerivation
6.8	H0mework.Realization.Relations.P101
7.5	H0mework.Realization.Relations.P109
7.8	H0mework.Realization.Relations.P116
12	H0mework.Realization.Relations.P121
7.8	H0mework.Realization.Relations.P128
7.3	H0mework.Realization.Relations.P147
7.2	H0mework.Realization.Relations.P177
7.3	H0mework.Realization.Relations.P199
7.8	H0mework.Realization.Relations.P213
7.3	H0mework.Realization.Relations.P214
7.2	H0mework.Realization.Relations.P216
7.2	H0mework.Realization.Relations.P217
7	H0mework.Realization.Relations.P219
7.2	H0mework.Realization.Relations.P220
7.4	H0mework.Realization.Relations.P221
7.5	H0mework.Realization.Relations.P222
7.3	H0mework.Realization.Relations.P223
8.4	H0mework.Realization.Relations.P229
8.6	H0mework.Realization.Relations.P230
15	H0mework.Realization.Relations.P295
7	H0mework.Realization.Relations.P93
8	H0mework.Realization.Relations.P94
17	H0mework.Realization.Relaxation.P225
6.7	H0mework.Realization.Relaxation.P226
8.2	H0mework.Realization.Relaxation.P231
8.2	H0mework.Realization.Relaxation.P232
7.2	H0mework.Realization.Relaxation.P233
8	H0mework.Realization.Relaxation.P234
7.4	H0mework.Realization.RelaxationAlgebra.P235
8	H0mework.Realization.RelaxationAlgebra.P237
7.6	H0mework.Realization.RelaxationAlgebra.P298
8.1	H0mework.Realization.RelaxationAlgebra.P299
7.5	H0mework.Realization.RelaxationFlow.P124
8	H0mework.Realization.RelaxationFlow.P146
10	H0mework.Realization.RelaxationFlow.P158
9.9	H0mework.Realization.RelaxationFlow.P201
7.7	H0mework.Realization.RelaxationFlow.P202
7.2	H0mework.Realization.RelaxationFlow.P236
7.2	H0mework.Realization.RelaxationFlow.P26
6.8	H0mework.Realization.Residual.Algebra
8.9	H0mework.Realization.Residual.Morphism
2.6	H0mework.Realization.Residual.NativeResponsibility
8.2	H0mework.Realization.Residual.PathProduct
92	H0mework.Realization.Residual.PathTransport
11	H0mework.Realization.Residual.Primitive
6.7	H0mework.Realization.Residual.Process
10	H0mework.Realization.Residual.TraceWriteback
7.3	H0mework.Realization.Residual.TruthFormula
4	H0mework.Realization.ScalarCofinal.ExactEnvelope
2.4	H0mework.Realization.ScalarCofinal.FiniteLift
3.8	H0mework.Realization.ScalarCofinal.KernelCompletion
3.8	H0mework.Realization.ScalarCofinal.Naturality
4.1	H0mework.Realization.ScalarCofinal.RootOccurrence
2	H0mework.Realization.ScalarCofinal.Tail
1.8	H0mework.Realization.SourceComparison.GroundedRealization
1.9	H0mework.Realization.SourceComparison.History
1.7	H0mework.Realization.SourceComparison.Maps
1	H0mework.Realization.SourceComparison.RawConsumption
2.1	H0mework.Realization.SourceComparison.RawSource
1.8	H0mework.Realization.SourceComparison.Recovery
5	H0mework.Realization.Topology.CompressedUnitaryDefectPort
3.5	H0mework.Realization.Topology.DualExtension
5.5	H0mework.Realization.Topology.EquivariantDual
4.1	H0mework.Realization.Topology.GramDisposition
4.9	H0mework.Realization.Topology.HilbertCokernel
5.7	H0mework.Realization.Topology.HilbertCokernelAction
2.4	H0mework.Realization.Topology.PositiveRealCharacter
9.7	H0mework.Runtime.Pending.ResidualPath
10	H0mework.Runtime.TraceObservation.AdditiveEdgeTraceProjectionLoss
2.9	H0mework.Society.Renewal.InstalledRenewalProjection
1.1	H0mework.Society.Renewal.RenewalFaceSource
2.2	H0mework.Society.Renewal.RootInstalledRenewal
1	H0mework.Society.Renewal.RootInstalledRenewalProjection
7.8	H0mework.Versions.X.Arithmetic.EulerGlobal.Action
6.7	H0mework.Versions.X.Arithmetic.EulerGlobal.CoordinateGerm
8.9	H0mework.Versions.X.Arithmetic.EulerGlobal.DerivedDeterminant
3.7	H0mework.Versions.X.Arithmetic.EulerGlobal.DeterminantSection
4.6	H0mework.Versions.X.Arithmetic.EulerGlobal.DeterminantSuccessor
6.1	H0mework.Versions.X.Arithmetic.EulerGlobal.ReversalZeroFibre
8	H0mework.Versions.X.Arithmetic.EulerGlobal.SolutionAction
16	H0mework.Versions.X.Arithmetic.EulerGlobal.WholeDerivedSection
3.6	H0mework.Versions.X.Arithmetic.EulerGlobal.WholeGlobalSection
8.5	H0mework.Versions.X.Arithmetic.EulerGlobal.WholeHistory
14	H0mework.Versions.X.Arithmetic.EulerGlobal.WholeRelationAction
3.7	H0mework.Versions.X.Arithmetic.EulerGlobal.ZeroFibre
4.5	H0mework.Versions.X.Arithmetic.EulerLocal.CrossPrimeResidual
37	H0mework.Versions.X.Arithmetic.EulerLocal.DependentDiagram
4.9	H0mework.Versions.X.Arithmetic.EulerLocal.DeterminantNormalization
4.8	H0mework.Versions.X.Arithmetic.EulerLocal.DivisionLanding
7.1	H0mework.Versions.X.Arithmetic.EulerLocal.EulerLanding
3.3	H0mework.Versions.X.Arithmetic.EulerLocal.FiniteEnvelope
20	H0mework.Versions.X.Arithmetic.EulerLocal.LandingSuccessor
13	H0mework.Versions.X.Arithmetic.EulerLocal.Operator
5.8	H0mework.Versions.X.Arithmetic.EulerLocal.RuntimePrimeLanding
11	H0mework.Versions.X.Arithmetic.EulerLocal.UnitDeterminantAction
9.2	H0mework.Versions.X.Arithmetic.EulerLocal.UnitRealization
27	H0mework.Versions.X.Arithmetic.EulerLocal.UnitRelationHistory
5.3	H0mework.Versions.X.Arithmetic.EulerLocal.ZeroFibreLanding
2.1	H0mework.Versions.X.Arithmetic.Factorization.Action
4.3	H0mework.Versions.X.Arithmetic.FockDynamics.OperationDerivation
5	H0mework.Versions.X.Arithmetic.FockDynamics.OperationRelation
46	H0mework.Versions.X.Arithmetic.FockDynamics.RootRuntime
5.7	H0mework.Versions.X.Arithmetic.FockDynamics.RootUpdate
6.2	H0mework.Versions.X.Arithmetic.FockState.Charge
5.7	H0mework.Versions.X.Arithmetic.FockState.JointMeasurement
4.9	H0mework.Versions.X.Arithmetic.FockState.ParentOccurrence
5.6	H0mework.Versions.X.Arithmetic.FockState.PrimePairOccupation
6.3	H0mework.Versions.X.Arithmetic.FockUnitAction.FourierSibling
4.3	H0mework.Versions.X.Arithmetic.FockUnitAction.RuntimeOccupation
2.6	H0mework.Versions.X.Arithmetic.Goldbach.EffectiveConsumer
2.9	H0mework.Versions.X.Arithmetic.Goldbach.EffectiveDisposition
2.4	H0mework.Versions.X.Arithmetic.Goldbach.EffectiveReadout
2.3	H0mework.Versions.X.Arithmetic.Goldbach.ExactUnfolding
5.7	H0mework.Versions.X.Arithmetic.Goldbach.RuntimeConsumer
4.3	H0mework.Versions.X.Arithmetic.Goldbach.SeedConsumer
2.3	H0mework.Versions.X.Arithmetic.GoldbachDynamics.DecayReachability
2.2	H0mework.Versions.X.Arithmetic.GoldbachDynamics.ExactOperationalFace
3.5	H0mework.Versions.X.Arithmetic.GoldbachDynamics.FactorEmission
3.8	H0mework.Versions.X.Arithmetic.GoldbachDynamics.FactorOrbit
2.5	H0mework.Versions.X.Arithmetic.GoldbachDynamics.FactorRepair
2.9	H0mework.Versions.X.Arithmetic.GoldbachDynamics.OperationalDecay
3.2	H0mework.Versions.X.Arithmetic.GoldbachDynamics.RepairReachability
5.2	H0mework.Versions.X.Arithmetic.GoldbachDynamics.Runtime
4.3	H0mework.Versions.X.Arithmetic.GoldbachFourier.ClassicalBridge
2.5	H0mework.Versions.X.Arithmetic.GoldbachFourier.EffectiveCoefficient
4.1	H0mework.Versions.X.Arithmetic.UnitArithmetic.CommonCarrier
4.4	H0mework.Versions.X.Arithmetic.UnitArithmetic.DeterminantState
7	H0mework.Versions.X.Arithmetic.UnitArithmetic.DualReadouts
4.1	H0mework.Versions.X.Arithmetic.UnitArithmetic.EulerLimit
3.1	H0mework.Versions.X.Arithmetic.UnitArithmetic.EulerPrefix
4.9	H0mework.Versions.X.Arithmetic.UnitArithmetic.Factorization
3.7	H0mework.Versions.X.Arithmetic.UnitArithmetic.PrimePowerIncidence
4.2	H0mework.Versions.X.Arithmetic.UnitArithmetic.Root
4.1	H0mework.Versions.X.Arithmetic.UnitArithmetic.RuntimeEuler
10	H0mework.Versions.X.Arithmetic.UnitArithmetic.SettlementFacade
5.9	H0mework.Versions.X.Checks.Probability.EmpiricalSource
4.5	H0mework.Versions.X.Checks.Probability.InvariantSource
4.3	H0mework.Versions.X.Fock.Cofinal.OperationNative
6.5	H0mework.Versions.X.Fock.Cofinal.OperationPrefix
4.3	H0mework.Versions.X.Fock.Cofinal.SourceProjection
6	H0mework.Versions.X.Fock.HistoryConditional.CopyHistorySource
6.1	H0mework.Versions.X.Fock.HistoryConditional.CopyKeysSupport
4.2	H0mework.Versions.X.Fock.HistoryConditional.Installed
4.7	H0mework.Versions.X.Fock.HistoryConditional.Source
4.1	H0mework.Versions.X.Fock.HistoryCopy.Action
4.2	H0mework.Versions.X.Fock.HistoryCopy.Field
4.3	H0mework.Versions.X.Fock.HistoryCopy.InformationSource
5	H0mework.Versions.X.Fock.HistoryCopy.InformationTrace
4.3	H0mework.Versions.X.Fock.HistoryCopy.Installed
4.5	H0mework.Versions.X.Fock.HistoryModel.CompletionConditional
4.5	H0mework.Versions.X.Fock.HistoryModel.CompletionConsumer
4.4	H0mework.Versions.X.Fock.HistoryModel.CompletionMixture
4.9	H0mework.Versions.X.Fock.HistoryModel.CompletionSource
4.4	H0mework.Versions.X.Fock.HistoryModel.ConditionalWords
4.8	H0mework.Versions.X.Fock.HistoryModel.DynamicAction
5.3	H0mework.Versions.X.Fock.HistoryModel.DynamicBase
4	H0mework.Versions.X.Fock.HistoryModel.DynamicConsumer
4.1	H0mework.Versions.X.Fock.HistoryModel.DynamicFibre
4.4	H0mework.Versions.X.Fock.HistoryModel.DynamicHilbertCompression
6.1	H0mework.Versions.X.Fock.HistoryModel.DynamicHilbertConditional
136	H0mework.Versions.X.Fock.HistoryModel.DynamicHilbertMeasure
6.4	H0mework.Versions.X.Fock.HistoryModel.DynamicHilbertRecovery
4.8	H0mework.Versions.X.Fock.HistoryModel.DynamicHilbertSeparation
4.4	H0mework.Versions.X.Fock.HistoryModel.DynamicHilbertSnapshot
6.4	H0mework.Versions.X.Fock.HistoryModel.DynamicHilbertTopology
7.6	H0mework.Versions.X.Fock.HistoryModel.DynamicHilbertTransfer
4.5	H0mework.Versions.X.Fock.HistoryModel.DynamicMaterial
5.7	H0mework.Versions.X.Fock.HistoryModel.DynamicPrevious
3	H0mework.Versions.X.Fock.HistoryModel.DynamicProbability
4.9	H0mework.Versions.X.Fock.HistoryModel.DynamicRead
4.4	H0mework.Versions.X.Fock.HistoryModel.DynamicSource
4.4	H0mework.Versions.X.Fock.HistoryModel.Installed
4.4	H0mework.Versions.X.Fock.HistoryModel.Next
5.4	H0mework.Versions.X.Fock.HistoryModel.OriginalHilbertActor
4.2	H0mework.Versions.X.Fock.HistoryModel.OriginalHilbertCompression
6.9	H0mework.Versions.X.Fock.HistoryModel.OriginalHilbertConditional
6.3	H0mework.Versions.X.Fock.HistoryModel.OriginalHilbertConsumer
5.8	H0mework.Versions.X.Fock.HistoryModel.OriginalHilbertDictionary
6.1	H0mework.Versions.X.Fock.HistoryModel.OriginalHilbertField
4.8	H0mework.Versions.X.Fock.HistoryModel.OriginalHilbertInverse
6.3	H0mework.Versions.X.Fock.HistoryModel.OriginalHilbertMeasure
4.8	H0mework.Versions.X.Fock.HistoryModel.OriginalHilbertRecovery
6.5	H0mework.Versions.X.Fock.HistoryModel.OriginalHilbertResidual
4.3	H0mework.Versions.X.Fock.HistoryModel.OriginalHilbertSource
5.9	H0mework.Versions.X.Fock.HistoryModel.OriginalHilbertSquare
8.7	H0mework.Versions.X.Fock.HistoryModel.OriginalHilbertTime
4.8	H0mework.Versions.X.Fock.HistoryModel.RecordedAcquisition
11	H0mework.Versions.X.Fock.HistoryModel.RecordedAtomicConsumer
5.5	H0mework.Versions.X.Fock.HistoryModel.RecordedAtomicQuery
6.1	H0mework.Versions.X.Fock.HistoryModel.RecordedAtomicWitness
4.5	H0mework.Versions.X.Fock.HistoryModel.RecordedConditional
4.8	H0mework.Versions.X.Fock.HistoryModel.RecordedConsumer
4.4	H0mework.Versions.X.Fock.HistoryModel.RecordedControls
6.4	H0mework.Versions.X.Fock.HistoryModel.RecordedFrameConsumer
6.7	H0mework.Versions.X.Fock.HistoryModel.RecordedFrameSource
4.6	H0mework.Versions.X.Fock.HistoryModel.RecordedQuery
4.5	H0mework.Versions.X.Fock.HistoryModel.RecordedSource
4.7	H0mework.Versions.X.Fock.HistoryModel.RecordedTransfer
4.3	H0mework.Versions.X.Fock.HistoryModel.RecordedWhole
4.6	H0mework.Versions.X.Fock.HistoryModel.SourceWords
4.7	H0mework.Versions.X.Fock.HistoryModel.Window
4.7	H0mework.Versions.X.Fock.HistoryModel.WordRuntime
4.9	H0mework.Versions.X.Fock.HistoryModel.WordsDynamicHilbertConsumer
5	H0mework.Versions.X.Fock.HistoryPolynomial.Clock
5.3	H0mework.Versions.X.Fock.HistoryPolynomial.CopyEffect
4.8	H0mework.Versions.X.Fock.HistoryPolynomial.CopyField
5.1	H0mework.Versions.X.Fock.HistoryPolynomial.CopyModel
4.4	H0mework.Versions.X.Fock.HistoryPolynomial.CopyPolynomial
4.5	H0mework.Versions.X.Fock.HistoryPolynomial.CopyRecovery
4.2	H0mework.Versions.X.Fock.HistoryPolynomial.CopySource
5	H0mework.Versions.X.Fock.HistoryPolynomial.Dynamic
5.3	H0mework.Versions.X.Fock.HistoryPolynomial.Model
5.1	H0mework.Versions.X.Fock.HistoryPolynomial.Presentation
4.3	H0mework.Versions.X.Fock.HistoryPolynomial.Program
5.8	H0mework.Versions.X.Fock.HistoryPolynomial.Relations
5.1	H0mework.Versions.X.Fock.PrimeField.Action
4.6	H0mework.Versions.X.Fock.PrimeField.Birth
4.9	H0mework.Versions.X.Fock.PrimeField.ClockResidualClock
4.8	H0mework.Versions.X.Fock.PrimeField.ClockResidualCofinal
5.2	H0mework.Versions.X.Fock.PrimeField.ClockResidualConsumer
4.8	H0mework.Versions.X.Fock.PrimeField.ClockResidualInformation
4.6	H0mework.Versions.X.Fock.PrimeField.ClockResidualJoint
6.1	H0mework.Versions.X.Fock.PrimeField.ClockResidualKernel
6.9	H0mework.Versions.X.Fock.PrimeField.ClockResidualProjection
4.9	H0mework.Versions.X.Fock.PrimeField.ClockResidualQuery
4.5	H0mework.Versions.X.Fock.PrimeField.ClockResidualSource
4.8	H0mework.Versions.X.Fock.PrimeField.ClockSplittingAction
4.5	H0mework.Versions.X.Fock.PrimeField.ClockSplittingChart
4.6	H0mework.Versions.X.Fock.PrimeField.ClockSplittingConsumer
4.8	H0mework.Versions.X.Fock.PrimeField.ClockSplittingCorrection
5.1	H0mework.Versions.X.Fock.PrimeField.ClockSplittingQuotient
4.8	H0mework.Versions.X.Fock.PrimeField.ClockSplittingReading
5.4	H0mework.Versions.X.Fock.PrimeField.ClockSplittingSection
7.3	H0mework.Versions.X.Fock.PrimeField.ClockSplittingSource
4.8	H0mework.Versions.X.Fock.PrimeField.CompletionAction
4.5	H0mework.Versions.X.Fock.PrimeField.CompletionBoundary
4.4	H0mework.Versions.X.Fock.PrimeField.CompletionConditional
4.8	H0mework.Versions.X.Fock.PrimeField.CompletionConservation
5	H0mework.Versions.X.Fock.PrimeField.CompletionConsumer
4.8	H0mework.Versions.X.Fock.PrimeField.CompletionLift
4.6	H0mework.Versions.X.Fock.PrimeField.CompletionPrimitive
6.5	H0mework.Versions.X.Fock.PrimeField.CompletionRange
4.7	H0mework.Versions.X.Fock.PrimeField.CompletionRecovery
4.6	H0mework.Versions.X.Fock.PrimeField.CompletionRow
4.3	H0mework.Versions.X.Fock.PrimeField.CompletionUnit
4.5	H0mework.Versions.X.Fock.PrimeField.Consumer
4.2	H0mework.Versions.X.Fock.PrimeField.DelayActual
4.3	H0mework.Versions.X.Fock.PrimeField.DelayBlock
4.8	H0mework.Versions.X.Fock.PrimeField.DelayConsumer
4.4	H0mework.Versions.X.Fock.PrimeField.DelayHistory
4.6	H0mework.Versions.X.Fock.PrimeField.DelayInformation
6.4	H0mework.Versions.X.Fock.PrimeField.DelayRecovery
4.7	H0mework.Versions.X.Fock.PrimeField.InformationInventory
4.2	H0mework.Versions.X.Fock.PrimeField.Projection
29	H0mework.Versions.X.Fock.PrimeField.Receipt
4.3	H0mework.Versions.X.Fock.PrimeField.RecoveryCoefficient
5.2	H0mework.Versions.X.Fock.PrimeField.RecoveryConsumer
6.1	H0mework.Versions.X.Fock.PrimeField.RecoveryFresh
5.2	H0mework.Versions.X.Fock.PrimeField.RecoveryInformation
4.3	H0mework.Versions.X.Fock.PrimeField.RecoveryMaterial
5.6	H0mework.Versions.X.Fock.PrimeField.RecoveryModel
4.2	H0mework.Versions.X.Fock.PrimeField.RecoveryPoint
6.1	H0mework.Versions.X.Fock.PrimeField.RecoveryResidual
5.4	H0mework.Versions.X.Fock.PrimeField.RecoveryWindow
4.3	H0mework.Versions.X.Fock.PrimeField.RecoveryWord
73	H0mework.Versions.X.Fock.PrimeField.Relation
4.6	H0mework.Versions.X.Fock.PrimeFieldCalculation.CalculationBirth
4.6	H0mework.Versions.X.Fock.PrimeFieldCalculation.CalculationConditional
4.8	H0mework.Versions.X.Fock.PrimeFieldCalculation.CalculationConsumer
4.4	H0mework.Versions.X.Fock.PrimeFieldCalculation.CalculationFrontier
4.2	H0mework.Versions.X.Fock.PrimeFieldCalculation.CalculationQuery
7.7	H0mework.Versions.X.Fock.PrimeFieldCalculation.ContinuationConsumer
4.5	H0mework.Versions.X.Fock.PrimeFieldCalculation.ContinuationMaterial
5.8	H0mework.Versions.X.Fock.PrimeFieldCalculation.ContinuationSource
4.5	H0mework.Versions.X.Fock.PrimeFieldCalculation.InventoryTrace
9	H0mework.Versions.X.Fock.PrimeFieldJoint.JointField
5	H0mework.Versions.X.Fock.PrimeFieldNoGo.ActionNoGo
5.1	H0mework.Versions.X.Fock.PrimeFieldNoGo.FourierNoGo
7.6	H0mework.Versions.X.Fock.PrimeHistoryMeasure.Consumer
8.6	H0mework.Versions.X.Fock.PrimeHistoryMeasure.Field
7.5	H0mework.Versions.X.Fock.PrimeHistoryMeasure.Recovery
6.2	H0mework.Versions.X.Fock.PrimeHistoryMeasure.Source
5.9	H0mework.Versions.X.Fock.PrimeHistoryMeasure.Witness
4.5	H0mework.Versions.X.Fock.SourceHistory.ActorRecoveryHistoryRegression
5.7	H0mework.Versions.X.Fock.SourceHistory.ActorRecoveryMeanRegression
4.5	H0mework.Versions.X.Fock.SourceHistory.ActorRecoverySourceRegression
5.6	H0mework.Versions.X.Fock.SourceHistory.ActorRecoveryTerminalRegression
4.3	H0mework.Versions.X.Fock.SourceHistory.Bridge
5.6	H0mework.Versions.X.Fock.SourceHistory.ClockFrameRegression
4.6	H0mework.Versions.X.Fock.SourceHistory.ClockModelRegression
4.6	H0mework.Versions.X.Fock.SourceHistory.ClockPosteriorRegression
5.1	H0mework.Versions.X.Fock.SourceHistory.ConditionalActorHistory
4.9	H0mework.Versions.X.Fock.SourceHistory.ConditionalActorInstalled
4	H0mework.Versions.X.Fock.SourceHistory.ConditionalHistoryInstalled
9.4	H0mework.Versions.X.Fock.SourceHistory.ConditionalObserved
5.5	H0mework.Versions.X.Fock.SourceHistory.ConditionalRecovery
4	H0mework.Versions.X.Fock.SourceHistory.ConditionalRecoveryRegression
4	H0mework.Versions.X.Fock.SourceHistory.ConditionalTransfer
4.8	H0mework.Versions.X.Fock.SourceHistory.ConditionalTransferReadoutRegression
4.2	H0mework.Versions.X.Fock.SourceHistory.ConditionalTransferSourceRegression
5.4	H0mework.Versions.X.Fock.SourceHistory.Installed
6	H0mework.Versions.X.Fock.SourceHistory.MassCompletion
4.6	H0mework.Versions.X.Fock.SourceHistory.PrimeClockResidualRegression
4.2	H0mework.Versions.X.Fock.SourceHistory.PrimeClockSplittingRegression
4.3	H0mework.Versions.X.Fock.SourceHistory.PrimeCompletionRegression
11	H0mework.Versions.X.Fock.SourceHistory.PrimeFieldActionRegression
4.3	H0mework.Versions.X.Fock.SourceHistory.PrimeFieldRecoveryRegression
4.2	H0mework.Versions.X.Fock.SourceHistory.PrimeObservationDelayRegression
5.1	H0mework.Versions.X.Fock.SourceHistory.Projection
4.9	H0mework.Versions.X.Fock.SourceHistory.TerminalRecoveryRegression
2.3	H0mework.Versions.X.Fock.SourceHistory.Window
4.2	H0mework.Versions.X.Fock.SourceHistoryClock.Core
4.1	H0mework.Versions.X.Fock.SourceHistoryClock.Fock
4.5	H0mework.Versions.X.Fock.SourceHistoryClock.FrameAction
4.8	H0mework.Versions.X.Fock.SourceHistoryClock.FrameCore
5.8	H0mework.Versions.X.Fock.SourceHistoryClock.FrameInstalled
4.3	H0mework.Versions.X.Fock.SourceHistoryClock.Installed
4.7	H0mework.Versions.X.Fock.SourceHistoryClock.Model
4	H0mework.Versions.X.Fock.SourceHistoryClock.PosteriorCore
4.6	H0mework.Versions.X.Fock.SourceHistoryClock.PosteriorInstalled
4.1	H0mework.Versions.X.Fock.SourceHistoryClock.PosteriorTasks
4.5	H0mework.Versions.X.Fock.SourceHistoryClock.RecoveryDecoder
4.8	H0mework.Versions.X.Fock.SourceHistoryClock.RecoveryInstalled
60	H0mework.Versions.X.NavierStokes.CartanAction.Clifford
22	H0mework.Versions.X.NavierStokes.CartanAction.Compensation
64	H0mework.Versions.X.NavierStokes.CartanAction.Constitutive
52	H0mework.Versions.X.NavierStokes.CartanAction.ContorsionSupport
88	H0mework.Versions.X.NavierStokes.CartanAction.Coordinates
22	H0mework.Versions.X.NavierStokes.CartanAction.Jet
26	H0mework.Versions.X.NavierStokes.CartanAction.Response
62	H0mework.Versions.X.NavierStokes.CartanAction.Source
50	H0mework.Versions.X.NavierStokes.CartanAction.SpinSupport
22	H0mework.Versions.X.NavierStokes.CartanAction.Stress
54	H0mework.Versions.X.NavierStokes.CartanAction.StressLaw
142	H0mework.Versions.X.NavierStokes.CartanAction.TorsionSupport
19.8	H0mework.Versions.X.NavierStokes.CofinalAction.CofinalCurrentResponse
20	H0mework.Versions.X.NavierStokes.CofinalAction.CofinalCurrentResponseAction
50	H0mework.Versions.X.NavierStokes.CofinalAction.CofinalMomentum
20	H0mework.Versions.X.NavierStokes.CofinalAction.CofinalPairedCurrent
34	H0mework.Versions.X.NavierStokes.CofinalAction.CofinalRecovery
20	H0mework.Versions.X.NavierStokes.CofinalAction.CofinalUnifiedAction
28	H0mework.Versions.X.NavierStokes.CofinalAction.CofinalUnifiedControl
20	H0mework.Versions.X.NavierStokes.CofinalAction.CofinalUnifiedField
56	H0mework.Versions.X.NavierStokes.ConstitutiveAction.Color
26	H0mework.Versions.X.NavierStokes.ConstitutiveAction.Flux
26	H0mework.Versions.X.NavierStokes.ConstitutiveAction.Fourier
28	H0mework.Versions.X.NavierStokes.ConstitutiveAction.Jet
78	H0mework.Versions.X.NavierStokes.ConstitutiveAction.Material
20	H0mework.Versions.X.NavierStokes.ConstitutiveAction.MaterialEnergy
24	H0mework.Versions.X.NavierStokes.ConstitutiveAction.Occurrence
52	H0mework.Versions.X.NavierStokes.EscapeAction.EscapeCarrier
88	H0mework.Versions.X.NavierStokes.EscapeAction.EscapeCorrection
32	H0mework.Versions.X.NavierStokes.EscapeAction.EscapeCurrentAction
70	H0mework.Versions.X.NavierStokes.EscapeAction.EscapeMomentum
20	H0mework.Versions.X.NavierStokes.EscapeAction.EscapePairedCurrent
36	H0mework.Versions.X.NavierStokes.EscapeAction.EscapeStress
18.8	H0mework.Versions.X.NavierStokes.Friedrichs.Action
30	H0mework.Versions.X.NavierStokes.Friedrichs.Energy
18.6	H0mework.Versions.X.NavierStokes.Friedrichs.Principal
24	H0mework.Versions.X.NavierStokes.FullOrder.RecoveryPairedAction
26	H0mework.Versions.X.NavierStokes.FullOrder.RecoveryTimeBackgroundProjection
36	H0mework.Versions.X.NavierStokes.FullOrder.RecoveryTimeCanonical
26	H0mework.Versions.X.NavierStokes.FullOrder.RecoveryTimeGramWrite
38	H0mework.Versions.X.NavierStokes.GlobalAction.GeneratedGlobal
32	H0mework.Versions.X.NavierStokes.GlobalAction.GeneratedGlobalSpacetime
24	H0mework.Versions.X.NavierStokes.GlobalAction.Global
38	H0mework.Versions.X.NavierStokes.GlobalAction.GlobalHilbertAction
48	H0mework.Versions.X.NavierStokes.GlobalAction.GlobalJets
22	H0mework.Versions.X.NavierStokes.GlobalAction.GlobalPhysicalAction
36	H0mework.Versions.X.NavierStokes.GlobalAction.GlobalPhysicalCarrier
58	H0mework.Versions.X.NavierStokes.GlobalAction.GlobalSpacetime
36	H0mework.Versions.X.NavierStokes.GlobalAction.GlobalTime
58	H0mework.Versions.X.NavierStokes.HigherTreeOctic.CodeFiber
32	H0mework.Versions.X.NavierStokes.HigherTreeOctic.Dissipation
26	H0mework.Versions.X.NavierStokes.HigherTreeOctic.EightRows
28	H0mework.Versions.X.NavierStokes.HigherTreeOctic.ForcingGate
36	H0mework.Versions.X.NavierStokes.HigherTreeOctic.Generator
40	H0mework.Versions.X.NavierStokes.HigherTreeOctic.GramDualPulse
34	H0mework.Versions.X.NavierStokes.HigherTreeOctic.GramDualWork
58	H0mework.Versions.X.NavierStokes.HigherTreeOctic.InitialNorm
24	H0mework.Versions.X.NavierStokes.HigherTreeOctic.InitialShift
30	H0mework.Versions.X.NavierStokes.HigherTreeOctic.KernelBound
28	H0mework.Versions.X.NavierStokes.HigherTreeOctic.L1Response
24	H0mework.Versions.X.NavierStokes.HigherTreeOctic.PrimitiveKernel
36	H0mework.Versions.X.NavierStokes.HigherTreeOctic.TemporalEvolution
36	H0mework.Versions.X.NavierStokes.HigherTreeOctic.TemporalResponse
30	H0mework.Versions.X.NavierStokes.HigherTreeOctic.ThetaGram
40	H0mework.Versions.X.NavierStokes.HigherTreeOctic.ThetaTrace
22	H0mework.Versions.X.NavierStokes.HigherTreeSeptic.Alignment
24	H0mework.Versions.X.NavierStokes.HigherTreeSeptic.Input
24	H0mework.Versions.X.NavierStokes.HigherTreeSeptic.PrimitiveKernel
26	H0mework.Versions.X.NavierStokes.HigherTreeSeptic.SevenRows
34	H0mework.Versions.X.NavierStokes.HigherTreeSextic.AllSlots
34	H0mework.Versions.X.NavierStokes.HigherTreeSextic.BalancedKernel
38	H0mework.Versions.X.NavierStokes.HigherTreeSextic.BalancedSource
34	H0mework.Versions.X.NavierStokes.HigherTreeSextic.BalancedSum
34	H0mework.Versions.X.NavierStokes.HigherTreeSextic.Collapse
32	H0mework.Versions.X.NavierStokes.HigherTreeSextic.CombKernel
34	H0mework.Versions.X.NavierStokes.HigherTreeSextic.CombSource
48	H0mework.Versions.X.NavierStokes.HigherTreeSextic.CriticalSum
36	H0mework.Versions.X.NavierStokes.HigherTreeSextic.Hardy
26	H0mework.Versions.X.NavierStokes.HigherTreeSextic.Input
32	H0mework.Versions.X.NavierStokes.HigherTreeSextic.Kernel
28	H0mework.Versions.X.NavierStokes.HigherTreeSextic.LatticePower
32	H0mework.Versions.X.NavierStokes.HigherTreeSextic.LatticePrefix
34	H0mework.Versions.X.NavierStokes.HigherTreeSextic.LatticeTail
34	H0mework.Versions.X.NavierStokes.HigherTreeSextic.OuterCombKernel
38	H0mework.Versions.X.NavierStokes.HigherTreeSextic.OuterCombSource
26	H0mework.Versions.X.NavierStokes.HigherTreeSextic.PrimitiveKernel
44	H0mework.Versions.X.NavierStokes.HigherTreeSextic.QuarterSchur
34	H0mework.Versions.X.NavierStokes.HigherTreeSextic.RootBalancedKernel
36	H0mework.Versions.X.NavierStokes.HigherTreeSextic.RootBalancedSource
42	H0mework.Versions.X.NavierStokes.HigherTreeSextic.RootBalancedSum
34	H0mework.Versions.X.NavierStokes.HigherTreeSextic.RowSquare
42	H0mework.Versions.X.NavierStokes.HigherTreeSextic.ShiftCriticalSum
36	H0mework.Versions.X.NavierStokes.HigherTreeSextic.ShiftRiesz
50	H0mework.Versions.X.NavierStokes.HigherTreeSextic.ShiftSchur
30	H0mework.Versions.X.NavierStokes.HigherTreeSextic.SixRows
36	H0mework.Versions.X.NavierStokes.HigherTreeSextic.WeightedSquare
28	H0mework.Versions.X.NavierStokes.HigherTreeSexticUniform.AllSlots
36	H0mework.Versions.X.NavierStokes.HigherTreeSexticUniform.Cube
34	H0mework.Versions.X.NavierStokes.HigherTreeSexticUniform.Outer
50	H0mework.Versions.X.NavierStokes.HigherTreeSexticUniform.Prefix
38	H0mework.Versions.X.NavierStokes.HigherTreeSexticUniform.Schur
36	H0mework.Versions.X.NavierStokes.HigherTreeSexticUniform.Sum
40	H0mework.Versions.X.NavierStokes.HigherTreeSexticUniform.Tail
34	H0mework.Versions.X.NavierStokes.MacroAction.FiniteMacro
28	H0mework.Versions.X.NavierStokes.MacroAction.FiniteMacroEvolution
30	H0mework.Versions.X.NavierStokes.MacroAction.FiniteMacroMomentum
24	H0mework.Versions.X.NavierStokes.MacroAction.MacroDecay
34	H0mework.Versions.X.NavierStokes.MacroAction.MacroMomentumIntegral
30	H0mework.Versions.X.NavierStokes.MaterialAction.AdjointAction
44	H0mework.Versions.X.NavierStokes.MaterialAction.AdjointPrincipal
32	H0mework.Versions.X.NavierStokes.MaterialAction.CoframeAction
22	H0mework.Versions.X.NavierStokes.MaterialAction.ColorAction
30	H0mework.Versions.X.NavierStokes.MaterialAction.JetAction
32	H0mework.Versions.X.NavierStokes.MaterialAction.MomentumJet
92	H0mework.Versions.X.NavierStokes.MaterialAction.MotherAction
30	H0mework.Versions.X.NavierStokes.MaterialAction.PauliJet
26	H0mework.Versions.X.NavierStokes.MaterialAction.PauliPairing
42	H0mework.Versions.X.NavierStokes.MaterialAction.SourceAdjoint
30	H0mework.Versions.X.NavierStokes.MaterialAction.SourceJet
38	H0mework.Versions.X.NavierStokes.MaterialAction.SpinConnection
42	H0mework.Versions.X.NavierStokes.MaterialJets.Coefficients
48	H0mework.Versions.X.NavierStokes.MaterialJets.Color
17.6	H0mework.Versions.X.NavierStokes.MaterialJets.CovariantEnergy
26	H0mework.Versions.X.NavierStokes.MaterialJets.CovariantField
16.8	H0mework.Versions.X.NavierStokes.MaterialJets.CovariantReceipt
20	H0mework.Versions.X.NavierStokes.MaterialJets.Densitized
38	H0mework.Versions.X.NavierStokes.MaterialJets.DensitizedReceipt
28	H0mework.Versions.X.NavierStokes.MaterialJets.Energy
40	H0mework.Versions.X.NavierStokes.MaterialJets.Field
30	H0mework.Versions.X.NavierStokes.MaterialJets.Geometry
28	H0mework.Versions.X.NavierStokes.MaterialJets.Jet
24	H0mework.Versions.X.NavierStokes.MaterialJets.Receipt
18.6	H0mework.Versions.X.NavierStokes.MaterialReadback.Differential
32	H0mework.Versions.X.NavierStokes.MaterialReadback.Material
52	H0mework.Versions.X.NavierStokes.MaterialStress.Source
28	H0mework.Versions.X.NavierStokes.MomentumAction.MomentumIntegralSplice
32	H0mework.Versions.X.NavierStokes.MomentumAction.NegativeFourMomentum
36	H0mework.Versions.X.NavierStokes.MomentumAction.OriginalMomentumIntegral
38	H0mework.Versions.X.NavierStokes.MomentumAction.ReceiptMomentumIntegral
30	H0mework.Versions.X.NavierStokes.NativeAction.Carrier
62	H0mework.Versions.X.NavierStokes.NativeAction.Correction
30	H0mework.Versions.X.NavierStokes.NativeAction.Equation
22	H0mework.Versions.X.NavierStokes.NativeAction.Evolution
38	H0mework.Versions.X.NavierStokes.NativeAction.Operator
36	H0mework.Versions.X.NavierStokes.NativeAction.Pairing
28	H0mework.Versions.X.NavierStokes.NativeAction.VelocityCurl
36	H0mework.Versions.X.NavierStokes.NativeAction.Write
26	H0mework.Versions.X.NavierStokes.NativeWorkSource.ReadoutPhysicalMaterialActionReadbackReceipt
36	H0mework.Versions.X.NavierStokes.NativeWorkSource.ReadoutPhysicalTranslationMaterial
44	H0mework.Versions.X.NavierStokes.PairedAction.PairedCarrierJets
22	H0mework.Versions.X.NavierStokes.PairedAction.PairedCarrierRegeneration
20	H0mework.Versions.X.NavierStokes.PairedAction.PairedCurrentFourier
44	H0mework.Versions.X.NavierStokes.PhysicalJets.ChartVorticity
30	H0mework.Versions.X.NavierStokes.PhysicalJets.Correction
38	H0mework.Versions.X.NavierStokes.PhysicalJets.CorrectionJets
30	H0mework.Versions.X.NavierStokes.PhysicalJets.CorrectionPhysical
126	H0mework.Versions.X.NavierStokes.PhysicalJets.CorrectionTime
26	H0mework.Versions.X.NavierStokes.PhysicalJets.Curl
48	H0mework.Versions.X.NavierStokes.PhysicalJets.CurlCross
30	H0mework.Versions.X.NavierStokes.PhysicalJets.VorticityAction
28	H0mework.Versions.X.NavierStokes.PhysicalJets.VorticityControl
28	H0mework.Versions.X.NavierStokes.PhysicalReadout.CanonicalCoframe
22	H0mework.Versions.X.NavierStokes.PhysicalReadout.Material
24	H0mework.Versions.X.NavierStokes.PhysicalView.ConsumerBalance
22	H0mework.Versions.X.NavierStokes.PhysicalView.ConsumerEnergy
22	H0mework.Versions.X.NavierStokes.PhysicalView.ConsumerNext
24	H0mework.Versions.X.NavierStokes.PhysicalView.ConsumerObservation
20	H0mework.Versions.X.NavierStokes.PhysicalView.RootPairing
30	H0mework.Versions.X.NavierStokes.PhysicalView.RootPreparation
24	H0mework.Versions.X.NavierStokes.PhysicalView.ZeroContract
40	H0mework.Versions.X.NavierStokes.PhysicalView.ZeroLimit
28	H0mework.Versions.X.NavierStokes.PhysicalView.ZeroTail
30	H0mework.Versions.X.NavierStokes.RecoveryAction.Recovery
36	H0mework.Versions.X.NavierStokes.RecoveryAction.RecoveryAE
36	H0mework.Versions.X.NavierStokes.RecoveryAction.RecoveryAdvance
80	H0mework.Versions.X.NavierStokes.RecoveryAction.RecoveryCoverage
26	H0mework.Versions.X.NavierStokes.RecoveryAction.RecoveryCurrentAction
22	H0mework.Versions.X.NavierStokes.RecoveryAction.RecoveryCurrentJets
28	H0mework.Versions.X.NavierStokes.RecoveryAction.RecoveryDecay
38	H0mework.Versions.X.NavierStokes.RecoveryAction.RecoveryDomain
90	H0mework.Versions.X.NavierStokes.RecoveryAction.RecoveryJets
26	H0mework.Versions.X.NavierStokes.RecoveryAction.RecoveryJointAction
22	H0mework.Versions.X.NavierStokes.RecoveryAction.RecoveryJointCurrent
18.4	H0mework.Versions.X.NavierStokes.RecoveryAction.RecoveryJointTimeKernel
40	H0mework.Versions.X.NavierStokes.RecoveryAction.RecoveryMixed
30	H0mework.Versions.X.NavierStokes.RecoveryAction.RecoveryMomentumIntegral
20	H0mework.Versions.X.NavierStokes.RecoveryAction.RecoveryPairedCarrier
36	H0mework.Versions.X.NavierStokes.RecoveryAction.RecoveryPhysical
42	H0mework.Versions.X.NavierStokes.RecoveryAction.RecoveryRowAction
28	H0mework.Versions.X.NavierStokes.RecoveryAction.RecoverySmallK
22	H0mework.Versions.X.NavierStokes.RecoveryAction.RecoveryTimeMomentumWrite
24	H0mework.Versions.X.NavierStokes.RecoveryAction.RecoveryTimeStrongRefinement
24	H0mework.Versions.X.NavierStokes.RecoveryAction.RecoveryUnifiedCurrent
38	H0mework.Versions.X.NavierStokes.RecoveryAction.RecoveryWindow
26	H0mework.Versions.X.NavierStokes.ResolvedAction.ResolvedAction
28	H0mework.Versions.X.NavierStokes.ResolvedAction.ResolvedNonlinearReadout
28	H0mework.Versions.X.NavierStokes.ResolvedAction.ResolvedPairingTransfer
19.4	H0mework.Versions.X.NavierStokes.ResolvedAction.ResolvedSpacetime
24	H0mework.Versions.X.NavierStokes.ResolvedAction.ResolvedUnifiedAction
16.8	H0mework.Versions.X.NavierStokes.ResolvedAction.ResolvedUnifiedOperators
20	H0mework.Versions.X.NavierStokes.ResolvedAction.ResolvedViscousReadout
30	H0mework.Versions.X.NavierStokes.SourceAction.AbsoluteEventual
32	H0mework.Versions.X.NavierStokes.SourceAction.ActionMoments
40	H0mework.Versions.X.NavierStokes.SourceAction.ChartPhaseWard
44	H0mework.Versions.X.NavierStokes.SourceAction.ChartPhysicalAction
38	H0mework.Versions.X.NavierStokes.SourceAction.Consumer
22	H0mework.Versions.X.NavierStokes.SourceAction.CurrentAction
19.8	H0mework.Versions.X.NavierStokes.SourceAction.CurrentReadout
22	H0mework.Versions.X.NavierStokes.SourceAction.Dissipation
28	H0mework.Versions.X.NavierStokes.SourceAction.EndpointEnergy
36	H0mework.Versions.X.NavierStokes.SourceAction.EndpointGain
28	H0mework.Versions.X.NavierStokes.SourceAction.EventualTail
24	H0mework.Versions.X.NavierStokes.SourceAction.Evolution
40	H0mework.Versions.X.NavierStokes.SourceAction.FinitePrefixChart
38	H0mework.Versions.X.NavierStokes.SourceAction.FinitePrefixWindow
34	H0mework.Versions.X.NavierStokes.SourceAction.FixedFilterGlobal
28	H0mework.Versions.X.NavierStokes.SourceAction.Flux
34	H0mework.Versions.X.NavierStokes.SourceAction.GeneratedSpacetime
48	H0mework.Versions.X.NavierStokes.SourceAction.HilbertDiracCurrent
28	H0mework.Versions.X.NavierStokes.SourceAction.Initial
42	H0mework.Versions.X.NavierStokes.SourceAction.JetObservation
20	H0mework.Versions.X.NavierStokes.SourceAction.JointFilter
52	H0mework.Versions.X.NavierStokes.SourceAction.Mixed
24	H0mework.Versions.X.NavierStokes.SourceAction.Next
28	H0mework.Versions.X.NavierStokes.SourceAction.PhysicalCurrent
20	H0mework.Versions.X.NavierStokes.SourceAction.PhysicalHistory
24	H0mework.Versions.X.NavierStokes.SourceAction.PhysicalHistoryControl
22	H0mework.Versions.X.NavierStokes.SourceAction.PhysicalHistoryCurrent
38	H0mework.Versions.X.NavierStokes.SourceAction.PolynomialJets
46	H0mework.Versions.X.NavierStokes.SourceAction.PolynomialObservations
28	H0mework.Versions.X.NavierStokes.SourceAction.PositiveTime
42	H0mework.Versions.X.NavierStokes.SourceAction.Pressure
98	H0mework.Versions.X.NavierStokes.SourceAction.ReceiptProfile
58	H0mework.Versions.X.NavierStokes.SourceAction.ReceiptSpacetime
42	H0mework.Versions.X.NavierStokes.SourceAction.ReceiptStrongVelocityWrite
24	H0mework.Versions.X.NavierStokes.SourceAction.RootCurrentControl
34	H0mework.Versions.X.NavierStokes.SourceAction.RootSourceAction
34	H0mework.Versions.X.NavierStokes.SourceAction.ScalarGain
26	H0mework.Versions.X.NavierStokes.SourceAction.SmallSeed
34	H0mework.Versions.X.NavierStokes.SourceAction.SourceView.Formation.Action.Law
30	H0mework.Versions.X.NavierStokes.SourceAction.SourceView.Formation.Action.Material
28	H0mework.Versions.X.NavierStokes.SourceAction.SourceView.Formation.Ledger
70	H0mework.Versions.X.NavierStokes.SourceAction.Spacetime
26	H0mework.Versions.X.NavierStokes.SourceAction.WholeVelocityFilter
26	H0mework.Versions.X.NavierStokes.SourceEnergy.Content
28	H0mework.Versions.X.NavierStokes.SourceEnergy.Evolution
24	H0mework.Versions.X.NavierStokes.SourceEnergy.Work
28	H0mework.Versions.X.NavierStokes.SourceHeat.GaussianPhase
42	H0mework.Versions.X.NavierStokes.SourceHeat.PairingAverage
34	H0mework.Versions.X.NavierStokes.SourceHeat.SpatialZero
36	H0mework.Versions.X.NavierStokes.SourceHeat.TranslationData
36	H0mework.Versions.X.NavierStokes.SourceHeat.WindowZero
38	H0mework.Versions.X.NavierStokes.SourceHeat.Zero
18	H0mework.Versions.X.NavierStokes.SourcePairing.MotherTransportGreenAdjoint
38	H0mework.Versions.X.NavierStokes.SourcePairing.MotherTransportGreenNormalization
36	H0mework.Versions.X.NavierStokes.SourcePairing.NativeActionLineSpatialOperators
22	H0mework.Versions.X.NavierStokes.SourcePairing.PhysicalHistoryInitialAction
36	H0mework.Versions.X.NavierStokes.SourcePairing.RecoveryTimeCanonicalWrite
26	H0mework.Versions.X.NavierStokes.SourcePairing.SpacetimeEquation
44	H0mework.Versions.X.NavierStokes.SourceReadout.Material
28	H0mework.Versions.X.NavierStokes.SourceSpacetime.Curl
36	H0mework.Versions.X.NavierStokes.SourceSpacetime.Time
22	H0mework.Versions.X.NavierStokes.SourceUnheated.Energy
20	H0mework.Versions.X.NavierStokes.SourceUnheated.GlobalGradient
26	H0mework.Versions.X.NavierStokes.SourceUnheated.MacroGradient
36	H0mework.Versions.X.NavierStokes.SourceUnheated.StressProduct
20	H0mework.Versions.X.NavierStokes.SourceUnheated.WindowGradient
46	H0mework.Versions.X.NavierStokes.SourceUnheated.WindowJensen
30	H0mework.Versions.X.NavierStokes.SourceUnheated.WindowResidual
30	H0mework.Versions.X.NavierStokes.SourceUnheated.WindowStress
34	H0mework.Versions.X.NavierStokes.SourceWindow.Pairing
40	H0mework.Versions.X.NavierStokes.SourceWindow.PairingAverage
46	H0mework.Versions.X.NavierStokes.SourceWindow.PairingMoments
50	H0mework.Versions.X.NavierStokes.SourceWindow.PairingReadout
46	H0mework.Versions.X.NavierStokes.StressAction.CompleteStressAction
38	H0mework.Versions.X.NavierStokes.StressAction.CompleteStressCarrier
58	H0mework.Versions.X.NavierStokes.StressAction.StressDynamicsBilinear
22	H0mework.Versions.X.NavierStokes.StressAction.StressPairingCarrier
30	H0mework.Versions.X.NavierStokes.StressDynamics.Cofinal
28	H0mework.Versions.X.NavierStokes.StressDynamics.CommonAdvector
20	H0mework.Versions.X.NavierStokes.StressDynamics.ConvectionFlux
22	H0mework.Versions.X.NavierStokes.StressDynamics.MixedActionLimit
50	H0mework.Versions.X.NavierStokes.StressDynamics.PolynomialAction
24	H0mework.Versions.X.NavierStokes.StressDynamics.RawAction
120	H0mework.Versions.X.NavierStokes.StressDynamics.TemporalDifferential
58	H0mework.Versions.X.NavierStokes.StressDynamics.TemporalGenerator
32	H0mework.Versions.X.NavierStokes.StressDynamics.ZeroStepAction
74	H0mework.Versions.X.NavierStokes.StressEvolutionRegeneration.Affine
22	H0mework.Versions.X.NavierStokes.StressEvolutionUnfiltered.Interpolation
30	H0mework.Versions.X.NavierStokes.StressEvolutionUnfiltered.StressAlgebra
22	H0mework.Versions.X.NavierStokes.StressMovingSource.Interpolation
26	H0mework.Versions.X.NavierStokes.StressMovingSource.ProductPhysical
24	H0mework.Versions.X.NavierStokes.StressNegativeOne.GradientTime
24	H0mework.Versions.X.NavierStokes.StressNegativeOne.Inclusion
26	H0mework.Versions.X.NavierStokes.StressNegativeOne.Momentum
24	H0mework.Versions.X.NavierStokes.StressNegativeOne.Rate
22	H0mework.Versions.X.NavierStokes.StressNegativeOne.Write
36	H0mework.Versions.X.NavierStokes.StressRegeneration.Physical
30	H0mework.Versions.X.NavierStokes.StressRegeneration.Stress
22	H0mework.Versions.X.NavierStokes.StressRegeneration.StressEnergy
30	H0mework.Versions.X.NavierStokes.StressResolvent.FiniteResolvent
34	H0mework.Versions.X.NavierStokes.StressResolvent.ResolventActionGraph
30	H0mework.Versions.X.NavierStokes.StressResolvent.ResolventEquation
24	H0mework.Versions.X.NavierStokes.StressResolvent.ResolventResidual
24	H0mework.Versions.X.NavierStokes.StressResolvent.SourceResolvent
38	H0mework.Versions.X.NavierStokes.StressResolvent.TemporalResolvent
46	H0mework.Versions.X.NavierStokes.StressResolvent.TemporalResolventGraph
30	H0mework.Versions.X.NavierStokes.StressResolvent.TemporalResolventNext
46	H0mework.Versions.X.NavierStokes.StressResolvent.WholeResolvent
66	H0mework.Versions.X.NavierStokes.StressResolvent.WholeResolventEquation
40	H0mework.Versions.X.NavierStokes.StressResolvent.WholeResolventIdentity
38	H0mework.Versions.X.NavierStokes.StressResolvent.WholeResolventLimit
48	H0mework.Versions.X.NavierStokes.StressTimeControl.DualCurl
36	H0mework.Versions.X.NavierStokes.StressTimeControl.Interpolation
20	H0mework.Versions.X.NavierStokes.StressTimeControl.UnfilteredBudget
24	H0mework.Versions.X.NavierStokes.StressWeakInput.FiniteAdjoint
30	H0mework.Versions.X.NavierStokes.StressWeakInput.OriginalInput
38	H0mework.Versions.X.NavierStokes.StressWeakInput.PhysicalPairing
30	H0mework.Versions.X.NavierStokes.StressWeakInput.StressAction
48	H0mework.Versions.X.NavierStokes.StressWeakInput.WholeAdjoint
28	H0mework.Versions.X.NavierStokes.StressWholeH1.Approximation
26	H0mework.Versions.X.NavierStokes.StressWholeH1.Cancellation
26	H0mework.Versions.X.NavierStokes.StressWholeH1.Equation
26	H0mework.Versions.X.NavierStokes.StressWholeH1.Mixed
26	H0mework.Versions.X.NavierStokes.StressWholeH1.OriginalSource
26	H0mework.Versions.X.NavierStokes.StressWholeH1.Pairing
24	H0mework.Versions.X.NavierStokes.TimeGramAction.RecoveryTimeGramAction
24	H0mework.Versions.X.NavierStokes.TimeGramAction.RecoveryTimeGramForce
20	H0mework.Versions.X.NavierStokes.TimeGramAction.RecoveryTimeGramMeasured
24	H0mework.Versions.X.NavierStokes.TimeGramAction.RecoveryTimeGramRaw
18.4	H0mework.Versions.X.NavierStokes.TimeGramAction.RecoveryTimeGramReadout
38	H0mework.Versions.X.NavierStokes.TimeJets.Time
54	H0mework.Versions.X.NavierStokes.TimeJets.TimeBilinear
52	H0mework.Versions.X.NavierStokes.TimeJets.TimeCarrier
60	H0mework.Versions.X.NavierStokes.TimeJets.TimeRecursion
32	H0mework.Versions.X.NavierStokes.TimeJets.TimeSource
20	H0mework.Versions.X.NavierStokes.UnheatedWriterGradient.Account
22	H0mework.Versions.X.NavierStokes.UnheatedWriterGradient.Physical
30	H0mework.Versions.X.NavierStokes.UnheatedWriterHalf.Carrier
34	H0mework.Versions.X.NavierStokes.UnheatedWriterHalf.InverseQuarter
36	H0mework.Versions.X.NavierStokes.UnheatedWriterHalf.Source
26	H0mework.Versions.X.NavierStokes.UnheatedWriterOne.Rate
32	H0mework.Versions.X.NavierStokes.UnheatedWriterOne.Write
64	H0mework.Versions.X.NavierStokes.UnheatedWriterPair.Evolution
48	H0mework.Versions.X.NavierStokes.UnheatedWriterPair.Flux
30	H0mework.Versions.X.NavierStokes.UnheatedWriterPair.GlobalEvolution
32	H0mework.Versions.X.NavierStokes.UnheatedWriterPair.GlobalIntegral
30	H0mework.Versions.X.NavierStokes.UnheatedWriterPair.GlobalWindow
28	H0mework.Versions.X.NavierStokes.UnheatedWriterPair.Kernel
44	H0mework.Versions.X.NavierStokes.UnheatedWriterPair.KernelBilinear
26	H0mework.Versions.X.NavierStokes.UnheatedWriterPair.NegativeKernel
22	H0mework.Versions.X.NavierStokes.UnheatedWriterPair.ViscousCancellation
48	H0mework.Versions.X.NavierStokes.UnheatedWriterPair.WindowControl
36	H0mework.Versions.X.NavierStokes.UnheatedWriterPair.WindowTail
24	H0mework.Versions.X.NavierStokes.UnheatedWriterQuartic.AllSlots
24	H0mework.Versions.X.NavierStokes.UnheatedWriterQuartic.Envelope
32	H0mework.Versions.X.NavierStokes.UnheatedWriterQuartic.EnvelopeSource
34	H0mework.Versions.X.NavierStokes.UnheatedWriterQuartic.HalfEnvelope
26	H0mework.Versions.X.NavierStokes.UnheatedWriterQuartic.Kernel
30	H0mework.Versions.X.NavierStokes.UnheatedWriterQuartic.Middle
36	H0mework.Versions.X.NavierStokes.UnheatedWriterQuartic.NormalForm
36	H0mework.Versions.X.NavierStokes.UnheatedWriterQuartic.OuterRows
28	H0mework.Versions.X.NavierStokes.UnheatedWriterQuartic.OuterSource
28	H0mework.Versions.X.NavierStokes.UnheatedWriterQuartic.PrimitiveKernel
38	H0mework.Versions.X.NavierStokes.UnheatedWriterQuartic.RieszKernel
28	H0mework.Versions.X.NavierStokes.UnheatedWriterQuartic.Rows
34	H0mework.Versions.X.NavierStokes.UnheatedWriterQuartic.Source
30	H0mework.Versions.X.NavierStokes.UnheatedWriterQuartic.Time
30	H0mework.Versions.X.NavierStokes.UnheatedWriterQuartic.Window
30	H0mework.Versions.X.NavierStokes.UnheatedWriterQuintic.FiveLeaf
40	H0mework.Versions.X.NavierStokes.UnheatedWriterQuintic.FivePositive
36	H0mework.Versions.X.NavierStokes.UnheatedWriterQuintic.FiveRows
30	H0mework.Versions.X.NavierStokes.UnheatedWriterQuintic.Input
30	H0mework.Versions.X.NavierStokes.UnheatedWriterQuintic.Kernel
28	H0mework.Versions.X.NavierStokes.UnheatedWriterQuintic.NormalForm
34	H0mework.Versions.X.NavierStokes.UnheatedWriterQuintic.Output
34	H0mework.Versions.X.NavierStokes.UnheatedWriterQuintic.Power
28	H0mework.Versions.X.NavierStokes.UnheatedWriterQuintic.PrimitiveKernel
42	H0mework.Versions.X.NavierStokes.UnheatedWriterQuintic.Source
34	H0mework.Versions.X.NavierStokes.UnheatedWriterQuintic.Sum
30	H0mework.Versions.X.NavierStokes.UnheatedWriterQuintic.SumPermutations
48	H0mework.Versions.X.NavierStokes.UnheatedWriterQuintic.SumWeights
30	H0mework.Versions.X.NavierStokes.UnheatedWriterQuintic.Time
30	H0mework.Versions.X.NavierStokes.UnheatedWriterQuintic.Weights
34	H0mework.Versions.X.NavierStokes.UnheatedWriterQuintic.Window
34	H0mework.Versions.X.NavierStokes.UnheatedWriterSobolev.Product
40	H0mework.Versions.X.NavierStokes.UnheatedWriterSobolev.Stress
46	H0mework.Versions.X.NavierStokes.UnheatedWriterSobolev.Velocity
32	H0mework.Versions.X.NavierStokes.UnheatedWriterTail.Cubic
34	H0mework.Versions.X.NavierStokes.UnheatedWriterTail.Nonlinear
38	H0mework.Versions.X.NavierStokes.UnheatedWriterTail.Quadratic
34	H0mework.Versions.X.NavierStokes.UnheatedWriterTail.QuadraticCubic
44	H0mework.Versions.X.NavierStokes.UnheatedWriterTail.Weighted
40	H0mework.Versions.X.NavierStokes.UnheatedWriterTree.HeatCoefficient
64	H0mework.Versions.X.NavierStokes.UnheatedWriterTree.HeatConvolution
36	H0mework.Versions.X.NavierStokes.UnheatedWriterTree.HeatEvaluation
28	H0mework.Versions.X.NavierStokes.UnheatedWriterTree.HeatGrowth
36	H0mework.Versions.X.NavierStokes.UnheatedWriterTree.HeatKernel
42	H0mework.Versions.X.NavierStokes.UnheatedWriterTree.HeatLeafOrder
32	H0mework.Versions.X.NavierStokes.UnheatedWriterTree.HeatLocal
36	H0mework.Versions.X.NavierStokes.UnheatedWriterTree.HeatPacket
36	H0mework.Versions.X.NavierStokes.UnheatedWriterTree.HeatQuarticOrder
30	H0mework.Versions.X.NavierStokes.UnheatedWriterTree.HeatQuarticSource
36	H0mework.Versions.X.NavierStokes.UnheatedWriterTree.HeatSpace
32	H0mework.Versions.X.NavierStokes.UnheatedWriterTree.HeatTopology
42	H0mework.Versions.X.NavierStokes.UnheatedWriterTree.Input
30	H0mework.Versions.X.NavierStokes.UnheatedWriterTree.Leaf
36	H0mework.Versions.X.NavierStokes.UnheatedWriterTree.NormalForm
30	H0mework.Versions.X.NavierStokes.UnheatedWriterTree.Output
30	H0mework.Versions.X.NavierStokes.UnheatedWriterTree.RateChange
32	H0mework.Versions.X.NavierStokes.UnheatedWriterTree.RateTransfer
38	H0mework.Versions.X.NavierStokes.UnheatedWriterTree.RieszControl
34	H0mework.Versions.X.NavierStokes.UnheatedWriterTree.RieszKernel
106	H0mework.Versions.X.NavierStokes.UnheatedWriterTree.RieszPermutations
36	H0mework.Versions.X.NavierStokes.UnheatedWriterTree.Time
30	H0mework.Versions.X.NavierStokes.UnheatedWriterTree.Window
36	H0mework.Versions.X.NavierStokes.UnheatedWriterTriad.Absolute
28	H0mework.Versions.X.NavierStokes.UnheatedWriterTriad.ChannelWrite
22	H0mework.Versions.X.NavierStokes.UnheatedWriterTriad.Channels
38	H0mework.Versions.X.NavierStokes.UnheatedWriterTriad.CubicCarrier
30	H0mework.Versions.X.NavierStokes.UnheatedWriterTriad.CubicIdentity
32	H0mework.Versions.X.NavierStokes.UnheatedWriterTriad.CubicKernel
26	H0mework.Versions.X.NavierStokes.UnheatedWriterTriad.CubicRaw
36	H0mework.Versions.X.NavierStokes.UnheatedWriterTriad.CubicRows
26	H0mework.Versions.X.NavierStokes.UnheatedWriterTriad.DepthKernel
30	H0mework.Versions.X.NavierStokes.UnheatedWriterTriad.Kernel
64	H0mework.Versions.X.NavierStokes.UnheatedWriterTriad.Multilinear
30	H0mework.Versions.X.NavierStokes.UnheatedWriterTriad.Output
24	H0mework.Versions.X.NavierStokes.UnheatedWriterTriad.PrimitiveKernel
36	H0mework.Versions.X.NavierStokes.UnheatedWriterTriad.PrimitiveSource
36	H0mework.Versions.X.NavierStokes.UnheatedWriterTriad.Rows
40	H0mework.Versions.X.NavierStokes.UnheatedWriterTriad.Source
38	H0mework.Versions.X.NavierStokes.UnheatedWriterTriad.SourceAbsolute
32	H0mework.Versions.X.NavierStokes.UnheatedWriterTriad.SourceReadout
34	H0mework.Versions.X.NavierStokes.UnheatedWriterTriad.Sum
36	H0mework.Versions.X.NavierStokes.UnheatedWriterTriad.Time
32	H0mework.Versions.X.NavierStokes.UnheatedWriterTriad.WeightedRows
32	H0mework.Versions.X.NavierStokes.UnheatedWriterTriad.Window
19	H0mework.Versions.X.NavierStokes.UnifiedAction.UnifiedActionHistory
78	H0mework.Versions.X.NavierStokes.UnifiedAction.UnifiedCofinalActionFeed
26	H0mework.Versions.X.NavierStokes.UnifiedAction.UnifiedCompleteSource
24	H0mework.Versions.X.NavierStokes.UnifiedAction.UnifiedCorrectionControl
24	H0mework.Versions.X.NavierStokes.UnifiedAction.UnifiedGlobalActionFeed
32	H0mework.Versions.X.NavierStokes.UnifiedAction.UnifiedGlobalDuhamel
20	H0mework.Versions.X.NavierStokes.UnifiedAction.UnifiedGlobalStressSource
34	H0mework.Versions.X.NavierStokes.UnifiedAction.UnifiedHeatAction
30	H0mework.Versions.X.NavierStokes.UnifiedAction.UnifiedHeatWrite
22	H0mework.Versions.X.NavierStokes.UnifiedAction.UnifiedMacroActionFeed
22	H0mework.Versions.X.NavierStokes.UnifiedAction.UnifiedRootActionFeed
52	H0mework.Versions.X.NavierStokes.UnifiedAction.UnifiedSourceActionFeed
22	H0mework.Versions.X.NavierStokes.UnifiedAction.UnifiedSourceDerivative
19.6	H0mework.Versions.X.NavierStokes.UnifiedAction.UnifiedStressSource
26	H0mework.Versions.X.NavierStokes.WholeHistory.WholeHistoryAction
30	H0mework.Versions.X.NavierStokes.WholeHistory.WholeHistoryClock
18.2	H0mework.Versions.X.NavierStokes.WholeHistory.WholeHistoryCurl
17.6	H0mework.Versions.X.NavierStokes.WholeHistory.WholeHistoryCurrent
26	H0mework.Versions.X.NavierStokes.WholeHistory.WholeHistoryField
19.6	H0mework.Versions.X.NavierStokes.WholeHistory.WholeHistoryPhysical
15.8	H0mework.Versions.X.NavierStokes.WholeHistory.WholeHistoryPhysicalAction
30	H0mework.Versions.X.NavierStokes.WindowEnergyApproximation.Source
40	H0mework.Versions.X.NavierStokes.WindowEnergyApproximation.Tail
50	H0mework.Versions.X.NavierStokes.WindowEnergyApproximation.Window
28	H0mework.Versions.X.NavierStokes.WindowEnergyAugmented.Coercivity
32	H0mework.Versions.X.NavierStokes.WindowEnergyAugmented.FixedOperator
30	H0mework.Versions.X.NavierStokes.WindowEnergyAugmented.GlobalGreen
28	H0mework.Versions.X.NavierStokes.WindowEnergyAugmented.Gradient
38	H0mework.Versions.X.NavierStokes.WindowEnergyAugmented.GradientSource
54	H0mework.Versions.X.NavierStokes.WindowEnergyAugmented.Green
34	H0mework.Versions.X.NavierStokes.WindowEnergyAugmented.HierarchyEnergy
34	H0mework.Versions.X.NavierStokes.WindowEnergyAugmented.HierarchyInitialEnergy
26	H0mework.Versions.X.NavierStokes.WindowEnergyAugmented.HierarchyInitialMoments
46	H0mework.Versions.X.NavierStokes.WindowEnergyAugmented.HierarchySource
36	H0mework.Versions.X.NavierStokes.WindowEnergyAugmented.HierarchyWords
48	H0mework.Versions.X.NavierStokes.WindowEnergyAugmented.HistoryControl
80	H0mework.Versions.X.NavierStokes.WindowEnergyAugmented.HistoryEnergy
38	H0mework.Versions.X.NavierStokes.WindowEnergyAugmented.HistoryPairWindow
54	H0mework.Versions.X.NavierStokes.WindowEnergyAugmented.HistoryWrite
44	H0mework.Versions.X.NavierStokes.WindowEnergyAugmented.Payment
32	H0mework.Versions.X.NavierStokes.WindowEnergyAugmented.PreparationControl
38	H0mework.Versions.X.NavierStokes.WindowEnergyAugmented.PreparationCurrent
26	H0mework.Versions.X.NavierStokes.WindowEnergyAugmented.PreparationPrimitive
34	H0mework.Versions.X.NavierStokes.WindowEnergyAugmented.SourceForm
36	H0mework.Versions.X.NavierStokes.WindowEnergyAugmented.TestProduct
28	H0mework.Versions.X.NavierStokes.WindowEnergyAugmented.TimeForm
32	H0mework.Versions.X.NavierStokes.WindowEnergyConvection.CutoffAction
44	H0mework.Versions.X.NavierStokes.WindowEnergyConvection.CutoffCurrent
32	H0mework.Versions.X.NavierStokes.WindowEnergyConvection.CutoffNormalForm
56	H0mework.Versions.X.NavierStokes.WindowEnergyConvection.CutoffOperatorInverse
56	H0mework.Versions.X.NavierStokes.WindowEnergyConvection.CutoffOperatorKernel
58	H0mework.Versions.X.NavierStokes.WindowEnergyConvection.CutoffOperatorRelative
56	H0mework.Versions.X.NavierStokes.WindowEnergyConvection.CutoffOperatorTime
48	H0mework.Versions.X.NavierStokes.WindowEnergyConvection.CutoffPayment
50	H0mework.Versions.X.NavierStokes.WindowEnergyConvection.CutoffPhysical
34	H0mework.Versions.X.NavierStokes.WindowEnergyConvection.CutoffStress
30	H0mework.Versions.X.NavierStokes.WindowEnergyConvection.CutoffTrace
36	H0mework.Versions.X.NavierStokes.WindowEnergyConvection.CutoffWindow
38	H0mework.Versions.X.NavierStokes.WindowEnergyCrossHistory.Action
50	H0mework.Versions.X.NavierStokes.WindowEnergyCrossHistory.Green
32	H0mework.Versions.X.NavierStokes.WindowEnergyCutoffHalf.Action
42	H0mework.Versions.X.NavierStokes.WindowEnergyCutoffHalf.Source
38	H0mework.Versions.X.NavierStokes.WindowEnergyHighPressure.Current
34	H0mework.Versions.X.NavierStokes.WindowEnergyHighPressure.Physical
48	H0mework.Versions.X.NavierStokes.WindowEnergyHighPressure.Resolvent
28	H0mework.Versions.X.NavierStokes.WindowEnergyHighPressure.StrainHistory
38	H0mework.Versions.X.NavierStokes.WindowEnergyHighPressure.StrainPhysical
40	H0mework.Versions.X.NavierStokes.WindowEnergyHighTransport.Forcing
40	H0mework.Versions.X.NavierStokes.WindowEnergyHighTransport.Green
38	H0mework.Versions.X.NavierStokes.WindowEnergyHighTransport.Heat
38	H0mework.Versions.X.NavierStokes.WindowEnergyHighTransport.NormalForm
56	H0mework.Versions.X.NavierStokes.WindowEnergyHighTransport.Product
44	H0mework.Versions.X.NavierStokes.WindowEnergyHighTransport.Relative
46	H0mework.Versions.X.NavierStokes.WindowEnergyHighTransport.Resolvent
50	H0mework.Versions.X.NavierStokes.WindowEnergyHighTransport.Source
36	H0mework.Versions.X.NavierStokes.WindowEnergyHighTransport.Spatial
40	H0mework.Versions.X.NavierStokes.WindowEnergyHighTransport.Work
24	H0mework.Versions.X.NavierStokes.WindowEnergyJoint.EnergyGate
26	H0mework.Versions.X.NavierStokes.WindowEnergyJoint.HalfTest
30	H0mework.Versions.X.NavierStokes.WindowEnergyJoint.Heat
28	H0mework.Versions.X.NavierStokes.WindowEnergyJoint.LowPressure
28	H0mework.Versions.X.NavierStokes.WindowEnergyJoint.NormalForm
44	H0mework.Versions.X.NavierStokes.WindowEnergyLowAdvector.Energy
34	H0mework.Versions.X.NavierStokes.WindowEnergyLowAdvector.History
40	H0mework.Versions.X.NavierStokes.WindowEnergyPreparation.Action
26	H0mework.Versions.X.NavierStokes.WindowEnergyPreparation.Energy
36	H0mework.Versions.X.NavierStokes.WindowEnergyPreparation.Field
40	H0mework.Versions.X.NavierStokes.WindowEnergyPreparation.Force
40	H0mework.Versions.X.NavierStokes.WindowEnergyPreparation.Initial
36	H0mework.Versions.X.NavierStokes.WindowEnergyPreparation.Write
36	H0mework.Versions.X.NavierStokes.WindowEnergyPressure.Kernel
26	H0mework.Versions.X.NavierStokes.WindowEnergyPressure.PreparationSource
38	H0mework.Versions.X.NavierStokes.WindowEnergyPressure.Source
32	H0mework.Versions.X.NavierStokes.WindowEnergyPressureSectors.Kernel
40	H0mework.Versions.X.NavierStokes.WindowEnergyPressureSectors.Source
44	H0mework.Versions.X.NavierStokes.WindowEnergyRetained.Action
42	H0mework.Versions.X.NavierStokes.WindowEnergyRetained.Pressure
100	H0mework.Versions.X.NavierStokes.WindowEnergyTimeIncrement.Source
70	H0mework.Versions.X.NavierStokes.WindowEnergyTimeIncrement.Weight
30	H0mework.Versions.X.NavierStokes.WindowEnergyTrace.Correction
20	H0mework.Versions.X.NavierStokes.WindowEnergyTrace.Distributed.CenteredClock
34	H0mework.Versions.X.NavierStokes.WindowEnergyTrace.Distributed.CenteredPayment
30	H0mework.Versions.X.NavierStokes.WindowEnergyTrace.Distributed.CenteredRate
30	H0mework.Versions.X.NavierStokes.WindowEnergyTrace.Distributed.CenteredTensor
34	H0mework.Versions.X.NavierStokes.WindowEnergyTrace.Distributed.Clock
36	H0mework.Versions.X.NavierStokes.WindowEnergyTrace.Distributed.Compensated
30	H0mework.Versions.X.NavierStokes.WindowEnergyTrace.Distributed.ConvectionTensor
32	H0mework.Versions.X.NavierStokes.WindowEnergyTrace.Distributed.CoveredBand
64	H0mework.Versions.X.NavierStokes.WindowEnergyTrace.Distributed.Green
32	H0mework.Versions.X.NavierStokes.WindowEnergyTrace.Distributed.Initial
28	H0mework.Versions.X.NavierStokes.WindowEnergyTrace.Distributed.IntegralComparison
30	H0mework.Versions.X.NavierStokes.WindowEnergyTrace.Distributed.KernelAbsorption
42	H0mework.Versions.X.NavierStokes.WindowEnergyTrace.Distributed.KernelBudget
48	H0mework.Versions.X.NavierStokes.WindowEnergyTrace.Distributed.KernelLift
56	H0mework.Versions.X.NavierStokes.WindowEnergyTrace.Distributed.Lyapunov
34	H0mework.Versions.X.NavierStokes.WindowEnergyTrace.Distributed.Mean
50	H0mework.Versions.X.NavierStokes.WindowEnergyTrace.Distributed.PairTrace
30	H0mework.Versions.X.NavierStokes.WindowEnergyTrace.Distributed.PotentialBudget
28	H0mework.Versions.X.NavierStokes.WindowEnergyTrace.Distributed.PotentialHalf
34	H0mework.Versions.X.NavierStokes.WindowEnergyTrace.Distributed.PotentialWork
50	H0mework.Versions.X.NavierStokes.WindowEnergyTrace.Distributed.Rate
56	H0mework.Versions.X.NavierStokes.WindowEnergyTrace.Distributed.Response
42	H0mework.Versions.X.NavierStokes.WindowEnergyTrace.Distributed.SourceTest
44	H0mework.Versions.X.NavierStokes.WindowEnergyTrace.Distributed.Tensor
24	H0mework.Versions.X.NavierStokes.WindowEnergyTrace.Distributed.TensorClock
34	H0mework.Versions.X.NavierStokes.WindowEnergyTrace.Distributed.TensorSpatial
30	H0mework.Versions.X.NavierStokes.WindowEnergyTrace.Distributed.TensorTime
76	H0mework.Versions.X.NavierStokes.WindowEnergyTrace.Distributed.TwoTimePair
36	H0mework.Versions.X.NavierStokes.WindowEnergyTrace.Distributed.Weighted
28	H0mework.Versions.X.NavierStokes.WindowEnergyTrace.Energy
26	H0mework.Versions.X.NavierStokes.WindowEnergyTrace.Evolution
28	H0mework.Versions.X.NavierStokes.WindowEnergyTrace.Gradient
26	H0mework.Versions.X.NavierStokes.WindowEnergyTrace.HalfKernel
48	H0mework.Versions.X.NavierStokes.WindowEnergyTraceAdjoint.Gap
66	H0mework.Versions.X.NavierStokes.WindowEnergyTraceAdjoint.Joint
78	H0mework.Versions.X.NavierStokes.WindowEnergyTraceAdjoint.Source
78	H0mework.Versions.X.NavierStokes.WindowEnergyTraceAdjoint.Time
80	H0mework.Versions.X.NavierStokes.WindowEnergyTraceAdjoint.Write
52	H0mework.Versions.X.NavierStokes.WindowEnergyTraceClock.ClockForm
60	H0mework.Versions.X.NavierStokes.WindowEnergyTraceClock.ClockInverse
40	H0mework.Versions.X.NavierStokes.WindowEnergyTraceCoupled.CoupledAction
28	H0mework.Versions.X.NavierStokes.WindowEnergyTraceCoupled.CoupledBound
34	H0mework.Versions.X.NavierStokes.WindowEnergyTraceCoupled.CoupledEnergy
42	H0mework.Versions.X.NavierStokes.WindowEnergyTraceCoupled.CoupledNext
28	H0mework.Versions.X.NavierStokes.WindowEnergyTraceCoupled.Write
30	H0mework.Versions.X.NavierStokes.WindowEnergyTraceCut.CutActionPhysical
46	H0mework.Versions.X.NavierStokes.WindowEnergyTraceCut.CutActionSource
54	H0mework.Versions.X.NavierStokes.WindowEnergyTraceCut.CutResponseSource
60	H0mework.Versions.X.NavierStokes.WindowEnergyTraceDual.Energy
64	H0mework.Versions.X.NavierStokes.WindowEnergyTraceDual.Window
36	H0mework.Versions.X.NavierStokes.WindowEnergyTraceEndpoint.Action
48	H0mework.Versions.X.NavierStokes.WindowEnergyTraceEndpoint.Family
40	H0mework.Versions.X.NavierStokes.WindowEnergyTraceEndpoint.Window
24	H0mework.Versions.X.NavierStokes.WindowEnergyTraceInverse.Control
30	H0mework.Versions.X.NavierStokes.WindowEnergyTraceInverse.Integral
42	H0mework.Versions.X.NavierStokes.WindowEnergyTraceInverse.Mass
40	H0mework.Versions.X.NavierStokes.WindowEnergyTraceInverse.Write
24	H0mework.Versions.X.NavierStokes.WindowEnergyTraceOperator.Action
30	H0mework.Versions.X.NavierStokes.WindowEnergyTraceOperator.Kernel
28	H0mework.Versions.X.NavierStokes.WindowEnergyTraceOperator.Time
42	H0mework.Versions.X.NavierStokes.WindowEnergyTraceTerminal.Average
42	H0mework.Versions.X.NavierStokes.WindowEnergyTraceTerminal.Cubic
46	H0mework.Versions.X.NavierStokes.WindowEnergyTraceTerminal.Graph
34	H0mework.Versions.X.NavierStokes.WindowEnergyTraceTerminal.GraphHeat
48	H0mework.Versions.X.NavierStokes.WindowEnergyTraceTerminal.MixedCubic
46	H0mework.Versions.X.NavierStokes.WindowEnergyTraceTerminal.MixedWindow
78	H0mework.Versions.X.NavierStokes.WindowEnergyTraceTerminal.Operator
44	H0mework.Versions.X.NavierStokes.WindowEnergyTraceTerminal.Payment
30	H0mework.Versions.X.NavierStokes.WindowEnergyTraceTerminal.Synthesis
46	H0mework.Versions.X.NavierStokes.WindowEnergyTraceTerminal.Window
48	H0mework.Versions.X.NavierStokes.WindowEnergyTraceWhole.Control
34	H0mework.Versions.X.NavierStokes.WindowEnergyTraceWhole.HistoryPreparation
36	H0mework.Versions.X.NavierStokes.WindowEnergyTraceWhole.Joint
54	H0mework.Versions.X.NavierStokes.WindowEnergyTraceWhole.Source
80	H0mework.Versions.X.NavierStokes.WindowHistory.AllOrder.Causal
30	H0mework.Versions.X.NavierStokes.WindowHistory.AllOrder.CausalEnergy
40	H0mework.Versions.X.NavierStokes.WindowHistory.AllOrder.CreatedLoadBudget
34	H0mework.Versions.X.NavierStokes.WindowHistory.AllOrder.CreatedLoadControl
66	H0mework.Versions.X.NavierStokes.WindowHistory.AllOrder.CreatedLoadTranspose
52	H0mework.Versions.X.NavierStokes.WindowHistory.AllOrder.Cross.Balance
48	H0mework.Versions.X.NavierStokes.WindowHistory.AllOrder.Cross.Bound
50	H0mework.Versions.X.NavierStokes.WindowHistory.AllOrder.JointControl
38	H0mework.Versions.X.NavierStokes.WindowHistory.AllOrder.JointEnergy
44	H0mework.Versions.X.NavierStokes.WindowHistory.AllOrder.JointLoad
34	H0mework.Versions.X.NavierStokes.WindowHistory.AllOrder.MeanStrainControl
40	H0mework.Versions.X.NavierStokes.WindowHistory.AllOrder.MeanStrainJoint
34	H0mework.Versions.X.NavierStokes.WindowHistory.AllOrder.MeanStrainSource
36	H0mework.Versions.X.NavierStokes.WindowHistory.AllOrder.Physical
60	H0mework.Versions.X.NavierStokes.WindowHistory.AllOrder.Principal
34	H0mework.Versions.X.NavierStokes.WindowHistory.AllOrder.RawCompletion.Form
36	H0mework.Versions.X.NavierStokes.WindowHistory.AllOrder.RawCompletion.Pair
38	H0mework.Versions.X.NavierStokes.WindowHistory.AllOrder.RawCompletion.Source
44	H0mework.Versions.X.NavierStokes.WindowHistory.AllOrder.RawNonlinearWork
34	H0mework.Versions.X.NavierStokes.WindowHistory.AllOrder.RelativeCreation
28	H0mework.Versions.X.NavierStokes.WindowHistory.AllOrder.Spatial
78	H0mework.Versions.X.NavierStokes.WindowHistory.AllOrder.Word
38	H0mework.Versions.X.NavierStokes.WindowHistory.Causal.Budget
52	H0mework.Versions.X.NavierStokes.WindowHistory.Causal.CreationEnergy
58	H0mework.Versions.X.NavierStokes.WindowHistory.Causal.Dissipation
22	H0mework.Versions.X.NavierStokes.WindowHistory.Causal.FirstResponse
100	H0mework.Versions.X.NavierStokes.WindowHistory.Causal.Flow
58	H0mework.Versions.X.NavierStokes.WindowHistory.Causal.ForcedResponse
48	H0mework.Versions.X.NavierStokes.WindowHistory.Causal.Forcing
60	H0mework.Versions.X.NavierStokes.WindowHistory.Causal.Memory
48	H0mework.Versions.X.NavierStokes.WindowHistory.Causal.Passivity
46	H0mework.Versions.X.NavierStokes.WindowHistory.Causal.RelativeCreation
32	H0mework.Versions.X.NavierStokes.WindowHistory.Causal.Response
30	H0mework.Versions.X.NavierStokes.WindowHistory.Causal.ResponseNext
26	H0mework.Versions.X.NavierStokes.WindowHistory.Covariance.Budget
28	H0mework.Versions.X.NavierStokes.WindowHistory.Covariance.Centered.ActualExchange
28	H0mework.Versions.X.NavierStokes.WindowHistory.Covariance.Centered.AllWordRate
64	H0mework.Versions.X.NavierStokes.WindowHistory.Covariance.Centered.BathPaid
46	H0mework.Versions.X.NavierStokes.WindowHistory.Covariance.Centered.BathSplit
86	H0mework.Versions.X.NavierStokes.WindowHistory.Covariance.Centered.CouplingCommutator
56	H0mework.Versions.X.NavierStokes.WindowHistory.Covariance.Centered.CouplingPaid
48	H0mework.Versions.X.NavierStokes.WindowHistory.Covariance.Centered.CreationFirstWord
30	H0mework.Versions.X.NavierStokes.WindowHistory.Covariance.Centered.EmptyWork
20	H0mework.Versions.X.NavierStokes.WindowHistory.Covariance.Centered.EnergyAbsorption
42	H0mework.Versions.X.NavierStokes.WindowHistory.Covariance.Centered.FirstWordWeakAction
70	H0mework.Versions.X.NavierStokes.WindowHistory.Covariance.Centered.JointBathPaid
44	H0mework.Versions.X.NavierStokes.WindowHistory.Covariance.Centered.JointCubicGate
56	H0mework.Versions.X.NavierStokes.WindowHistory.Covariance.Centered.JointMeanPaid
38	H0mework.Versions.X.NavierStokes.WindowHistory.Covariance.Centered.JointPositiveBudget
26	H0mework.Versions.X.NavierStokes.WindowHistory.Covariance.Centered.Mean
30	H0mework.Versions.X.NavierStokes.WindowHistory.Covariance.Centered.MeanPrincipal
26	H0mework.Versions.X.NavierStokes.WindowHistory.Covariance.Centered.Potential
54	H0mework.Versions.X.NavierStokes.WindowHistory.Covariance.Centered.StageNineActionBlocks
36	H0mework.Versions.X.NavierStokes.WindowHistory.Covariance.Centered.StageNineBathArithmetic
48	H0mework.Versions.X.NavierStokes.WindowHistory.Covariance.Centered.StageNineBathSource
56	H0mework.Versions.X.NavierStokes.WindowHistory.Covariance.Centered.StageNineCoupling
24	H0mework.Versions.X.NavierStokes.WindowHistory.Covariance.Centered.StageNineCouplingArithmetic
48	H0mework.Versions.X.NavierStokes.WindowHistory.Covariance.Centered.StageNineCouplingPaid
48	H0mework.Versions.X.NavierStokes.WindowHistory.Covariance.Centered.StageNineFullMatrixGraph
54	H0mework.Versions.X.NavierStokes.WindowHistory.Covariance.Centered.StageNineFullMatrixHistory
28	H0mework.Versions.X.NavierStokes.WindowHistory.Covariance.Centered.StageNineFullMatrixPotential
86	H0mework.Versions.X.NavierStokes.WindowHistory.Covariance.Centered.StageNineMeanDiagonalPaid
48	H0mework.Versions.X.NavierStokes.WindowHistory.Covariance.Centered.StageNineMeanDiagonalSource
34	H0mework.Versions.X.NavierStokes.WindowHistory.Covariance.Centered.StageNinePreparedAnnihilation
30	H0mework.Versions.X.NavierStokes.WindowHistory.Covariance.Centered.StageNinePreparedCovariance
24	H0mework.Versions.X.NavierStokes.WindowHistory.Covariance.Centered.StageNinePreparedCreation
28	H0mework.Versions.X.NavierStokes.WindowHistory.Covariance.Centered.StageNinePreparedDrift
34	H0mework.Versions.X.NavierStokes.WindowHistory.Covariance.Centered.StageNinePreparedForcingDefect
32	H0mework.Versions.X.NavierStokes.WindowHistory.Covariance.Centered.StageNinePreparedGraph
34	H0mework.Versions.X.NavierStokes.WindowHistory.Covariance.Centered.StageNinePreparedInitialForce
30	H0mework.Versions.X.NavierStokes.WindowHistory.Covariance.Centered.StageNinePreparedMatrixGraph
32	H0mework.Versions.X.NavierStokes.WindowHistory.Covariance.Centered.StageNinePreparedMatrixHistory
34	H0mework.Versions.X.NavierStokes.WindowHistory.Covariance.Centered.StageNinePreparedMatrixPotential
30	H0mework.Versions.X.NavierStokes.WindowHistory.Covariance.Centered.StageNinePreparedRelative
32	H0mework.Versions.X.NavierStokes.WindowHistory.Covariance.Centered.StageNinePreparedSchurMass
36	H0mework.Versions.X.NavierStokes.WindowHistory.Covariance.Centered.StageNinePreparedSchurPotential
20	H0mework.Versions.X.NavierStokes.WindowHistory.Covariance.Centered.StageNinePreparedSourceIdentity
32	H0mework.Versions.X.NavierStokes.WindowHistory.Covariance.Centered.StageNinePreparedTemporalResidual
52	H0mework.Versions.X.NavierStokes.WindowHistory.Covariance.Centered.StageNinePreparedTemporalResponse
36	H0mework.Versions.X.NavierStokes.WindowHistory.Covariance.Centered.StageNinePreparedTemporalWork
24	H0mework.Versions.X.NavierStokes.WindowHistory.Covariance.Centered.StageNinePreparedTraceBudget
30	H0mework.Versions.X.NavierStokes.WindowHistory.Covariance.Centered.StageNineRateBlocks
48	H0mework.Versions.X.NavierStokes.WindowHistory.Covariance.Centered.StageNineSpatialSample
38	H0mework.Versions.X.NavierStokes.WindowHistory.Covariance.Centered.StageNineSpatialSplit
62	H0mework.Versions.X.NavierStokes.WindowHistory.Covariance.Centered.StageNineTransposeCoupling
28	H0mework.Versions.X.NavierStokes.WindowHistory.Covariance.Centered.StageNineTransposeGraph
46	H0mework.Versions.X.NavierStokes.WindowHistory.Covariance.Centered.StageNineTransposeHistory
34	H0mework.Versions.X.NavierStokes.WindowHistory.Covariance.Centered.StageNineTransposePotential
82	H0mework.Versions.X.NavierStokes.WindowHistory.Covariance.Centered.StageNineWholeBath
64	H0mework.Versions.X.NavierStokes.WindowHistory.Covariance.Centered.StageNineWholeCoupling
58	H0mework.Versions.X.NavierStokes.WindowHistory.Covariance.Centered.StageNineWholeMean
26	H0mework.Versions.X.NavierStokes.WindowHistory.Covariance.Centered.StageNineWholeRateHierarchy
30	H0mework.Versions.X.NavierStokes.WindowHistory.Covariance.Centered.StageNineWholeRateWord
34	H0mework.Versions.X.NavierStokes.WindowHistory.Covariance.Centered.StageNineWholeRelative
24	H0mework.Versions.X.NavierStokes.WindowHistory.Covariance.Centered.StageNineWindowAction
32	H0mework.Versions.X.NavierStokes.WindowHistory.Covariance.Centered.StageNineWindowGraph
82	H0mework.Versions.X.NavierStokes.WindowHistory.Covariance.Centered.StageNineWindowJointGraph
48	H0mework.Versions.X.NavierStokes.WindowHistory.Covariance.Centered.StageNineWindowMetric
42	H0mework.Versions.X.NavierStokes.WindowHistory.Covariance.Centered.StageNineWindowRead
54	H0mework.Versions.X.NavierStokes.WindowHistory.Covariance.Centered.StageNineWindowWhole
36	H0mework.Versions.X.NavierStokes.WindowHistory.Covariance.Centered.Trace
30	H0mework.Versions.X.NavierStokes.WindowHistory.Covariance.Centered.Variational
74	H0mework.Versions.X.NavierStokes.WindowHistory.Covariance.Centered.WeightedResidualRate
30	H0mework.Versions.X.NavierStokes.WindowHistory.Covariance.Centered.WordMass
24	H0mework.Versions.X.NavierStokes.WindowHistory.Covariance.Centered.WorkGate
19	H0mework.Versions.X.NavierStokes.WindowHistory.Covariance.Centered.WorkResidual
30	H0mework.Versions.X.NavierStokes.WindowHistory.Covariance.Complete.Carrier
24	H0mework.Versions.X.NavierStokes.WindowHistory.Covariance.Complete.Variational
26	H0mework.Versions.X.NavierStokes.WindowHistory.Covariance.Current
32	H0mework.Versions.X.NavierStokes.WindowHistory.Covariance.Limit
40	H0mework.Versions.X.NavierStokes.WindowHistory.Covariance.Metric
46	H0mework.Versions.X.NavierStokes.WindowHistory.Covariance.Read
64	H0mework.Versions.X.NavierStokes.WindowHistory.CovarianceDynamics
28	H0mework.Versions.X.NavierStokes.WindowHistory.Current
44	H0mework.Versions.X.NavierStokes.WindowHistory.ForcingWork
42	H0mework.Versions.X.NavierStokes.WindowHistory.Gradient
36	H0mework.Versions.X.NavierStokes.WindowHistory.Mass
28	H0mework.Versions.X.NavierStokes.WindowHistory.Realization
50	H0mework.Versions.X.NavierStokes.WindowHistory.SpatialWords
34	H0mework.Versions.X.NavierStokes.WindowHistory.Translation
36	H0mework.Versions.X.NavierStokes.WindowHistory.Vectors
36	H0mework.Versions.X.NavierStokes.WindowHistoryAction.Green
52	H0mework.Versions.X.NavierStokes.WindowHistoryAction.Matter
44	H0mework.Versions.X.NavierStokes.WindowHistoryAnnihilation.Control
48	H0mework.Versions.X.NavierStokes.WindowHistoryAnnihilation.Rows
34	H0mework.Versions.X.NavierStokes.WindowHistoryCreation.Covariance
30	H0mework.Versions.X.NavierStokes.WindowHistoryCreation.FirstJet
28	H0mework.Versions.X.NavierStokes.WindowHistoryCreation.Form
28	H0mework.Versions.X.NavierStokes.WindowHistoryCreation.Geometry
40	H0mework.Versions.X.NavierStokes.WindowHistoryCreation.Half
42	H0mework.Versions.X.NavierStokes.WindowHistoryCreation.Mean
26	H0mework.Versions.X.NavierStokes.WindowHistoryCreation.Source
64	H0mework.Versions.X.NavierStokes.WindowHistoryMetricGraph.Coupling
56	H0mework.Versions.X.NavierStokes.WindowHistoryMetricGraph.Green
48	H0mework.Versions.X.NavierStokes.WindowHistoryMetricGraph.History
82	H0mework.Versions.X.NavierStokes.WindowHistoryMetricGraph.Mean
60	H0mework.Versions.X.NavierStokes.WindowHistoryMetricGraph.Potential
46	H0mework.Versions.X.NavierStokes.WindowHistoryMetricGraph.Source
26	H0mework.Versions.X.NavierStokes.WindowHistoryMetricGraph.Synthesis
78	H0mework.Versions.X.NavierStokes.WindowHistoryOseen.Action
34	H0mework.Versions.X.NavierStokes.WindowHistoryOseen.Equation
46	H0mework.Versions.X.NavierStokes.WindowHistoryOseen.Fiber
66	H0mework.Versions.X.NavierStokes.WindowHistoryOseen.Gap
48	H0mework.Versions.X.NavierStokes.WindowHistoryOseen.Rate
42	H0mework.Versions.X.NavierStokes.WindowHistoryOseen.Source
60	H0mework.Versions.X.NavierStokes.WindowHistoryPotential.Action
52	H0mework.Versions.X.NavierStokes.WindowHistoryPotential.Control
54	H0mework.Versions.X.NavierStokes.WindowHistoryPotential.Free
48	H0mework.Versions.X.NavierStokes.WindowHistoryRecovery.Covariance
52	H0mework.Versions.X.NavierStokes.WindowHistoryRecovery.Whole
36	H0mework.Versions.X.NavierStokes.WindowPhysics.HeatCarrier
34	H0mework.Versions.X.NavierStokes.WindowPhysics.HeatEvolution
28	H0mework.Versions.X.NavierStokes.WindowPhysics.HeatMultiplier
24	H0mework.Versions.X.NavierStokes.WindowPhysics.HeatSpatialSynthesis
34	H0mework.Versions.X.NavierStokes.WindowPhysics.LocalFourier
36	H0mework.Versions.X.NavierStokes.WindowPhysics.PredictionRows
36	H0mework.Versions.X.NavierStokes.WindowPhysics.PredictionWhole
40	H0mework.Versions.X.NavierStokes.WindowPhysics.RootCarrier
28	H0mework.Versions.X.NavierStokes.WindowPhysics.RootCompleteControl
32	H0mework.Versions.X.NavierStokes.WindowPhysics.RootControl
28	H0mework.Versions.X.NavierStokes.WindowPhysics.RootPrediction
28	H0mework.Versions.X.NavierStokes.WindowPhysics.RootRuntime
42	H0mework.Versions.X.NavierStokes.WindowPhysics.SpacetimeFourier
32	H0mework.Versions.X.NavierStokes.WindowPhysics.SpacetimeFourierProduct
34	H0mework.Versions.X.NavierStokes.WindowPhysics.SpacetimeResidual
36	H0mework.Versions.X.NavierStokes.WindowPhysics.SpacetimeStress
34	H0mework.Versions.X.NavierStokes.WindowPhysics.SpacetimeVelocity
30	H0mework.Versions.X.NavierStokes.WindowPhysics.Tail.HeatLimit
30	H0mework.Versions.X.NavierStokes.WindowPhysics.Tail.Mixed.Outputs
19.6	H0mework.Versions.X.NavierStokes.WindowPhysics.Tail.Mixed.Physical
22	H0mework.Versions.X.NavierStokes.WindowPhysics.Tail.Mixed.Readout
26	H0mework.Versions.X.NavierStokes.WindowPhysics.Tail.Mixed.Series
26	H0mework.Versions.X.NavierStokes.WindowPhysics.Tail.Mixed.Source
50	H0mework.Versions.X.NavierStokes.WindowPhysics.Tail.Moments
34	H0mework.Versions.X.NavierStokes.WindowPhysics.Tail.Physical
28	H0mework.Versions.X.NavierStokes.WindowPhysics.Tail.StressLimit
24	H0mework.Versions.X.NavierStokes.WindowPhysics.Tail.TimeAction
34	H0mework.Versions.X.NavierStokes.WindowPhysics.WindowEvolution
40	H0mework.Versions.X.NavierStokes.WindowPhysics.WindowJets
36	H0mework.Versions.X.NavierStokes.WindowPhysics.WindowSource
40	H0mework.Versions.X.NavierStokes.WindowPhysics.WindowWrite
62	H0mework.Versions.X.NavierStokes.WindowSchur.CutActionSource
48	H0mework.Versions.X.NavierStokes.WindowSchurAbsolute.ActionWork
86	H0mework.Versions.X.NavierStokes.WindowSchurAbsolute.Bridge
50	H0mework.Versions.X.NavierStokes.WindowSchurAbsolute.CanonicalAction
64	H0mework.Versions.X.NavierStokes.WindowSchurAbsolute.CanonicalEnergy
34	H0mework.Versions.X.NavierStokes.WindowSchurAbsolute.Carrier
66	H0mework.Versions.X.NavierStokes.WindowSchurAbsolute.Energy
76	H0mework.Versions.X.NavierStokes.WindowSchurAbsolute.Fourier
60	H0mework.Versions.X.NavierStokes.WindowSchurAbsolute.GNS
56	H0mework.Versions.X.NavierStokes.WindowSchurAbsolute.Gradient
44	H0mework.Versions.X.NavierStokes.WindowSchurAbsolute.Isometry
30	H0mework.Versions.X.NavierStokes.WindowSchurAbsolute.Kernel
40	H0mework.Versions.X.NavierStokes.WindowSchurAbsolute.PhysicalCompletion
40	H0mework.Versions.X.NavierStokes.WindowSchurAbsolute.PhysicalCurrent
26	H0mework.Versions.X.NavierStokes.WindowSchurAbsolute.PhysicalLimit
66	H0mework.Versions.X.NavierStokes.WindowSchurAbsolute.PhysicalMatter
30	H0mework.Versions.X.NavierStokes.WindowSchurAbsolute.PhysicalRead
44	H0mework.Versions.X.NavierStokes.WindowSchurAbsolute.PhysicalStress
46	H0mework.Versions.X.NavierStokes.WindowSchurAbsolute.Source
36	H0mework.Versions.X.NavierStokes.WindowSchurDynamic.AdjointHeatDefect
44	H0mework.Versions.X.NavierStokes.WindowSchurDynamic.AdjointHeatKernel
32	H0mework.Versions.X.NavierStokes.WindowSchurDynamic.AdjointHeatSource
44	H0mework.Versions.X.NavierStokes.WindowSchurDynamic.CenteredMeanWork
138	H0mework.Versions.X.NavierStokes.WindowSchurDynamic.CenteredNet
34	H0mework.Versions.X.NavierStokes.WindowSchurDynamic.CrossBudget
40	H0mework.Versions.X.NavierStokes.WindowSchurDynamic.CrossWindow
96	H0mework.Versions.X.NavierStokes.WindowSchurDynamic.Derivative
30	H0mework.Versions.X.NavierStokes.WindowSchurDynamic.Energy
66	H0mework.Versions.X.NavierStokes.WindowSchurDynamic.History
46	H0mework.Versions.X.NavierStokes.WindowSchurDynamic.JacobianCommutator
34	H0mework.Versions.X.NavierStokes.WindowSchurDynamic.JacobianControl
34	H0mework.Versions.X.NavierStokes.WindowSchurDynamic.JacobianForm
90	H0mework.Versions.X.NavierStokes.WindowSchurDynamic.JacobianSpatial
54	H0mework.Versions.X.NavierStokes.WindowSchurDynamic.JacobianSpatialTransport
120	H0mework.Versions.X.NavierStokes.WindowSchurDynamic.JacobianViscous
60	H0mework.Versions.X.NavierStokes.WindowSchurDynamic.Kernel
42	H0mework.Versions.X.NavierStokes.WindowSchurDynamic.Net
34	H0mework.Versions.X.NavierStokes.WindowSchurDynamic.Response
44	H0mework.Versions.X.NavierStokes.WindowSchurDynamic.Test
40	H0mework.Versions.X.NavierStokes.WindowSchurFirst.Jet
60	H0mework.Versions.X.NavierStokes.WindowSchurFirst.WholeMatter
48	H0mework.Versions.X.NavierStokes.WindowSchurFrozen.Effective
36	H0mework.Versions.X.NavierStokes.WindowSchurFrozen.EffectiveBounds
56	H0mework.Versions.X.NavierStokes.WindowSchurFrozen.EffectiveTime
28	H0mework.Versions.X.NavierStokes.WindowSchurFrozen.EnergySize
38	H0mework.Versions.X.NavierStokes.WindowSchurFrozen.HeatDual
56	H0mework.Versions.X.NavierStokes.WindowSchurFrozen.HeatWindow
52	H0mework.Versions.X.NavierStokes.WindowSchurFrozen.InverseSourceSlots
40	H0mework.Versions.X.NavierStokes.WindowSchurFrozen.Kernel
90	H0mework.Versions.X.NavierStokes.WindowSchurFrozen.SourceGraph
82	H0mework.Versions.X.NavierStokes.WindowSchurFrozen.Window
48	H0mework.Versions.X.NavierStokes.WindowSchurMean.Action
68	H0mework.Versions.X.NavierStokes.WindowSchurMean.Blocks
22	H0mework.Versions.X.NavierStokes.WindowSchurMean.CenteredResidualCost
42	H0mework.Versions.X.NavierStokes.WindowSchurMean.CofinalSource
28	H0mework.Versions.X.NavierStokes.WindowSchurMean.Drift
50	H0mework.Versions.X.NavierStokes.WindowSchurMean.EffectiveGraph
68	H0mework.Versions.X.NavierStokes.WindowSchurMean.ForceResolution
32	H0mework.Versions.X.NavierStokes.WindowSchurMean.Forcing
26	H0mework.Versions.X.NavierStokes.WindowSchurMean.ForcingTest
38	H0mework.Versions.X.NavierStokes.WindowSchurMean.Gradient
78	H0mework.Versions.X.NavierStokes.WindowSchurMean.Graph
30	H0mework.Versions.X.NavierStokes.WindowSchurMean.GraphLimit
22	H0mework.Versions.X.NavierStokes.WindowSchurMean.JetEnergy
34	H0mework.Versions.X.NavierStokes.WindowSchurMean.PhysicalJet
38	H0mework.Versions.X.NavierStokes.WindowSchurMean.PhysicalResidualCost
58	H0mework.Versions.X.NavierStokes.WindowSchurMean.Projection
32	H0mework.Versions.X.NavierStokes.WindowSchurMean.Recovery
48	H0mework.Versions.X.NavierStokes.WindowSchurMean.ResidualCost
40	H0mework.Versions.X.NavierStokes.WindowSchurMean.ResidualLoad
30	H0mework.Versions.X.NavierStokes.WindowSchurMean.ResidualRead
26	H0mework.Versions.X.NavierStokes.WindowSchurMean.StrongBilinear
42	H0mework.Versions.X.NavierStokes.WindowSchurMean.Time
26	H0mework.Versions.X.NavierStokes.WindowSchurMean.WeightedResidualTest
60	H0mework.Versions.X.NavierStokes.WindowSchurPropagator.Flow
38	H0mework.Versions.X.NavierStokes.WindowSchurSchur.Action
50	H0mework.Versions.X.NavierStokes.WindowSchurSchur.AdvectorAction
56	H0mework.Versions.X.NavierStokes.WindowSchurSchur.AdvectorEnergy
106	H0mework.Versions.X.NavierStokes.WindowSchurSchur.AdvectorFiber
38	H0mework.Versions.X.NavierStokes.WindowSchurSchur.BarePairing
42	H0mework.Versions.X.NavierStokes.WindowSchurSchur.CenteredGraph
30	H0mework.Versions.X.NavierStokes.WindowSchurSchur.CommonForceBounds
34	H0mework.Versions.X.NavierStokes.WindowSchurSchur.CommonForceTime
38	H0mework.Versions.X.NavierStokes.WindowSchurSchur.CommonResponse
36	H0mework.Versions.X.NavierStokes.WindowSchurSchur.CommonResponseWork
48	H0mework.Versions.X.NavierStokes.WindowSchurSchur.Completion
52	H0mework.Versions.X.NavierStokes.WindowSchurSchur.FeedbackHalf
60	H0mework.Versions.X.NavierStokes.WindowSchurSchur.FeedbackSource
58	H0mework.Versions.X.NavierStokes.WindowSchurSchur.Form
40	H0mework.Versions.X.NavierStokes.WindowSchurSchur.MixedAction
48	H0mework.Versions.X.NavierStokes.WindowSchurSchur.Momentum
28	H0mework.Versions.X.NavierStokes.WindowSchurSchur.ResidualEnergy
48	H0mework.Versions.X.NavierStokes.WindowSchurSchur.Resolvent
88	H0mework.Versions.X.NavierStokes.WindowSchurSchur.SampleControl
58	H0mework.Versions.X.NavierStokes.WindowSchurSchur.TemporalControl
52	H0mework.Versions.X.NavierStokes.WindowSchurSchur.Transpose
36	H0mework.Versions.X.NavierStokes.WindowSchurSchur.WeakPairing
34	H0mework.Versions.X.NavierStokes.WindowSchurSchur.WeightedInverse
34	H0mework.Versions.X.NavierStokes.WindowSource.OperatorGreenAlgebra
28	H0mework.Versions.X.NavierStokes.WindowSource.OperatorGreenSource
36	H0mework.Versions.X.NavierStokes.WindowSource.PairActionRows
22	H0mework.Versions.X.NavierStokes.WindowSourceGreen.Coefficients.Curve
22	H0mework.Versions.X.NavierStokes.WindowSourceGreen.Coefficients.Tail
38	H0mework.Versions.X.NavierStokes.WindowSourceGreen.Complete
28	H0mework.Versions.X.NavierStokes.WindowSourceGreen.CompleteDensityCoefficient
34	H0mework.Versions.X.NavierStokes.WindowSourceGreen.CompleteDensityForm
32	H0mework.Versions.X.NavierStokes.WindowSourceGreen.FiniteDensityCoefficient
30	H0mework.Versions.X.NavierStokes.WindowSourceGreen.FormCritical
40	H0mework.Versions.X.NavierStokes.WindowSourceGreen.FormProduct
42	H0mework.Versions.X.NavierStokes.WindowSourceGreen.FormTest
36	H0mework.Versions.X.NavierStokes.WindowSourceGreen.HilbertHalfProduct
26	H0mework.Versions.X.NavierStokes.WindowSourceGreen.HilbertSquareProduct
24	H0mework.Versions.X.NavierStokes.WindowSourceGreen.HilbertTripleProduct
40	H0mework.Versions.X.NavierStokes.WindowSourceGreen.LowerBound
42	H0mework.Versions.X.NavierStokes.WindowSourceGreen.LowerCoefficientSpectrum
62	H0mework.Versions.X.NavierStokes.WindowSourceGreen.LowerContinuity
28	H0mework.Versions.X.NavierStokes.WindowSourceGreen.LowerDensityProduct
56	H0mework.Versions.X.NavierStokes.WindowSourceGreen.LowerForcing
24	H0mework.Versions.X.NavierStokes.WindowSourceGreen.LowerJetProduct
48	H0mework.Versions.X.NavierStokes.WindowSourceGreen.LowerOperator
52	H0mework.Versions.X.NavierStokes.WindowSourceGreen.LowerPhysicalBudget
46	H0mework.Versions.X.NavierStokes.WindowSourceGreen.LowerReadback
38	H0mework.Versions.X.NavierStokes.WindowSourceGreen.LowerSource
28	H0mework.Versions.X.NavierStokes.WindowSourceGreen.LowerTranslation
42	H0mework.Versions.X.NavierStokes.WindowSourceGreen.LowerWeakSource
80	H0mework.Versions.X.NavierStokes.WindowSourceGreen.MassChangedRead
40	H0mework.Versions.X.NavierStokes.WindowSourceGreen.MassField
30	H0mework.Versions.X.NavierStokes.WindowSourceGreen.MassForm
32	H0mework.Versions.X.NavierStokes.WindowSourceGreen.MassMeanJet
42	H0mework.Versions.X.NavierStokes.WindowSourceGreen.MassReciprocal
24	H0mework.Versions.X.NavierStokes.WindowSourceGreen.MassSource
36	H0mework.Versions.X.NavierStokes.WindowSourceGreen.SpatialCoefficient
40	H0mework.Versions.X.NavierStokes.WindowSourceGreen.SpatialForm
32	H0mework.Versions.X.NavierStokes.WindowSourceGreen.TemporalCoefficient
44	H0mework.Versions.X.NavierStokes.WindowSourceGreen.TemporalForm
26	H0mework.Versions.X.NavierStokes.WindowSourcePreparation.Action
30	H0mework.Versions.X.NavierStokes.WindowSourcePreparation.ForcingPhysical
22	H0mework.Versions.X.NavierStokes.WindowSourcePreparation.ForcingSource
28	H0mework.Versions.X.NavierStokes.WindowSourcePreparation.InitialSource
36	H0mework.Versions.X.NavierStokes.WindowSourcePreparation.InitialStress
26	H0mework.Versions.X.NavierStokes.WindowSourcePreparation.Source
30	H0mework.Versions.X.NavierStokes.WindowSourcePreparation.Write
34	H0mework.Versions.X.NavierStokes.WindowSourceSobolev.Continuity
38	H0mework.Versions.X.NavierStokes.WindowSourceSobolev.PreparationSource
40	H0mework.Versions.X.NavierStokes.WindowSourceSobolev.PreparationWindow
26	H0mework.Versions.X.NavierStokes.WindowSourceSobolev.UniformTail
38	H0mework.Versions.X.NavierStokes.WindowStressHeat.Balance
30	H0mework.Versions.X.NavierStokes.WindowStressHeat.Energy
44	H0mework.Versions.X.NavierStokes.WindowStressHeat.FiniteSource
36	H0mework.Versions.X.NavierStokes.WindowStressHeat.Fourier
42	H0mework.Versions.X.NavierStokes.WindowStressHeat.OseenApprox
34	H0mework.Versions.X.NavierStokes.WindowStressHeat.OseenDiffusion
38	H0mework.Versions.X.NavierStokes.WindowStressHeat.OseenLow
32	H0mework.Versions.X.NavierStokes.WindowStressHeat.OseenSource
42	H0mework.Versions.X.NavierStokes.WindowStressHeat.OseenTest
50	H0mework.Versions.X.NavierStokes.WindowStressHeat.Source
36	H0mework.Versions.X.NavierStokes.WindowStressHeat.Time
3.3	H0mework.Versions.X.Probability.Recovery.Refinement
9.2	H0mework.Versions.X.Realization.Completion.UnitPrimeClosure
5.1	H0mework.Versions.Y.Arithmetic.BlockSpecialization.CokernelGlobalOccurrence
4.8	H0mework.Versions.Y.Arithmetic.BlockSpecialization.CokernelGlobalTower
5.6	H0mework.Versions.Y.Arithmetic.BlockSpecialization.CokernelNaturality
6.4	H0mework.Versions.Y.Arithmetic.BlockSpecialization.CokernelRead
6.1	H0mework.Versions.Y.Arithmetic.BlockSpecialization.Endpoint
5.7	H0mework.Versions.Y.Arithmetic.BlockSpecialization.PairCofiberBoundaryRead
6.2	H0mework.Versions.Y.Arithmetic.BlockSpecialization.PairLocalRelationActionCokernel
7.5	H0mework.Versions.Y.Arithmetic.BlockSpecialization.Stage
7	H0mework.Versions.Y.Arithmetic.BlockSpecialization.WholeComplex
5.2	H0mework.Versions.Y.Arithmetic.BurnolCarrier.CompactAnnulusZeroConsumer
5.2	H0mework.Versions.Y.Arithmetic.BurnolMellin.CompletedMellinOrthogonalityBoundary
7.1	H0mework.Versions.Y.Arithmetic.BurnolMellin.CompletedMellinPrimaryGenerator
4.4	H0mework.Versions.Y.Arithmetic.BurnolMellin.FourierSiblingComplementZero
4.4	H0mework.Versions.Y.Arithmetic.BurnolMellin.FourierSiblingOrthogonalityConsumer
7.5	H0mework.Versions.Y.Arithmetic.BurnolMellin.GenericGaussianFubini
6.1	H0mework.Versions.Y.Arithmetic.BurnolMellin.GenericPhysicalMellinRead
4.9	H0mework.Versions.Y.Arithmetic.BurnolMellin.HomogeneousFourierMellin
5.1	H0mework.Versions.Y.Arithmetic.BurnolMellin.PhysicalHeatMellinConvergence
9.7	H0mework.Versions.Y.Arithmetic.BurnolMellin.PhysicalHeatMellinStrip
6.6	H0mework.Versions.Y.Arithmetic.BurnolMellin.SourceStripGaussianFubini
4.7	H0mework.Versions.Y.Arithmetic.BurnolMellin.SourceStripMellinConvergence
6.3	H0mework.Versions.Y.Arithmetic.BurnolPhysical.GraphGramBoundary
7.6	H0mework.Versions.Y.Arithmetic.BurnolPhysical.L2DirectDilation
5.4	H0mework.Versions.Y.Arithmetic.BurnolPhysical.ModifiedWeakFEUnitPhysicalMellinRead
6.1	H0mework.Versions.Y.Arithmetic.BurnolPhysical.QuarterMellinAdditiveEvenRechart
5.3	H0mework.Versions.Y.Arithmetic.BurnolPhysical.QuarterMellinAdditiveRechartAction
9	H0mework.Versions.Y.Arithmetic.BurnolPhysical.QuarterMellinAdditiveRechartAlgebra
10	H0mework.Versions.Y.Arithmetic.BurnolPhysical.QuarterMellinAdditiveRechartCompletion
7.8	H0mework.Versions.Y.Arithmetic.BurnolPhysical.QuarterMellinAdditiveRechartNorm
4.4	H0mework.Versions.Y.Arithmetic.CoPoisson.QuarterMellinGraphCovariance
15	H0mework.Versions.Y.Arithmetic.EulerAnalytic.CoordinateEndpointSection
4.5	H0mework.Versions.Y.Arithmetic.EulerAnalytic.CoordinateSpecialization
8.3	H0mework.Versions.Y.Arithmetic.EulerAnalytic.EndpointBoundaryEigenAction
9.4	H0mework.Versions.Y.Arithmetic.EulerAnalytic.EndpointCofiberElement
6.5	H0mework.Versions.Y.Arithmetic.EulerAnalytic.GlobalActionCofiber
8.3	H0mework.Versions.Y.Arithmetic.EulerAnalytic.TautologicalReadback
6.8	H0mework.Versions.Y.Arithmetic.EulerDerived.AdjugateEndpointAtom
6.8	H0mework.Versions.Y.Arithmetic.EulerDerived.AdjugateSuccessor
4.9	H0mework.Versions.Y.Arithmetic.EulerDerived.AdjugateTotalFiber
9.4	H0mework.Versions.Y.Arithmetic.EulerDerived.ComplexAdjugate
6.2	H0mework.Versions.Y.Arithmetic.EulerDerived.DeterminantSection
6.6	H0mework.Versions.Y.Arithmetic.EulerDerived.EndpointCokernelState
6	H0mework.Versions.Y.Arithmetic.EulerDerived.EndpointDeterminantSupport
4.4	H0mework.Versions.Y.Arithmetic.EulerDerived.EndpointKoszulCycle
6.4	H0mework.Versions.Y.Arithmetic.EulerDerived.EndpointZeroFiberState
5.1	H0mework.Versions.Y.Arithmetic.EulerDerived.PointActualDatum
8	H0mework.Versions.Y.Arithmetic.EulerDerived.SolutionCofinal
106	H0mework.Versions.Y.Arithmetic.EulerDerived.SolutionFixedCoordinate
11	H0mework.Versions.Y.Arithmetic.EulerDerived.SolutionSpecialization
6.2	H0mework.Versions.Y.Arithmetic.EulerDualBlock.DeterminantLineCoordinate
6.7	H0mework.Versions.Y.Arithmetic.EulerDualBlock.DeterminantLineEndpointSection
10	H0mework.Versions.Y.Arithmetic.EulerDualBlock.EndpointFixedCoordinateReadback
9.3	H0mework.Versions.Y.Arithmetic.EulerDualBlock.Frame
9.8	H0mework.Versions.Y.Arithmetic.EulerDualBlock.GlobalAction
7.6	H0mework.Versions.Y.Arithmetic.EulerDualBlock.GlobalComplexLine
5.9	H0mework.Versions.Y.Arithmetic.EulerDualBlock.GlobalComplexSpecialization
4.5	H0mework.Versions.Y.Arithmetic.EulerDualBlock.GlobalDeterminantSection
3.9	H0mework.Versions.Y.Arithmetic.EulerDualBlock.GlobalZeroFiber
5	H0mework.Versions.Y.Arithmetic.EulerDualBlock.LinearGlobalAction
6	H0mework.Versions.Y.Arithmetic.EulerDualBlock.LinearGlobalEndpointSection
7	H0mework.Versions.Y.Arithmetic.EulerDualBlock.WholeRelationDeterminant
11	H0mework.Versions.Y.Arithmetic.EulerGlobal.CofiberCofinalRigidity
27	H0mework.Versions.Y.Arithmetic.EulerGlobal.CofiberFamily
14	H0mework.Versions.Y.Arithmetic.EulerGlobal.HistoryCofinalRigidity
10	H0mework.Versions.Y.Arithmetic.EulerGlobal.HistoryRelationEmbedding
7.2	H0mework.Versions.Y.Arithmetic.EulerGlobal.HistoryZeroFiberState
6.8	H0mework.Versions.Y.Arithmetic.EulerGlobal.WholeGlobalAction
14	H0mework.Versions.Y.Arithmetic.EulerGlobal.WholeUniversalLanding
7.1	H0mework.Versions.Y.Arithmetic.EulerGlobal.WholeUniversalSolution
5.3	H0mework.Versions.Y.Arithmetic.EulerLog.ConductorCurrent
4.2	H0mework.Versions.Y.Arithmetic.EulerLog.ExponentCofinalAction
7.1	H0mework.Versions.Y.Arithmetic.EulerLog.ExponentOperator
4.4	H0mework.Versions.Y.Arithmetic.EulerLog.GlobalGerm
4	H0mework.Versions.Y.Arithmetic.EulerLog.RootIncidence
4.9	H0mework.Versions.Y.Arithmetic.FockDynamics.AtomicDynamics
5.1	H0mework.Versions.Y.Arithmetic.FockDynamics.AtomicState
4.6	H0mework.Versions.Y.Arithmetic.FockDynamics.PhysicalCurrent
4.4	H0mework.Versions.Y.Arithmetic.FockDynamics.SpeciesFlux
4.1	H0mework.Versions.Y.Arithmetic.FockResponsibility.Actuality.Admission.LivingLawCanonicalParticleWaveFockPrimePairActualityAdmissionBoundary
4.3	H0mework.Versions.Y.Arithmetic.FockResponsibility.Actuality.Admission.LivingLawCanonicalParticleWaveFockPrimePairPendingClaimBirth
4.6	H0mework.Versions.Y.Arithmetic.FockResponsibility.Actuality.Authority.LivingLawCanonicalParticleWaveFockPrimePairPaidRootConsumer
4.6	H0mework.Versions.Y.Arithmetic.FockResponsibility.Actuality.Regression.LivingLawCanonicalParticleWaveFockPrimePairActualityDebtRegression
7.8	H0mework.Versions.Y.Arithmetic.FockResponsibility.Actuality.Runtime.LivingLawCanonicalParticleWaveFockPrimePairGatedClaimCurrent
5.2	H0mework.Versions.Y.Arithmetic.FockResponsibility.ActualityClaim
4.7	H0mework.Versions.Y.Arithmetic.FockResponsibility.ActualityDebt
5.2	H0mework.Versions.Y.Arithmetic.FockResponsibility.AtomicDebtRuntime
5.2	H0mework.Versions.Y.Arithmetic.FockResponsibility.AtomicRuntime
4.6	H0mework.Versions.Y.Arithmetic.FockResponsibility.AtomicSectorDebt
5.1	H0mework.Versions.Y.Arithmetic.FockResponsibility.Controller.LivingLawCanonicalParticleWaveFockPrimePairActualityTargetSixInactiveHandoff
5.5	H0mework.Versions.Y.Arithmetic.FockResponsibility.Controller.Regression.LivingLawCanonicalParticleWaveFockPrimePairActualityDirectController
4.2	H0mework.Versions.Y.Arithmetic.FockResponsibility.DebtActivation
4.5	H0mework.Versions.Y.Arithmetic.FockResponsibility.DirectActuality
4.4	H0mework.Versions.Y.Arithmetic.FockResponsibility.DirectResponsibility
4.1	H0mework.Versions.Y.Arithmetic.FockResponsibility.Obstruction.LivingLawCanonicalParticleWaveFockPrimePairActualityRootSemanticObstruction
5.8	H0mework.Versions.Y.Arithmetic.FockResponsibility.OccurrenceRuntime
4.6	H0mework.Versions.Y.Arithmetic.FockResponsibility.OccurrenceSector
4.9	H0mework.Versions.Y.Arithmetic.FockResponsibility.ProcessReceipt
4.6	H0mework.Versions.Y.Arithmetic.FockResponsibility.SectorDebt
4.8	H0mework.Versions.Y.Arithmetic.FockResponsibility.TargetSixActionDebt
4.7	H0mework.Versions.Y.Arithmetic.FockResponsibility.TargetSixProcessAction
3.7	H0mework.Versions.Y.Arithmetic.FockState.AtomicSpecies
5.2	H0mework.Versions.Y.Arithmetic.FockState.FactorDecay
5.8	H0mework.Versions.Y.Arithmetic.FockState.IndistinguishablePairs
5.1	H0mework.Versions.Y.Arithmetic.FockState.ParityMeasurement
6.6	H0mework.Versions.Y.Arithmetic.FockState.PhysicalDecay
3	H0mework.Versions.Y.Arithmetic.FockState.SpeciesMeasurement
6.5	H0mework.Versions.Y.Arithmetic.FockUnitAction.Action
4.3	H0mework.Versions.Y.Arithmetic.FockUnitAction.ActionHistory
4.8	H0mework.Versions.Y.Arithmetic.FockUnitAction.Inventory.LivingLawCanonicalParticleWaveFockFullInventoryAction
5.1	H0mework.Versions.Y.Arithmetic.FockUnitAction.Inventory.SourceSelected.Actor
4.2	H0mework.Versions.Y.Arithmetic.FockUnitAction.Inventory.SourceSelected.Projection
4.1	H0mework.Versions.Y.Arithmetic.FockUnitAction.Inventory.SourceSelected.Root
4.6	H0mework.Versions.Y.Arithmetic.FockUnitAction.Scan
4.7	H0mework.Versions.Y.Arithmetic.FockUnitAction.Transfer
6.4	H0mework.Versions.Y.Arithmetic.Mellin.GaussianRemainderKernel
5.2	H0mework.Versions.Y.Arithmetic.Mellin.GaussianRemainderMellin
4.7	H0mework.Versions.Y.Arithmetic.Mellin.MellinDilationAction
4.7	H0mework.Versions.Y.Arithmetic.Mellin.PositiveMellinCarrier
4.4	H0mework.Versions.Y.Arithmetic.Mellin.PositiveMellinGaussianTate
5.8	H0mework.Versions.Y.Arithmetic.Mellin.PositiveMellinTate
8.7	H0mework.Versions.Y.Arithmetic.Mellin.ProperMellinL1
4.4	H0mework.Versions.Y.Arithmetic.Mellin.TateFiniteJump
4.9	H0mework.Versions.Y.Arithmetic.MellinBoundary.PositiveMellinQuarterBoundedEigenNoGoBase
4.4	H0mework.Versions.Y.Arithmetic.MellinBoundary.PositiveMellinQuarterEnergyBoundary
63	H0mework.Versions.Y.Arithmetic.MellinBoundary.PositiveMellinQuarterExtension
5.2	H0mework.Versions.Y.Arithmetic.MellinBoundary.PositiveMellinQuarterExtensionNoGo
6.1	H0mework.Versions.Y.Arithmetic.MellinBoundary.PositiveMellinQuarterMaterial
8.3	H0mework.Versions.Y.Arithmetic.MellinBoundary.PositiveMellinQuarterTranslationNoGo
7.2	H0mework.Versions.Y.Arithmetic.MellinBoundary.ProperMellinL1StarInversion
4.8	H0mework.Versions.Y.Arithmetic.MellinBoundary.ProperMellinLowHighRelativeOccurrence
4.6	H0mework.Versions.Y.Arithmetic.MellinBoundary.StageZeroLowHighResidualNoGo
6.4	H0mework.Versions.Y.Arithmetic.MellinBoundary.StageZeroLowHighSupport
6.9	H0mework.Versions.Y.Arithmetic.MellinConductor.Cokernel.LivingLawCanonicalCoPoissonHalfPositionMappingCone
5.5	H0mework.Versions.Y.Arithmetic.MellinConductor.GraphLogPosition
5.8	H0mework.Versions.Y.Arithmetic.MellinConductor.HalfPositionDomain
6.3	H0mework.Versions.Y.Arithmetic.MellinConductor.LivingLawCanonicalQuarterMellinHalfPositionTranslationCovariance
5.2	H0mework.Versions.Y.Arithmetic.MellinConductor.LogPosition
5.3	H0mework.Versions.Y.Arithmetic.MellinConductor.OwnerWeightedTheta
5.5	H0mework.Versions.Y.Arithmetic.MellinConductor.Source.LivingLawCanonicalCoPoissonHalfPositionDecay
10	H0mework.Versions.Y.Arithmetic.MellinConductor.Source.LivingLawCanonicalCoPoissonHalfPositionGraph
6.7	H0mework.Versions.Y.Arithmetic.MellinConductor.Source.LivingLawCanonicalNormalizedShellHalfPositionOrbit
5.7	H0mework.Versions.Y.Arithmetic.MellinProjection.AmbientMellinProjection
4.9	H0mework.Versions.Y.Arithmetic.MellinProjection.Canonical
7.6	H0mework.Versions.Y.Arithmetic.MellinProjection.Distribution
7.1	H0mework.Versions.Y.Arithmetic.MellinProjection.FiniteWindow
6.2	H0mework.Versions.Y.Arithmetic.MellinProjection.FourierPairing
7.1	H0mework.Versions.Y.Arithmetic.MellinProjection.FourierSource
6.9	H0mework.Versions.Y.Arithmetic.MellinProjection.GapTailDilation
8.1	H0mework.Versions.Y.Arithmetic.MellinProjection.PaBoundaryCommutator
5.2	H0mework.Versions.Y.Arithmetic.MellinProjection.SchwartzIBP
6.5	H0mework.Versions.Y.Arithmetic.MellinTateSource.Isometry
6.9	H0mework.Versions.Y.Arithmetic.MellinTateSource.L2Raw
8.6	H0mework.Versions.Y.Arithmetic.MobiusSource.Replay
8	H0mework.Versions.Y.Arithmetic.MobiusSource.SourceRead
7.9	H0mework.Versions.Y.Arithmetic.MobiusSource.Tate
7.5	H0mework.Versions.Y.Arithmetic.MobiusSource.WindowClosedRange
11	H0mework.Versions.Y.Arithmetic.MobiusSource.WindowOperator
4	H0mework.Versions.Y.Arithmetic.Muntz.CoPoissonLogContact
5.6	H0mework.Versions.Y.Arithmetic.Muntz.CoPoissonMuntzZeroAnnihilation
7.4	H0mework.Versions.Y.Arithmetic.Muntz.FunctionalGraphAction
6.7	H0mework.Versions.Y.Arithmetic.Muntz.FunctionalGraphPerfectification
11	H0mework.Versions.Y.Arithmetic.Muntz.GraphContact.ClozelGraphActionContactResidual
4.7	H0mework.Versions.Y.Arithmetic.Muntz.WholeL2EquivariantResidual
5	H0mework.Versions.Y.Arithmetic.Muntz.WholeL2EquivariantResidualOccurrence
5.4	H0mework.Versions.Y.Arithmetic.MuntzAction.CoPoissonMuntzDilationActionLaws
5	H0mework.Versions.Y.Arithmetic.MuntzAction.CoPoissonMuntzDilationRelationSquare
6	H0mework.Versions.Y.Arithmetic.MuntzAction.CoPoissonMuntzGraphCokernel
7.9	H0mework.Versions.Y.Arithmetic.MuntzAction.CoPoissonMuntzGraphCokernelDilationAction
13	H0mework.Versions.Y.Arithmetic.MuntzAction.CoPoissonMuntzGraphCokernelDilationNaturality
5.5	H0mework.Versions.Y.Arithmetic.MuntzAction.CoPoissonMuntzRieszDilation
7.4	H0mework.Versions.Y.Arithmetic.MuntzAction.CoPoissonMuntzZeroGraphCokernel
5.3	H0mework.Versions.Y.Arithmetic.MuntzAction.GaussianCoPoissonRelation
8.8	H0mework.Versions.Y.Arithmetic.MuntzAction.LocalEndpointDifferentialResidual
6.1	H0mework.Versions.Y.Arithmetic.MuntzAction.ZeroMuntzRieszRelationTrace
6.5	H0mework.Versions.Y.Arithmetic.PoleGreen.Coefficient
4.6	H0mework.Versions.Y.Arithmetic.PoleGreen.Kernel
5.6	H0mework.Versions.Y.Arithmetic.PoleGreen.OriginDescentNoGo
5.4	H0mework.Versions.Y.Arithmetic.PoleOrbit.ClozelAllPlaceOriginOrbitDilationAction
4.9	H0mework.Versions.Y.Arithmetic.PoleOrbit.GlobalGermArithmeticCounterterm
6	H0mework.Versions.Y.Arithmetic.PoleOrbit.OrbitSource
6.1	H0mework.Versions.Y.Arithmetic.PoleOrbit.OriginMappingCone
5.1	H0mework.Versions.Y.Arithmetic.PoleOrbit.OriginOrbitCarrier
9	H0mework.Versions.Y.Arithmetic.PoleOrbit.PositiveRealization.ClozelAllPlaceOrbitPositiveEnergy
5.7	H0mework.Versions.Y.Arithmetic.PrimeLeakage.BlockIntegralRawEffect
5.3	H0mework.Versions.Y.Arithmetic.PrimeShadow.DomainConsumers.CanonicalArithmetic.Relation.NativeReceiptBlockBoundary
8.2	H0mework.Versions.Y.Arithmetic.PrimeShadow.DomainConsumers.CanonicalArithmetic.Relation.NativeReceiptBlockProjectionConsumer
6.6	H0mework.Versions.Y.Arithmetic.PrimeShadow.DomainConsumers.CanonicalArithmetic.Relation.NativeReceiptBlockProjectionRuntime
4.1	H0mework.Versions.Y.Arithmetic.PrimeShadow.DomainConsumers.CanonicalArithmetic.Relation.NativeReceiptBlockProjectionSource
3	H0mework.Versions.Y.Arithmetic.PrimeShadow.DomainConsumers.CanonicalArithmetic.Relation.NativeReceiptFactorization
3.7	H0mework.Versions.Y.Arithmetic.PrimeShadow.LivingLawCanonicalUnitArithmeticFactorizationInverseFibre
4.1	H0mework.Versions.Y.Arithmetic.PrimeShadow.LivingLawCanonicalUnitArithmeticFactorizationInverseFibreConsumer
5	H0mework.Versions.Y.Arithmetic.RemainderSource.RemainderAction
6.7	H0mework.Versions.Y.Arithmetic.RemainderSource.RemainderKernel
5.9	H0mework.Versions.Y.Arithmetic.RiemannAnnulus.CompactCoPoissonQuarterProjection
5.8	H0mework.Versions.Y.Arithmetic.RiemannAnnulus.CoordinateMatchedAnnulusDilationSource
5.9	H0mework.Versions.Y.Arithmetic.RiemannAnnulus.CoordinateNormalizedAnnulusSource
5.9	H0mework.Versions.Y.Arithmetic.RiemannAnnulus.CoreAnnulusDilationSource
6.4	H0mework.Versions.Y.Arithmetic.RiemannBandKernel.Sampling
4	H0mework.Versions.Y.Arithmetic.RiemannCharacter.ZeroGlobalCoPoissonCurrent
5.2	H0mework.Versions.Y.Arithmetic.RiemannCharacter.ZeroIntegralCharacterFullRowCycle
4.7	H0mework.Versions.Y.Arithmetic.RiemannCharacter.ZeroIntegralCharacterGroupRing
3	H0mework.Versions.Y.Arithmetic.RiemannCharacter.ZeroMultiplicativeCharacterOccurrence
5.3	H0mework.Versions.Y.Arithmetic.RiemannCharacter.ZeroMultiplicativeCharacterReadouts
4.7	H0mework.Versions.Y.Arithmetic.RiemannCharacter.ZeroRieszCurrentCoupling
5.4	H0mework.Versions.Y.Arithmetic.RiemannCharacter.ZeroRieszFullCharacter
5.7	H0mework.Versions.Y.Arithmetic.RiemannCharacter.ZeroRieszJConservation
4.9	H0mework.Versions.Y.Arithmetic.RiemannCharacter.ZeroRieszPrimeCurrentCoupling
4.7	H0mework.Versions.Y.Arithmetic.RiemannDivision.BareRiemannZeroLocalizedAction
5.3	H0mework.Versions.Y.Arithmetic.RiemannDivision.GeneratedRiemannXiZeroLocalization
4.6	H0mework.Versions.Y.Arithmetic.RiemannDivision.ModifiedWeakFEZeroLocalizedAction
9.9	H0mework.Versions.Y.Arithmetic.RiemannDivision.QuarterEnergyRightResolventSource
12	H0mework.Versions.Y.Arithmetic.RiemannDivision.QuarterFeatureCompletionTranslation
5	H0mework.Versions.Y.Arithmetic.RiemannDivision.RiemannXiComplementLocalization
6.3	H0mework.Versions.Y.Arithmetic.RiemannGraph.ExpandingRieszClosedRangeAdmission
6.6	H0mework.Versions.Y.Arithmetic.RiemannGraph.GraphTargetOwnerFreeDilation
5.4	H0mework.Versions.Y.Arithmetic.RiemannGraph.IntegralGraphCharacterReadback
6.2	H0mework.Versions.Y.Arithmetic.RiemannGraph.IntegralGraphCouplingResidual
7.4	H0mework.Versions.Y.Arithmetic.RiemannGraph.IntegralGraphJointAction
12	H0mework.Versions.Y.Arithmetic.RiemannGraph.IntegralGraphKernelCompatibility
5.6	H0mework.Versions.Y.Arithmetic.RiemannGraph.IntegralGraphOrbit
5.6	H0mework.Versions.Y.Arithmetic.RiemannGraph.JointStateModuleQRichReadback
7.4	H0mework.Versions.Y.Arithmetic.RiemannGraph.MeasurementOnlyOrbitDefectInternalizationNoGo
7.9	H0mework.Versions.Y.Arithmetic.RiemannGraph.NoGo.ClozelMeasurementOnlyIntegralLiftNoGo
6.4	H0mework.Versions.Y.Arithmetic.RiemannGraph.PerfectRealization.ClozelIntegralGraphPerfectRealization
29	H0mework.Versions.Y.Arithmetic.RiemannGraph.RuntimeMuntzSourceCurrentGraph
6	H0mework.Versions.Y.Arithmetic.RiemannGraph.SourceCharacterJointAction
6.9	H0mework.Versions.Y.Arithmetic.RiemannGraph.StageZeroCenteredGramDisposition
10	H0mework.Versions.Y.Arithmetic.RiemannGraph.StageZeroOrbitClosedDefectPort
6.6	H0mework.Versions.Y.Arithmetic.RiemannGraph.ZeroJointStateModuleOccurrence
13	H0mework.Versions.Y.Arithmetic.RiemannGraph.ZeroRieszGraphOrthogonalState
11	H0mework.Versions.Y.Arithmetic.RiemannGraph.ZeroRieszGraphTargetState
4.4	H0mework.Versions.Y.Arithmetic.RiemannInverseFibre.CompleteFibre
4.2	H0mework.Versions.Y.Arithmetic.RiemannInverseFibre.DeterminantLineIncidence
3.8	H0mework.Versions.Y.Arithmetic.RiemannInverseFibre.Disposition
4.6	H0mework.Versions.Y.Arithmetic.RiemannInverseFibre.GeneratedZeroRead
4.4	H0mework.Versions.Y.Arithmetic.RiemannInverseFibre.QRichSeparator
4.5	H0mework.Versions.Y.Arithmetic.RiemannInverseFibre.ReversalResidual
8.6	H0mework.Versions.Y.Arithmetic.RiemannLineage.DerivedFullRowLineage
87	H0mework.Versions.Y.Arithmetic.RiemannLineage.DerivedFullRowLineageOuterSuccessor
6.2	H0mework.Versions.Y.Arithmetic.RiemannLineage.DerivedFullRowLineageSuccessor
8.9	H0mework.Versions.Y.Arithmetic.RiemannLineage.DerivedLineagePoint
7.8	H0mework.Versions.Y.Arithmetic.RiemannLineage.FiniteEndpointCycle
5.2	H0mework.Versions.Y.Arithmetic.RiemannLineage.FullRowCReadback
6.3	H0mework.Versions.Y.Arithmetic.RiemannLineage.FullRowCaps
17	H0mework.Versions.Y.Arithmetic.RiemannLineage.FullRowPairSeparator
6.8	H0mework.Versions.Y.Arithmetic.RiemannLineage.FullRowSeparatorPoint
8.6	H0mework.Versions.Y.Arithmetic.RiemannLineage.FullRowSquare
7.2	H0mework.Versions.Y.Arithmetic.RiemannLineage.FullRowSuccessor
5.3	H0mework.Versions.Y.Arithmetic.RiemannLineage.LineagePoint
7.7	H0mework.Versions.Y.Arithmetic.RiemannLineage.SeparatorFixednessConsumer
6.2	H0mework.Versions.Y.Arithmetic.RiemannMellinOrbit.FourierTarget
4	H0mework.Versions.Y.Arithmetic.RiemannMellinOrbit.JumpSuccessor
4.9	H0mework.Versions.Y.Arithmetic.RiemannMellinOrbit.MellinOrbitQuotient
6	H0mework.Versions.Y.Arithmetic.RiemannMellinOrbit.ParityFourier
5.1	H0mework.Versions.Y.Arithmetic.RiemannMellinOrbit.ParitySeparator
6.7	H0mework.Versions.Y.Arithmetic.RiemannMellinOrbit.PositiveMellinOrbit
5.7	H0mework.Versions.Y.Arithmetic.RiemannMellinOrbit.PositiveMellinTateOrbit
74	H0mework.Versions.Y.Arithmetic.RiemannMellinOrbit.ProperMellinFullRowIncidence
4	H0mework.Versions.Y.Arithmetic.RiemannMellinOrbit.ZeroMellinOrbit
6.1	H0mework.Versions.Y.Arithmetic.RiemannMellinOrbit.ZeroPositiveMellinRadialDefect
4.8	H0mework.Versions.Y.Arithmetic.RiemannMellinOrbit.ZeroPositiveMellinTateOrbit
5.1	H0mework.Versions.Y.Arithmetic.RiemannMellinOrbit.ZeroPositiveParameter
6.9	H0mework.Versions.Y.Arithmetic.RiemannResolvent.QuarterEnergyRightResolventFaithful
5.3	H0mework.Versions.Y.Arithmetic.RiemannRuntime.PairedIntegralGraphJointActionOccurrence
8.5	H0mework.Versions.Y.Arithmetic.RiemannRuntime.PairedOmegaJointScaleFaces
6.7	H0mework.Versions.Y.Arithmetic.RiemannRuntime.PairedOmegaRootEffect
7.6	H0mework.Versions.Y.Arithmetic.RiemannRuntime.PairedRieszEnergySupportResidual
5.7	H0mework.Versions.Y.Arithmetic.RiemannSource.FiniteEulerNonvanishingAtGeneratedZero
4.7	H0mework.Versions.Y.Arithmetic.RiemannSource.FiniteThetaExposure
4.5	H0mework.Versions.Y.Arithmetic.RiemannSource.NontrivialCompletedZero
6.3	H0mework.Versions.Y.Arithmetic.RiemannSource.TemperedPartnerEffect
4.5	H0mework.Versions.Y.Arithmetic.RiemannSource.ThetaCofinalFold
4.2	H0mework.Versions.Y.Arithmetic.RiemannSource.ThetaEulerOverlap
4.4	H0mework.Versions.Y.Arithmetic.RiemannSource.ThetaMellinContinuation
5.6	H0mework.Versions.Y.Arithmetic.RiemannSource.ThetaWeakFEPair
5.3	H0mework.Versions.Y.Arithmetic.RiemannSource.ThetaZeroMode
8.1	H0mework.Versions.Y.Arithmetic.RiemannSourceGreen.FixedClosure
5.6	H0mework.Versions.Y.Arithmetic.RiemannSourceGreen.Linearity
9.9	H0mework.Versions.Y.Arithmetic.RiemannSpectral.AdditiveFourierFixedSourceState
5.4	H0mework.Versions.Y.Arithmetic.RiemannSpectral.ClozelBurnolPaZeroObservation
10	H0mework.Versions.Y.Arithmetic.RiemannSpectral.FourierFixedCompression
6.6	H0mework.Versions.Y.Arithmetic.RiemannSpectral.FourierFixedSelfAdjoint
9.4	H0mework.Versions.Y.Arithmetic.RiemannSpectral.MultiplicativeDilation
10	H0mework.Versions.Y.Arithmetic.RiemannSpectral.PaDiagonalBoundary
4.6	H0mework.Versions.Y.Arithmetic.RiemannSpectral.PaFixedShiftBoundaryRead
9.6	H0mework.Versions.Y.Arithmetic.RiemannSpectral.PaOrthogonalCompression
5.8	H0mework.Versions.Y.Arithmetic.RiemannSpectral.SourceRechart
11	H0mework.Versions.Y.Arithmetic.RiemannUnitRegularity.Euler
9.3	H0mework.Versions.Y.Arithmetic.RiemannUnitRegularity.Gap
8.4	H0mework.Versions.Y.Arithmetic.RieszCanonicalRaw.BoundaryTracePosition
6.8	H0mework.Versions.Y.Arithmetic.RieszCanonicalRaw.EvenProjectionCanonicalRaw
7.5	H0mework.Versions.Y.Arithmetic.RieszCanonicalRaw.PairedBoundaryCanonicalRaw
8.4	H0mework.Versions.Y.Arithmetic.RieszCanonicalRaw.RieszCanonicalRaw
6.2	H0mework.Versions.Y.Arithmetic.RieszCanonicalRaw.RieszDilationRaw
8.8	H0mework.Versions.Y.Arithmetic.RieszCanonicalRaw.RieszSingleFourierSource
10	H0mework.Versions.Y.Arithmetic.RieszEuler.Even
6.8	H0mework.Versions.Y.Arithmetic.RieszEuler.GapEulerFourier
7.8	H0mework.Versions.Y.Arithmetic.RieszEuler.GapEulerSource
4.9	H0mework.Versions.Y.Arithmetic.RieszEuler.Scalar
9.4	H0mework.Versions.Y.Arithmetic.RieszGreen.RawDerivative
5.2	H0mework.Versions.Y.Arithmetic.RieszSynthesis.GapMean
5.1	H0mework.Versions.Y.Arithmetic.SonineCoupling.ConjugateTateEnergyScalarEquivalence
5	H0mework.Versions.Y.Arithmetic.SonineCoupling.ConjugateTateGaussianSource
8.7	H0mework.Versions.Y.Arithmetic.SonineCoupling.ConjugateTateGraphCokernelNaturality
7.5	H0mework.Versions.Y.Arithmetic.SonineCoupling.ConjugateTateGraphSourceMorphism
6.6	H0mework.Versions.Y.Arithmetic.SonineCoupling.ConjugateTateInverseDilationSource
7.4	H0mework.Versions.Y.Arithmetic.SonineCoupling.ConjugateTateMuntzRelationNaturality
4.4	H0mework.Versions.Y.Arithmetic.SonineCoupling.ConjugateTateParameterInvolution
5.5	H0mework.Versions.Y.Arithmetic.SonineCoupling.ConjugateTateQuarterMellinInverseValue
13	H0mework.Versions.Y.Arithmetic.SonineCoupling.ConjugateTateQuarterMellinInverseValueLaws
5.5	H0mework.Versions.Y.Arithmetic.SonineCoupling.ConjugateTateQuarterMellinTestEquivalence
5.8	H0mework.Versions.Y.Arithmetic.SonineCoupling.ConjugateTateRelationGraphEquivalence
4.8	H0mework.Versions.Y.Arithmetic.SonineCoupling.ConjugateTateSchwartzRelationEquivalence
4.8	H0mework.Versions.Y.Arithmetic.SonineCoupling.ModifiedWeakFEPoleSourceEnergy
5.6	H0mework.Versions.Y.Arithmetic.SonineCoupling.ModifiedWeakFEPoleTrace
4.8	H0mework.Versions.Y.Arithmetic.SonineGap.ClozelIntegralGraphCovarianceDisposition
9.4	H0mework.Versions.Y.Arithmetic.SonineGap.ClozelIntegralGraphRadialDisposition
5.9	H0mework.Versions.Y.Arithmetic.SonineGap.StageZeroResidualPrism
13	H0mework.Versions.Y.Arithmetic.SonineGap.StageZeroRieszStateNaturality
9.2	H0mework.Versions.Y.Arithmetic.SonineGap.StageZeroWeightedResidualIdentification
5.1	H0mework.Versions.Y.Arithmetic.SonineGap.ZeroBalancedSonineAnnihilation
37	H0mework.Versions.Y.Arithmetic.SonineGap.ZeroRawDilationAdjointEigenlaw
11	H0mework.Versions.Y.Arithmetic.SonineProjection.ConstructorCompact
11	H0mework.Versions.Y.Arithmetic.SonineProjection.EvenCorrection
12	H0mework.Versions.Y.Arithmetic.SonineProjection.MeanZero
10	H0mework.Versions.Y.Arithmetic.SonineProjection.ProjectionFormula
5.9	H0mework.Versions.Y.Arithmetic.SonineProjection.Return
5.1	H0mework.Versions.Y.Arithmetic.SonineProjection.Ward
7	H0mework.Versions.Y.Arithmetic.SonineSource.BalancedSonineEnergyFace
17	H0mework.Versions.Y.Arithmetic.SonineSource.CanonicalSourceIntegralOrbitAction
4.5	H0mework.Versions.Y.Arithmetic.SonineSource.ClozelOffCenterVerticalGraphClosure
5.8	H0mework.Versions.Y.Arithmetic.SonineSource.ModifiedWeakFEQuarterCarrier
7.3	H0mework.Versions.Y.Arithmetic.SonineSource.ModifiedWeakFEUnitDetector
8.6	H0mework.Versions.Y.Arithmetic.SonineSource.StageZeroSonineEnergyCompression
9	H0mework.Versions.Y.Arithmetic.SonineSource.ZeroBalancedSonineEnergyState
8.9	H0mework.Versions.Y.Arithmetic.TruncatedFourier.DilationAction
6.4	H0mework.Versions.Y.Arithmetic.TruncatedFourier.Overlap
3.8	H0mework.Versions.Y.Arithmetic.UnitArithmetic.CofinalReversalRelation
3.5	H0mework.Versions.Y.Arithmetic.UnitArithmetic.CoordinateProjectionObstruction
2.2	H0mework.Versions.Y.Foundation.Ledger.CanonicalUnitOldRowNoGo
4.6	H0mework.Versions.Y.Realization.Completion.FaithfulInstallation
4.8	H0mework.Versions.Y.Realization.Completion.HistoryInstallation
